consumer,directory,added_count,removed_count,added_ids,removed_ids,decision
micro-behaviors/communications/http/client/service::vscode-extension-http-request,micro-behaviors/communications/http/request/client,5,16,micro-behaviors/communications/http/request/client::http-post-upload-or-curl;micro-behaviors/communications/http/request/client::vsent-after-client-send;micro-behaviors/communications/http/request/client::vsent-after-fetch-send;micro-behaviors/communications/http/request/client::vsent-before-client-send;micro-behaviors/communications/http/request/client::vsent-near-fetch-send,micro-behaviors/communications/http/authorization-header::bearer-header-from-storage;micro-behaviors/communications/http/request/body::js-http-post-body;micro-behaviors/communications/http/request/body::node-http-request-body;micro-behaviors/communications/http/request/body::node-http-request-end-body;micro-behaviors/communications/http/request/body::node-http-request-stream-body;micro-behaviors/communications/http/request/body::node-request-payload-serialization;micro-behaviors/communications/http/request/body::python-request-data-argument;micro-behaviors/communications/http/request/json::fetch-json-body;micro-behaviors/communications/http/request/json::http-post-json;micro-behaviors/communications/http/request/json::http-post-json-small-script;micro-behaviors/communications/http/request/json::node-http-post-json-body;micro-behaviors/communications/http/request/json::python-structured-post-transport;micro-behaviors/communications/http/request/json::requests-post-json-payload;micro-behaviors/communications/http/request/json::urllib-json-request-body;micro-behaviors/communications/http/request/verb::post-method-text;micro-behaviors/communications/http/request/verb::python-explicit-http-method-call,"Use documented request facets; specific body, JSON, method, authorization and mode observations leave generic client membership. Broad HTTP/request membership retains applicable descendants."
micro-behaviors/communications/http/download/write::node-archive-download-to-file,micro-behaviors/communications/http/request/,14,1,micro-behaviors/communications/http/request/body::fetch-post-b64encode-body;micro-behaviors/communications/http/request/body::js-fetch-body-variable;micro-behaviors/communications/http/request/body::js-fetch-post-body-variable;micro-behaviors/communications/http/request/body::request-write-file-data-variable;micro-behaviors/communications/http/request/body::request-write-payload-variable;micro-behaviors/communications/http/request/body::request-write-raw-data-variable;micro-behaviors/communications/http/request/client::http-post-upload-or-curl;micro-behaviors/communications/http/request/client::vsent-after-client-send;micro-behaviors/communications/http/request/client::vsent-after-fetch-send;micro-behaviors/communications/http/request/client::vsent-before-client-send;micro-behaviors/communications/http/request/client::vsent-near-fetch-send;micro-behaviors/communications/http/request/configuration::no-cors-before-post;micro-behaviors/communications/http/request/configuration::no-cors-post-request;micro-behaviors/communications/http/request/configuration::post-before-no-cors,micro-behaviors/communications/http/authorization-header::bearer-header-from-storage,"Use documented request facets; specific body, JSON, method, authorization and mode observations leave generic client membership. Broad HTTP/request membership retains applicable descendants."
micro-behaviors/communications/ip/endpoint::private-ipv4-port-10-binary,micro-behaviors/communications/http/request/,14,1,micro-behaviors/communications/http/request/body::fetch-post-b64encode-body;micro-behaviors/communications/http/request/body::js-fetch-body-variable;micro-behaviors/communications/http/request/body::js-fetch-post-body-variable;micro-behaviors/communications/http/request/body::request-write-file-data-variable;micro-behaviors/communications/http/request/body::request-write-payload-variable;micro-behaviors/communications/http/request/body::request-write-raw-data-variable;micro-behaviors/communications/http/request/client::http-post-upload-or-curl;micro-behaviors/communications/http/request/client::vsent-after-client-send;micro-behaviors/communications/http/request/client::vsent-after-fetch-send;micro-behaviors/communications/http/request/client::vsent-before-client-send;micro-behaviors/communications/http/request/client::vsent-near-fetch-send;micro-behaviors/communications/http/request/configuration::no-cors-before-post;micro-behaviors/communications/http/request/configuration::no-cors-post-request;micro-behaviors/communications/http/request/configuration::post-before-no-cors,micro-behaviors/communications/http/authorization-header::bearer-header-from-storage,"Use documented request facets; specific body, JSON, method, authorization and mode observations leave generic client membership. Broad HTTP/request membership retains applicable descendants."
micro-behaviors/communications/ip/literal::direct-ip-http-client,micro-behaviors/communications/http/request/,14,1,micro-behaviors/communications/http/request/body::fetch-post-b64encode-body;micro-behaviors/communications/http/request/body::js-fetch-body-variable;micro-behaviors/communications/http/request/body::js-fetch-post-body-variable;micro-behaviors/communications/http/request/body::request-write-file-data-variable;micro-behaviors/communications/http/request/body::request-write-payload-variable;micro-behaviors/communications/http/request/body::request-write-raw-data-variable;micro-behaviors/communications/http/request/client::http-post-upload-or-curl;micro-behaviors/communications/http/request/client::vsent-after-client-send;micro-behaviors/communications/http/request/client::vsent-after-fetch-send;micro-behaviors/communications/http/request/client::vsent-before-client-send;micro-behaviors/communications/http/request/client::vsent-near-fetch-send;micro-behaviors/communications/http/request/configuration::no-cors-before-post;micro-behaviors/communications/http/request/configuration::no-cors-post-request;micro-behaviors/communications/http/request/configuration::post-before-no-cors,micro-behaviors/communications/http/authorization-header::bearer-header-from-storage,"Use documented request facets; specific body, JSON, method, authorization and mode observations leave generic client membership. Broad HTTP/request membership retains applicable descendants."
micro-behaviors/communications/ip/literal::interpolated-ip-http-client,micro-behaviors/communications/http/request/,14,1,micro-behaviors/communications/http/request/body::fetch-post-b64encode-body;micro-behaviors/communications/http/request/body::js-fetch-body-variable;micro-behaviors/communications/http/request/body::js-fetch-post-body-variable;micro-behaviors/communications/http/request/body::request-write-file-data-variable;micro-behaviors/communications/http/request/body::request-write-payload-variable;micro-behaviors/communications/http/request/body::request-write-raw-data-variable;micro-behaviors/communications/http/request/client::http-post-upload-or-curl;micro-behaviors/communications/http/request/client::vsent-after-client-send;micro-behaviors/communications/http/request/client::vsent-after-fetch-send;micro-behaviors/communications/http/request/client::vsent-before-client-send;micro-behaviors/communications/http/request/client::vsent-near-fetch-send;micro-behaviors/communications/http/request/configuration::no-cors-before-post;micro-behaviors/communications/http/request/configuration::no-cors-post-request;micro-behaviors/communications/http/request/configuration::post-before-no-cors,micro-behaviors/communications/http/authorization-header::bearer-header-from-storage,"Use documented request facets; specific body, JSON, method, authorization and mode observations leave generic client membership. Broad HTTP/request membership retains applicable descendants."
micro-behaviors/communications/socket/framing::big-endian-length-prefix-json,micro-behaviors/data/serialize/json/,1,0,micro-behaviors/data/serialize/json::json-stringify-post-body,,Keep subject-based directory membership; relocated neutral capabilities join their actual subjects.
objectives/anti-analysis/vm-detect/artifact::js-obfuscated-environment-gate,objectives/anti-static/obfuscation/obfuscator/js-obfuscator/,1,0,objectives/anti-static/obfuscation/obfuscator/js-obfuscator::js-obfuscated-storage-http-workflow,,"The obfuscator-pattern workflow joins its obfuscation subject, without an unsupported theft claim."
objectives/anti-static/obfuscation/encoding/hex::php-hex-funcname-obfuscation,micro-behaviors/communications/http/request/,14,1,micro-behaviors/communications/http/request/body::fetch-post-b64encode-body;micro-behaviors/communications/http/request/body::js-fetch-body-variable;micro-behaviors/communications/http/request/body::js-fetch-post-body-variable;micro-behaviors/communications/http/request/body::request-write-file-data-variable;micro-behaviors/communications/http/request/body::request-write-payload-variable;micro-behaviors/communications/http/request/body::request-write-raw-data-variable;micro-behaviors/communications/http/request/client::http-post-upload-or-curl;micro-behaviors/communications/http/request/client::vsent-after-client-send;micro-behaviors/communications/http/request/client::vsent-after-fetch-send;micro-behaviors/communications/http/request/client::vsent-before-client-send;micro-behaviors/communications/http/request/client::vsent-near-fetch-send;micro-behaviors/communications/http/request/configuration::no-cors-before-post;micro-behaviors/communications/http/request/configuration::no-cors-post-request;micro-behaviors/communications/http/request/configuration::post-before-no-cors,micro-behaviors/communications/http/authorization-header::bearer-header-from-storage,"Use documented request facets; specific body, JSON, method, authorization and mode observations leave generic client membership. Broad HTTP/request membership retains applicable descendants."
objectives/command-and-control/backdoor/decoded-c2::whitespace-unary-c2-channel,micro-behaviors/communications/http/request/client/,5,16,micro-behaviors/communications/http/request/client::http-post-upload-or-curl;micro-behaviors/communications/http/request/client::vsent-after-client-send;micro-behaviors/communications/http/request/client::vsent-after-fetch-send;micro-behaviors/communications/http/request/client::vsent-before-client-send;micro-behaviors/communications/http/request/client::vsent-near-fetch-send,micro-behaviors/communications/http/authorization-header::bearer-header-from-storage;micro-behaviors/communications/http/request/body::js-http-post-body;micro-behaviors/communications/http/request/body::node-http-request-body;micro-behaviors/communications/http/request/body::node-http-request-end-body;micro-behaviors/communications/http/request/body::node-http-request-stream-body;micro-behaviors/communications/http/request/body::node-request-payload-serialization;micro-behaviors/communications/http/request/body::python-request-data-argument;micro-behaviors/communications/http/request/json::fetch-json-body;micro-behaviors/communications/http/request/json::http-post-json;micro-behaviors/communications/http/request/json::http-post-json-small-script;micro-behaviors/communications/http/request/json::node-http-post-json-body;micro-behaviors/communications/http/request/json::python-structured-post-transport;micro-behaviors/communications/http/request/json::requests-post-json-payload;micro-behaviors/communications/http/request/json::urllib-json-request-body;micro-behaviors/communications/http/request/verb::post-method-text;micro-behaviors/communications/http/request/verb::python-explicit-http-method-call,"Use documented request facets; specific body, JSON, method, authorization and mode observations leave generic client membership. Broad HTTP/request membership retains applicable descendants."
objectives/command-and-control/backdoor/tasking/command-http::http-task-schema,micro-behaviors/communications/http/request/client/,5,16,micro-behaviors/communications/http/request/client::http-post-upload-or-curl;micro-behaviors/communications/http/request/client::vsent-after-client-send;micro-behaviors/communications/http/request/client::vsent-after-fetch-send;micro-behaviors/communications/http/request/client::vsent-before-client-send;micro-behaviors/communications/http/request/client::vsent-near-fetch-send,micro-behaviors/communications/http/authorization-header::bearer-header-from-storage;micro-behaviors/communications/http/request/body::js-http-post-body;micro-behaviors/communications/http/request/body::node-http-request-body;micro-behaviors/communications/http/request/body::node-http-request-end-body;micro-behaviors/communications/http/request/body::node-http-request-stream-body;micro-behaviors/communications/http/request/body::node-request-payload-serialization;micro-behaviors/communications/http/request/body::python-request-data-argument;micro-behaviors/communications/http/request/json::fetch-json-body;micro-behaviors/communications/http/request/json::http-post-json;micro-behaviors/communications/http/request/json::http-post-json-small-script;micro-behaviors/communications/http/request/json::node-http-post-json-body;micro-behaviors/communications/http/request/json::python-structured-post-transport;micro-behaviors/communications/http/request/json::requests-post-json-payload;micro-behaviors/communications/http/request/json::urllib-json-request-body;micro-behaviors/communications/http/request/verb::post-method-text;micro-behaviors/communications/http/request/verb::python-explicit-http-method-call,"Use documented request facets; specific body, JSON, method, authorization and mode observations leave generic client membership. Broad HTTP/request membership retains applicable descendants."
objectives/command-and-control/backdoor/tasking/command-http::http-structured-shell-tasking,micro-behaviors/communications/http/,15,0,micro-behaviors/communications/http/cookie-store::vsent-before-document-cookie;micro-behaviors/communications/http/cookie-store::vsent-cookie-access;micro-behaviors/communications/http/cookie-store::vsent-near-document-cookie;micro-behaviors/communications/http/cookies::python-browser-session-cookie-transport;micro-behaviors/communications/http/post::cfhttp-post-request;micro-behaviors/communications/http/post::cfml-encrypted-request-url;micro-behaviors/communications/http/post::cfml-session-initialization-check;micro-behaviors/communications/http/request/client::http-post-upload-or-curl;micro-behaviors/communications/http/request/client::vsent-after-client-send;micro-behaviors/communications/http/request/client::vsent-after-fetch-send;micro-behaviors/communications/http/request/client::vsent-before-client-send;micro-behaviors/communications/http/request/client::vsent-near-fetch-send;micro-behaviors/communications/http/services/analytics::vis-opt-token;micro-behaviors/communications/http/services/analytics::vwo-or-vis-opt-token;micro-behaviors/communications/http/services/analytics::vwo-token,,"Use documented request facets; specific body, JSON, method, authorization and mode observations leave generic client membership. Broad HTTP/request membership retains applicable descendants."
objectives/command-and-control/backdoor/tasking/command-http::http-native-structured-shell-tasking,micro-behaviors/communications/http/,15,0,micro-behaviors/communications/http/cookie-store::vsent-before-document-cookie;micro-behaviors/communications/http/cookie-store::vsent-cookie-access;micro-behaviors/communications/http/cookie-store::vsent-near-document-cookie;micro-behaviors/communications/http/cookies::python-browser-session-cookie-transport;micro-behaviors/communications/http/post::cfhttp-post-request;micro-behaviors/communications/http/post::cfml-encrypted-request-url;micro-behaviors/communications/http/post::cfml-session-initialization-check;micro-behaviors/communications/http/request/client::http-post-upload-or-curl;micro-behaviors/communications/http/request/client::vsent-after-client-send;micro-behaviors/communications/http/request/client::vsent-after-fetch-send;micro-behaviors/communications/http/request/client::vsent-before-client-send;micro-behaviors/communications/http/request/client::vsent-near-fetch-send;micro-behaviors/communications/http/services/analytics::vis-opt-token;micro-behaviors/communications/http/services/analytics::vwo-or-vis-opt-token;micro-behaviors/communications/http/services/analytics::vwo-token,,"Use documented request facets; specific body, JSON, method, authorization and mode observations leave generic client membership. Broad HTTP/request membership retains applicable descendants."
objectives/command-and-control/backdoor/webshell/cleanup::php-self-destruct,micro-behaviors/communications/http/request/,14,1,micro-behaviors/communications/http/request/body::fetch-post-b64encode-body;micro-behaviors/communications/http/request/body::js-fetch-body-variable;micro-behaviors/communications/http/request/body::js-fetch-post-body-variable;micro-behaviors/communications/http/request/body::request-write-file-data-variable;micro-behaviors/communications/http/request/body::request-write-payload-variable;micro-behaviors/communications/http/request/body::request-write-raw-data-variable;micro-behaviors/communications/http/request/client::http-post-upload-or-curl;micro-behaviors/communications/http/request/client::vsent-after-client-send;micro-behaviors/communications/http/request/client::vsent-after-fetch-send;micro-behaviors/communications/http/request/client::vsent-before-client-send;micro-behaviors/communications/http/request/client::vsent-near-fetch-send;micro-behaviors/communications/http/request/configuration::no-cors-before-post;micro-behaviors/communications/http/request/configuration::no-cors-post-request;micro-behaviors/communications/http/request/configuration::post-before-no-cors,micro-behaviors/communications/http/authorization-header::bearer-header-from-storage,"Use documented request facets; specific body, JSON, method, authorization and mode observations leave generic client membership. Broad HTTP/request membership retains applicable descendants."
objectives/command-and-control/backdoor/webshell/cleanup::php-timestomp,micro-behaviors/communications/http/request/,14,1,micro-behaviors/communications/http/request/body::fetch-post-b64encode-body;micro-behaviors/communications/http/request/body::js-fetch-body-variable;micro-behaviors/communications/http/request/body::js-fetch-post-body-variable;micro-behaviors/communications/http/request/body::request-write-file-data-variable;micro-behaviors/communications/http/request/body::request-write-payload-variable;micro-behaviors/communications/http/request/body::request-write-raw-data-variable;micro-behaviors/communications/http/request/client::http-post-upload-or-curl;micro-behaviors/communications/http/request/client::vsent-after-client-send;micro-behaviors/communications/http/request/client::vsent-after-fetch-send;micro-behaviors/communications/http/request/client::vsent-before-client-send;micro-behaviors/communications/http/request/client::vsent-near-fetch-send;micro-behaviors/communications/http/request/configuration::no-cors-before-post;micro-behaviors/communications/http/request/configuration::no-cors-post-request;micro-behaviors/communications/http/request/configuration::post-before-no-cors,micro-behaviors/communications/http/authorization-header::bearer-header-from-storage,"Use documented request facets; specific body, JSON, method, authorization and mode observations leave generic client membership. Broad HTTP/request membership retains applicable descendants."
objectives/command-and-control/backdoor/webshell/exec::php-backdoor,micro-behaviors/communications/http/request/,14,1,micro-behaviors/communications/http/request/body::fetch-post-b64encode-body;micro-behaviors/communications/http/request/body::js-fetch-body-variable;micro-behaviors/communications/http/request/body::js-fetch-post-body-variable;micro-behaviors/communications/http/request/body::request-write-file-data-variable;micro-behaviors/communications/http/request/body::request-write-payload-variable;micro-behaviors/communications/http/request/body::request-write-raw-data-variable;micro-behaviors/communications/http/request/client::http-post-upload-or-curl;micro-behaviors/communications/http/request/client::vsent-after-client-send;micro-behaviors/communications/http/request/client::vsent-after-fetch-send;micro-behaviors/communications/http/request/client::vsent-before-client-send;micro-behaviors/communications/http/request/client::vsent-near-fetch-send;micro-behaviors/communications/http/request/configuration::no-cors-before-post;micro-behaviors/communications/http/request/configuration::no-cors-post-request;micro-behaviors/communications/http/request/configuration::post-before-no-cors,micro-behaviors/communications/http/authorization-header::bearer-header-from-storage,"Use documented request facets; specific body, JSON, method, authorization and mode observations leave generic client membership. Broad HTTP/request membership retains applicable descendants."
objectives/command-and-control/backdoor/webshell/exec::php-backdoor,objectives/anti-static/obfuscation/,1,1,objectives/anti-static/obfuscation/obfuscator/js-obfuscator::js-obfuscated-storage-http-workflow,objectives/anti-static/obfuscation/decoy-imports::fill-console-output-attribute-import,"The obfuscator-pattern workflow joins its obfuscation subject, without an unsupported theft claim."
objectives/command-and-control/backdoor/webshell/exec::php-shell-functional,micro-behaviors/communications/http/request/,14,1,micro-behaviors/communications/http/request/body::fetch-post-b64encode-body;micro-behaviors/communications/http/request/body::js-fetch-body-variable;micro-behaviors/communications/http/request/body::js-fetch-post-body-variable;micro-behaviors/communications/http/request/body::request-write-file-data-variable;micro-behaviors/communications/http/request/body::request-write-payload-variable;micro-behaviors/communications/http/request/body::request-write-raw-data-variable;micro-behaviors/communications/http/request/client::http-post-upload-or-curl;micro-behaviors/communications/http/request/client::vsent-after-client-send;micro-behaviors/communications/http/request/client::vsent-after-fetch-send;micro-behaviors/communications/http/request/client::vsent-before-client-send;micro-behaviors/communications/http/request/client::vsent-near-fetch-send;micro-behaviors/communications/http/request/configuration::no-cors-before-post;micro-behaviors/communications/http/request/configuration::no-cors-post-request;micro-behaviors/communications/http/request/configuration::post-before-no-cors,micro-behaviors/communications/http/authorization-header::bearer-header-from-storage,"Use documented request facets; specific body, JSON, method, authorization and mode observations leave generic client membership. Broad HTTP/request membership retains applicable descendants."
objectives/command-and-control/backdoor/webshell/exec::php-backtick-rce,micro-behaviors/communications/http/request/,14,1,micro-behaviors/communications/http/request/body::fetch-post-b64encode-body;micro-behaviors/communications/http/request/body::js-fetch-body-variable;micro-behaviors/communications/http/request/body::js-fetch-post-body-variable;micro-behaviors/communications/http/request/body::request-write-file-data-variable;micro-behaviors/communications/http/request/body::request-write-payload-variable;micro-behaviors/communications/http/request/body::request-write-raw-data-variable;micro-behaviors/communications/http/request/client::http-post-upload-or-curl;micro-behaviors/communications/http/request/client::vsent-after-client-send;micro-behaviors/communications/http/request/client::vsent-after-fetch-send;micro-behaviors/communications/http/request/client::vsent-before-client-send;micro-behaviors/communications/http/request/client::vsent-near-fetch-send;micro-behaviors/communications/http/request/configuration::no-cors-before-post;micro-behaviors/communications/http/request/configuration::no-cors-post-request;micro-behaviors/communications/http/request/configuration::post-before-no-cors,micro-behaviors/communications/http/authorization-header::bearer-header-from-storage,"Use documented request facets; specific body, JSON, method, authorization and mode observations leave generic client membership. Broad HTTP/request membership retains applicable descendants."
objectives/command-and-control/backdoor/webshell/exec::php-full-webshell,micro-behaviors/communications/http/request/,14,1,micro-behaviors/communications/http/request/body::fetch-post-b64encode-body;micro-behaviors/communications/http/request/body::js-fetch-body-variable;micro-behaviors/communications/http/request/body::js-fetch-post-body-variable;micro-behaviors/communications/http/request/body::request-write-file-data-variable;micro-behaviors/communications/http/request/body::request-write-payload-variable;micro-behaviors/communications/http/request/body::request-write-raw-data-variable;micro-behaviors/communications/http/request/client::http-post-upload-or-curl;micro-behaviors/communications/http/request/client::vsent-after-client-send;micro-behaviors/communications/http/request/client::vsent-after-fetch-send;micro-behaviors/communications/http/request/client::vsent-before-client-send;micro-behaviors/communications/http/request/client::vsent-near-fetch-send;micro-behaviors/communications/http/request/configuration::no-cors-before-post;micro-behaviors/communications/http/request/configuration::no-cors-post-request;micro-behaviors/communications/http/request/configuration::post-before-no-cors,micro-behaviors/communications/http/authorization-header::bearer-header-from-storage,"Use documented request facets; specific body, JSON, method, authorization and mode observations leave generic client membership. Broad HTTP/request membership retains applicable descendants."
objectives/command-and-control/backdoor/webshell/obf-dispatch::php-variable-function-backdoor,micro-behaviors/communications/http/request/,14,1,micro-behaviors/communications/http/request/body::fetch-post-b64encode-body;micro-behaviors/communications/http/request/body::js-fetch-body-variable;micro-behaviors/communications/http/request/body::js-fetch-post-body-variable;micro-behaviors/communications/http/request/body::request-write-file-data-variable;micro-behaviors/communications/http/request/body::request-write-payload-variable;micro-behaviors/communications/http/request/body::request-write-raw-data-variable;micro-behaviors/communications/http/request/client::http-post-upload-or-curl;micro-behaviors/communications/http/request/client::vsent-after-client-send;micro-behaviors/communications/http/request/client::vsent-after-fetch-send;micro-behaviors/communications/http/request/client::vsent-before-client-send;micro-behaviors/communications/http/request/client::vsent-near-fetch-send;micro-behaviors/communications/http/request/configuration::no-cors-before-post;micro-behaviors/communications/http/request/configuration::no-cors-post-request;micro-behaviors/communications/http/request/configuration::post-before-no-cors,micro-behaviors/communications/http/authorization-header::bearer-header-from-storage,"Use documented request facets; specific body, JSON, method, authorization and mode observations leave generic client membership. Broad HTTP/request membership retains applicable descendants."
objectives/command-and-control/backdoor/webshell/obf-dispatch::php-hex-dispatch-webshell,micro-behaviors/communications/http/request/,14,1,micro-behaviors/communications/http/request/body::fetch-post-b64encode-body;micro-behaviors/communications/http/request/body::js-fetch-body-variable;micro-behaviors/communications/http/request/body::js-fetch-post-body-variable;micro-behaviors/communications/http/request/body::request-write-file-data-variable;micro-behaviors/communications/http/request/body::request-write-payload-variable;micro-behaviors/communications/http/request/body::request-write-raw-data-variable;micro-behaviors/communications/http/request/client::http-post-upload-or-curl;micro-behaviors/communications/http/request/client::vsent-after-client-send;micro-behaviors/communications/http/request/client::vsent-after-fetch-send;micro-behaviors/communications/http/request/client::vsent-before-client-send;micro-behaviors/communications/http/request/client::vsent-near-fetch-send;micro-behaviors/communications/http/request/configuration::no-cors-before-post;micro-behaviors/communications/http/request/configuration::no-cors-post-request;micro-behaviors/communications/http/request/configuration::post-before-no-cors,micro-behaviors/communications/http/authorization-header::bearer-header-from-storage,"Use documented request facets; specific body, JSON, method, authorization and mode observations leave generic client membership. Broad HTTP/request membership retains applicable descendants."
objectives/command-and-control/backdoor/webshell/session::host-scoped-background-session-log,micro-behaviors/communications/http/request/,14,1,micro-behaviors/communications/http/request/body::fetch-post-b64encode-body;micro-behaviors/communications/http/request/body::js-fetch-body-variable;micro-behaviors/communications/http/request/body::js-fetch-post-body-variable;micro-behaviors/communications/http/request/body::request-write-file-data-variable;micro-behaviors/communications/http/request/body::request-write-payload-variable;micro-behaviors/communications/http/request/body::request-write-raw-data-variable;micro-behaviors/communications/http/request/client::http-post-upload-or-curl;micro-behaviors/communications/http/request/client::vsent-after-client-send;micro-behaviors/communications/http/request/client::vsent-after-fetch-send;micro-behaviors/communications/http/request/client::vsent-before-client-send;micro-behaviors/communications/http/request/client::vsent-near-fetch-send;micro-behaviors/communications/http/request/configuration::no-cors-before-post;micro-behaviors/communications/http/request/configuration::no-cors-post-request;micro-behaviors/communications/http/request/configuration::post-before-no-cors,micro-behaviors/communications/http/authorization-header::bearer-header-from-storage,"Use documented request facets; specific body, JSON, method, authorization and mode observations leave generic client membership. Broad HTTP/request membership retains applicable descendants."
objectives/command-and-control/backdoor/webshell/stager::pearcmd-config-create-webshell-write,micro-behaviors/communications/http/request/client/,5,16,micro-behaviors/communications/http/request/client::http-post-upload-or-curl;micro-behaviors/communications/http/request/client::vsent-after-client-send;micro-behaviors/communications/http/request/client::vsent-after-fetch-send;micro-behaviors/communications/http/request/client::vsent-before-client-send;micro-behaviors/communications/http/request/client::vsent-near-fetch-send,micro-behaviors/communications/http/authorization-header::bearer-header-from-storage;micro-behaviors/communications/http/request/body::js-http-post-body;micro-behaviors/communications/http/request/body::node-http-request-body;micro-behaviors/communications/http/request/body::node-http-request-end-body;micro-behaviors/communications/http/request/body::node-http-request-stream-body;micro-behaviors/communications/http/request/body::node-request-payload-serialization;micro-behaviors/communications/http/request/body::python-request-data-argument;micro-behaviors/communications/http/request/json::fetch-json-body;micro-behaviors/communications/http/request/json::http-post-json;micro-behaviors/communications/http/request/json::http-post-json-small-script;micro-behaviors/communications/http/request/json::node-http-post-json-body;micro-behaviors/communications/http/request/json::python-structured-post-transport;micro-behaviors/communications/http/request/json::requests-post-json-payload;micro-behaviors/communications/http/request/json::urllib-json-request-body;micro-behaviors/communications/http/request/verb::post-method-text;micro-behaviors/communications/http/request/verb::python-explicit-http-method-call,"Use documented request facets; specific body, JSON, method, authorization and mode observations leave generic client membership. Broad HTTP/request membership retains applicable descendants."
objectives/command-and-control/backdoor/webshell/stager::pearcmd-config-create-temp-webshell-stage,micro-behaviors/communications/http/request/client/,5,16,micro-behaviors/communications/http/request/client::http-post-upload-or-curl;micro-behaviors/communications/http/request/client::vsent-after-client-send;micro-behaviors/communications/http/request/client::vsent-after-fetch-send;micro-behaviors/communications/http/request/client::vsent-before-client-send;micro-behaviors/communications/http/request/client::vsent-near-fetch-send,micro-behaviors/communications/http/authorization-header::bearer-header-from-storage;micro-behaviors/communications/http/request/body::js-http-post-body;micro-behaviors/communications/http/request/body::node-http-request-body;micro-behaviors/communications/http/request/body::node-http-request-end-body;micro-behaviors/communications/http/request/body::node-http-request-stream-body;micro-behaviors/communications/http/request/body::node-request-payload-serialization;micro-behaviors/communications/http/request/body::python-request-data-argument;micro-behaviors/communications/http/request/json::fetch-json-body;micro-behaviors/communications/http/request/json::http-post-json;micro-behaviors/communications/http/request/json::http-post-json-small-script;micro-behaviors/communications/http/request/json::node-http-post-json-body;micro-behaviors/communications/http/request/json::python-structured-post-transport;micro-behaviors/communications/http/request/json::requests-post-json-payload;micro-behaviors/communications/http/request/json::urllib-json-request-body;micro-behaviors/communications/http/request/verb::post-method-text;micro-behaviors/communications/http/request/verb::python-explicit-http-method-call,"Use documented request facets; specific body, JSON, method, authorization and mode observations leave generic client membership. Broad HTTP/request membership retains applicable descendants."
objectives/command-and-control/backdoor/webshell/stager::php-dropper,micro-behaviors/communications/http/request/,14,1,micro-behaviors/communications/http/request/body::fetch-post-b64encode-body;micro-behaviors/communications/http/request/body::js-fetch-body-variable;micro-behaviors/communications/http/request/body::js-fetch-post-body-variable;micro-behaviors/communications/http/request/body::request-write-file-data-variable;micro-behaviors/communications/http/request/body::request-write-payload-variable;micro-behaviors/communications/http/request/body::request-write-raw-data-variable;micro-behaviors/communications/http/request/client::http-post-upload-or-curl;micro-behaviors/communications/http/request/client::vsent-after-client-send;micro-behaviors/communications/http/request/client::vsent-after-fetch-send;micro-behaviors/communications/http/request/client::vsent-before-client-send;micro-behaviors/communications/http/request/client::vsent-near-fetch-send;micro-behaviors/communications/http/request/configuration::no-cors-before-post;micro-behaviors/communications/http/request/configuration::no-cors-post-request;micro-behaviors/communications/http/request/configuration::post-before-no-cors,micro-behaviors/communications/http/authorization-header::bearer-header-from-storage,"Use documented request facets; specific body, JSON, method, authorization and mode observations leave generic client membership. Broad HTTP/request membership retains applicable descendants."
objectives/command-and-control/beacon/tracking::http-image-pixel-status-beacon,micro-behaviors/communications/http/request/,14,1,micro-behaviors/communications/http/request/body::fetch-post-b64encode-body;micro-behaviors/communications/http/request/body::js-fetch-body-variable;micro-behaviors/communications/http/request/body::js-fetch-post-body-variable;micro-behaviors/communications/http/request/body::request-write-file-data-variable;micro-behaviors/communications/http/request/body::request-write-payload-variable;micro-behaviors/communications/http/request/body::request-write-raw-data-variable;micro-behaviors/communications/http/request/client::http-post-upload-or-curl;micro-behaviors/communications/http/request/client::vsent-after-client-send;micro-behaviors/communications/http/request/client::vsent-after-fetch-send;micro-behaviors/communications/http/request/client::vsent-before-client-send;micro-behaviors/communications/http/request/client::vsent-near-fetch-send;micro-behaviors/communications/http/request/configuration::no-cors-before-post;micro-behaviors/communications/http/request/configuration::no-cors-post-request;micro-behaviors/communications/http/request/configuration::post-before-no-cors,micro-behaviors/communications/http/authorization-header::bearer-header-from-storage,"Use documented request facets; specific body, JSON, method, authorization and mode observations leave generic client membership. Broad HTTP/request membership retains applicable descendants."
objectives/command-and-control/beacon/tracking::generic-tracking-pixel-beacon,micro-behaviors/communications/http/request/,14,1,micro-behaviors/communications/http/request/body::fetch-post-b64encode-body;micro-behaviors/communications/http/request/body::js-fetch-body-variable;micro-behaviors/communications/http/request/body::js-fetch-post-body-variable;micro-behaviors/communications/http/request/body::request-write-file-data-variable;micro-behaviors/communications/http/request/body::request-write-payload-variable;micro-behaviors/communications/http/request/body::request-write-raw-data-variable;micro-behaviors/communications/http/request/client::http-post-upload-or-curl;micro-behaviors/communications/http/request/client::vsent-after-client-send;micro-behaviors/communications/http/request/client::vsent-after-fetch-send;micro-behaviors/communications/http/request/client::vsent-before-client-send;micro-behaviors/communications/http/request/client::vsent-near-fetch-send;micro-behaviors/communications/http/request/configuration::no-cors-before-post;micro-behaviors/communications/http/request/configuration::no-cors-post-request;micro-behaviors/communications/http/request/configuration::post-before-no-cors,micro-behaviors/communications/http/authorization-header::bearer-header-from-storage,"Use documented request facets; specific body, JSON, method, authorization and mode observations leave generic client membership. Broad HTTP/request membership retains applicable descendants."
objectives/command-and-control/beacon/network/http::direct-http-c2-binary-ip,micro-behaviors/communications/http/request/,14,1,micro-behaviors/communications/http/request/body::fetch-post-b64encode-body;micro-behaviors/communications/http/request/body::js-fetch-body-variable;micro-behaviors/communications/http/request/body::js-fetch-post-body-variable;micro-behaviors/communications/http/request/body::request-write-file-data-variable;micro-behaviors/communications/http/request/body::request-write-payload-variable;micro-behaviors/communications/http/request/body::request-write-raw-data-variable;micro-behaviors/communications/http/request/client::http-post-upload-or-curl;micro-behaviors/communications/http/request/client::vsent-after-client-send;micro-behaviors/communications/http/request/client::vsent-after-fetch-send;micro-behaviors/communications/http/request/client::vsent-before-client-send;micro-behaviors/communications/http/request/client::vsent-near-fetch-send;micro-behaviors/communications/http/request/configuration::no-cors-before-post;micro-behaviors/communications/http/request/configuration::no-cors-post-request;micro-behaviors/communications/http/request/configuration::post-before-no-cors,micro-behaviors/communications/http/authorization-header::bearer-header-from-storage,"Use documented request facets; specific body, JSON, method, authorization and mode observations leave generic client membership. Broad HTTP/request membership retains applicable descendants."
objectives/command-and-control/beacon/network/periodic::powershell-http-beacon,micro-behaviors/communications/http/request/,14,1,micro-behaviors/communications/http/request/body::fetch-post-b64encode-body;micro-behaviors/communications/http/request/body::js-fetch-body-variable;micro-behaviors/communications/http/request/body::js-fetch-post-body-variable;micro-behaviors/communications/http/request/body::request-write-file-data-variable;micro-behaviors/communications/http/request/body::request-write-payload-variable;micro-behaviors/communications/http/request/body::request-write-raw-data-variable;micro-behaviors/communications/http/request/client::http-post-upload-or-curl;micro-behaviors/communications/http/request/client::vsent-after-client-send;micro-behaviors/communications/http/request/client::vsent-after-fetch-send;micro-behaviors/communications/http/request/client::vsent-before-client-send;micro-behaviors/communications/http/request/client::vsent-near-fetch-send;micro-behaviors/communications/http/request/configuration::no-cors-before-post;micro-behaviors/communications/http/request/configuration::no-cors-post-request;micro-behaviors/communications/http/request/configuration::post-before-no-cors,micro-behaviors/communications/http/authorization-header::bearer-header-from-storage,"Use documented request facets; specific body, JSON, method, authorization and mode observations leave generic client membership. Broad HTTP/request membership retains applicable descendants."
objectives/command-and-control/beacon/network/periodic::script-http-c2-beacon,micro-behaviors/communications/http/request/,14,1,micro-behaviors/communications/http/request/body::fetch-post-b64encode-body;micro-behaviors/communications/http/request/body::js-fetch-body-variable;micro-behaviors/communications/http/request/body::js-fetch-post-body-variable;micro-behaviors/communications/http/request/body::request-write-file-data-variable;micro-behaviors/communications/http/request/body::request-write-payload-variable;micro-behaviors/communications/http/request/body::request-write-raw-data-variable;micro-behaviors/communications/http/request/client::http-post-upload-or-curl;micro-behaviors/communications/http/request/client::vsent-after-client-send;micro-behaviors/communications/http/request/client::vsent-after-fetch-send;micro-behaviors/communications/http/request/client::vsent-before-client-send;micro-behaviors/communications/http/request/client::vsent-near-fetch-send;micro-behaviors/communications/http/request/configuration::no-cors-before-post;micro-behaviors/communications/http/request/configuration::no-cors-post-request;micro-behaviors/communications/http/request/configuration::post-before-no-cors,micro-behaviors/communications/http/authorization-header::bearer-header-from-storage,"Use documented request facets; specific body, JSON, method, authorization and mode observations leave generic client membership. Broad HTTP/request membership retains applicable descendants."
objectives/command-and-control/channel/deaddrop/github::github-contents-polled-mailbox-c2,micro-behaviors/communications/http/authorization-header/,1,0,micro-behaviors/communications/http/authorization-header::bearer-header-from-storage,,"Use documented request facets; specific body, JSON, method, authorization and mode observations leave generic client membership. Broad HTTP/request membership retains applicable descendants."
objectives/command-and-control/dropper/staged-loader::dynamic-dropper,objectives/exfiltration/stealer/cloud/,0,1,,micro-behaviors/communications/http/request/client::http-post-upload-or-curl,Keep source-based export membership; local capture and neutral APIs no longer count as export.
objectives/command-and-control/dropper/delivery/fetch-eval::paste-stage-two-reference,micro-behaviors/communications/http/request/client/,5,16,micro-behaviors/communications/http/request/client::http-post-upload-or-curl;micro-behaviors/communications/http/request/client::vsent-after-client-send;micro-behaviors/communications/http/request/client::vsent-after-fetch-send;micro-behaviors/communications/http/request/client::vsent-before-client-send;micro-behaviors/communications/http/request/client::vsent-near-fetch-send,micro-behaviors/communications/http/authorization-header::bearer-header-from-storage;micro-behaviors/communications/http/request/body::js-http-post-body;micro-behaviors/communications/http/request/body::node-http-request-body;micro-behaviors/communications/http/request/body::node-http-request-end-body;micro-behaviors/communications/http/request/body::node-http-request-stream-body;micro-behaviors/communications/http/request/body::node-request-payload-serialization;micro-behaviors/communications/http/request/body::python-request-data-argument;micro-behaviors/communications/http/request/json::fetch-json-body;micro-behaviors/communications/http/request/json::http-post-json;micro-behaviors/communications/http/request/json::http-post-json-small-script;micro-behaviors/communications/http/request/json::node-http-post-json-body;micro-behaviors/communications/http/request/json::python-structured-post-transport;micro-behaviors/communications/http/request/json::requests-post-json-payload;micro-behaviors/communications/http/request/json::urllib-json-request-body;micro-behaviors/communications/http/request/verb::post-method-text;micro-behaviors/communications/http/request/verb::python-explicit-http-method-call,"Use documented request facets; specific body, JSON, method, authorization and mode observations leave generic client membership. Broad HTTP/request membership retains applicable descendants."
objectives/command-and-control/dropper/delivery/multistage::pastebin-fetch-capability,micro-behaviors/communications/http/request/client/,5,16,micro-behaviors/communications/http/request/client::http-post-upload-or-curl;micro-behaviors/communications/http/request/client::vsent-after-client-send;micro-behaviors/communications/http/request/client::vsent-after-fetch-send;micro-behaviors/communications/http/request/client::vsent-before-client-send;micro-behaviors/communications/http/request/client::vsent-near-fetch-send,micro-behaviors/communications/http/authorization-header::bearer-header-from-storage;micro-behaviors/communications/http/request/body::js-http-post-body;micro-behaviors/communications/http/request/body::node-http-request-body;micro-behaviors/communications/http/request/body::node-http-request-end-body;micro-behaviors/communications/http/request/body::node-http-request-stream-body;micro-behaviors/communications/http/request/body::node-request-payload-serialization;micro-behaviors/communications/http/request/body::python-request-data-argument;micro-behaviors/communications/http/request/json::fetch-json-body;micro-behaviors/communications/http/request/json::http-post-json;micro-behaviors/communications/http/request/json::http-post-json-small-script;micro-behaviors/communications/http/request/json::node-http-post-json-body;micro-behaviors/communications/http/request/json::python-structured-post-transport;micro-behaviors/communications/http/request/json::requests-post-json-payload;micro-behaviors/communications/http/request/json::urllib-json-request-body;micro-behaviors/communications/http/request/verb::post-method-text;micro-behaviors/communications/http/request/verb::python-explicit-http-method-call,"Use documented request facets; specific body, JSON, method, authorization and mode observations leave generic client membership. Broad HTTP/request membership retains applicable descendants."
objectives/command-and-control/dropper/delivery/multistage::image-url-payload-retrieval,micro-behaviors/communications/http/request/client/,5,16,micro-behaviors/communications/http/request/client::http-post-upload-or-curl;micro-behaviors/communications/http/request/client::vsent-after-client-send;micro-behaviors/communications/http/request/client::vsent-after-fetch-send;micro-behaviors/communications/http/request/client::vsent-before-client-send;micro-behaviors/communications/http/request/client::vsent-near-fetch-send,micro-behaviors/communications/http/authorization-header::bearer-header-from-storage;micro-behaviors/communications/http/request/body::js-http-post-body;micro-behaviors/communications/http/request/body::node-http-request-body;micro-behaviors/communications/http/request/body::node-http-request-end-body;micro-behaviors/communications/http/request/body::node-http-request-stream-body;micro-behaviors/communications/http/request/body::node-request-payload-serialization;micro-behaviors/communications/http/request/body::python-request-data-argument;micro-behaviors/communications/http/request/json::fetch-json-body;micro-behaviors/communications/http/request/json::http-post-json;micro-behaviors/communications/http/request/json::http-post-json-small-script;micro-behaviors/communications/http/request/json::node-http-post-json-body;micro-behaviors/communications/http/request/json::python-structured-post-transport;micro-behaviors/communications/http/request/json::requests-post-json-payload;micro-behaviors/communications/http/request/json::urllib-json-request-body;micro-behaviors/communications/http/request/verb::post-method-text;micro-behaviors/communications/http/request/verb::python-explicit-http-method-call,"Use documented request facets; specific body, JSON, method, authorization and mode observations leave generic client membership. Broad HTTP/request membership retains applicable descendants."
objectives/credential-access/browser/multi-target::hostile-browser-stealer,objectives/exfiltration/,0,15,,micro-behaviors/communications/http/cookie-store::vsent-before-document-cookie;micro-behaviors/communications/http/cookie-store::vsent-cookie-access;micro-behaviors/communications/http/cookie-store::vsent-near-document-cookie;micro-behaviors/communications/http/cookies::python-browser-session-cookie-transport;micro-behaviors/communications/http/request/client::http-post-upload-or-curl;micro-behaviors/communications/http/request/client::vsent-after-client-send;micro-behaviors/communications/http/request/client::vsent-after-fetch-send;micro-behaviors/communications/http/request/client::vsent-before-client-send;micro-behaviors/communications/http/request/client::vsent-near-fetch-send;micro-behaviors/communications/http/services/analytics::vis-opt-token;micro-behaviors/communications/http/services/analytics::vwo-or-vis-opt-token;micro-behaviors/communications/http/services/analytics::vwo-token;micro-behaviors/data/serialize/json::json-stringify-post-body;objectives/anti-static/obfuscation/obfuscator/js-obfuscator::js-obfuscated-storage-http-workflow;objectives/credential-access/theft/multi-app::js-browser-wallet-credential-source,Keep source-based export membership; local capture and neutral APIs no longer count as export.
objectives/credential-access/browser/passkey::passkey-sync-record-theft,objectives/exfiltration/http,2,0,objectives/exfiltration/http/header::ps-exfil-header-channel;objectives/exfiltration/http/header::ps-exfil-http-headers,,Keep source-based export membership; local capture and neutral APIs no longer count as export.
objectives/credential-access/dev-tools/ai::ai-agent-artifact-upload,micro-behaviors/communications/http/request/client/,5,16,micro-behaviors/communications/http/request/client::http-post-upload-or-curl;micro-behaviors/communications/http/request/client::vsent-after-client-send;micro-behaviors/communications/http/request/client::vsent-after-fetch-send;micro-behaviors/communications/http/request/client::vsent-before-client-send;micro-behaviors/communications/http/request/client::vsent-near-fetch-send,micro-behaviors/communications/http/authorization-header::bearer-header-from-storage;micro-behaviors/communications/http/request/body::js-http-post-body;micro-behaviors/communications/http/request/body::node-http-request-body;micro-behaviors/communications/http/request/body::node-http-request-end-body;micro-behaviors/communications/http/request/body::node-http-request-stream-body;micro-behaviors/communications/http/request/body::node-request-payload-serialization;micro-behaviors/communications/http/request/body::python-request-data-argument;micro-behaviors/communications/http/request/json::fetch-json-body;micro-behaviors/communications/http/request/json::http-post-json;micro-behaviors/communications/http/request/json::http-post-json-small-script;micro-behaviors/communications/http/request/json::node-http-post-json-body;micro-behaviors/communications/http/request/json::python-structured-post-transport;micro-behaviors/communications/http/request/json::requests-post-json-payload;micro-behaviors/communications/http/request/json::urllib-json-request-body;micro-behaviors/communications/http/request/verb::post-method-text;micro-behaviors/communications/http/request/verb::python-explicit-http-method-call,"Use documented request facets; specific body, JSON, method, authorization and mode observations leave generic client membership. Broad HTTP/request membership retains applicable descendants."
objectives/credential-access/dev-tools/ai::ai-agent-session-artifact-upload,micro-behaviors/communications/http/request/client/,5,16,micro-behaviors/communications/http/request/client::http-post-upload-or-curl;micro-behaviors/communications/http/request/client::vsent-after-client-send;micro-behaviors/communications/http/request/client::vsent-after-fetch-send;micro-behaviors/communications/http/request/client::vsent-before-client-send;micro-behaviors/communications/http/request/client::vsent-near-fetch-send,micro-behaviors/communications/http/authorization-header::bearer-header-from-storage;micro-behaviors/communications/http/request/body::js-http-post-body;micro-behaviors/communications/http/request/body::node-http-request-body;micro-behaviors/communications/http/request/body::node-http-request-end-body;micro-behaviors/communications/http/request/body::node-http-request-stream-body;micro-behaviors/communications/http/request/body::node-request-payload-serialization;micro-behaviors/communications/http/request/body::python-request-data-argument;micro-behaviors/communications/http/request/json::fetch-json-body;micro-behaviors/communications/http/request/json::http-post-json;micro-behaviors/communications/http/request/json::http-post-json-small-script;micro-behaviors/communications/http/request/json::node-http-post-json-body;micro-behaviors/communications/http/request/json::python-structured-post-transport;micro-behaviors/communications/http/request/json::requests-post-json-payload;micro-behaviors/communications/http/request/json::urllib-json-request-body;micro-behaviors/communications/http/request/verb::post-method-text;micro-behaviors/communications/http/request/verb::python-explicit-http-method-call,"Use documented request facets; specific body, JSON, method, authorization and mode observations leave generic client membership. Broad HTTP/request membership retains applicable descendants."
objectives/credential-access/shell/history::powershell-history-theft,objectives/exfiltration/stealer/,0,16,,micro-behaviors/communications/http/cookie-store::vsent-before-document-cookie;micro-behaviors/communications/http/cookie-store::vsent-cookie-access;micro-behaviors/communications/http/cookie-store::vsent-near-document-cookie;micro-behaviors/communications/http/cookies::python-browser-session-cookie-transport;micro-behaviors/communications/http/request/client::http-post-upload-or-curl;micro-behaviors/communications/http/request/client::vsent-after-client-send;micro-behaviors/communications/http/request/client::vsent-after-fetch-send;micro-behaviors/communications/http/request/client::vsent-before-client-send;micro-behaviors/communications/http/request/client::vsent-near-fetch-send;micro-behaviors/communications/http/services/analytics::vis-opt-token;micro-behaviors/communications/http/services/analytics::vwo-or-vis-opt-token;micro-behaviors/communications/http/services/analytics::vwo-token;micro-behaviors/data/serialize/json::json-stringify-post-body;objectives/anti-static/obfuscation/obfuscator/js-obfuscator::js-obfuscated-storage-http-workflow;objectives/credential-access/theft/multi-app::js-browser-wallet-credential-source;objectives/exfiltration/http/header::ps-exfil-header-channel,Keep source-based export membership; local capture and neutral APIs no longer count as export.
objectives/credential-access/theft/multi-store::stealer-data-source-marker,objectives/exfiltration/stealer/browser/,0,28,,micro-behaviors/communications/http/cookie-store::vsent-before-document-cookie;micro-behaviors/communications/http/cookie-store::vsent-cookie-access;micro-behaviors/communications/http/cookie-store::vsent-near-document-cookie;micro-behaviors/communications/http/cookies::python-browser-session-cookie-transport;micro-behaviors/communications/http/request/client::vsent-after-client-send;micro-behaviors/communications/http/request/client::vsent-after-fetch-send;micro-behaviors/communications/http/request/client::vsent-before-client-send;micro-behaviors/communications/http/request/client::vsent-near-fetch-send;micro-behaviors/communications/http/services/analytics::vis-opt-token;micro-behaviors/communications/http/services/analytics::vwo-or-vis-opt-token;micro-behaviors/communications/http/services/analytics::vwo-token;micro-behaviors/data/serialize/json::json-stringify-post-body;objectives/anti-static/obfuscation/obfuscator/js-obfuscator::js-obfuscated-storage-http-workflow;objectives/credential-access/theft/multi-app::js-browser-wallet-credential-source;objectives/exfiltration/http/header::ps-exfil-header-channel;objectives/exfiltration/stealer/credential::batch-credential-archive-upload;objectives/exfiltration/stealer/credential::credential-stealer-http-post;objectives/exfiltration/stealer/credential::js-browser-wallet-upload-exfil;objectives/exfiltration/stealer/credential::js-credential-discord-webhook-exfiltration;objectives/exfiltration/stealer/credential::js-discord-credential-stealer;objectives/exfiltration/stealer/credential::js-electron-credential-discord-stealer;objectives/exfiltration/stealer/keychain::pstore-password-report-form-post-exfil;objectives/exfiltration/stealer/multi-source::browser-cookie-screen-websocket-collection;objectives/exfiltration/stealer/multi-source::encoded-browser-credential-telegram-clipboard;objectives/exfiltration/stealer/multi-source::encoded-browser-surveillance-exfil;objectives/exfiltration/stealer/multi-source::javascript-browser-screenshot-upload;objectives/exfiltration/stealer/multi-source::js-credential-discord-screenshot-exfiltration;objectives/exfiltration/stealer/multi-source::python-browser-discord-screenshot-exfiltration,Keep source-based export membership; local capture and neutral APIs no longer count as export.
objectives/credential-access/theft/multi-store::stealer-data-source-marker,objectives/exfiltration/stealer/cloud/,0,1,,micro-behaviors/communications/http/request/client::http-post-upload-or-curl,Keep source-based export membership; local capture and neutral APIs no longer count as export.
objectives/discovery/network/scan/http::http-management-path-enumeration,micro-behaviors/communications/http/request/client/,5,16,micro-behaviors/communications/http/request/client::http-post-upload-or-curl;micro-behaviors/communications/http/request/client::vsent-after-client-send;micro-behaviors/communications/http/request/client::vsent-after-fetch-send;micro-behaviors/communications/http/request/client::vsent-before-client-send;micro-behaviors/communications/http/request/client::vsent-near-fetch-send,micro-behaviors/communications/http/authorization-header::bearer-header-from-storage;micro-behaviors/communications/http/request/body::js-http-post-body;micro-behaviors/communications/http/request/body::node-http-request-body;micro-behaviors/communications/http/request/body::node-http-request-end-body;micro-behaviors/communications/http/request/body::node-http-request-stream-body;micro-behaviors/communications/http/request/body::node-request-payload-serialization;micro-behaviors/communications/http/request/body::python-request-data-argument;micro-behaviors/communications/http/request/json::fetch-json-body;micro-behaviors/communications/http/request/json::http-post-json;micro-behaviors/communications/http/request/json::http-post-json-small-script;micro-behaviors/communications/http/request/json::node-http-post-json-body;micro-behaviors/communications/http/request/json::python-structured-post-transport;micro-behaviors/communications/http/request/json::requests-post-json-payload;micro-behaviors/communications/http/request/json::urllib-json-request-body;micro-behaviors/communications/http/request/verb::post-method-text;micro-behaviors/communications/http/request/verb::python-explicit-http-method-call,"Use documented request facets; specific body, JSON, method, authorization and mode observations leave generic client membership. Broad HTTP/request membership retains applicable descendants."
objectives/discovery/system/profile::python-system-profile-http,micro-behaviors/communications/http/request/,14,1,micro-behaviors/communications/http/request/body::fetch-post-b64encode-body;micro-behaviors/communications/http/request/body::js-fetch-body-variable;micro-behaviors/communications/http/request/body::js-fetch-post-body-variable;micro-behaviors/communications/http/request/body::request-write-file-data-variable;micro-behaviors/communications/http/request/body::request-write-payload-variable;micro-behaviors/communications/http/request/body::request-write-raw-data-variable;micro-behaviors/communications/http/request/client::http-post-upload-or-curl;micro-behaviors/communications/http/request/client::vsent-after-client-send;micro-behaviors/communications/http/request/client::vsent-after-fetch-send;micro-behaviors/communications/http/request/client::vsent-before-client-send;micro-behaviors/communications/http/request/client::vsent-near-fetch-send;micro-behaviors/communications/http/request/configuration::no-cors-before-post;micro-behaviors/communications/http/request/configuration::no-cors-post-request;micro-behaviors/communications/http/request/configuration::post-before-no-cors,micro-behaviors/communications/http/authorization-header::bearer-header-from-storage,"Use documented request facets; specific body, JSON, method, authorization and mode observations leave generic client membership. Broad HTTP/request membership retains applicable descendants."
objectives/discovery/system/fingerprint/hardware::python-enumeration,micro-behaviors/communications/http/request/,14,1,micro-behaviors/communications/http/request/body::fetch-post-b64encode-body;micro-behaviors/communications/http/request/body::js-fetch-body-variable;micro-behaviors/communications/http/request/body::js-fetch-post-body-variable;micro-behaviors/communications/http/request/body::request-write-file-data-variable;micro-behaviors/communications/http/request/body::request-write-payload-variable;micro-behaviors/communications/http/request/body::request-write-raw-data-variable;micro-behaviors/communications/http/request/client::http-post-upload-or-curl;micro-behaviors/communications/http/request/client::vsent-after-client-send;micro-behaviors/communications/http/request/client::vsent-after-fetch-send;micro-behaviors/communications/http/request/client::vsent-before-client-send;micro-behaviors/communications/http/request/client::vsent-near-fetch-send;micro-behaviors/communications/http/request/configuration::no-cors-before-post;micro-behaviors/communications/http/request/configuration::no-cors-post-request;micro-behaviors/communications/http/request/configuration::post-before-no-cors,micro-behaviors/communications/http/authorization-header::bearer-header-from-storage,"Use documented request facets; specific body, JSON, method, authorization and mode observations leave generic client membership. Broad HTTP/request membership retains applicable descendants."
objectives/evasion/masquerade/traffic::script-client-browser-header-pair,micro-behaviors/communications/http/request/client/,5,16,micro-behaviors/communications/http/request/client::http-post-upload-or-curl;micro-behaviors/communications/http/request/client::vsent-after-client-send;micro-behaviors/communications/http/request/client::vsent-after-fetch-send;micro-behaviors/communications/http/request/client::vsent-before-client-send;micro-behaviors/communications/http/request/client::vsent-near-fetch-send,micro-behaviors/communications/http/authorization-header::bearer-header-from-storage;micro-behaviors/communications/http/request/body::js-http-post-body;micro-behaviors/communications/http/request/body::node-http-request-body;micro-behaviors/communications/http/request/body::node-http-request-end-body;micro-behaviors/communications/http/request/body::node-http-request-stream-body;micro-behaviors/communications/http/request/body::node-request-payload-serialization;micro-behaviors/communications/http/request/body::python-request-data-argument;micro-behaviors/communications/http/request/json::fetch-json-body;micro-behaviors/communications/http/request/json::http-post-json;micro-behaviors/communications/http/request/json::http-post-json-small-script;micro-behaviors/communications/http/request/json::node-http-post-json-body;micro-behaviors/communications/http/request/json::python-structured-post-transport;micro-behaviors/communications/http/request/json::requests-post-json-payload;micro-behaviors/communications/http/request/json::urllib-json-request-body;micro-behaviors/communications/http/request/verb::post-method-text;micro-behaviors/communications/http/request/verb::python-explicit-http-method-call,"Use documented request facets; specific body, JSON, method, authorization and mode observations leave generic client membership. Broad HTTP/request membership retains applicable descendants."
objectives/evasion/security-bypass/policy/web-admin::artifactory-client-uri-header-cache-poison,micro-behaviors/communications/http/request/client/,5,16,micro-behaviors/communications/http/request/client::http-post-upload-or-curl;micro-behaviors/communications/http/request/client::vsent-after-client-send;micro-behaviors/communications/http/request/client::vsent-after-fetch-send;micro-behaviors/communications/http/request/client::vsent-before-client-send;micro-behaviors/communications/http/request/client::vsent-near-fetch-send,micro-behaviors/communications/http/authorization-header::bearer-header-from-storage;micro-behaviors/communications/http/request/body::js-http-post-body;micro-behaviors/communications/http/request/body::node-http-request-body;micro-behaviors/communications/http/request/body::node-http-request-end-body;micro-behaviors/communications/http/request/body::node-http-request-stream-body;micro-behaviors/communications/http/request/body::node-request-payload-serialization;micro-behaviors/communications/http/request/body::python-request-data-argument;micro-behaviors/communications/http/request/json::fetch-json-body;micro-behaviors/communications/http/request/json::http-post-json;micro-behaviors/communications/http/request/json::http-post-json-small-script;micro-behaviors/communications/http/request/json::node-http-post-json-body;micro-behaviors/communications/http/request/json::python-structured-post-transport;micro-behaviors/communications/http/request/json::requests-post-json-payload;micro-behaviors/communications/http/request/json::urllib-json-request-body;micro-behaviors/communications/http/request/verb::post-method-text;micro-behaviors/communications/http/request/verb::python-explicit-http-method-call,"Use documented request facets; specific body, JSON, method, authorization and mode observations leave generic client membership. Broad HTTP/request membership retains applicable descendants."
objectives/execution/exploit/include-gadget::pear-config-create-temp-command-handler,micro-behaviors/communications/http/request/client/,5,16,micro-behaviors/communications/http/request/client::http-post-upload-or-curl;micro-behaviors/communications/http/request/client::vsent-after-client-send;micro-behaviors/communications/http/request/client::vsent-after-fetch-send;micro-behaviors/communications/http/request/client::vsent-before-client-send;micro-behaviors/communications/http/request/client::vsent-near-fetch-send,micro-behaviors/communications/http/authorization-header::bearer-header-from-storage;micro-behaviors/communications/http/request/body::js-http-post-body;micro-behaviors/communications/http/request/body::node-http-request-body;micro-behaviors/communications/http/request/body::node-http-request-end-body;micro-behaviors/communications/http/request/body::node-http-request-stream-body;micro-behaviors/communications/http/request/body::node-request-payload-serialization;micro-behaviors/communications/http/request/body::python-request-data-argument;micro-behaviors/communications/http/request/json::fetch-json-body;micro-behaviors/communications/http/request/json::http-post-json;micro-behaviors/communications/http/request/json::http-post-json-small-script;micro-behaviors/communications/http/request/json::node-http-post-json-body;micro-behaviors/communications/http/request/json::python-structured-post-transport;micro-behaviors/communications/http/request/json::requests-post-json-payload;micro-behaviors/communications/http/request/json::urllib-json-request-body;micro-behaviors/communications/http/request/verb::post-method-text;micro-behaviors/communications/http/request/verb::python-explicit-http-method-call,"Use documented request facets; specific body, JSON, method, authorization and mode observations leave generic client membership. Broad HTTP/request membership retains applicable descendants."
objectives/execution/exploit/include-gadget::pear-config-create-webshell-request,micro-behaviors/communications/http/request/client/,5,16,micro-behaviors/communications/http/request/client::http-post-upload-or-curl;micro-behaviors/communications/http/request/client::vsent-after-client-send;micro-behaviors/communications/http/request/client::vsent-after-fetch-send;micro-behaviors/communications/http/request/client::vsent-before-client-send;micro-behaviors/communications/http/request/client::vsent-near-fetch-send,micro-behaviors/communications/http/authorization-header::bearer-header-from-storage;micro-behaviors/communications/http/request/body::js-http-post-body;micro-behaviors/communications/http/request/body::node-http-request-body;micro-behaviors/communications/http/request/body::node-http-request-end-body;micro-behaviors/communications/http/request/body::node-http-request-stream-body;micro-behaviors/communications/http/request/body::node-request-payload-serialization;micro-behaviors/communications/http/request/body::python-request-data-argument;micro-behaviors/communications/http/request/json::fetch-json-body;micro-behaviors/communications/http/request/json::http-post-json;micro-behaviors/communications/http/request/json::http-post-json-small-script;micro-behaviors/communications/http/request/json::node-http-post-json-body;micro-behaviors/communications/http/request/json::python-structured-post-transport;micro-behaviors/communications/http/request/json::requests-post-json-payload;micro-behaviors/communications/http/request/json::urllib-json-request-body;micro-behaviors/communications/http/request/verb::post-method-text;micro-behaviors/communications/http/request/verb::python-explicit-http-method-call,"Use documented request facets; specific body, JSON, method, authorization and mode observations leave generic client membership. Broad HTTP/request membership retains applicable descendants."
objectives/execution/exploit/network-service/service-api-abuse::wordpress-page-template-traversal-request,micro-behaviors/communications/http/request/client/,5,16,micro-behaviors/communications/http/request/client::http-post-upload-or-curl;micro-behaviors/communications/http/request/client::vsent-after-client-send;micro-behaviors/communications/http/request/client::vsent-after-fetch-send;micro-behaviors/communications/http/request/client::vsent-before-client-send;micro-behaviors/communications/http/request/client::vsent-near-fetch-send,micro-behaviors/communications/http/authorization-header::bearer-header-from-storage;micro-behaviors/communications/http/request/body::js-http-post-body;micro-behaviors/communications/http/request/body::node-http-request-body;micro-behaviors/communications/http/request/body::node-http-request-end-body;micro-behaviors/communications/http/request/body::node-http-request-stream-body;micro-behaviors/communications/http/request/body::node-request-payload-serialization;micro-behaviors/communications/http/request/body::python-request-data-argument;micro-behaviors/communications/http/request/json::fetch-json-body;micro-behaviors/communications/http/request/json::http-post-json;micro-behaviors/communications/http/request/json::http-post-json-small-script;micro-behaviors/communications/http/request/json::node-http-post-json-body;micro-behaviors/communications/http/request/json::python-structured-post-transport;micro-behaviors/communications/http/request/json::requests-post-json-payload;micro-behaviors/communications/http/request/json::urllib-json-request-body;micro-behaviors/communications/http/request/verb::post-method-text;micro-behaviors/communications/http/request/verb::python-explicit-http-method-call,"Use documented request facets; specific body, JSON, method, authorization and mode observations leave generic client membership. Broad HTTP/request membership retains applicable descendants."
objectives/exfiltration/sensitive-data::concealed-credential-exfiltration-channel,objectives/anti-static/obfuscation,1,1,objectives/anti-static/obfuscation/obfuscator/js-obfuscator::js-obfuscated-storage-http-workflow,objectives/anti-static/obfuscation/decoy-imports::fill-console-output-attribute-import,"The obfuscator-pattern workflow joins its obfuscation subject, without an unsupported theft claim."
objectives/exfiltration/http/collect::python-profiled-http-collector,objectives/exfiltration/stealer/cloud/,0,1,,micro-behaviors/communications/http/request/client::http-post-upload-or-curl,Keep source-based export membership; local capture and neutral APIs no longer count as export.
objectives/exfiltration/http/collect::python-profiled-http-collector,objectives/exfiltration/stealer/multi-source/,6,0,objectives/exfiltration/stealer/multi-source::browser-cookie-screen-websocket-collection;objectives/exfiltration/stealer/multi-source::encoded-browser-credential-telegram-clipboard;objectives/exfiltration/stealer/multi-source::encoded-browser-surveillance-exfil;objectives/exfiltration/stealer/multi-source::javascript-browser-screenshot-upload;objectives/exfiltration/stealer/multi-source::js-credential-discord-screenshot-exfiltration;objectives/exfiltration/stealer/multi-source::python-browser-discord-screenshot-exfiltration,,Keep source-based export membership; local capture and neutral APIs no longer count as export.
objectives/exfiltration/http/collect::python-profiled-http-collector,objectives/exfiltration/stealer/keychain/,1,0,objectives/exfiltration/stealer/keychain::pstore-password-report-form-post-exfil,,Keep source-based export membership; local capture and neutral APIs no longer count as export.
objectives/exfiltration/http/collect::python-profiled-http-collector,objectives/exfiltration/stealer/browser/,0,28,,micro-behaviors/communications/http/cookie-store::vsent-before-document-cookie;micro-behaviors/communications/http/cookie-store::vsent-cookie-access;micro-behaviors/communications/http/cookie-store::vsent-near-document-cookie;micro-behaviors/communications/http/cookies::python-browser-session-cookie-transport;micro-behaviors/communications/http/request/client::vsent-after-client-send;micro-behaviors/communications/http/request/client::vsent-after-fetch-send;micro-behaviors/communications/http/request/client::vsent-before-client-send;micro-behaviors/communications/http/request/client::vsent-near-fetch-send;micro-behaviors/communications/http/services/analytics::vis-opt-token;micro-behaviors/communications/http/services/analytics::vwo-or-vis-opt-token;micro-behaviors/communications/http/services/analytics::vwo-token;micro-behaviors/data/serialize/json::json-stringify-post-body;objectives/anti-static/obfuscation/obfuscator/js-obfuscator::js-obfuscated-storage-http-workflow;objectives/credential-access/theft/multi-app::js-browser-wallet-credential-source;objectives/exfiltration/http/header::ps-exfil-header-channel;objectives/exfiltration/stealer/credential::batch-credential-archive-upload;objectives/exfiltration/stealer/credential::credential-stealer-http-post;objectives/exfiltration/stealer/credential::js-browser-wallet-upload-exfil;objectives/exfiltration/stealer/credential::js-credential-discord-webhook-exfiltration;objectives/exfiltration/stealer/credential::js-discord-credential-stealer;objectives/exfiltration/stealer/credential::js-electron-credential-discord-stealer;objectives/exfiltration/stealer/keychain::pstore-password-report-form-post-exfil;objectives/exfiltration/stealer/multi-source::browser-cookie-screen-websocket-collection;objectives/exfiltration/stealer/multi-source::encoded-browser-credential-telegram-clipboard;objectives/exfiltration/stealer/multi-source::encoded-browser-surveillance-exfil;objectives/exfiltration/stealer/multi-source::javascript-browser-screenshot-upload;objectives/exfiltration/stealer/multi-source::js-credential-discord-screenshot-exfiltration;objectives/exfiltration/stealer/multi-source::python-browser-discord-screenshot-exfiltration,Keep source-based export membership; local capture and neutral APIs no longer count as export.
objectives/exfiltration/messaging/webhook::feishu-sensitive-record-content,objectives/credential-access/,1,0,objectives/credential-access/theft/multi-app::js-browser-wallet-credential-source,,Credential acquisition joins credential evidence; a neutral client channel does not establish credential access.
objectives/exfiltration/messaging/webhook::slack-exfiltration,objectives/credential-access/,1,0,objectives/credential-access/theft/multi-app::js-browser-wallet-credential-source,,Credential acquisition joins credential evidence; a neutral client channel does not establish credential access.
objectives/exfiltration/messaging/webhook::discord-exfiltration,objectives/credential-access,1,0,objectives/credential-access/theft/multi-app::js-browser-wallet-credential-source,,Credential acquisition joins credential evidence; a neutral client channel does not establish credential access.
objectives/exfiltration/messaging/webhook::discord-exfiltration,objectives/exfiltration/stealer,0,16,,micro-behaviors/communications/http/cookie-store::vsent-before-document-cookie;micro-behaviors/communications/http/cookie-store::vsent-cookie-access;micro-behaviors/communications/http/cookie-store::vsent-near-document-cookie;micro-behaviors/communications/http/cookies::python-browser-session-cookie-transport;micro-behaviors/communications/http/request/client::http-post-upload-or-curl;micro-behaviors/communications/http/request/client::vsent-after-client-send;micro-behaviors/communications/http/request/client::vsent-after-fetch-send;micro-behaviors/communications/http/request/client::vsent-before-client-send;micro-behaviors/communications/http/request/client::vsent-near-fetch-send;micro-behaviors/communications/http/services/analytics::vis-opt-token;micro-behaviors/communications/http/services/analytics::vwo-or-vis-opt-token;micro-behaviors/communications/http/services/analytics::vwo-token;micro-behaviors/data/serialize/json::json-stringify-post-body;objectives/anti-static/obfuscation/obfuscator/js-obfuscator::js-obfuscated-storage-http-workflow;objectives/credential-access/theft/multi-app::js-browser-wallet-credential-source;objectives/exfiltration/http/header::ps-exfil-header-channel,Keep source-based export membership; local capture and neutral APIs no longer count as export.
objectives/exfiltration/oob/endpoint::encoded-oob-exfil,micro-behaviors/communications/http/request/,14,1,micro-behaviors/communications/http/request/body::fetch-post-b64encode-body;micro-behaviors/communications/http/request/body::js-fetch-body-variable;micro-behaviors/communications/http/request/body::js-fetch-post-body-variable;micro-behaviors/communications/http/request/body::request-write-file-data-variable;micro-behaviors/communications/http/request/body::request-write-payload-variable;micro-behaviors/communications/http/request/body::request-write-raw-data-variable;micro-behaviors/communications/http/request/client::http-post-upload-or-curl;micro-behaviors/communications/http/request/client::vsent-after-client-send;micro-behaviors/communications/http/request/client::vsent-after-fetch-send;micro-behaviors/communications/http/request/client::vsent-before-client-send;micro-behaviors/communications/http/request/client::vsent-near-fetch-send;micro-behaviors/communications/http/request/configuration::no-cors-before-post;micro-behaviors/communications/http/request/configuration::no-cors-post-request;micro-behaviors/communications/http/request/configuration::post-before-no-cors,micro-behaviors/communications/http/authorization-header::bearer-header-from-storage,"Use documented request facets; specific body, JSON, method, authorization and mode observations leave generic client membership. Broad HTTP/request membership retains applicable descendants."
objectives/exfiltration/stealer/file::artifactory-auth-bypass-artifact-theft,micro-behaviors/communications/http/,15,0,micro-behaviors/communications/http/cookie-store::vsent-before-document-cookie;micro-behaviors/communications/http/cookie-store::vsent-cookie-access;micro-behaviors/communications/http/cookie-store::vsent-near-document-cookie;micro-behaviors/communications/http/cookies::python-browser-session-cookie-transport;micro-behaviors/communications/http/post::cfhttp-post-request;micro-behaviors/communications/http/post::cfml-encrypted-request-url;micro-behaviors/communications/http/post::cfml-session-initialization-check;micro-behaviors/communications/http/request/client::http-post-upload-or-curl;micro-behaviors/communications/http/request/client::vsent-after-client-send;micro-behaviors/communications/http/request/client::vsent-after-fetch-send;micro-behaviors/communications/http/request/client::vsent-before-client-send;micro-behaviors/communications/http/request/client::vsent-near-fetch-send;micro-behaviors/communications/http/services/analytics::vis-opt-token;micro-behaviors/communications/http/services/analytics::vwo-or-vis-opt-token;micro-behaviors/communications/http/services/analytics::vwo-token,,"Use documented request facets; specific body, JSON, method, authorization and mode observations leave generic client membership. Broad HTTP/request membership retains applicable descendants."
objectives/exfiltration/stealer/file::removable-media-http-sync,micro-behaviors/communications/http/request/,14,1,micro-behaviors/communications/http/request/body::fetch-post-b64encode-body;micro-behaviors/communications/http/request/body::js-fetch-body-variable;micro-behaviors/communications/http/request/body::js-fetch-post-body-variable;micro-behaviors/communications/http/request/body::request-write-file-data-variable;micro-behaviors/communications/http/request/body::request-write-payload-variable;micro-behaviors/communications/http/request/body::request-write-raw-data-variable;micro-behaviors/communications/http/request/client::http-post-upload-or-curl;micro-behaviors/communications/http/request/client::vsent-after-client-send;micro-behaviors/communications/http/request/client::vsent-after-fetch-send;micro-behaviors/communications/http/request/client::vsent-before-client-send;micro-behaviors/communications/http/request/client::vsent-near-fetch-send;micro-behaviors/communications/http/request/configuration::no-cors-before-post;micro-behaviors/communications/http/request/configuration::no-cors-post-request;micro-behaviors/communications/http/request/configuration::post-before-no-cors,micro-behaviors/communications/http/authorization-header::bearer-header-from-storage,"Use documented request facets; specific body, JSON, method, authorization and mode observations leave generic client membership. Broad HTTP/request membership retains applicable descendants."
objectives/exfiltration/stealer/token::process-memory-token-exfil,micro-behaviors/communications/http/request/verb,2,0,micro-behaviors/communications/http/request/verb::post-method-text;micro-behaviors/communications/http/request/verb::python-explicit-http-method-call,,"Use documented request facets; specific body, JSON, method, authorization and mode observations leave generic client membership. Broad HTTP/request membership retains applicable descendants."
objectives/exfiltration/stealer/multi-source::python-profiler,objectives/exfiltration/http/,2,0,objectives/exfiltration/http/header::ps-exfil-header-channel;objectives/exfiltration/http/header::ps-exfil-http-headers,,Keep source-based export membership; local capture and neutral APIs no longer count as export.
objectives/impact/dos/attack/flood::ddos-mechanics,micro-behaviors/communications/,15,0,micro-behaviors/communications/http/cookie-store::vsent-before-document-cookie;micro-behaviors/communications/http/cookie-store::vsent-cookie-access;micro-behaviors/communications/http/cookie-store::vsent-near-document-cookie;micro-behaviors/communications/http/cookies::python-browser-session-cookie-transport;micro-behaviors/communications/http/post::cfhttp-post-request;micro-behaviors/communications/http/post::cfml-encrypted-request-url;micro-behaviors/communications/http/post::cfml-session-initialization-check;micro-behaviors/communications/http/request/client::http-post-upload-or-curl;micro-behaviors/communications/http/request/client::vsent-after-client-send;micro-behaviors/communications/http/request/client::vsent-after-fetch-send;micro-behaviors/communications/http/request/client::vsent-before-client-send;micro-behaviors/communications/http/request/client::vsent-near-fetch-send;micro-behaviors/communications/http/services/analytics::vis-opt-token;micro-behaviors/communications/http/services/analytics::vwo-or-vis-opt-token;micro-behaviors/communications/http/services/analytics::vwo-token,,Keep subject-based directory membership; relocated neutral capabilities join their actual subjects.
objectives/supply-chain/hidden-payload/runtime::obfuscated-vscode-network-beacon,micro-behaviors/communications/http/request/client,5,16,micro-behaviors/communications/http/request/client::http-post-upload-or-curl;micro-behaviors/communications/http/request/client::vsent-after-client-send;micro-behaviors/communications/http/request/client::vsent-after-fetch-send;micro-behaviors/communications/http/request/client::vsent-before-client-send;micro-behaviors/communications/http/request/client::vsent-near-fetch-send,micro-behaviors/communications/http/authorization-header::bearer-header-from-storage;micro-behaviors/communications/http/request/body::js-http-post-body;micro-behaviors/communications/http/request/body::node-http-request-body;micro-behaviors/communications/http/request/body::node-http-request-end-body;micro-behaviors/communications/http/request/body::node-http-request-stream-body;micro-behaviors/communications/http/request/body::node-request-payload-serialization;micro-behaviors/communications/http/request/body::python-request-data-argument;micro-behaviors/communications/http/request/json::fetch-json-body;micro-behaviors/communications/http/request/json::http-post-json;micro-behaviors/communications/http/request/json::http-post-json-small-script;micro-behaviors/communications/http/request/json::node-http-post-json-body;micro-behaviors/communications/http/request/json::python-structured-post-transport;micro-behaviors/communications/http/request/json::requests-post-json-payload;micro-behaviors/communications/http/request/json::urllib-json-request-body;micro-behaviors/communications/http/request/verb::post-method-text;micro-behaviors/communications/http/request/verb::python-explicit-http-method-call,"Use documented request facets; specific body, JSON, method, authorization and mode observations leave generic client membership. Broad HTTP/request membership retains applicable descendants."
objectives/supply-chain/hidden-payload/extensions/vscode::credential-theft-comp,micro-behaviors/communications/http/request/,14,1,micro-behaviors/communications/http/request/body::fetch-post-b64encode-body;micro-behaviors/communications/http/request/body::js-fetch-body-variable;micro-behaviors/communications/http/request/body::js-fetch-post-body-variable;micro-behaviors/communications/http/request/body::request-write-file-data-variable;micro-behaviors/communications/http/request/body::request-write-payload-variable;micro-behaviors/communications/http/request/body::request-write-raw-data-variable;micro-behaviors/communications/http/request/client::http-post-upload-or-curl;micro-behaviors/communications/http/request/client::vsent-after-client-send;micro-behaviors/communications/http/request/client::vsent-after-fetch-send;micro-behaviors/communications/http/request/client::vsent-before-client-send;micro-behaviors/communications/http/request/client::vsent-near-fetch-send;micro-behaviors/communications/http/request/configuration::no-cors-before-post;micro-behaviors/communications/http/request/configuration::no-cors-post-request;micro-behaviors/communications/http/request/configuration::post-before-no-cors,micro-behaviors/communications/http/authorization-header::bearer-header-from-storage,"Use documented request facets; specific body, JSON, method, authorization and mode observations leave generic client membership. Broad HTTP/request membership retains applicable descendants."
objectives/supply-chain/recon-exfil/pipeline::cicd-recon-any-exfil,micro-behaviors/communications/http/request/,14,1,micro-behaviors/communications/http/request/body::fetch-post-b64encode-body;micro-behaviors/communications/http/request/body::js-fetch-body-variable;micro-behaviors/communications/http/request/body::js-fetch-post-body-variable;micro-behaviors/communications/http/request/body::request-write-file-data-variable;micro-behaviors/communications/http/request/body::request-write-payload-variable;micro-behaviors/communications/http/request/body::request-write-raw-data-variable;micro-behaviors/communications/http/request/client::http-post-upload-or-curl;micro-behaviors/communications/http/request/client::vsent-after-client-send;micro-behaviors/communications/http/request/client::vsent-after-fetch-send;micro-behaviors/communications/http/request/client::vsent-before-client-send;micro-behaviors/communications/http/request/client::vsent-near-fetch-send;micro-behaviors/communications/http/request/configuration::no-cors-before-post;micro-behaviors/communications/http/request/configuration::no-cors-post-request;micro-behaviors/communications/http/request/configuration::post-before-no-cors,micro-behaviors/communications/http/authorization-header::bearer-header-from-storage,"Use documented request facets; specific body, JSON, method, authorization and mode observations leave generic client membership. Broad HTTP/request membership retains applicable descendants."
objectives/supply-chain/recon-exfil/pipeline::npm-token-theft,micro-behaviors/communications/http/request/verb/,2,0,micro-behaviors/communications/http/request/verb::post-method-text;micro-behaviors/communications/http/request/verb::python-explicit-http-method-call,,"Use documented request facets; specific body, JSON, method, authorization and mode observations leave generic client membership. Broad HTTP/request membership retains applicable descendants."
objectives/supply-chain/recon-exfil/host-profile/victim::node-machine-fingerprint-posted,micro-behaviors/data/serialize/json,1,0,micro-behaviors/data/serialize/json::json-stringify-post-body,,Keep subject-based directory membership; relocated neutral capabilities join their actual subjects.
objectives/supply-chain/trojanized/package::package-obfuscated-exfil,objectives/anti-static/obfuscation/obfuscator/,1,0,objectives/anti-static/obfuscation/obfuscator/js-obfuscator::js-obfuscated-storage-http-workflow,,"The obfuscator-pattern workflow joins its obfuscation subject, without an unsupported theft claim."
objectives/supply-chain/trojanized/package::package-obfuscated-install-dropper,objectives/anti-static/obfuscation/obfuscator/,1,0,objectives/anti-static/obfuscation/obfuscator/js-obfuscator::js-obfuscated-storage-http-workflow,,"The obfuscator-pattern workflow joins its obfuscation subject, without an unsupported theft claim."
objectives/supply-chain/trojanized/package::fresh-obfuscated-package,objectives/anti-static/obfuscation/obfuscator/,1,0,objectives/anti-static/obfuscation/obfuscator/js-obfuscator::js-obfuscated-storage-http-workflow,,"The obfuscator-pattern workflow joins its obfuscation subject, without an unsupported theft claim."
objectives/supply-chain/trojanized/app/config-injection::mcp-config-injection,objectives/credential-access,1,0,objectives/credential-access/theft/multi-app::js-browser-wallet-credential-source,,Credential acquisition joins credential evidence; a neutral client channel does not establish credential access.
objectives/supply-chain/trojanized/app/config-injection::mcp-config-injection,objectives/exfiltration,0,15,,micro-behaviors/communications/http/cookie-store::vsent-before-document-cookie;micro-behaviors/communications/http/cookie-store::vsent-cookie-access;micro-behaviors/communications/http/cookie-store::vsent-near-document-cookie;micro-behaviors/communications/http/cookies::python-browser-session-cookie-transport;micro-behaviors/communications/http/request/client::http-post-upload-or-curl;micro-behaviors/communications/http/request/client::vsent-after-client-send;micro-behaviors/communications/http/request/client::vsent-after-fetch-send;micro-behaviors/communications/http/request/client::vsent-before-client-send;micro-behaviors/communications/http/request/client::vsent-near-fetch-send;micro-behaviors/communications/http/services/analytics::vis-opt-token;micro-behaviors/communications/http/services/analytics::vwo-or-vis-opt-token;micro-behaviors/communications/http/services/analytics::vwo-token;micro-behaviors/data/serialize/json::json-stringify-post-body;objectives/anti-static/obfuscation/obfuscator/js-obfuscator::js-obfuscated-storage-http-workflow;objectives/credential-access/theft/multi-app::js-browser-wallet-credential-source,Keep source-based export membership; local capture and neutral APIs no longer count as export.
objectives/supply-chain/trojanized/app/config-injection::windsurf-mcp-injection,objectives/credential-access,1,0,objectives/credential-access/theft/multi-app::js-browser-wallet-credential-source,,Credential acquisition joins credential evidence; a neutral client channel does not establish credential access.
objectives/supply-chain/trojanized/app/config-injection::windsurf-mcp-injection,objectives/exfiltration,0,15,,micro-behaviors/communications/http/cookie-store::vsent-before-document-cookie;micro-behaviors/communications/http/cookie-store::vsent-cookie-access;micro-behaviors/communications/http/cookie-store::vsent-near-document-cookie;micro-behaviors/communications/http/cookies::python-browser-session-cookie-transport;micro-behaviors/communications/http/request/client::http-post-upload-or-curl;micro-behaviors/communications/http/request/client::vsent-after-client-send;micro-behaviors/communications/http/request/client::vsent-after-fetch-send;micro-behaviors/communications/http/request/client::vsent-before-client-send;micro-behaviors/communications/http/request/client::vsent-near-fetch-send;micro-behaviors/communications/http/services/analytics::vis-opt-token;micro-behaviors/communications/http/services/analytics::vwo-or-vis-opt-token;micro-behaviors/communications/http/services/analytics::vwo-token;micro-behaviors/data/serialize/json::json-stringify-post-body;objectives/anti-static/obfuscation/obfuscator/js-obfuscator::js-obfuscated-storage-http-workflow;objectives/credential-access/theft/multi-app::js-browser-wallet-credential-source,Keep source-based export membership; local capture and neutral APIs no longer count as export.
objectives/supply-chain/trojanized/app/config-injection::long-tail-build-config-payload,micro-behaviors/communications/http/,15,0,micro-behaviors/communications/http/cookie-store::vsent-before-document-cookie;micro-behaviors/communications/http/cookie-store::vsent-cookie-access;micro-behaviors/communications/http/cookie-store::vsent-near-document-cookie;micro-behaviors/communications/http/cookies::python-browser-session-cookie-transport;micro-behaviors/communications/http/post::cfhttp-post-request;micro-behaviors/communications/http/post::cfml-encrypted-request-url;micro-behaviors/communications/http/post::cfml-session-initialization-check;micro-behaviors/communications/http/request/client::http-post-upload-or-curl;micro-behaviors/communications/http/request/client::vsent-after-client-send;micro-behaviors/communications/http/request/client::vsent-after-fetch-send;micro-behaviors/communications/http/request/client::vsent-before-client-send;micro-behaviors/communications/http/request/client::vsent-near-fetch-send;micro-behaviors/communications/http/services/analytics::vis-opt-token;micro-behaviors/communications/http/services/analytics::vwo-or-vis-opt-token;micro-behaviors/communications/http/services/analytics::vwo-token,,"Use documented request facets; specific body, JSON, method, authorization and mode observations leave generic client membership. Broad HTTP/request membership retains applicable descendants."
objectives/supply-chain/trojanized/app/config-injection::long-tail-build-config-payload,objectives/anti-static/obfuscation/,1,1,objectives/anti-static/obfuscation/obfuscator/js-obfuscator::js-obfuscated-storage-http-workflow,objectives/anti-static/obfuscation/decoy-imports::fill-console-output-attribute-import,"The obfuscator-pattern workflow joins its obfuscation subject, without an unsupported theft claim."
objectives/supply-chain/trojanized/app/package::malicious-package-manifest,objectives/exfiltration,0,15,,micro-behaviors/communications/http/cookie-store::vsent-before-document-cookie;micro-behaviors/communications/http/cookie-store::vsent-cookie-access;micro-behaviors/communications/http/cookie-store::vsent-near-document-cookie;micro-behaviors/communications/http/cookies::python-browser-session-cookie-transport;micro-behaviors/communications/http/request/client::http-post-upload-or-curl;micro-behaviors/communications/http/request/client::vsent-after-client-send;micro-behaviors/communications/http/request/client::vsent-after-fetch-send;micro-behaviors/communications/http/request/client::vsent-before-client-send;micro-behaviors/communications/http/request/client::vsent-near-fetch-send;micro-behaviors/communications/http/services/analytics::vis-opt-token;micro-behaviors/communications/http/services/analytics::vwo-or-vis-opt-token;micro-behaviors/communications/http/services/analytics::vwo-token;micro-behaviors/data/serialize/json::json-stringify-post-body;objectives/anti-static/obfuscation/obfuscator/js-obfuscator::js-obfuscated-storage-http-workflow;objectives/credential-access/theft/multi-app::js-browser-wallet-credential-source,Keep source-based export membership; local capture and neutral APIs no longer count as export.
objectives/supply-chain/trojanized/app/package::suspicious-hidden-listener,objectives/anti-static/obfuscation,1,1,objectives/anti-static/obfuscation/obfuscator/js-obfuscator::js-obfuscated-storage-http-workflow,objectives/anti-static/obfuscation/decoy-imports::fill-console-output-attribute-import,"The obfuscator-pattern workflow joins its obfuscation subject, without an unsupported theft claim."
objectives/supply-chain/trojanized/app/package::suspicious-stealer-discovery,objectives/exfiltration/stealer,0,16,,micro-behaviors/communications/http/cookie-store::vsent-before-document-cookie;micro-behaviors/communications/http/cookie-store::vsent-cookie-access;micro-behaviors/communications/http/cookie-store::vsent-near-document-cookie;micro-behaviors/communications/http/cookies::python-browser-session-cookie-transport;micro-behaviors/communications/http/request/client::http-post-upload-or-curl;micro-behaviors/communications/http/request/client::vsent-after-client-send;micro-behaviors/communications/http/request/client::vsent-after-fetch-send;micro-behaviors/communications/http/request/client::vsent-before-client-send;micro-behaviors/communications/http/request/client::vsent-near-fetch-send;micro-behaviors/communications/http/services/analytics::vis-opt-token;micro-behaviors/communications/http/services/analytics::vwo-or-vis-opt-token;micro-behaviors/communications/http/services/analytics::vwo-token;micro-behaviors/data/serialize/json::json-stringify-post-body;objectives/anti-static/obfuscation/obfuscator/js-obfuscator::js-obfuscated-storage-http-workflow;objectives/credential-access/theft/multi-app::js-browser-wallet-credential-source;objectives/exfiltration/http/header::ps-exfil-header-channel,Keep source-based export membership; local capture and neutral APIs no longer count as export.
well-known/app/utility/dism-plus-plus::dism-plus-plus-main-context,objectives/anti-static/obfuscation/obfuscator/,1,0,objectives/anti-static/obfuscation/obfuscator/js-obfuscator::js-obfuscated-storage-http-workflow,,"The obfuscator-pattern workflow joins its obfuscation subject, without an unsupported theft claim."
well-known/malware/rat/powershell-empire::empire-powershell-operational-behavior,micro-behaviors/communications/,15,0,micro-behaviors/communications/http/cookie-store::vsent-before-document-cookie;micro-behaviors/communications/http/cookie-store::vsent-cookie-access;micro-behaviors/communications/http/cookie-store::vsent-near-document-cookie;micro-behaviors/communications/http/cookies::python-browser-session-cookie-transport;micro-behaviors/communications/http/post::cfhttp-post-request;micro-behaviors/communications/http/post::cfml-encrypted-request-url;micro-behaviors/communications/http/post::cfml-session-initialization-check;micro-behaviors/communications/http/request/client::http-post-upload-or-curl;micro-behaviors/communications/http/request/client::vsent-after-client-send;micro-behaviors/communications/http/request/client::vsent-after-fetch-send;micro-behaviors/communications/http/request/client::vsent-before-client-send;micro-behaviors/communications/http/request/client::vsent-near-fetch-send;micro-behaviors/communications/http/services/analytics::vis-opt-token;micro-behaviors/communications/http/services/analytics::vwo-or-vis-opt-token;micro-behaviors/communications/http/services/analytics::vwo-token,,Keep subject-based directory membership; relocated neutral capabilities join their actual subjects.
well-known/malware/rat/powershell-empire::empire-http-recon-module,micro-behaviors/communications/,15,0,micro-behaviors/communications/http/cookie-store::vsent-before-document-cookie;micro-behaviors/communications/http/cookie-store::vsent-cookie-access;micro-behaviors/communications/http/cookie-store::vsent-near-document-cookie;micro-behaviors/communications/http/cookies::python-browser-session-cookie-transport;micro-behaviors/communications/http/post::cfhttp-post-request;micro-behaviors/communications/http/post::cfml-encrypted-request-url;micro-behaviors/communications/http/post::cfml-session-initialization-check;micro-behaviors/communications/http/request/client::http-post-upload-or-curl;micro-behaviors/communications/http/request/client::vsent-after-client-send;micro-behaviors/communications/http/request/client::vsent-after-fetch-send;micro-behaviors/communications/http/request/client::vsent-before-client-send;micro-behaviors/communications/http/request/client::vsent-near-fetch-send;micro-behaviors/communications/http/services/analytics::vis-opt-token;micro-behaviors/communications/http/services/analytics::vwo-or-vis-opt-token;micro-behaviors/communications/http/services/analytics::vwo-token,,Keep subject-based directory membership; relocated neutral capabilities join their actual subjects.
well-known/malware/rat/powershell-empire::empire-app-exploit-module,micro-behaviors/communications/,15,0,micro-behaviors/communications/http/cookie-store::vsent-before-document-cookie;micro-behaviors/communications/http/cookie-store::vsent-cookie-access;micro-behaviors/communications/http/cookie-store::vsent-near-document-cookie;micro-behaviors/communications/http/cookies::python-browser-session-cookie-transport;micro-behaviors/communications/http/post::cfhttp-post-request;micro-behaviors/communications/http/post::cfml-encrypted-request-url;micro-behaviors/communications/http/post::cfml-session-initialization-check;micro-behaviors/communications/http/request/client::http-post-upload-or-curl;micro-behaviors/communications/http/request/client::vsent-after-client-send;micro-behaviors/communications/http/request/client::vsent-after-fetch-send;micro-behaviors/communications/http/request/client::vsent-before-client-send;micro-behaviors/communications/http/request/client::vsent-near-fetch-send;micro-behaviors/communications/http/services/analytics::vis-opt-token;micro-behaviors/communications/http/services/analytics::vwo-or-vis-opt-token;micro-behaviors/communications/http/services/analytics::vwo-token,,Keep subject-based directory membership; relocated neutral capabilities join their actual subjects.
well-known/malware/rat/powershell-empire::empire-python-server-control-flow,micro-behaviors/communications/,15,0,micro-behaviors/communications/http/cookie-store::vsent-before-document-cookie;micro-behaviors/communications/http/cookie-store::vsent-cookie-access;micro-behaviors/communications/http/cookie-store::vsent-near-document-cookie;micro-behaviors/communications/http/cookies::python-browser-session-cookie-transport;micro-behaviors/communications/http/post::cfhttp-post-request;micro-behaviors/communications/http/post::cfml-encrypted-request-url;micro-behaviors/communications/http/post::cfml-session-initialization-check;micro-behaviors/communications/http/request/client::http-post-upload-or-curl;micro-behaviors/communications/http/request/client::vsent-after-client-send;micro-behaviors/communications/http/request/client::vsent-after-fetch-send;micro-behaviors/communications/http/request/client::vsent-before-client-send;micro-behaviors/communications/http/request/client::vsent-near-fetch-send;micro-behaviors/communications/http/services/analytics::vis-opt-token;micro-behaviors/communications/http/services/analytics::vwo-or-vis-opt-token;micro-behaviors/communications/http/services/analytics::vwo-token,,Keep subject-based directory membership; relocated neutral capabilities join their actual subjects.
well-known/malware/rat/powershell-empire::empire-agent-command-control,micro-behaviors/communications/,15,0,micro-behaviors/communications/http/cookie-store::vsent-before-document-cookie;micro-behaviors/communications/http/cookie-store::vsent-cookie-access;micro-behaviors/communications/http/cookie-store::vsent-near-document-cookie;micro-behaviors/communications/http/cookies::python-browser-session-cookie-transport;micro-behaviors/communications/http/post::cfhttp-post-request;micro-behaviors/communications/http/post::cfml-encrypted-request-url;micro-behaviors/communications/http/post::cfml-session-initialization-check;micro-behaviors/communications/http/request/client::http-post-upload-or-curl;micro-behaviors/communications/http/request/client::vsent-after-client-send;micro-behaviors/communications/http/request/client::vsent-after-fetch-send;micro-behaviors/communications/http/request/client::vsent-before-client-send;micro-behaviors/communications/http/request/client::vsent-near-fetch-send;micro-behaviors/communications/http/services/analytics::vis-opt-token;micro-behaviors/communications/http/services/analytics::vwo-or-vis-opt-token;micro-behaviors/communications/http/services/analytics::vwo-token,,Keep subject-based directory membership; relocated neutral capabilities join their actual subjects.
well-known/malware/rat/powershell-empire::empire-http-hop-session-proxy,micro-behaviors/communications/http/,15,0,micro-behaviors/communications/http/cookie-store::vsent-before-document-cookie;micro-behaviors/communications/http/cookie-store::vsent-cookie-access;micro-behaviors/communications/http/cookie-store::vsent-near-document-cookie;micro-behaviors/communications/http/cookies::python-browser-session-cookie-transport;micro-behaviors/communications/http/post::cfhttp-post-request;micro-behaviors/communications/http/post::cfml-encrypted-request-url;micro-behaviors/communications/http/post::cfml-session-initialization-check;micro-behaviors/communications/http/request/client::http-post-upload-or-curl;micro-behaviors/communications/http/request/client::vsent-after-client-send;micro-behaviors/communications/http/request/client::vsent-after-fetch-send;micro-behaviors/communications/http/request/client::vsent-before-client-send;micro-behaviors/communications/http/request/client::vsent-near-fetch-send;micro-behaviors/communications/http/services/analytics::vis-opt-token;micro-behaviors/communications/http/services/analytics::vwo-or-vis-opt-token;micro-behaviors/communications/http/services/analytics::vwo-token,,"Use documented request facets; specific body, JSON, method, authorization and mode observations leave generic client membership. Broad HTTP/request membership retains applicable descendants."
well-known/malware/rat/powershell-empire::empire-profile-encoded-http-tasking,micro-behaviors/communications/http/,15,0,micro-behaviors/communications/http/cookie-store::vsent-before-document-cookie;micro-behaviors/communications/http/cookie-store::vsent-cookie-access;micro-behaviors/communications/http/cookie-store::vsent-near-document-cookie;micro-behaviors/communications/http/cookies::python-browser-session-cookie-transport;micro-behaviors/communications/http/post::cfhttp-post-request;micro-behaviors/communications/http/post::cfml-encrypted-request-url;micro-behaviors/communications/http/post::cfml-session-initialization-check;micro-behaviors/communications/http/request/client::http-post-upload-or-curl;micro-behaviors/communications/http/request/client::vsent-after-client-send;micro-behaviors/communications/http/request/client::vsent-after-fetch-send;micro-behaviors/communications/http/request/client::vsent-before-client-send;micro-behaviors/communications/http/request/client::vsent-near-fetch-send;micro-behaviors/communications/http/services/analytics::vis-opt-token;micro-behaviors/communications/http/services/analytics::vwo-or-vis-opt-token;micro-behaviors/communications/http/services/analytics::vwo-token,,"Use documented request facets; specific body, JSON, method, authorization and mode observations leave generic client membership. Broad HTTP/request membership retains applicable descendants."
well-known/malware/webshell/kelelawar::detected,micro-behaviors/communications/http/request/,14,1,micro-behaviors/communications/http/request/body::fetch-post-b64encode-body;micro-behaviors/communications/http/request/body::js-fetch-body-variable;micro-behaviors/communications/http/request/body::js-fetch-post-body-variable;micro-behaviors/communications/http/request/body::request-write-file-data-variable;micro-behaviors/communications/http/request/body::request-write-payload-variable;micro-behaviors/communications/http/request/body::request-write-raw-data-variable;micro-behaviors/communications/http/request/client::http-post-upload-or-curl;micro-behaviors/communications/http/request/client::vsent-after-client-send;micro-behaviors/communications/http/request/client::vsent-after-fetch-send;micro-behaviors/communications/http/request/client::vsent-before-client-send;micro-behaviors/communications/http/request/client::vsent-near-fetch-send;micro-behaviors/communications/http/request/configuration::no-cors-before-post;micro-behaviors/communications/http/request/configuration::no-cors-post-request;micro-behaviors/communications/http/request/configuration::post-before-no-cors,micro-behaviors/communications/http/authorization-header::bearer-header-from-storage,"Use documented request facets; specific body, JSON, method, authorization and mode observations leave generic client membership. Broad HTTP/request membership retains applicable descendants."
well-known/malware/webshell/wso::wso-webshell,micro-behaviors/communications/http/request/,14,1,micro-behaviors/communications/http/request/body::fetch-post-b64encode-body;micro-behaviors/communications/http/request/body::js-fetch-body-variable;micro-behaviors/communications/http/request/body::js-fetch-post-body-variable;micro-behaviors/communications/http/request/body::request-write-file-data-variable;micro-behaviors/communications/http/request/body::request-write-payload-variable;micro-behaviors/communications/http/request/body::request-write-raw-data-variable;micro-behaviors/communications/http/request/client::http-post-upload-or-curl;micro-behaviors/communications/http/request/client::vsent-after-client-send;micro-behaviors/communications/http/request/client::vsent-after-fetch-send;micro-behaviors/communications/http/request/client::vsent-before-client-send;micro-behaviors/communications/http/request/client::vsent-near-fetch-send;micro-behaviors/communications/http/request/configuration::no-cors-before-post;micro-behaviors/communications/http/request/configuration::no-cors-post-request;micro-behaviors/communications/http/request/configuration::post-before-no-cors,micro-behaviors/communications/http/authorization-header::bearer-header-from-storage,"Use documented request facets; specific body, JSON, method, authorization and mode observations leave generic client membership. Broad HTTP/request membership retains applicable descendants."
