directory,id,kind,crit,description,file,references,matcher,effective_scope
batch,objectives/command-and-control/dropper/execution/batch::bitsadmin-transfer-false-bom,atomic,notable,False-BOM batch contains a BITSAdmin transfer,objectives/command-and-control/dropper/execution/batch/batch_new.yaml,,"{""substr"": ""\u6962\u7374\u6461\u696d\u2e6e\u7865\u2065\u742f\u6172\u736e\u6566"", ""type"": ""text""}","{""arch"": null, ""for"": [""batch""], ""platforms"": [""windows""]}"
batch,objectives/command-and-control/dropper/execution/batch::start-temp-executable-false-bom,atomic,notable,False-BOM batch starts a Temp executable,objectives/command-and-control/dropper/execution/batch/batch_new.yaml,,"{""substr"": ""\u6174\u7472\u2220\u2022\u2522\u6574\u706d\u6150\u6874\u5c25\u6525\u6578\u6946\u656c\u614e\u656d\u2225"", ""type"": ""text""}","{""arch"": null, ""for"": [""batch""], ""platforms"": [""windows""]}"
batch,objectives/command-and-control/dropper/execution/batch::done-marker,atomic,suspicious,Execution marker file,objectives/command-and-control/dropper/execution/batch/batch_new.yaml,,"{""regex"": ""(?i)(if\\s+exist|echo\\.\\s*>)[^\\r\\n]{0,80}\\.(done|installed|complete)\\b"", ""type"": ""text""}","{""arch"": null, ""for"": [""batch""], ""platforms"": [""windows""]}"
batch,objectives/command-and-control/dropper/execution/batch::temp-jpg-payload-copy--binary,atomic,suspicious,Copies JPG payload to binary,objectives/command-and-control/dropper/execution/batch/batch_new.yaml,,"{""regex"": ""(?i)copy.{0,40}%temp%\\\\.{1,80}\\.jpg.{0,120}\\.(exe|dll)"", ""type"": ""text""}","{""arch"": null, ""for"": [""batch""], ""platforms"": [""windows""]}"
batch,objectives/command-and-control/dropper/execution/batch::temp-jpg-payload-copy--script,atomic,suspicious,Copies JPG payload to script,objectives/command-and-control/dropper/execution/batch/batch_new.yaml,,"{""regex"": ""(?i)copy.{0,40}%temp%\\\\.{1,80}\\.jpg.{0,120}\\.(cmd|msi|ini)"", ""type"": ""text""}","{""arch"": null, ""for"": [""batch""], ""platforms"": [""windows""]}"
batch,objectives/command-and-control/dropper/execution/batch::ultravnc-ini-stage,atomic,notable,Stages UltraVNC configuration,objectives/command-and-control/dropper/execution/batch/batch_new.yaml,,"{""substr"": ""UltraVNC.ini"", ""type"": ""text""}","{""arch"": null, ""for"": [""batch""], ""platforms"": [""windows""]}"
batch,objectives/command-and-control/dropper/execution/batch::ultravnc-settings-stage,atomic,notable,Stages UltraVNC settings helper,objectives/command-and-control/dropper/execution/batch/batch_new.yaml,,"{""substr"": ""uvnc_settings.exe"", ""type"": ""text""}","{""arch"": null, ""for"": [""batch""], ""platforms"": [""windows""]}"
batch,objectives/command-and-control/dropper/execution/batch::ultravnc-hooks-stage,atomic,notable,Stages UltraVNC hook DLL,objectives/command-and-control/dropper/execution/batch/batch_new.yaml,,"{""substr"": ""vnchooks.dll"", ""type"": ""text""}","{""arch"": null, ""for"": [""batch""], ""platforms"": [""windows""]}"
batch,objectives/command-and-control/dropper/execution/batch::ultravnc-viewer-stage,atomic,notable,Stages UltraVNC viewer,objectives/command-and-control/dropper/execution/batch/batch_new.yaml,,"{""substr"": ""vncviewer.exe"", ""type"": ""text""}","{""arch"": null, ""for"": [""batch""], ""platforms"": [""windows""]}"
batch,objectives/command-and-control/dropper/execution/batch::user-profile-system-name-launch,atomic,suspicious,Starts system-named exe from user profile,objectives/command-and-control/dropper/execution/batch/batch_new.yaml,,"{""regex"": ""(?i)start\\s+\""\""\\s+\""C:\\\\Users\\\\[^\""\\r\\n]{1,70}\\\\(services|system|wmiprvse)\\.exe\"""", ""type"": ""text""}","{""arch"": null, ""for"": [""batch""], ""platforms"": [""windows""]}"
batch,objectives/command-and-control/dropper/execution/batch::tasks-system-name-launch,atomic,suspicious,Starts system-named exe from Windows Tasks,objectives/command-and-control/dropper/execution/batch/batch_new.yaml,,"{""regex"": ""(?i)start\\s+\""\""\\s+\""C:\\\\Windows\\\\Tasks\\\\(services|system|wmiprvse)\\.exe\"""", ""type"": ""text""}","{""arch"": null, ""for"": [""batch""], ""platforms"": [""windows""]}"
batch,objectives/command-and-control/dropper/execution/batch::renamed-regsvr32-temp-exec,atomic,suspicious,Renamed regsvr32 temp execution,objectives/command-and-control/dropper/execution/batch/batch_new.yaml,,"{""regex"": ""(?is)%[A-Za-z][A-Za-z0-9_]*%32\\\\\\\\%1vr32\\.exe.{0,180}%temp%\\\\\\\\.{1,80}\\.exe.{0,180}\\.dat"", ""type"": ""text""}","{""arch"": null, ""for"": [""batch""], ""platforms"": [""windows""]}"
batch,objectives/command-and-control/dropper/execution/batch::obfuscated-powershell-hidden-file,atomic,suspicious,Mixed-case hidden PowerShell script,objectives/command-and-control/dropper/execution/batch/batch_new.yaml,,"{""regex"": ""(?s)Win.{0,60}dOw.{0,40}stY.{0,40}le.{0,60}hI.{0,40}d.{0,40}Den.{0,180}\\.ps1"", ""type"": ""text""}","{""arch"": null, ""for"": [""batch""], ""platforms"": [""windows""]}"
batch,objectives/command-and-control/dropper/execution/batch::dat-payload-to-temp-wildcard,atomic,suspicious,Copies DAT payload into TEMP wildcard target,objectives/command-and-control/dropper/execution/batch/batch_new.yaml,,"{""regex"": ""(?i)\\.dat\\s+%TEMP%\\\\\\*"", ""type"": ""text""}","{""arch"": null, ""for"": [""batch""], ""platforms"": [""windows""]}"
batch,objectives/command-and-control/dropper/execution/batch::fragmented-rundll32-temp-dat-export,atomic,suspicious,Fragmented rundll32 loads TEMP DAT export,objectives/command-and-control/dropper/execution/batch/batch_new.yaml,,"{""regex"": ""(?i)%[A-Za-z0-9_]{4,}%32\\s+%TEMP%\\\\[^,\\r\\n]{1,60}\\.dat,"", ""type"": ""text""}","{""arch"": null, ""for"": [""batch""], ""platforms"": [""windows""]}"
batch,objectives/command-and-control/dropper/execution/batch::single-letter-var-substitution-table,atomic,suspicious,Batch single-letter substitution table,objectives/command-and-control/dropper/execution/batch/batch_new.yaml,,"{""regex"": ""(?im)^set\\s+[a-z]{6,12}=[a-z]\\r?$"", ""type"": ""text""}","{""arch"": null, ""for"": [""batch""], ""platforms"": [""windows""]}"
batch,objectives/command-and-control/dropper/execution/batch::fragmented-ll32-temp-call,atomic,suspicious,Fragmented ll32 call into TEMP,objectives/command-and-control/dropper/execution/batch/batch_new.yaml,,"{""regex"": ""(?i)%[A-Za-z0-9_]+%%[A-Za-z0-9_]+%32\\s+%TEMP%\\\\"", ""type"": ""text""}","{""arch"": null, ""for"": [""batch""], ""platforms"": [""windows""]}"
batch,objectives/command-and-control/dropper/execution/batch::fragmented-temp-export-path,atomic,suspicious,Fragmented TEMP export path,objectives/command-and-control/dropper/execution/batch/batch_new.yaml,,"{""regex"": ""(?i)%TEMP%\\\\%[A-Za-z0-9_]+%[^ \\r\\n]{1,120},%[A-Za-z0-9_]+%"", ""type"": ""text""}","{""arch"": null, ""for"": [""batch""], ""platforms"": [""windows""]}"
batch,objectives/command-and-control/dropper/execution/batch::fragmented-copy-to-temp-wildcard,atomic,component,Fragmented copy into TEMP wildcard,objectives/command-and-control/dropper/execution/batch/batch_new.yaml,,"{""substr"": ""%TEMP%\\*"", ""type"": ""text""}","{""arch"": null, ""for"": [""batch""], ""platforms"": [""windows""]}"
batch,objectives/command-and-control/dropper/execution/batch::batch-long-quoted-base64-variable,atomic,suspicious,Batch long quoted base64 variable,objectives/command-and-control/dropper/execution/batch/batch_new.yaml,,"{""regex"": ""(?im)^SET\\s+[A-Z0-9_]{2,8}='[A-Za-z0-9+/]{300,}"", ""type"": ""text""}","{""arch"": null, ""for"": [""batch""], ""platforms"": [""windows""]}"
batch,objectives/command-and-control/dropper/execution/batch::keyed-temp-payload-launch--rx-1,atomic,component,Regex component marker,objectives/command-and-control/dropper/execution/batch/batch_new.yaml,,"{""case_insensitive"": true, ""substr"": ""start"", ""type"": ""text""}","{""arch"": null, ""for"": [""batch""], ""platforms"": [""windows""]}"
batch,objectives/command-and-control/dropper/execution/batch::batch-base64-pe-prefix,atomic,suspicious,Base64 PE header in batch data line,objectives/command-and-control/dropper/execution/batch/batch_new.yaml,,"{""regex"": ""(?im)^\\s*TVqQAAMAAAAEAAAA[A-Za-z0-9+/=]{30,}"", ""type"": ""text""}","{""arch"": null, ""for"": [""batch""], ""platforms"": [""windows""]}"
batch,objectives/command-and-control/dropper/execution/batch::temp-raw-base64-rebuild,atomic,suspicious,Temp file raw base64 rebuild chain,objectives/command-and-control/dropper/execution/batch/batch_new.yaml,,"{""regex"": ""(?i)Get-Content.{0,80}\\.tmp.{0,40}-Raw"", ""type"": ""text""}","{""arch"": null, ""for"": [""batch"", ""powershell""], ""platforms"": [""windows""]}"
batch,objectives/command-and-control/dropper/execution/batch::ps-regex-repaired-base64,atomic,suspicious,PowerShell regex repairs Base64,objectives/command-and-control/dropper/execution/batch/batch_new.yaml,,"{""regex"": ""(?i)FromBase64String.{0,80}\\[regex\\]::Replace"", ""type"": ""text""}","{""arch"": null, ""for"": [""batch"", ""powershell""], ""platforms"": [""windows""]}"
batch,objectives/command-and-control/dropper/execution/batch::wide-b64-reflection-assembly,atomic,suspicious,Encoded Reflection.Assembly load,objectives/command-and-control/dropper/execution/batch/batch_new.yaml,,"{""substr"": ""AFIAZQBmAGwAZQBjAHQAaQBvAG4ALgBBAHMAcwBlAG0AYgBsAHkAXQA6ADo"", ""type"": ""text""}","{""arch"": null, ""for"": [""batch"", ""powershell""], ""platforms"": [""windows""]}"
batch,objectives/command-and-control/dropper/execution/batch::out-file-ps1-stage,atomic,notable,Out-File writes ps1 stage,objectives/command-and-control/dropper/execution/batch/batch_new.yaml,metadata/package/testing/,"{""regex"": ""Out-File[^\\n]{0,120}\\.ps1"", ""type"": ""text""}","{""arch"": null, ""for"": [""batch"", ""powershell""], ""platforms"": [""windows""]}"
batch,objectives/command-and-control/dropper/execution/batch::batch-echo-base64-stage,atomic,suspicious,Batch echoes large base64 stage,objectives/command-and-control/dropper/execution/batch/batch_new.yaml,,"{""regex"": ""(?i)echo\\s+[A-Za-z0-9+/=]{80,}\\s*>>?\\s*\""?%TEMP%\\\\[A-Za-z0-9._-]+\\.tmp\""?"", ""type"": ""text""}","{""arch"": null, ""for"": [""batch""], ""platforms"": [""windows""]}"
batch,objectives/command-and-control/dropper/execution/batch::rem-marker-hidden-payload,atomic,suspicious,Batch hides payload in REM markers,objectives/command-and-control/dropper/execution/batch/batch_new.yaml,,"{""regex"": ""(?i)r\\^?e\\^?m\\s+(wjiwkghu|cqtljtup)"", ""type"": ""text""}","{""arch"": null, ""for"": [""batch""], ""platforms"": [""windows""]}"
batch,objectives/command-and-control/dropper/execution/batch::nuget-flatcontainer-fragment,atomic,notable,Obfuscated NuGet flatcontainer URL,objectives/command-and-control/dropper/execution/batch/batch_new.yaml,,"{""regex"": ""(?i)v3-fl.{0,16}at.{0,16}co.{0,24}(nta|#E-f#Enta)"", ""type"": ""text""}","{""arch"": null, ""for"": [""batch"", ""powershell""], ""platforms"": [""windows""]}"
batch,objectives/command-and-control/dropper/execution/batch::globalcdn-nuget-fragment,atomic,notable,Obfuscated NuGet package CDN URL,objectives/command-and-control/dropper/execution/batch/batch_new.yaml,,"{""regex"": ""(?i)(globalcdn\\.nuget\\.org|obalc.{0,16}Ed.{0,32}gun\\.n)"", ""type"": ""text""}","{""arch"": null, ""for"": [""batch"", ""powershell""], ""platforms"": [""windows""]}"
batch,objectives/command-and-control/dropper/execution/batch::roslyn-csharp-package-fragment,atomic,component,Obfuscated Roslyn CodeAnalysis package,objectives/command-and-control/dropper/execution/batch/batch_new.yaml,,"{""regex"": ""(?i)codea.{0,40}nal"", ""type"": ""text""}","{""arch"": null, ""for"": [""batch"", ""powershell""], ""platforms"": [""windows""]}"
batch,objectives/command-and-control/dropper/execution/batch::python-bin-payload-arg,atomic,notable,Python script binary payload arg,objectives/command-and-control/dropper/execution/batch/batch_new.yaml,,"{""regex"": ""(?i)\\bpython(\\.exe)?\\s+[^\\r\\n]{1,80}\\.py\\s+-p\\s+\\S+\\.bin\\b"", ""type"": ""text""}","{""arch"": null, ""for"": [""batch""], ""platforms"": [""windows""]}"
batch,objectives/command-and-control/dropper/execution/batch::python-json-key-arg,atomic,notable,Python script JSON key arg,objectives/command-and-control/dropper/execution/batch/batch_new.yaml,,"{""regex"": ""(?i)\\s-k\\s+\\S+\\.json\\b"", ""type"": ""text""}","{""arch"": null, ""for"": [""batch""], ""platforms"": [""windows""]}"
batch,objectives/command-and-control/dropper/execution/batch::false-bom-bitsadmin-download-and-start-temp,composite,hostile,False-BOM batch downloads and starts a Temp payload,objectives/command-and-control/dropper/execution/batch/batch_new.yaml,bitsadmin-transfer-false-bom;start-temp-executable-false-bom,"""""","{""arch"": null, ""for"": [""batch""], ""platforms"": [""windows""]}"
batch,objectives/command-and-control/dropper/execution/batch::bitsadmin-download-and-start-temp,composite,hostile,Batch downloads with BITSAdmin and starts the Temp payload,objectives/command-and-control/dropper/execution/batch/batch_new.yaml,micro-behaviors/communications/http/download/cli::bitsadmin-transfer-command;micro-behaviors/process/create/shell/spawn::start-temp-executable-text,"""""","{""arch"": null, ""for"": [""batch""], ""platforms"": [""windows""]}"
batch,objectives/command-and-control/dropper/execution/batch::temp-jpg-payload-copy,composite,suspicious,Copies JPG payload to executable,objectives/command-and-control/dropper/execution/batch/batch_new.yaml,temp-jpg-payload-copy--binary;temp-jpg-payload-copy--script,"""""","{""arch"": null, ""for"": [""batch""], ""platforms"": [""windows""]}"
batch,objectives/command-and-control/dropper/execution/batch::batch-rar-vbs-payload-dropper,composite,hostile,Batch passworded RAR to VBS payload dropper,objectives/command-and-control/dropper/execution/batch/batch_new.yaml,micro-behaviors/fs/file/rename::batch-rename-text-to-rar;micro-behaviors/data/archive/extract/password::batch-password-rar-extract;micro-behaviors/process/create/shell/spawn::batch-starts-sibling-vbs;micro-behaviors/fs/delete/file/command::batch-rar-bat-delete-command;objectives/impact/degrade/system/file::batch-deletes-desktop-exe,"""""","{""arch"": null, ""for"": [""batch""], ""platforms"": [""windows""]}"
batch,objectives/command-and-control/dropper/execution/batch::batch-python-staged-payload-launcher,composite,hostile,Batch launches staged Python payload,objectives/command-and-control/dropper/execution/batch/batch_new.yaml,micro-behaviors/process/interpreter/python::python-script-from-batch;micro-behaviors/fs/path/app-data::localappdata-short-subdir;python-bin-payload-arg;python-json-key-arg;micro-behaviors/process/create/hidden::start-minimized-self;micro-behaviors/fs/path/check::batch-multiple-if-exist-gates;micro-behaviors/os/console/io::windows-stdout-to-nul;micro-behaviors/os/console/io::stderr-redirect,"""""","{""arch"": null, ""for"": [""batch""], ""platforms"": [""windows""]}"
batch,objectives/command-and-control/dropper/execution/batch::batch-obfuscated-self-deleting-loader,composite,hostile,Obfuscated batch loader with self-delete cleanup,objectives/command-and-control/dropper/execution/batch/batch_new.yaml,objectives/anti-static/obfuscation/string/fragmentation::batch-fragmentation-metrics;micro-behaviors/process/info/selfpath::self-path-fragment;micro-behaviors/os/console/io::output-suppression,"""""","{""arch"": null, ""for"": null, ""platforms"": [""windows""]}"
batch,objectives/command-and-control/dropper/execution/batch::batch-obfuscated-cleanup-dropper,composite,hostile,Obfuscated batch dropper with staged cleanup pattern,objectives/command-and-control/dropper/execution/batch/batch_new.yaml,objectives/anti-static/obfuscation/string/fragmentation::batch-fragmentation-metrics;micro-behaviors/process/info/selfpath::self-path-fragment;micro-behaviors/os/console/io::output-suppression;micro-behaviors/fs/delete/file/command::del-command,"""""","{""arch"": null, ""for"": null, ""platforms"": [""windows""]}"
batch,objectives/command-and-control/dropper/execution/batch::batch-download-execute,composite,suspicious,Download and execute pattern (batch),objectives/command-and-control/dropper/execution/batch/batch_new.yaml,micro-behaviors/communications/http/download/cli::batch-download-tool-group;micro-behaviors/process/create/shell/batch::batch-program-launch-group;micro-behaviors/communications/http/download/curl::batch-curl-output-flag;well-known/tool/development/cli/batch-scripts::pytorch-ci-sevenzip-installer;well-known/tool/development/cli/batch-scripts::intel-dle-official-installer;well-known/tool/development/cli/batch-scripts::protobuf-kokoro-wheel-builder;well-known/tool/development/cli/batch-scripts::appveyor-pypy-ci-installer,"""""","{""arch"": null, ""for"": [""batch""], ""platforms"": [""windows""]}"
batch,objectives/command-and-control/dropper/execution/batch::ultravnc-payload-staging,composite,suspicious,Stages UltraVNC payload set,objectives/command-and-control/dropper/execution/batch/batch_new.yaml,ultravnc-ini-stage;ultravnc-settings-stage;ultravnc-hooks-stage;ultravnc-viewer-stage,"""""","{""arch"": null, ""for"": [""batch""], ""platforms"": [""windows""]}"
batch,objectives/command-and-control/dropper/execution/batch::batch-disguised-vnc-dropper,composite,hostile,Batch stages disguised VNC payloads,objectives/command-and-control/dropper/execution/batch/batch_new.yaml,temp-jpg-payload-copy;ultravnc-payload-staging,"""""","{""arch"": null, ""for"": [""batch""], ""platforms"": [""windows""]}"
batch,objectives/command-and-control/dropper/execution/batch::writable-system-name-launch,composite,suspicious,Starts system-named writable exe,objectives/command-and-control/dropper/execution/batch/batch_new.yaml,user-profile-system-name-launch;tasks-system-name-launch,"""""","{""arch"": null, ""for"": [""batch""], ""platforms"": [""windows""]}"
batch,objectives/command-and-control/dropper/execution/batch::batch-writable-system-name-loader,composite,hostile,Batch starts masqueraded writable system executable,objectives/command-and-control/dropper/execution/batch/batch_new.yaml,writable-system-name-launch;micro-behaviors/time/sleep/interval::w32tm-local-stripchart-command;micro-behaviors/process/create/shell/script-host::batch-temp-script-command,"""""","{""arch"": null, ""for"": [""batch""], ""platforms"": [""windows""]}"
batch,objectives/command-and-control/dropper/execution/batch::batch-temp-stage-system-name-loader,composite,hostile,Batch launches masqueraded executable and removes temp stage,objectives/command-and-control/dropper/execution/batch/batch_new.yaml,writable-system-name-launch;micro-behaviors/process/create/shell/script-host::batch-temp-script-command,"""""","{""arch"": null, ""for"": [""batch""], ""platforms"": [""windows""]}"
batch,objectives/command-and-control/dropper/execution/batch::batch-renamed-regsvr32-loader,composite,suspicious,Batch copies regsvr32 to temp payload,objectives/command-and-control/dropper/execution/batch/batch_new.yaml,renamed-regsvr32-temp-exec;micro-behaviors/os/env/user-paths::temp-env-var,"""""","{""arch"": null, ""for"": [""batch""], ""platforms"": [""windows""]}"
batch,objectives/command-and-control/dropper/execution/batch::batch-powershell-download-exec,composite,hostile,PowerShell downloads and executes a script from batch,objectives/command-and-control/dropper/execution/batch/batch_new.yaml,micro-behaviors/communications/http/download/webclient::obfuscated-powershell-webclient-downloadfile;obfuscated-powershell-hidden-file,"""""","{""arch"": null, ""for"": [""batch""], ""platforms"": [""windows""]}"
batch,objectives/command-and-control/dropper/execution/batch::batch-obfuscated-webclient-hidden-exec,composite,hostile,Obfuscated batch downloads and hides a script,objectives/command-and-control/dropper/execution/batch/batch_new.yaml,micro-behaviors/communications/http/download/webclient::obfuscated-webclient-downloadfile-ps1;obfuscated-powershell-hidden-file,"""""","{""arch"": null, ""for"": [""batch""], ""platforms"": [""windows""]}"
batch,objectives/command-and-control/dropper/execution/batch::batch-powershell-irm-iex,composite,hostile,Batch runs a remote script via irm,objectives/command-and-control/dropper/execution/batch/batch_new.yaml,micro-behaviors/communications/http/lib/invoke-webrequest::embedded-irm-iex-pipeline;objectives/command-and-control/dropper/script-eval::batch-powershell-long-irm-iex,"""""","{""arch"": null, ""for"": [""batch""], ""platforms"": [""windows""]}"
batch,objectives/command-and-control/dropper/execution/batch::batch-public-python-remote-base64-exec,composite,hostile,Batch runs masqueraded Python remote base64 payload,objectives/command-and-control/dropper/execution/batch/batch_new.yaml,micro-behaviors/process/create/shell/spawn::public-exe-script-argument;objectives/command-and-control/dropper/script-eval::batch-python-remote-base64-exec,"""""","{""arch"": null, ""for"": [""batch""], ""platforms"": [""windows""]}"
batch,objectives/command-and-control/dropper/execution/batch::batch-obfuscated-python-remote-base64-exec,composite,hostile,Obfuscated batch hides Python remote base64 exec,objectives/command-and-control/dropper/execution/batch/batch_new.yaml,objectives/command-and-control/dropper/script-eval::batch-python-remote-base64-exec;objectives/anti-static/obfuscation/string/fragmentation::batch-cjk-long-token-obfuscation,"""""","{""arch"": null, ""for"": [""batch""], ""platforms"": [""windows""]}"
batch,objectives/command-and-control/dropper/execution/batch::batch-obfuscated-python-remote-base64-exec-bytes,composite,hostile,Obfuscated batch byte-hides Python remote base64 exec,objectives/command-and-control/dropper/execution/batch/batch_new.yaml,objectives/command-and-control/dropper/script-eval::batch-python-remote-base64-exec-bytes;objectives/anti-static/obfuscation/string/fragmentation::batch-cjk-long-token-obfuscation,"""""","{""arch"": null, ""for"": [""batch""], ""platforms"": [""windows""]}"
batch,objectives/command-and-control/dropper/execution/batch::batch-cjk-smuggled-one-line-loader,composite,hostile,Batch CJK-smuggled one-line loader,objectives/command-and-control/dropper/execution/batch/batch_new.yaml,objectives/anti-static/obfuscation/string/fragmentation::batch-cjk-long-token-obfuscation;metadata/file/line::file-one-liner,"""""","{""arch"": null, ""for"": [""batch""], ""platforms"": [""windows""]}"
batch,objectives/command-and-control/dropper/execution/batch::batch-cjk-smuggled-degenerate-loader,composite,hostile,Batch CJK-smuggled degenerate loader,objectives/command-and-control/dropper/execution/batch/batch_new.yaml,objectives/anti-static/obfuscation/string/fragmentation::batch-cjk-long-token-obfuscation;metadata/file/function::source-degenerate-ast;metadata/file/line::file-under-12-lines,"""""","{""arch"": null, ""for"": [""batch""], ""platforms"": [""windows""]}"
batch,objectives/command-and-control/dropper/execution/batch::temp-powershell-stage-rebuild,composite,suspicious,Batch rebuilds temp PowerShell stage,objectives/command-and-control/dropper/execution/batch/batch_new.yaml,micro-behaviors/process/create/shell/command-flag::powershell-command-launch;temp-raw-base64-rebuild;micro-behaviors/data/decode/base64::dotnet-frombase64string-text;micro-behaviors/fs/path/temp::temp-powershell-script-path;micro-behaviors/fs/path/temp::temp-tmp-path-reference;batch-echo-base64-stage;out-file-ps1-stage,"""""","{""arch"": null, ""for"": [""batch""], ""platforms"": [""windows""]}"
batch,objectives/command-and-control/dropper/execution/batch::batch-temp-powershell-exec-chain,composite,hostile,Batch rebuilds and runs temp PowerShell,objectives/command-and-control/dropper/execution/batch/batch_new.yaml,temp-powershell-stage-rebuild;micro-behaviors/process/create/shell/command-flag::powershell-file-flag;micro-behaviors/fs/path/temp::temp-powershell-script-path,"""""","{""arch"": null, ""for"": [""batch""], ""platforms"": [""windows""]}"
batch,objectives/command-and-control/dropper/execution/batch::batch-certutil-expand-script,composite,hostile,certutil decode expanded then run,objectives/command-and-control/dropper/execution/batch/batch_new.yaml,micro-behaviors/data/decode/command::certutil-decode-command;micro-behaviors/data/archive/extract/capability::powershell-expand-archive-command;micro-behaviors/process/create/shell/command-flag::powershell-file-flag,"""""","{""arch"": null, ""for"": [""batch""], ""platforms"": [""windows""]}"
batch,objectives/command-and-control/dropper/execution/batch::batch-certutil-temp-exec-chain,composite,hostile,"Batch rebuilds a temp payload, decodes it with certutil, then executes it",objectives/command-and-control/dropper/execution/batch/batch_new.yaml,micro-behaviors/data/decode/command::certutil-decode-command;micro-behaviors/process/create/shell/spawn::run-from-temp;micro-behaviors/fs/write/file/redirect::batch-echo-redirect;batch-echo-base64-stage;micro-behaviors/fs/path/temp::temp-tmp-path-reference;micro-behaviors/fs/path/temp::temp-dat-path-reference;micro-behaviors/fs/path/temp::batch-temp-file-assignment;micro-behaviors/fs/delete/file/command::del-variable-target;micro-behaviors/os/console/io::output-suppression,"""""","{""arch"": null, ""for"": [""batch""], ""platforms"": [""windows""]}"
batch,objectives/command-and-control/dropper/execution/batch::batch-base64-pe-payload,composite,suspicious,Batch contains a base64-encoded PE payload,objectives/command-and-control/dropper/execution/batch/batch_new.yaml,objectives/anti-static/obfuscation/payload/encoded::base64-pe-header;batch-base64-pe-prefix;micro-behaviors/fs/write/file/redirect::batch-echo-redirect;micro-behaviors/fs/path/temp::temp-dat-path-reference;micro-behaviors/fs/path/temp::temp-tmp-path-reference,"""""","{""arch"": null, ""for"": [""batch""], ""platforms"": [""windows""]}"
batch,objectives/command-and-control/dropper/execution/batch::batch-powershell-temp-pe-dropper,composite,hostile,Batch self-reads and stages a Base64 PE executable in TEMP,objectives/command-and-control/dropper/execution/batch/batch_new.yaml,batch-base64-pe-prefix;micro-behaviors/process/create/shell/lang::powershell-executable-reference;micro-behaviors/fs/read/file/target::powershell-reads-batch-source;micro-behaviors/fs/path/temp::windows-temp-percent-executable-path,"""""","{""arch"": null, ""for"": [""batch""], ""platforms"": [""windows""]}"
batch,objectives/command-and-control/dropper/execution/batch::batch-certutil-pe-loader,composite,hostile,Batch decodes and runs an embedded PE payload with certutil,objectives/command-and-control/dropper/execution/batch/batch_new.yaml,micro-behaviors/data/decode/command::certutil-decode-command;micro-behaviors/process/create/shell/spawn::run-from-temp;batch-base64-pe-payload;micro-behaviors/fs/path/temp::temp-dat-path-reference;micro-behaviors/fs/path/temp::temp-tmp-path-reference;micro-behaviors/fs/path/temp::batch-temp-file-assignment;micro-behaviors/fs/write/file/redirect::batch-echo-redirect;micro-behaviors/os/console/io::output-suppression,"""""","{""arch"": null, ""for"": [""batch""], ""platforms"": [""windows""]}"
batch,objectives/command-and-control/dropper/execution/batch::batch-webdav-temp-loader,composite,hostile,Batch launches WebDAV staged payload,objectives/command-and-control/dropper/execution/batch/batch_new.yaml,micro-behaviors/fs/directory/cwd::webdav-ip-unc-pushd;micro-behaviors/fs/file/copy::copy-exe-to-temp;micro-behaviors/fs/file/copy::copy-bin-to-temp-dat;micro-behaviors/process/create/shell/spawn::run-from-temp,"""""","{""arch"": null, ""for"": [""batch""], ""platforms"": [""windows""]}"
batch,objectives/command-and-control/dropper/execution/batch::batch-keyed-webdav-payload-loader,composite,hostile,Keyed WebDAV payload loader chain,objectives/command-and-control/dropper/execution/batch/batch_new.yaml,micro-behaviors/fs/directory/cwd::webdav-ip-unc-pushd;keyed-temp-payload-launch;micro-behaviors/fs/path/temp::temp-dat-path-reference,"""""","{""arch"": null, ""for"": [""batch""], ""platforms"": [""windows""]}"
batch,objectives/command-and-control/dropper/execution/batch::batch-temp-dat-rundll32-loader,composite,hostile,Batch stages DAT payload and runs temp export,objectives/command-and-control/dropper/execution/batch/batch_new.yaml,dat-payload-to-temp-wildcard;fragmented-rundll32-temp-dat-export,"""""","{""arch"": null, ""for"": [""batch""], ""platforms"": [""windows""]}"
batch,objectives/command-and-control/dropper/execution/batch::batch-fragmented-temp-dat-rundll32-loader,composite,hostile,Fragmented batch stages DAT payload for rundll32,objectives/command-and-control/dropper/execution/batch/batch_new.yaml,batch-temp-dat-rundll32-loader;objectives/anti-static/obfuscation/string/concat::batch-adjacent-expansion-chain,"""""","{""arch"": null, ""for"": [""batch""], ""platforms"": [""windows""]}"
batch,objectives/command-and-control/dropper/execution/batch::batch-substitution-ll32-temp-export-loader,composite,hostile,Batch reconstructs rundll32 temp export loader,objectives/command-and-control/dropper/execution/batch/batch_new.yaml,single-letter-var-substitution-table;fragmented-ll32-temp-call;fragmented-temp-export-path,"""""","{""arch"": null, ""for"": [""batch""], ""platforms"": [""windows""]}"
batch,objectives/command-and-control/dropper/execution/batch::batch-substitution-copy-ll32-loader,composite,hostile,Batch reconstructs copy-and-rundll32 loader,objectives/command-and-control/dropper/execution/batch/batch_new.yaml,single-letter-var-substitution-table;fragmented-copy-to-temp-wildcard;fragmented-ll32-temp-call,"""""","{""arch"": null, ""for"": [""batch""], ""platforms"": [""windows""]}"
batch,objectives/command-and-control/dropper/execution/batch::batch-delimited-base64-loader,composite,hostile,Batch delimited base64 loader,objectives/command-and-control/dropper/execution/batch/batch_new.yaml,micro-behaviors/process/interpreter/scripting/batch::quoted-alphanumeric-variable-assignment;batch-long-quoted-base64-variable,"""""","{""arch"": null, ""for"": [""batch""], ""platforms"": [""windows""]}"
batch,objectives/command-and-control/dropper/execution/batch::batch-nonascii-delimited-base64-loader,composite,hostile,Non-ASCII padded base64 loader,objectives/command-and-control/dropper/execution/batch/batch_new.yaml,batch-delimited-base64-loader;objectives/anti-static/obfuscation/string/fragmentation::batch-nonascii-command-padding,"""""","{""arch"": null, ""for"": [""batch""], ""platforms"": [""windows""]}"
batch,objectives/command-and-control/dropper/execution/batch::batch-hidden-certutil-loader,composite,hostile,Hidden self-relaunching certutil batch loader,objectives/command-and-control/dropper/execution/batch/batch_new.yaml,batch-certutil-pe-loader;micro-behaviors/process/lifecycle/respawn::hidden-self-relaunch;micro-behaviors/process/lifecycle/respawn::self-relaunch-via-cmd;micro-behaviors/fs/write/file/redirect::batch-echo-redirect;batch-base64-pe-prefix;objectives/anti-static/obfuscation/string/fragmentation::batch-fragmentation-metrics,"""""","{""arch"": null, ""for"": [""batch""], ""platforms"": [""windows""]}"
batch,objectives/command-and-control/dropper/execution/batch::batch-powershell-ast-rem-payload,composite,hostile,Batch hides and runs PowerShell via AST,objectives/command-and-control/dropper/execution/batch/batch_new.yaml,rem-marker-hidden-payload;objectives/execution/interpreter/eval/invoke::ast-scriptblock-constructor;objectives/execution/interpreter/eval/invoke::ast-getscriptblock-reference;objectives/anti-static/obfuscation/string/fragmentation::batch-fragmentation-metrics,"""""","{""arch"": null, ""for"": [""batch""], ""platforms"": [""windows""]}"
batch,objectives/command-and-control/dropper/execution/batch::batch-fragmented-powershell-reflective-loader,composite,hostile,Batch hidden PowerShell reflective loader,objectives/command-and-control/dropper/execution/batch/batch_new.yaml,objectives/anti-static/obfuscation/string/concat::batch-fragmented-env-loader;micro-behaviors/process/create/shell/lang::powershell-invocation;micro-behaviors/process/daemonize/spawn::powershell-hidden;micro-behaviors/process/interpreter/eval/direct::embedded-powershell-iex;micro-behaviors/data/decode/base64::dotnet-frombase64string-text;ps-regex-repaired-base64;wide-b64-reflection-assembly,"""""","{""arch"": null, ""for"": [""batch""], ""platforms"": [""windows""]}"
batch,objectives/command-and-control/dropper/execution/batch::batch-nuget-roslyn-fileless-compiler,composite,hostile,Batch downloads Roslyn and compiles payload,objectives/command-and-control/dropper/execution/batch/batch_new.yaml,rem-marker-hidden-payload;nuget-flatcontainer-fragment;globalcdn-nuget-fragment;roslyn-csharp-package-fragment;objectives/execution/compile/runtime::in-memory-roslyn-emit,"""""","{""arch"": null, ""for"": [""batch""], ""platforms"": [""windows""]}"
batch,objectives/command-and-control/dropper/execution/batch::batch-dropper-hostile,composite,hostile,Hostile Batch Dropper,objectives/command-and-control/dropper/execution/batch/batch_new.yaml,micro-behaviors/fs/delete/file/self::batch-self-delete;micro-behaviors/communications/http/download/cli::iwr-outfile-download;micro-behaviors/communications/http/lib/invoke-webrequest::invoke-webrequest;micro-behaviors/communications/http/lib/invoke-webrequest::webclient-download;micro-behaviors/communications/http/download/cli::certutil-urlcache;micro-behaviors/communications/http/download/cli::bitsadmin-transfer-invocation;micro-behaviors/communications/http/download/cli::curl-wget-near-temp-path;batch-download-execute;objectives/anti-static/obfuscation/string/delimiter::rundll32-obfuscated-env-var,"""""","{""arch"": null, ""for"": [""batch""], ""platforms"": [""windows""]}"
batch,objectives/command-and-control/dropper/execution/batch::batch-comhijack-temp-powershell-loader,composite,hostile,Batch COM hijack temp PowerShell loader,objectives/command-and-control/dropper/execution/batch/batch_new.yaml,objectives/persistence/login/self-install/script::batch-self-install-com-hijack;batch-temp-powershell-exec-chain;temp-powershell-stage-rebuild;temp-raw-base64-rebuild;batch-echo-base64-stage,"""""","{""arch"": null, ""for"": [""batch""], ""platforms"": [""windows""]}"
batch,objectives/command-and-control/dropper/execution/batch::keyed-temp-payload-launch,composite,suspicious,Launches keyed TEMP payload file,objectives/command-and-control/dropper/execution/batch/batch_new.yaml,keyed-temp-payload-launch--rx-1;micro-behaviors/os/env/user-paths::temp-var,"""""","{""arch"": null, ""for"": [""batch""], ""platforms"": [""windows""]}"
batch,objectives/command-and-control/dropper/execution/batch::obfuscated-batch-embedded-pe,composite,hostile,Obfuscated batch carries embedded base64 PE,objectives/command-and-control/dropper/execution/batch/batch_new.yaml,micro-behaviors/data/encoded::raw-base64-pe-header;objectives/anti-static/obfuscation/string/concat::batch-fragmented-command-undefined-vars;objectives/anti-static/obfuscation/string/fragmentation::batch-long-token-saturation;objectives/anti-static/obfuscation/string/fragmentation::batch-long-line-saturation,"""""","{""arch"": null, ""for"": [""batch""], ""platforms"": [""windows""]}"
batch,objectives/command-and-control/dropper/execution/batch::elevated-raw-ip-archive-printer-dropper,composite,hostile,"Elevated batch downloads, scans printer ports, and runs rundll32",objectives/command-and-control/dropper/execution/batch/batch_new.yaml,micro-behaviors/communications/ip/literal::external-ipv4-http-url;micro-behaviors/communications/http/download/cli::iwr-outfile-download;micro-behaviors/os/privilege/elevation::runas-verb;micro-behaviors/os/com/automation::shell-namespace-copyhere;micro-behaviors/process/create/shell/script-host::rundll32-exec-with-args;objectives/discovery/network/scan/port::batch-printer-port-sweep;well-known/tool/sysadmin/,"""""","{""arch"": null, ""for"": [""batch""], ""platforms"": [""windows""]}"
batch,objectives/command-and-control/dropper/execution/batch::powershell-temp-download-exec-cleanup,composite,hostile,Staged TEMP download executed and deleted,objectives/command-and-control/dropper/execution/batch/batch_new.yaml,micro-behaviors/communications/http/download/webclient::webclient-downloadfile-call;objectives/command-and-control/dropper/execution/fileless::embedded-powershell-command;micro-behaviors/fs/delete/file/command::powershell-remove-item-force;micro-behaviors/fs/path/temp::temporary-batch-path-reference,"""""","{""arch"": null, ""for"": [""powershell"", ""batch""], ""platforms"": [""windows""]}"
batch,objectives/command-and-control/dropper/execution/batch::certutil-decode-expand-cab,composite,hostile,certutil decodes a Cabinet that expand unpacks,objectives/command-and-control/dropper/execution/batch/certutil-cab.yaml,micro-behaviors/data/decode/command::certutil-decode-command;micro-behaviors/data/archive/extract/cab::expand-cab-command,"""""","{""arch"": null, ""for"": [""batch"", ""powershell""], ""platforms"": [""windows""]}"
batch,objectives/command-and-control/dropper/execution/batch::batch-concat-hidden-ps-launcher,composite,hostile,Batch hidden PS via concat fragments,objectives/command-and-control/dropper/execution/batch/concat-hidden-ps.yaml,micro-behaviors/process/create/start-process::start-process-string-concat;micro-behaviors/process/create/hidden::hidden-windowstyle-string-concat;micro-behaviors/process/create/flags::powershell-policy-bypass-argument;micro-behaviors/fs/write/file/full::write-all-text;micro-behaviors/fs/write/file/full::write-all-text-via-type;micro-behaviors/fs/write/file/full::write-all-bytes,"""""","{""arch"": null, ""for"": [""batch""], ""platforms"": [""windows""]}"
batch,objectives/command-and-control/dropper/execution/batch::batch-strip-concealed-ps-launcher,composite,hostile,Batch runs PowerShell with stripped arguments,objectives/command-and-control/dropper/execution/batch/concat-hidden-ps.yaml,micro-behaviors/process/create/shell/lang::powershell-variable-args;micro-behaviors/process/create/shell/batch::batch-call-strip-execute;metadata/file/data-blob::batch-file-entropy-above-five;micro-behaviors/fs/file/copy::batch-copy-stripped-source;metadata/file/line::batch-line-over-100000,"""""","{""arch"": null, ""for"": [""batch""], ""platforms"": [""windows""]}"
batch,objectives/command-and-control/dropper/execution/batch::powershell-reads-own-batch-content,atomic,notable,PowerShell reads the enclosing batch script,objectives/command-and-control/dropper/execution/batch/embedded-gzip.yaml,,"{""regex"": ""(?i)Get-Content[^\\r\\n]{0,120}(%SELF%|%~f0|%0)[^\\r\\n]{0,80}-Raw"", ""type"": ""text""}","{""arch"": null, ""for"": [""batch""], ""platforms"": [""windows""]}"
batch,objectives/command-and-control/dropper/execution/batch::self-extracting-gzip-powershell-stage,composite,hostile,Batch extracts an embedded gzip PowerShell stage,objectives/command-and-control/dropper/execution/batch/embedded-gzip.yaml,powershell-reads-own-batch-content;micro-behaviors/data/encode/payload::batch-gzip-base64-carrier;micro-behaviors/data/decode/base64::dotnet-frombase64string-text;micro-behaviors/data/compress/gzip::powershell-gzipstream;micro-behaviors/data/decompress/stream::powershell-compressionmode-decompress;micro-behaviors/fs/write/file/binary::embedded-powershell-base64-write-all-bytes,"""""","{""arch"": null, ""for"": [""batch""], ""platforms"": [""windows""]}"
batch,objectives/command-and-control/dropper/execution/batch::short-env-cmd-fragments,atomic,component,Short envvar cmd fragments,objectives/command-and-control/dropper/execution/batch/envvar-powershell.yaml,,"{""regex"": ""(?i)%![A-Z0-9]%m\\^%![A-Z0-9]%"", ""type"": ""text""}","{""arch"": null, ""for"": [""batch""], ""platforms"": [""windows""]}"
batch,objectives/command-and-control/dropper/execution/batch::short-env-powershell-fragments,atomic,component,Short envvar PowerShell fragments,objectives/command-and-control/dropper/execution/batch/envvar-powershell.yaml,,"{""regex"": ""(?i)o\\^w\\^%![A-Z0-9]%r\\^sh"", ""type"": ""text""}","{""arch"": null, ""for"": [""batch""], ""platforms"": [""windows""]}"
batch,objectives/command-and-control/dropper/execution/batch::short-env-downloadstring,atomic,suspicious,Short envvar DownloadString,objectives/command-and-control/dropper/execution/batch/envvar-powershell.yaml,,"{""regex"": ""(?i)oa\\^%![A-Z0-9]%S\\^tri\\^%![A-Z0-9]%"", ""type"": ""text""}","{""arch"": null, ""for"": [""batch""], ""platforms"": [""windows""]}"
batch,objectives/command-and-control/dropper/execution/batch::short-env-iex,atomic,component,Short envvar IEX fragment,objectives/command-and-control/dropper/execution/batch/envvar-powershell.yaml,,"{""regex"": ""(?i)\\^I\\^%![A-Z0-9]%X\\^"", ""type"": ""text""}","{""arch"": null, ""for"": [""batch""], ""platforms"": [""windows""]}"
batch,objectives/command-and-control/dropper/execution/batch::batch-ps1-url-assignment,atomic,suspicious,Batch assigns PS1 URL,objectives/command-and-control/dropper/execution/batch/envvar-powershell.yaml,,"{""regex"": ""(?i)set\\s+[A-Z0-9_!]{4,}\\s*=\\s*'?https?://.{1,60}\\.Ps1'?"", ""type"": ""text""}","{""arch"": null, ""for"": [""batch""], ""platforms"": [""windows""]}"
batch,objectives/command-and-control/dropper/execution/batch::batch-powershell-web-download,atomic,suspicious,Batch PowerShell downloads from the web,objectives/command-and-control/dropper/execution/batch/envvar-powershell.yaml,metadata/package/manager::nuget-org-bootstrap-url,"{""regex"": ""(?i)powershell(\\.exe)?\\s+-command.{0,20}Invoke-WebRequest\\b[^\\r\\n]{0,200}https?://"", ""type"": ""text""}","{""arch"": null, ""for"": [""batch""], ""platforms"": [""windows""]}"
batch,objectives/command-and-control/dropper/execution/batch::batch-powershell-archive-extract,atomic,notable,Batch invokes PowerShell to extract an archive,objectives/command-and-control/dropper/execution/batch/envvar-powershell.yaml,,"{""regex"": ""(?i)\\bpowershell(\\.exe)?\\s+-command\\s+[\""']?\\s*Expand-Archive\\b"", ""type"": ""text""}","{""arch"": null, ""for"": [""batch""], ""platforms"": [""windows""]}"
batch,objectives/command-and-control/dropper/execution/batch::short-envvar-powershell-downloadstring,composite,hostile,Short-envvar PowerShell stager,objectives/command-and-control/dropper/execution/batch/envvar-powershell.yaml,short-env-cmd-fragments;short-env-powershell-fragments;short-env-downloadstring;short-env-iex;batch-ps1-url-assignment,"""""","{""arch"": null, ""for"": [""batch""], ""platforms"": [""windows""]}"
batch,objectives/command-and-control/dropper/execution/batch::batch-webrequest-archive-executable-dropper,composite,hostile,"Batch downloads, extracts, and launches an executable payload",objectives/command-and-control/dropper/execution/batch/envvar-powershell.yaml,batch-powershell-web-download;batch-powershell-archive-extract;micro-behaviors/process/create/script/file::batch-executable-start,"""""","{""arch"": null, ""for"": [""batch""], ""platforms"": [""windows""]}"
batch,objectives/command-and-control/dropper/execution/batch::batch-fragmented-var-fileless-loader,composite,hostile,Fragmented batch runs self-derived payload over gzip carrier,objectives/command-and-control/dropper/execution/batch/fragmented-var-dotnet-loader.yaml,micro-behaviors/data/encode/payload::batch-gzip-base64-carrier;micro-behaviors/process/create/script/file::batch-self-derived-filename;objectives/anti-static/obfuscation/string/concat::batch-adjacent-expansion-chain,"""""","{""arch"": null, ""for"": [""batch""], ""platforms"": [""windows""]}"
binary-native,objectives/command-and-control/dropper/execution/binary-native::npm-postinstall-configurable-native-stager,composite,hostile,npm postinstall stages configurable native payload,objectives/command-and-control/dropper/execution/binary-native/node.yaml,objectives/supply-chain/install-hook/package/manifest::postinstall-runs-node-script;objectives/supply-chain/trojanized/app/remote-install::configurable-release-server-url;objectives/supply-chain/trojanized/app/remote-install::large-binary-size-threshold;micro-behaviors/communications/http/request/client::https-get;micro-behaviors/fs/chmod/executable/mode::node-chmod-exec-mode-755;micro-behaviors/process/create/shell/bridge::js-execsync,"""""","{""arch"": null, ""for"": [""javascript"", ""package.json"", ""npm""], ""platforms"": [""unix"", ""windows""]}"
binary-native,objectives/command-and-control/dropper/execution/binary-native::node-fetch-chmod-exec-stealth-dropper,composite,hostile,"Node downloads a binary, makes it executable, runs it hidden",objectives/command-and-control/dropper/execution/binary-native/node.yaml,micro-behaviors/communications/http/download/handler::node-http-stream-to-file;micro-behaviors/fs/chmod/executable/mode::node-chmod-make-executable;micro-behaviors/process/create/spawn::detached-ignored-unref-spawn;micro-behaviors/process/create/spawn::node-self-respawn;metadata/package/testing/;metadata/build/;metadata/build/recognized-contexts::benign-app-fp-context,"""""","{""arch"": null, ""for"": [""javascript"", ""typescript""], ""platforms"": [""unix"", ""windows""]}"
binary-native,objectives/command-and-control/dropper/execution/binary-native::node-fetch-writefile-chmod-execfile-stealth-dropper,composite,hostile,Node writes and stealth-launches fetched executable,objectives/command-and-control/dropper/execution/binary-native/node.yaml,micro-behaviors/communications/http/request/client::https-get;micro-behaviors/fs/write/file/full::node-write-file-sync;micro-behaviors/fs/chmod/executable/mode::node-chmod-exec-mode-755;micro-behaviors/process/create/system::js-execfile-call;micro-behaviors/process/create/spawn::detached-ignored-unref-spawn;metadata/package/testing/;metadata/build/;metadata/build/recognized-contexts::benign-app-fp-context,"""""","{""arch"": null, ""for"": [""javascript"", ""typescript""], ""platforms"": [""unix"", ""windows""]}"
binary-native,objectives/command-and-control/dropper/execution/binary-native::node-fetch-promise-chmod-execfile-stealth-dropper,composite,hostile,Node fetch chmods and stealth-launches a payload,objectives/command-and-control/dropper/execution/binary-native/node.yaml,micro-behaviors/communications/http/request/client::js-fetch-call;micro-behaviors/fs/write/file/full::node-write-file-promise-destructured;micro-behaviors/fs/chmod/modify::node-chmod-call;micro-behaviors/process/create/system::js-execfile-call;micro-behaviors/process/create/spawn::detached-true;micro-behaviors/process/create/spawn::stdio-ignore;metadata/package/testing/;metadata/build/;metadata/build/recognized-contexts::benign-app-fp-context,"""""","{""arch"": null, ""for"": [""javascript"", ""typescript""], ""platforms"": [""unix"", ""windows""]}"
binary-native,objectives/command-and-control/dropper/execution/binary-native::node-fetch-writefile-chmod-detached-spawn,composite,hostile,Node writes and detaches a fetched executable,objectives/command-and-control/dropper/execution/binary-native/node.yaml,micro-behaviors/communications/http/request/client::https-get;micro-behaviors/communications/http/download/handler::node-http-response-to-file;micro-behaviors/fs/chmod/executable/mode::node-chmod-make-executable;micro-behaviors/process/create/spawn::detached-ignored-unref-spawn;metadata/package/testing/;metadata/build/;metadata/build/recognized-contexts::benign-app-fp-context,"""""","{""arch"": null, ""for"": [""javascript"", ""typescript""], ""platforms"": [""unix"", ""windows""]}"
binary-native,objectives/command-and-control/dropper/execution/binary-native::npm-postinstall-archive-detached-native-dropper,composite,hostile,npm postinstall extracts and detaches a downloaded native payload,objectives/command-and-control/dropper/execution/binary-native/node.yaml,objectives/supply-chain/install-hook/package/manifest::postinstall-runs-node-script;micro-behaviors/communications/http/download/handler::node-http-stream-to-file-text;micro-behaviors/data/archive/extract/zip::powershell-expand-archive-unicode;micro-behaviors/process/create/minified-spawn::detached-bang-true;micro-behaviors/fs/write/file/stream::create-write-stream,"""""","{""arch"": null, ""for"": [""javascript"", ""package.json"", ""npm""], ""platforms"": [""unix"", ""windows""]}"
binary-native,objectives/command-and-control/dropper/execution/binary-native::shell-fetch-chmod-stealth-exec-dropper,composite,hostile,"Shell fetches, chmods and hides a payload run",objectives/command-and-control/dropper/execution/binary-native/shell.yaml,micro-behaviors/communications/http/download/cli::fetch-output-flag-script;micro-behaviors/fs/chmod/executable/mode;micro-behaviors/process/daemonize/detach::stealthy-background;objectives/evasion/self-delete/cleanup/remove::rm-self-dollar-zero;objectives/evasion/indicator-removal/logs::history-clear-call;micro-behaviors/fs/attributes/xattr::xattr-quarantine-remove,"""""","{""arch"": null, ""for"": [""shell""], ""platforms"": [""macos"", ""linux"", ""unix""]}"
browser,objectives/command-and-control/dropper/execution/browser::browser-contract-stage-loader-yara,atomic,suspicious,Browser smart-contract stage loader,objectives/command-and-control/dropper/execution/browser/clickfix.yaml,,"{""source"": ""rule browser_contract_stage_loader_b64xor255 {\n  strings:\n    $wrap = \""atob(s);var len=s.length\"" ascii\n    $state = \""jJaLmqCNmo+elo2gjIuei5rY\"" ascii\n    $contract = \""z4eevceZy8bMyMiZnMfJy8vMyMvLyJq7x7nGvbnKzcrMxrrHvb7Ox73O\"" ascii\n    $eth_call = \""ai5egnJ6Tk9jT\"" ascii\n    $api_js = \""0J6PltCWkZuah9GPl4/AnsKVjNmSkJuaw\"" ascii\n  condition:\n    filesize < 200KB and all of them\n}\n"", ""type"": ""yara""}","{""arch"": null, ""for"": [""javascript"", ""html""], ""platforms"": [""windows"", ""unix""]}"
browser,objectives/command-and-control/dropper/execution/browser::b64xor-site-repair-state,atomic,baseline,Base64 XOR site repair state key,objectives/command-and-control/dropper/execution/browser/clickfix.yaml,,"{""substr"": ""jJaLmqCNmo+elo2gjIuei5rY"", ""type"": ""text""}","{""arch"": null, ""for"": [""javascript"", ""html""], ""platforms"": [""windows"", ""unix""]}"
browser,objectives/command-and-control/dropper/execution/browser::b64xor-bw-downloaded-state,atomic,baseline,Base64 XOR browser download state key,objectives/command-and-control/dropper/execution/browser/clickfix.yaml,,"{""substr"": ""2I0puQiJGTkJ6bmpvY"", ""type"": ""text""}","{""arch"": null, ""for"": [""javascript"", ""html""], ""platforms"": [""windows"", ""unix""]}"
browser,objectives/command-and-control/dropper/execution/browser::b64xor-browser-mode-map,atomic,baseline,Base64 XOR browser lure mode map,objectives/command-and-control/dropper/execution/browser/clickfix.yaml,,"{""substr"": ""djZCIjJqNxdiJztGVjNg"", ""type"": ""text""}","{""arch"": null, ""for"": [""javascript"", ""html""], ""platforms"": [""windows"", ""unix""]}"
browser,objectives/command-and-control/dropper/execution/browser::b64xor-cloudflare-mode-map,atomic,baseline,Base64 XOR Cloudflare lure mode map,objectives/command-and-control/dropper/execution/browser/clickfix.yaml,,"{""substr"": ""yTkIqbmZOejZrF2InJ0ZWM2"", ""type"": ""text""}","{""arch"": null, ""for"": [""javascript"", ""html""], ""platforms"": [""windows"", ""unix""]}"
browser,objectives/command-and-control/dropper/execution/browser::b64xor-api-js-mode-stage,atomic,suspicious,Base64 XOR API mode script stage,objectives/command-and-control/dropper/execution/browser/clickfix.yaml,,"{""substr"": ""0J6PltCWkZuah9GPl4/AnsKVjNmSkJuaw"", ""type"": ""text""}","{""arch"": null, ""for"": [""javascript"", ""html""], ""platforms"": [""windows"", ""unix""]}"
browser,objectives/command-and-control/dropper/execution/browser::b64xor-state-key-pair,atomic,suspicious,Base64 XOR browser state keys,objectives/command-and-control/dropper/execution/browser/clickfix.yaml,,"{""regex"": ""jJaLmqCNmo\\+elo2gjIuei5rY[\\s\\S]{0,100}2I0puQiJGTkJ6bmpvY"", ""type"": ""text""}","{""arch"": null, ""for"": [""javascript"", ""html""], ""platforms"": [""windows"", ""unix""]}"
browser,objectives/command-and-control/dropper/execution/browser::b64xor-dual-lure-modes,atomic,suspicious,Base64 XOR dual lure modes,objectives/command-and-control/dropper/execution/browser/clickfix.yaml,,"{""regex"": ""djZCIjJqNxdiJztGVjNg[\\s\\S]{0,120}yTkIqbmZOejZrF2InJ0ZWM2"", ""type"": ""text""}","{""arch"": null, ""for"": [""javascript"", ""html""], ""platforms"": [""windows"", ""unix""]}"
browser,objectives/command-and-control/dropper/execution/browser::clickfix-finger-command,atomic,component,Finger remote-query command marker,objectives/command-and-control/dropper/execution/browser/clickfix.yaml,,"{""regex"": ""(?i)\\bfinger(\\.exe)?\\s+[a-z0-9._-]{2,64}@[a-z0-9.-]{3,253}\\.[a-z]{2,24}\\b"", ""type"": ""text""}","{""arch"": null, ""for"": [""javascript"", ""html""], ""platforms"": [""windows"", ""unix""]}"
browser,objectives/command-and-control/dropper/execution/browser::clickfix-finger-ip-command,atomic,component,Finger remote-query IP marker,objectives/command-and-control/dropper/execution/browser/clickfix.yaml,,"{""regex"": ""(?i)\\bfinger(\\.exe)?\\s+[a-z0-9._-]{2,64}@(\\d{1,3}\\.){3}\\d{1,3}\\b"", ""type"": ""text""}","{""arch"": null, ""for"": [""javascript"", ""html""], ""platforms"": [""windows"", ""unix""]}"
browser,objectives/command-and-control/dropper/execution/browser::clickfix-renamed-finger-command,atomic,notable,Renamed finger command marker,objectives/command-and-control/dropper/execution/browser/clickfix.yaml,,"{""regex"": ""(?i)(copy|cp|move|ren)\\s+[^\\r\\n]{0,120}finger\\.exe[^\\r\\n]{0,160}\\\\ct\\.exe"", ""type"": ""text""}","{""arch"": null, ""for"": [""javascript"", ""html""], ""platforms"": [""windows"", ""unix""]}"
browser,objectives/command-and-control/dropper/execution/browser::clickfix-base64-finger-cmd,atomic,notable,Encoded finger command marker,objectives/command-and-control/dropper/execution/browser/clickfix.yaml,,"{""regex"": ""(?i)(atob|btoa|base64|fromCharCode).{0,120}\\bfinger(\\.exe)?\\s+[A-Za-z0-9._-]{2,64}@"", ""type"": ""text""}","{""arch"": null, ""for"": [""javascript"", ""html""], ""platforms"": [""windows"", ""unix""]}"
browser,objectives/command-and-control/dropper/execution/browser::crashfix-browser-abnormal-warning,atomic,suspicious,CrashFix browser abnormal warning,objectives/command-and-control/dropper/execution/browser/clickfix.yaml,,"{""regex"": ""(?i)browser\\s+(has\\s+)?stopped\\s+abnormally|chrome\\s+(has\\s+)?stopped\\s+abnormally"", ""type"": ""text""}","{""arch"": null, ""for"": [""javascript"", ""html""], ""platforms"": [""windows"", ""unix""]}"
browser,objectives/command-and-control/dropper/execution/browser::clickfix-lure-action-word,atomic,notable,Generic action verb — composite-only,objectives/command-and-control/dropper/execution/browser/clickfix.yaml,,"{""regex"": ""(?i)\\bpaste\\b.{0,80}\\bpowershell\\b"", ""type"": ""text""}","{""arch"": null, ""for"": [""javascript"", ""html""], ""platforms"": [""windows"", ""unix""]}"
browser,objectives/command-and-control/dropper/execution/browser::macos-paste-terminal-cue,atomic,notable,Instructs paste into Terminal,objectives/command-and-control/dropper/execution/browser/clickfix.yaml,,"{""regex"": ""(?is)\\bpaste\\b.{0,40}\\bterminal\\b|\\bterminal\\b.{0,40}\\bpaste\\b"", ""type"": ""text""}","{""arch"": null, ""for"": [""html"", ""markdown"", ""javascript"", ""typescript""], ""platforms"": [""macos""]}"
browser,objectives/command-and-control/dropper/execution/browser::macos-paste-press-return-cue,atomic,notable,Instructs paste then press Return,objectives/command-and-control/dropper/execution/browser/clickfix.yaml,,"{""regex"": ""(?is)\\bpaste\\b.{0,40}\\b(press|hit) return\\b"", ""type"": ""text""}","{""arch"": null, ""for"": [""html"", ""markdown"", ""javascript"", ""typescript""], ""platforms"": [""macos""]}"
browser,objectives/command-and-control/dropper/execution/browser::macos-terminal-name,atomic,notable,Terminal app launch reference,objectives/command-and-control/dropper/execution/browser/clickfix.yaml,,"{""regex"": ""(?i)\\bTerminal\\.app\\b|\\b(open|launch|start)\\s+(the\\s+)?Terminal\\b"", ""type"": ""text""}","{""arch"": null, ""for"": [""javascript"", ""html""], ""platforms"": [""macos""]}"
browser,objectives/command-and-control/dropper/execution/browser::clickfix-base64-decode,atomic,notable,ClickFix base64 decode command,objectives/command-and-control/dropper/execution/browser/clickfix.yaml,,"{""regex"": ""(?i)\\bbase64\\s+(-[A-Za-z]*d|--decode)\\b"", ""type"": ""text""}","{""arch"": null, ""for"": [""javascript"", ""html""], ""platforms"": [""macos""]}"
browser,objectives/command-and-control/dropper/execution/browser::clickfix-shell-pipe-sink,atomic,component,ClickFix decoded shell pipe sink,objectives/command-and-control/dropper/execution/browser/clickfix.yaml,,"{""regex"": ""(?i)\\|\\s*((/bin/)?(bash|zsh|sh|osascript))\\b"", ""type"": ""text""}","{""arch"": null, ""for"": [""javascript"", ""html""], ""platforms"": [""macos""]}"
browser,objectives/command-and-control/dropper/execution/browser::clickfix-do-shell-script,atomic,notable,ClickFix AppleScript shell execution,objectives/command-and-control/dropper/execution/browser/clickfix.yaml,,"{""regex"": ""(?i)\\bdo\\s+shell\\s+script\\b"", ""type"": ""text""}","{""arch"": null, ""for"": [""javascript"", ""html""], ""platforms"": [""macos""]}"
browser,objectives/command-and-control/dropper/execution/browser::claude-public-artifact-host,atomic,notable,Claude public artifact page host,objectives/command-and-control/dropper/execution/browser/clickfix.yaml,,"{""regex"": ""(?i)https?://claude\\.ai/public/artifacts/"", ""type"": ""text""}","{""arch"": null, ""for"": [""html"", ""markdown"", ""javascript"", ""typescript""], ""platforms"": [""windows"", ""unix""]}"
browser,objectives/command-and-control/dropper/execution/browser::chatgpt-canvas-public-host,atomic,notable,ChatGPT Canvas public page host,objectives/command-and-control/dropper/execution/browser/clickfix.yaml,,"{""regex"": ""(?i)https?://chatgpt\\.com/(canvas|share)/"", ""type"": ""text""}","{""arch"": null, ""for"": [""html"", ""markdown"", ""javascript"", ""typescript""], ""platforms"": [""windows"", ""unix""]}"
browser,objectives/command-and-control/dropper/execution/browser::copilot-public-page-host,atomic,notable,Microsoft Copilot public page host,objectives/command-and-control/dropper/execution/browser/clickfix.yaml,,"{""regex"": ""(?i)https?://copilot\\.microsoft\\.com/(pages|share)/"", ""type"": ""text""}","{""arch"": null, ""for"": [""html"", ""markdown"", ""javascript"", ""typescript""], ""platforms"": [""windows"", ""unix""]}"
browser,objectives/command-and-control/dropper/execution/browser::interview-test-record,atomic,notable,Interview test record key,objectives/command-and-control/dropper/execution/browser/clickfix.yaml,,"{""regex"": ""[\""']testName[\""']\\s*:"", ""type"": ""text""}","{""arch"": null, ""for"": [""javascript"", ""html""], ""platforms"": [""windows"", ""unix""]}"
browser,objectives/command-and-control/dropper/execution/browser::interview-company-role-key,atomic,notable,Interview company or role key,objectives/command-and-control/dropper/execution/browser/clickfix.yaml,,"{""regex"": ""[\""'](companyName|roleName)[\""']\\s*:"", ""type"": ""text""}","{""arch"": null, ""for"": [""javascript"", ""html""], ""platforms"": [""windows"", ""unix""]}"
browser,objectives/command-and-control/dropper/execution/browser::interview-question-count-key,atomic,notable,Interview question count key,objectives/command-and-control/dropper/execution/browser/clickfix.yaml,,"{""regex"": ""[\""']questionCount[\""']\\s*:"", ""type"": ""text""}","{""arch"": null, ""for"": [""javascript"", ""html""], ""platforms"": [""windows"", ""unix""]}"
browser,objectives/command-and-control/dropper/execution/browser::interview-invite-route-data,atomic,suspicious,Generated /invite/ interview routes,objectives/command-and-control/dropper/execution/browser/clickfix.yaml,,"{""regex"": ""(?is)[\""']redirectURL[\""']\\s*:\\s*\\[[^\\]]{0,500}/invite/"", ""type"": ""text""}","{""arch"": null, ""for"": [""javascript"", ""html""], ""platforms"": [""windows"", ""unix""]}"
browser,objectives/command-and-control/dropper/execution/browser::ai-public-artifact-host,composite,notable,Public AI-generated page host,objectives/command-and-control/dropper/execution/browser/clickfix.yaml,claude-public-artifact-host;chatgpt-canvas-public-host;copilot-public-page-host,"""""","{""arch"": null, ""for"": [""javascript"", ""html""], ""platforms"": [""windows"", ""unix""]}"
browser,objectives/command-and-control/dropper/execution/browser::shell-download-pipeline,composite,suspicious,Browser page combines a terminal lure with a shell download pipeline,objectives/command-and-control/dropper/execution/browser/clickfix.yaml,micro-behaviors/process/create/shell/pipeline::curl-pipe-shell-text;objectives/execution/lure/clipboard/instruction::macos-terminal-open-paste-instruction,"""""","{""arch"": null, ""for"": [""html"", ""markdown""], ""platforms"": [""macos""]}"
browser,objectives/command-and-control/dropper/execution/browser::clickfix-macos-terminal-lure,composite,suspicious,macOS Terminal copy-paste lure,objectives/command-and-control/dropper/execution/browser/clickfix.yaml,macos-terminal-name;clickfix-lure-action-word;macos-paste-terminal-cue;macos-paste-press-return-cue;objectives/execution/lure/clipboard/instruction::macos-terminal-open-paste-instruction;metadata/file/extension/identity::edoc-file-extension;metadata/build/bundler/asset::js-vite-rollup-vendor-chunk;well-known/lib/development/vscode-webview::acquire-vscode-api;well-known/tool/development/vscode-extension/auto-retry-agent::auto-retry-product-phrase;micro-behaviors/process/interpreter/vm/;micro-behaviors/ui/help::terminal-help-instruction,"""""","{""arch"": null, ""for"": [""javascript"", ""html""], ""platforms"": [""macos""]}"
browser,objectives/command-and-control/dropper/execution/browser::clickfix-base64-terminal-exec,composite,suspicious,Base64 decoded shell execution,objectives/command-and-control/dropper/execution/browser/clickfix.yaml,clickfix-base64-decode;clickfix-shell-pipe-sink;micro-behaviors/process/create/shell/command-string::embedded-sh-c-text;clickfix-do-shell-script;metadata/build/;metadata/build/recognized-contexts::benign-app-fp-context;metadata/package/testing/;well-known/tool/detection/security-scanner/,"""""","{""arch"": null, ""for"": [""javascript"", ""html""], ""platforms"": [""macos""]}"
browser,objectives/command-and-control/dropper/execution/browser::clickfix-state-key-pair,composite,suspicious,ClickFix browser state key pair,objectives/command-and-control/dropper/execution/browser/clickfix.yaml,b64xor-site-repair-state;b64xor-bw-downloaded-state,"""""","{""arch"": null, ""for"": [""javascript"", ""html""], ""platforms"": [""windows"", ""unix""]}"
browser,objectives/command-and-control/dropper/execution/browser::clickfix-lure-mode-map,composite,suspicious,ClickFix lure mode map,objectives/command-and-control/dropper/execution/browser/clickfix.yaml,b64xor-browser-mode-map;b64xor-cloudflare-mode-map,"""""","{""arch"": null, ""for"": [""javascript"", ""html""], ""platforms"": [""windows"", ""unix""]}"
browser,objectives/command-and-control/dropper/execution/browser::browser-contract-stage-loader,composite,hostile,Browser smart-contract stage loader,objectives/command-and-control/dropper/execution/browser/clickfix.yaml,browser-contract-stage-loader-yara;micro-behaviors/data/decode/xor::js-base64-xor-decode-loop;micro-behaviors/data/source/dynamic/eval::new-function-iife,"""""","{""arch"": null, ""for"": [""javascript""], ""platforms"": [""windows"", ""unix""]}"
browser,objectives/command-and-control/dropper/execution/browser::clickfix-finger-lolbin-stage,composite,hostile,ClickFix finger LOLBin stage,objectives/command-and-control/dropper/execution/browser/clickfix.yaml,objectives/execution/lure/clipboard/write::browser-clipboard-write;clickfix-finger-command;clickfix-finger-ip-command;clickfix-base64-finger-cmd;objectives/command-and-control/channel/finger::finger-output-command-execution,"""""","{""arch"": null, ""for"": [""html""], ""platforms"": [""windows"", ""unix""]}"
browser,objectives/command-and-control/dropper/execution/browser::crashfix-finger-browser-lure,composite,hostile,CrashFix finger browser lure,objectives/command-and-control/dropper/execution/browser/clickfix.yaml,crashfix-browser-abnormal-warning;clickfix-finger-command;clickfix-finger-ip-command;clickfix-renamed-finger-command,"""""","{""arch"": null, ""for"": [""javascript"", ""html""], ""platforms"": [""windows"", ""unix""]}"
browser,objectives/command-and-control/dropper/execution/browser::clickfix-macos-terminal-loader,composite,hostile,macOS ClickFix Terminal loader,objectives/command-and-control/dropper/execution/browser/clickfix.yaml,clickfix-macos-terminal-lure;clickfix-base64-terminal-exec;objectives/command-and-control/dropper/delivery/pipe::curl-pipe-shell;objectives/command-and-control/dropper/staging/memory::curl-osascript,"""""","{""arch"": null, ""for"": [""javascript"", ""html""], ""platforms"": [""macos""]}"
browser,objectives/command-and-control/dropper/execution/browser::ai-fix-trusted-page-terminal-loader,composite,hostile,Trusted AI-hosted page lures terminal download execution,objectives/command-and-control/dropper/execution/browser/clickfix.yaml,ai-public-artifact-host;shell-download-pipeline,"""""","{""arch"": null, ""for"": [""html""], ""platforms"": [""macos""]}"
browser,objectives/command-and-control/dropper/execution/browser::browser-camera-clickfix-command,composite,hostile,Browser camera lure copies a Windows payload command,objectives/command-and-control/dropper/execution/browser/clickfix.yaml,micro-behaviors/hardware/input/media::browser-media-capture-api;browser-clickfix-windows-archive-command;micro-behaviors/os/clipboard/write::browser-clipboard-write,"""""","{""arch"": null, ""for"": [""javascript"", ""html""], ""platforms"": [""windows"", ""unix""]}"
browser,objectives/command-and-control/dropper/execution/browser::browser-clickfix-windows-archive-command,composite,suspicious,Browser Windows archive and WScript command,objectives/command-and-control/dropper/execution/browser/clickfix.yaml,micro-behaviors/communications/http/download/curl::source-curl-insecure-option;micro-behaviors/communications/http/download/curl::source-curl-archive-output;micro-behaviors/data/archive/extract/zip::powershell-expand-archive-text;micro-behaviors/process/create/shell/script-host::temp-script-host-path,"""""","{""arch"": null, ""for"": [""javascript"", ""html""], ""platforms"": [""windows"", ""unix""]}"
browser,objectives/command-and-control/dropper/execution/browser::interview-invite-schema,composite,suspicious,Structured interview invitation record,objectives/command-and-control/dropper/execution/browser/clickfix.yaml,interview-test-record;interview-company-role-key;interview-question-count-key,"""""","{""arch"": null, ""for"": [""javascript"", ""html""], ""platforms"": [""windows"", ""unix""]}"
browser,objectives/command-and-control/dropper/execution/browser::browser-interview-clickfix-page,composite,hostile,Interview page ClickFix command lure,objectives/command-and-control/dropper/execution/browser/clickfix.yaml,browser-camera-clickfix-command;interview-invite-schema;interview-invite-route-data,"""""","{""arch"": null, ""for"": [""javascript"", ""html""], ""platforms"": [""windows"", ""unix""]}"
browser,objectives/command-and-control/dropper/execution/browser::dom-script-src-bind-symbol,atomic,notable,JavaScript assigns script src,objectives/command-and-control/dropper/execution/browser/encoded-script.yaml,,"{""exact"": ""elem.src"", ""kind"": ""member"", ""type"": ""symbol""}","{""arch"": null, ""for"": [""javascript""], ""platforms"": [""windows"", ""unix""]}"
browser,objectives/command-and-control/dropper/execution/browser::dom-script-src-charcode-assign,atomic,notable,JavaScript assigns encoded URL to script src,objectives/command-and-control/dropper/execution/browser/encoded-script.yaml,,"{""regex"": ""\\.src\\s*=\\s*String\\.fromCharCode\\s*\\("", ""type"": ""text""}","{""arch"": null, ""for"": [""javascript""], ""platforms"": [""windows"", ""unix""]}"
browser,objectives/command-and-control/dropper/execution/browser::dom-head-charcode-target,atomic,notable,Encoded document head string,objectives/command-and-control/dropper/execution/browser/encoded-script.yaml,,"{""regex"": ""fromCharCode\\s*\\(104,101,97,100\\)"", ""type"": ""text""}","{""arch"": null, ""for"": [""javascript""], ""platforms"": [""windows"", ""unix""]}"
browser,objectives/command-and-control/dropper/execution/browser::createelement-fragment-teel,atomic,component,JavaScript createElement teEl fragment,objectives/command-and-control/dropper/execution/browser/encoded-script.yaml,,"{""exact"": ""teEl"", ""type"": ""string_literal""}","{""arch"": null, ""for"": [""javascript""], ""platforms"": [""windows"", ""unix""]}"
browser,objectives/command-and-control/dropper/execution/browser::dom-script-text-body-assign,atomic,component,Assigns script-like text into a DOM element,objectives/command-and-control/dropper/execution/browser/encoded-script.yaml,,"{""regex"": ""(?i)createElement\\s*\\(\\s*['\\\""]script['\\\""]\\).{0,200}(textContent|innerHTML)\\s*="", ""type"": ""text""}","{""arch"": null, ""for"": [""javascript""], ""platforms"": [""windows"", ""unix""]}"
browser,objectives/command-and-control/dropper/execution/browser::encoded-stage-url-construction,composite,suspicious,Encoded URL reconstruction near DOM sink,objectives/command-and-control/dropper/execution/browser/encoded-script.yaml,dom-script-content-sink;micro-behaviors/data/collection/dom::document-create-element;micro-behaviors/data/encode/char-code::fromcharcode-https-prefix;micro-behaviors/data/encode/char-code::fromcharcode-xor-rebuild;well-known/lib/format/pdfjs/;well-known/app/productivity/web-to-epub::wte-extension-context;metadata/build/,"""""","{""arch"": null, ""for"": [""javascript""], ""platforms"": [""windows"", ""unix""]}"
browser,objectives/command-and-control/dropper/execution/browser::dom-script-content-sink,composite,component,DOM script content sink,objectives/command-and-control/dropper/execution/browser/encoded-script.yaml,dom-script-src-bind-symbol;dom-script-src-charcode-assign;dom-script-text-body-assign,"""""","{""arch"": null, ""for"": [""javascript""], ""platforms"": [""windows"", ""unix""]}"
browser,objectives/command-and-control/dropper/execution/browser::encoded-remote-dom-script-loader,composite,hostile,Encoded remote DOM script loader,objectives/command-and-control/dropper/execution/browser/encoded-script.yaml,micro-behaviors/data/collection/dom::document-create-element;micro-behaviors/data/encode/char-code::fromcharcode-call;encoded-stage-url-construction;dom-script-content-sink;micro-behaviors/data/collection/dom::append-child-reference;metadata/build/;well-known/app/productivity/web-to-epub::wte-extension-context;well-known/tool/sysadmin/alpine-packages/package::alpine-langfuse-package;well-known/tool/sysadmin/alpine-packages/binary::alpine-langfuse-next-app-path,"""""","{""arch"": null, ""for"": [""javascript""], ""platforms"": [""windows"", ""unix""]}"
browser,objectives/command-and-control/dropper/execution/browser::charcode-https-dom-tag,composite,hostile,fromCharCode HTTPS URL plus DOM tag,objectives/command-and-control/dropper/execution/browser/encoded-script.yaml,micro-behaviors/data/encode/char-code::fromcharcode-https-prefix;objectives/anti-static/obfuscation/string/reconstruct::charcode-built-dom-tag-name;metadata/build/,"""""","{""arch"": null, ""for"": [""javascript""], ""platforms"": [""windows"", ""unix""]}"
browser,objectives/command-and-control/dropper/execution/browser::charcode-https-stage-url,composite,hostile,fromCharCode HTTPS URL near a DOM sink,objectives/command-and-control/dropper/execution/browser/encoded-script.yaml,micro-behaviors/data/encode/char-code::fromcharcode-https-prefix;encoded-stage-url-construction;metadata/build/,"""""","{""arch"": null, ""for"": [""javascript""], ""platforms"": [""windows"", ""unix""]}"
browser,objectives/command-and-control/dropper/execution/browser::charcode-dom-tag-stage-url,composite,hostile,CharCode DOM tag as stage URL,objectives/command-and-control/dropper/execution/browser/encoded-script.yaml,objectives/anti-static/obfuscation/string/reconstruct::charcode-built-dom-tag-name;encoded-stage-url-construction;metadata/build/,"""""","{""arch"": null, ""for"": [""javascript""], ""platforms"": [""windows"", ""unix""]}"
browser,objectives/command-and-control/dropper/execution/browser::encoded-dom-head-script-injection,composite,hostile,Encoded DOM head script injection,objectives/command-and-control/dropper/execution/browser/encoded-script.yaml,micro-behaviors/data/encode/char-code::fromcharcode-call;dom-script-src-charcode-assign;dom-head-charcode-target;micro-behaviors/data/collection/dom::append-child-reference;metadata/build/;well-known/app/productivity/web-to-epub::wte-extension-context,"""""","{""arch"": null, ""for"": [""javascript""], ""platforms"": [""windows"", ""unix""]}"
browser,objectives/command-and-control/dropper/execution/browser::obfuscated-cloudfront-dom-script-loader,composite,hostile,Obfuscated CloudFront DOM script loader,objectives/command-and-control/dropper/execution/browser/encoded-script.yaml,micro-behaviors/communications/http/url/cdn::cloudfront-asset-url;createelement-fragment-teel;micro-behaviors/process/create/load/remote-code::js-dom-script-literal;micro-behaviors/process/create/load/remote-code::js-dom-script-src-literal;micro-behaviors/process/create/load/remote-code::js-dom-appendchild-literal;micro-behaviors/crypto/symmetric/xor/loop::js-xor-charcode-assignment,"""""","{""arch"": null, ""for"": [""javascript""], ""platforms"": [""windows"", ""unix""]}"
browser,objectives/command-and-control/dropper/execution/browser::browser-command-api-path,atomic,notable,Browser command API path,objectives/command-and-control/dropper/execution/browser/errtraffic-patterns.yaml,,"{""regex"": ""(?i)/api/index\\.php\\?[^\""'<>\\r\\n]{0,120}\\ba=ctx\\b"", ""type"": ""text""}","{""arch"": null, ""for"": [""html"", ""javascript""], ""platforms"": [""windows"", ""unix""]}"
browser,objectives/command-and-control/dropper/execution/browser::browser-command-windows-param,atomic,notable,Windows command API parameter,objectives/command-and-control/dropper/execution/browser/errtraffic-patterns.yaml,,"{""regex"": ""(?i)/api/index\\.php\\?[^\""'<>\\r\\n]{0,180}\\bos=windows\\b"", ""type"": ""text""}","{""arch"": null, ""for"": [""html"", ""javascript""], ""platforms"": [""windows"", ""unix""]}"
browser,objectives/command-and-control/dropper/execution/browser::browser-command-download-param,atomic,notable,Download command API parameter,objectives/command-and-control/dropper/execution/browser/errtraffic-patterns.yaml,,"{""regex"": ""(?i)/api/index\\.php\\?[^\""'<>\\r\\n]{0,220}\\bmode=download\\b"", ""type"": ""text""}","{""arch"": null, ""for"": [""html"", ""javascript""], ""platforms"": [""windows"", ""unix""]}"
browser,objectives/command-and-control/dropper/execution/browser::browser-command-context-api,composite,suspicious,Browser context-bound command API,objectives/command-and-control/dropper/execution/browser/errtraffic-patterns.yaml,browser-command-api-path;browser-command-windows-param;browser-command-download-param,"""""","{""arch"": null, ""for"": [""html"", ""javascript""], ""platforms"": [""windows"", ""unix""]}"
browser,objectives/command-and-control/dropper/execution/browser::browser-blockchain-command-clipboard-lure,composite,hostile,Browser JSON-RPC command to clipboard,objectives/command-and-control/dropper/execution/browser/errtraffic-patterns.yaml,objectives/command-and-control/infrastructure/blockchain/multi-chain::jsonrpc-eth-call-body;browser-command-context-api;micro-behaviors/os/clipboard/write::browser-clipboard-write;objectives/execution/lure/clipboard/instruction::html-winr-shortcut-instruction;objectives/execution/lure/clipboard/instruction::paste-enter-instruction-generic;objectives/execution/lure/clipboard/instruction::fake-captcha-winr-paste-instructions;objectives/execution/lure/clipboard/instruction::remote-ctrlv-instruction,"""""","{""arch"": null, ""for"": [""html"", ""javascript""], ""platforms"": [""windows"", ""unix""]}"
browser,objectives/command-and-control/dropper/execution/browser::browser-etherhiding-command-clipboard-lure,composite,hostile,Polygon EtherHiding resolves ClickFix clipboard command,objectives/command-and-control/dropper/execution/browser/errtraffic-patterns.yaml,objectives/command-and-control/infrastructure/blockchain/polygon::polygon-etherhiding-resolver;browser-command-context-api;micro-behaviors/os/clipboard/write::browser-clipboard-write;objectives/execution/lure/clipboard/instruction::html-winr-shortcut-instruction,"""""","{""arch"": null, ""for"": [""javascript""], ""platforms"": [""windows"", ""unix""]}"
browser,objectives/command-and-control/dropper/execution/browser::browser-blockchain-external-stage-lure,composite,hostile,External stage adds blockchain clipboard lure,objectives/command-and-control/dropper/execution/browser/errtraffic-patterns.yaml,browser-blockchain-command-clipboard-lure;micro-behaviors/process/create/load/script::external-script-element-load,"""""","{""arch"": null, ""for"": [""html""], ""platforms"": [""windows"", ""unix""]}"
browser,objectives/command-and-control/dropper/execution/browser::browser-clipboard-irm-execution-lure,composite,suspicious,Win+R clipboard lure embeds IRM execution,objectives/command-and-control/dropper/execution/browser/errtraffic-patterns.yaml,micro-behaviors/os/clipboard/write::browser-clipboard-write;objectives/execution/lure/clipboard/instruction::html-winr-shortcut-instruction;micro-behaviors/communications/http/lib/invoke-webrequest::embedded-iex-irm-call;micro-behaviors/communications/http/lib/invoke-webrequest::embedded-irm-iex-pipeline,"""""","{""arch"": null, ""for"": [""html"", ""javascript""], ""platforms"": [""windows"", ""unix""]}"
browser,objectives/command-and-control/dropper/execution/browser::chromium-gpu-launcher-remote-mshta,composite,hostile,Chromium GPU launcher starts remote MSHTA,objectives/command-and-control/dropper/execution/browser/gpu-launcher.yaml,micro-behaviors/process/create/flags::chromium-gpu-launcher-shell;objectives/execution/interpreter/script/mshta::mshta-remote-url;micro-behaviors/process/create/flags::chromium-headless-launch-flag;micro-behaviors/process/create/flags::chromium-disable-gpu-sandbox-flag,"""""","{""arch"": null, ""for"": [""html"", ""javascript"", ""typescript"", ""batch"", ""powershell""], ""platforms"": [""windows""]}"
browser,objectives/command-and-control/dropper/execution/browser::extension-message-controlled-main-world-eval,composite,hostile,Extension evaluates message code in page main world,objectives/command-and-control/dropper/execution/browser/remote-config-extension.yaml,micro-behaviors/communications/ipc/message::chrome-runtime-on-message;micro-behaviors/process/inject/webextension::webextension-scripting-execute;micro-behaviors/process/inject/webextension::chrome-scripting-main-world;micro-behaviors/process/interpreter/eval/compile::js-new-function-variable-argument,"""""","{""arch"": null, ""for"": [""javascript"", ""typescript""], ""platforms"": [""windows"", ""unix""]}"
browser,objectives/command-and-control/dropper/execution/browser::extension-remote-config-code-execution,composite,hostile,Extension fetches config scripts for page execution,objectives/command-and-control/dropper/execution/browser/remote-config-extension.yaml,extension-message-controlled-main-world-eval;micro-behaviors/communications/http/request/client::js-fetch-call;micro-behaviors/communications/http/url/endpoint::rest-admin-config-user-endpoints;micro-behaviors/communications/ipc/message::chrome-runtime-send-message,"""""","{""arch"": null, ""for"": [""javascript"", ""typescript"", ""crx"", ""xpi"", ""zip"", ""chrome-manifest""], ""platforms"": [""windows"", ""unix""]}"
browser,objectives/command-and-control/dropper/execution/browser::broad-host-extension-remote-code-injection,composite,hostile,Broad-host extension injects remotely supplied page code,objectives/command-and-control/dropper/execution/browser/remote-config-extension.yaml,micro-behaviors/communications/ipc/message::chrome-runtime-on-message;micro-behaviors/process/inject/webextension::webextension-scripting-execute;micro-behaviors/process/inject/webextension::chrome-scripting-main-world;micro-behaviors/process/interpreter/eval/compile::js-new-function-variable-argument;micro-behaviors/communications/http/request/client::js-fetch-call;micro-behaviors/communications/http/url/endpoint::rest-admin-config-user-endpoints;micro-behaviors/communications/ipc/message::chrome-runtime-send-message;metadata/permission/host::broad-host-access;micro-behaviors/process/inject/webextension::broad-content-script-injection,"""""","{""arch"": null, ""for"": [""javascript"", ""typescript"", ""crx"", ""xpi"", ""zip"", ""chrome-manifest""], ""platforms"": [""windows"", ""unix""]}"
browser,objectives/command-and-control/dropper/execution/browser::mutable-branch-remote-html-execution,composite,hostile,Auto-executes remote scripts from mutable branch,objectives/command-and-control/dropper/execution/browser/remote-html.yaml,micro-behaviors/process/create/load/remote-code::remote-html-script-rehydration;micro-behaviors/communications/http/url/path::mutable-raw-branch-path;micro-behaviors/data/control-flow/module-exec::js-async-iife-import-hook,"""""","{""arch"": null, ""for"": [""javascript""], ""platforms"": [""windows"", ""unix""]}"
browser,objectives/command-and-control/dropper/execution/browser::decoy-mirrored-remote-html-stage,composite,hostile,Decoy page stages remote HTML through redundant CDN mirrors,objectives/command-and-control/dropper/execution/browser/remote-html.yaml,objectives/evasion/decoy/lure::explicit-decoy-ui-comment;micro-behaviors/communications/http/url/cdn::jsdelivr-mirror-host-set;micro-behaviors/communications/http/client/response-body::fetch-html-document-write,"""""","{""arch"": null, ""for"": [""html"", ""javascript""], ""platforms"": [""windows"", ""unix""]}"
build,objectives/command-and-control/dropper/execution/build::go-agent-stealth-cross-builder,composite,hostile,Go agent cross-build with stealth and -X embeds,objectives/command-and-control/dropper/execution/build/go-batch.yaml,micro-behaviors/process/create/compile::go-build-release-flags;micro-behaviors/process/create/compile::go-ldflags-symbol-inject;micro-behaviors/process/create/compile::go-cross-compile-agent-output;objectives/anti-static/obfuscation/obfuscator/garble::garble-build-invocation;micro-behaviors/process/create/compile::go-ldflags-windows-gui;metadata/build/conda/,"""""","{""arch"": null, ""for"": [""batch""], ""platforms"": [""windows""]}"
build,objectives/command-and-control/dropper/execution/build::go-gui-build-system-named-output,composite,suspicious,Go build emits console-less system-named binary,objectives/command-and-control/dropper/execution/build/go-shell.yaml,micro-behaviors/process/create/compile::go-build-command;micro-behaviors/process/create/compile::go-ldflags-windows-gui;objectives/evasion/masquerade/naming/application::build-output-system-process-name;objectives/evasion/masquerade/naming/application::build-output-bundled-app-name,"""""","{""arch"": null, ""for"": [""shell"", ""powershell"", ""python"", ""github-actions""], ""platforms"": [""windows"", ""unix""]}"
build,objectives/command-and-control/dropper/execution/build::batch-threadless-inject-build,atomic,suspicious,Batch builds ThreadlessInject,objectives/command-and-control/dropper/execution/build/malware-batch.yaml,,"{""substr"": ""ThreadlessInject.exe"", ""type"": ""text""}","{""arch"": null, ""for"": [""batch""], ""platforms"": [""windows""]}"
build,objectives/command-and-control/dropper/execution/build::batch-meterpreter-bin2c,atomic,suspicious,Batch embeds meterpreter DLL,objectives/command-and-control/dropper/execution/build/malware-batch.yaml,,"{""substr"": ""meterpreter.dll.h"", ""type"": ""text""}","{""arch"": null, ""for"": [""batch""], ""platforms"": [""windows""]}"
build,objectives/command-and-control/dropper/execution/build::batch-rootkit-driver-bin2c,atomic,suspicious,Batch embeds rootkit driver,objectives/command-and-control/dropper/execution/build/malware-batch.yaml,,"{""substr"": ""rootkit_driver.sys"", ""type"": ""text""}","{""arch"": null, ""for"": [""batch""], ""platforms"": [""windows""]}"
build,objectives/command-and-control/dropper/execution/build::batch-romanlegionar-build,atomic,suspicious,Batch builds RomanLegionar,objectives/command-and-control/dropper/execution/build/malware-batch.yaml,,"{""substr"": ""RL32.exe"", ""type"": ""text""}","{""arch"": null, ""for"": [""batch""], ""platforms"": [""windows""]}"
build,objectives/command-and-control/dropper/execution/build::batch-unc-license-launch,atomic,suspicious,Batch launches unc license,objectives/command-and-control/dropper/execution/build/malware-batch.yaml,,"{""regex"": ""(?im)^\\s*start\\s+unc\\.exe\\s+license\\.txt\\s*$"", ""type"": ""text""}","{""arch"": null, ""for"": [""batch""], ""platforms"": [""windows""]}"
build,objectives/command-and-control/dropper/execution/build::batch-msbuild-script-input,atomic,suspicious,MSBuild receives a batch script,objectives/command-and-control/dropper/execution/build/msbuild-batch.yaml,,"{""regex"": ""(?i)\\bMSBuild\\.exe[\""']?\\s+([\""'][^\""'\\r\\n]{0,200}\\.(cmd|bat)[\""']|[\""']?%~f0[\""']?)"", ""type"": ""text""}","{""arch"": null, ""for"": [""batch""], ""platforms"": [""windows""]}"
build,objectives/command-and-control/dropper/execution/build::msbuild-property-assembly-load,atomic,suspicious,MSBuild property loads managed assembly,objectives/command-and-control/dropper/execution/build/msbuild-batch.yaml,,"{""regex"": ""(?i)\\$\\(\\s*\\[System\\.Reflection\\.Assembly\\]\\s*::\\s*Load\\s*\\("", ""type"": ""text""}","{""arch"": null, ""for"": [""batch"", ""xml""], ""platforms"": [""windows""]}"
build,objectives/command-and-control/dropper/execution/build::chained-create-instance-fragment,atomic,notable,Chained CreateInstance call fragment,objectives/command-and-control/dropper/execution/build/msbuild-batch.yaml,,"{""substr"": "")).CreateInstance("", ""type"": ""text""}","{""arch"": null, ""for"": [""batch"", ""xml""], ""platforms"": [""windows""]}"
build,objectives/command-and-control/dropper/execution/build::batch-msbuild-shellcode-template-comment,atomic,suspicious,Batch labels MSBuild shellcode template,objectives/command-and-control/dropper/execution/build/msbuild-batch.yaml,,"{""regex"": ""(?i)(shellcode\\.xml|exec\\s+shellcode|msbuild XML template execution)"", ""type"": ""text""}","{""arch"": null, ""for"": [""batch""], ""platforms"": [""windows""]}"
build,objectives/command-and-control/dropper/execution/build::msbuild-property-reflective-assembly-load,composite,suspicious,MSBuild reflectively loads Base64 assembly,objectives/command-and-control/dropper/execution/build/msbuild-batch.yaml,msbuild-property-assembly-load;micro-behaviors/data/decode/base64::dotnet-frombase64string-text;chained-create-instance-fragment,"""""","{""arch"": null, ""for"": [""batch"", ""xml""], ""platforms"": [""windows""]}"
build,objectives/command-and-control/dropper/execution/build::msbuild-xml-reflective-loader,composite,hostile,MSBuild project instantiates decoded managed payload,objectives/command-and-control/dropper/execution/build/msbuild-batch.yaml,metadata/build/manifest::msbuild-project-root;msbuild-property-reflective-assembly-load,"""""","{""arch"": null, ""for"": [""xml""], ""platforms"": [""windows""]}"
build,objectives/command-and-control/dropper/execution/build::batch-msbuild-hybrid-script-exec,composite,hostile,MSBuild executes a hybrid batch project,objectives/command-and-control/dropper/execution/build/msbuild-batch.yaml,micro-behaviors/process/create/runtime-host::dotnet-framework-runtime-exe-path;batch-msbuild-script-input;micro-behaviors/os/env/modify::msbuild-all-property-functions-enabled,"""""","{""arch"": null, ""for"": [""batch""], ""platforms"": [""windows""]}"
build,objectives/command-and-control/dropper/execution/build::batch-msbuild-reflective-loader,composite,hostile,MSBuild decodes and instantiates managed payload,objectives/command-and-control/dropper/execution/build/msbuild-batch.yaml,micro-behaviors/process/create/runtime-host::dotnet-framework-runtime-exe-path;msbuild-property-reflective-assembly-load;micro-behaviors/os/env/modify::msbuild-all-property-functions-enabled,"""""","{""arch"": null, ""for"": [""batch""], ""platforms"": [""windows""]}"
build,objectives/command-and-control/dropper/execution/build::batch-msbuild-proxy-template-exec,composite,hostile,Batch MSBuild proxy execution template,objectives/command-and-control/dropper/execution/build/msbuild-batch.yaml,micro-behaviors/process/create/runtime-host::dotnet-framework-runtime-exe-path;micro-behaviors/process/create/compile::msbuild-project-argument;batch-msbuild-shellcode-template-comment,"""""","{""arch"": null, ""for"": [""batch""], ""platforms"": [""windows""]}"
build,objectives/command-and-control/dropper/execution/build::msbuild-code-task-factory,atomic,notable,UsingTask TaskFactory=CodeTaskFactory,objectives/command-and-control/dropper/execution/build/msbuild-inline-task.yaml,,"{""exact"": ""CodeTaskFactory"", ""path"": ""Project.UsingTask.@TaskFactory"", ""type"": ""value""}","{""arch"": null, ""for"": [""xml""], ""platforms"": [""windows""]}"
build,objectives/command-and-control/dropper/execution/build::msbuild-inline-csharp,atomic,notable,Inline C# code block,objectives/command-and-control/dropper/execution/build/msbuild-inline-task.yaml,,"{""path"": ""Project.UsingTask.Task.Code.@Language"", ""regex"": ""^(cs|C#|csharp)$"", ""type"": ""value""}","{""arch"": null, ""for"": [""xml""], ""platforms"": [""windows""]}"
build,objectives/command-and-control/dropper/execution/build::msbuild-code-download-string,atomic,notable,MSBuild inline-code download token,objectives/command-and-control/dropper/execution/build/msbuild-inline-task.yaml,,"{""regex"": ""\\bDownload(String|Data|File)\\b"", ""type"": ""text""}","{""arch"": null, ""for"": [""xml""], ""platforms"": [""windows""]}"
build,objectives/command-and-control/dropper/execution/build::msbuild-code-process-start,atomic,notable,MSBuild inline-code process token,objectives/command-and-control/dropper/execution/build/msbuild-inline-task.yaml,,"{""regex"": ""\\bProcess\\.Start\\b"", ""type"": ""text""}","{""arch"": null, ""for"": [""xml""], ""platforms"": [""windows""]}"
build,objectives/command-and-control/dropper/execution/build::msbuild-code-virtualalloc,atomic,notable,MSBuild inline-code VirtualAlloc token,objectives/command-and-control/dropper/execution/build/msbuild-inline-task.yaml,,"{""regex"": ""\\bVirtualAlloc(Ex)?\\b"", ""type"": ""text""}","{""arch"": null, ""for"": [""xml""], ""platforms"": [""windows""]}"
build,objectives/command-and-control/dropper/execution/build::msbuild-code-marshal-delegate,atomic,notable,MSBuild inline-code delegate token,objectives/command-and-control/dropper/execution/build/msbuild-inline-task.yaml,,"{""regex"": ""\\bMarshal\\.GetDelegateForFunctionPointer\\b"", ""type"": ""text""}","{""arch"": null, ""for"": [""xml""], ""platforms"": [""windows""]}"
build,objectives/command-and-control/dropper/execution/build::msbuild-code-reflection-invoke,atomic,notable,MSBuild inline-code reflection token,objectives/command-and-control/dropper/execution/build/msbuild-inline-task.yaml,,"{""regex"": ""\\bAssembly\\.Load\\b|\\bAssembly\\.Reflection"", ""type"": ""text""}","{""arch"": null, ""for"": [""xml""], ""platforms"": [""windows""]}"
build,objectives/command-and-control/dropper/execution/build::msbuild-code-freeze-loop,atomic,notable,MSBuild inline-code loop token,objectives/command-and-control/dropper/execution/build/msbuild-inline-task.yaml,,"{""regex"": ""\\bwhile\\s*\\(\\s*true\\s*\\)"", ""type"": ""text""}","{""arch"": null, ""for"": [""xml""], ""platforms"": [""windows""]}"
build,objectives/command-and-control/dropper/execution/build::msbuild-code-automation,atomic,notable,MSBuild inline-code PowerShell token,objectives/command-and-control/dropper/execution/build/msbuild-inline-task.yaml,,"{""regex"": ""\\bSystem\\.Management\\.Automation\\b"", ""type"": ""text""}","{""arch"": null, ""for"": [""xml""], ""platforms"": [""windows""]}"
build,objectives/command-and-control/dropper/execution/build::msbuild-build-packaging-freeswitch,atomic,notable,FreeSWITCH build cache token,objectives/command-and-control/dropper/execution/build/msbuild-inline-task.yaml,,"{""regex"": ""\\b(FreeSWITCHBuildCachePath|7za1701\\.exe)\\b"", ""type"": ""text""}","{""arch"": null, ""for"": [""xml""], ""platforms"": [""windows""]}"
build,objectives/command-and-control/dropper/execution/build::msbuild-inline-vb--vb,atomic,component,Inline VB.NET code block (vb),objectives/command-and-control/dropper/execution/build/msbuild-inline-task.yaml,,"{""exact"": ""vb"", ""path"": ""Project.UsingTask.Task.Code.@Language"", ""type"": ""value""}","{""arch"": null, ""for"": [""xml""], ""platforms"": [""windows""]}"
build,objectives/command-and-control/dropper/execution/build::msbuild-inline-vb--vb-2,atomic,component,Inline VB.NET code block (VB),objectives/command-and-control/dropper/execution/build/msbuild-inline-task.yaml,,"{""exact"": ""VB"", ""path"": ""Project.UsingTask.Task.Code.@Language"", ""type"": ""value""}","{""arch"": null, ""for"": [""xml""], ""platforms"": [""windows""]}"
build,objectives/command-and-control/dropper/execution/build::msbuild-code-webclient-in-code-block,atomic,notable,MSBuild code block references WebClient,objectives/command-and-control/dropper/execution/build/msbuild-inline-task.yaml,,"{""regex"": ""(?i)<Code.{0,80}>.{0,512}\\bWebClient\\b"", ""type"": ""text""}","{""arch"": null, ""for"": [""xml""], ""platforms"": [""windows""]}"
build,objectives/command-and-control/dropper/execution/build::msbuild-code-httpclient-in-code-block,atomic,notable,MSBuild code block references HttpClient,objectives/command-and-control/dropper/execution/build/msbuild-inline-task.yaml,,"{""regex"": ""(?i)<Code.{0,80}>.{0,512}\\bHttpClient\\b"", ""type"": ""text""}","{""arch"": null, ""for"": [""xml""], ""platforms"": [""windows""]}"
build,objectives/command-and-control/dropper/execution/build::msbuild-build-packaging-task-name--buildpackagestask,atomic,notable,MSBuild custom packaging (BuildPackagesTask),objectives/command-and-control/dropper/execution/build/msbuild-inline-task.yaml,,"{""type"": ""text"", ""word"": ""BuildPackagesTask""}","{""arch"": null, ""for"": [""xml""], ""platforms"": [""windows""]}"
build,objectives/command-and-control/dropper/execution/build::msbuild-build-packaging-task-name--downloadpackagetask,atomic,notable,MSBuild custom packaging (DownloadPackageTask),objectives/command-and-control/dropper/execution/build/msbuild-inline-task.yaml,,"{""type"": ""text"", ""word"": ""DownloadPackageTask""}","{""arch"": null, ""for"": [""xml""], ""platforms"": [""windows""]}"
build,objectives/command-and-control/dropper/execution/build::msbuild-inline-vb,composite,component,Inline VB.NET code block,objectives/command-and-control/dropper/execution/build/msbuild-inline-task.yaml,msbuild-inline-vb--vb;msbuild-inline-vb--vb-2,"""""","{""arch"": null, ""for"": [""xml""], ""platforms"": [""windows""]}"
build,objectives/command-and-control/dropper/execution/build::msbuild-code-webclient,composite,component,MSBuild inline-code WebClient token,objectives/command-and-control/dropper/execution/build/msbuild-inline-task.yaml,msbuild-code-webclient-in-code-block;msbuild-code-httpclient-in-code-block,"""""","{""arch"": null, ""for"": [""xml""], ""platforms"": [""windows""]}"
build,objectives/command-and-control/dropper/execution/build::msbuild-code-create-thread,composite,component,MSBuild inline-code thread token,objectives/command-and-control/dropper/execution/build/msbuild-inline-task.yaml,micro-behaviors/process/inject/dll::create-remote-thread-text;micro-behaviors/process/create/thread::create-thread-source,"""""","{""arch"": null, ""for"": [""xml""], ""platforms"": [""windows""]}"
build,objectives/command-and-control/dropper/execution/build::msbuild-build-packaging-task-name,composite,notable,MSBuild custom packaging task name,objectives/command-and-control/dropper/execution/build/msbuild-inline-task.yaml,msbuild-build-packaging-task-name--buildpackagestask;msbuild-build-packaging-task-name--downloadpackagetask,"""""","{""arch"": null, ""for"": [""xml""], ""platforms"": [""windows""]}"
build,objectives/command-and-control/dropper/execution/build::msbuild-build-packaging-fs-helper,composite,notable,MSBuild filesystem packaging helper,objectives/command-and-control/dropper/execution/build/msbuild-inline-task.yaml,metadata/build/manifest::msbuild-project-root;micro-behaviors/data/archive/create/zip::dotnet-create-from-directory;micro-behaviors/fs/file/copy::copy-files-recursively-token,"""""","{""arch"": null, ""for"": [""xml""], ""platforms"": [""windows""]}"
build,objectives/command-and-control/dropper/execution/build::msbuild-inline-task,composite,suspicious,MSBuild inline task with code,objectives/command-and-control/dropper/execution/build/msbuild-inline-task.yaml,metadata/build/manifest::msbuild-project-root;msbuild-code-task-factory;msbuild-inline-csharp;msbuild-inline-vb;well-known/lib/runtime/scripted/python-runtime::cpython-msbuild-source-property;well-known/tool/sysadmin/oneget::oneget-msbuild-build-context;metadata/package/manager::nuget-restore-targets;well-known/app/finance/bitcoin-core::bitcoin-core-msbuild-context,"""""","{""arch"": null, ""for"": [""xml""], ""platforms"": [""windows""]}"
build,objectives/command-and-control/dropper/execution/build::msbuild-proxy-exec,composite,hostile,MSBuild inline task runs a payload,objectives/command-and-control/dropper/execution/build/msbuild-inline-task.yaml,msbuild-inline-task;msbuild-code-download-string;msbuild-code-virtualalloc;msbuild-code-create-thread;msbuild-code-marshal-delegate;msbuild-code-reflection-invoke;msbuild-code-freeze-loop;msbuild-code-automation;well-known/tool/sysadmin/oneget::oneget-msbuild-build-context;metadata/package/manager::nuget-restore-targets;well-known/app/finance/bitcoin-core::bitcoin-core-msbuild-context,"""""","{""arch"": null, ""for"": [""xml""], ""platforms"": [""windows""]}"
build,objectives/command-and-control/dropper/execution/build::msbuild-inline-dropper,composite,hostile,MSBuild inline task downloads and runs,objectives/command-and-control/dropper/execution/build/msbuild-inline-task.yaml,msbuild-inline-task;msbuild-code-webclient;msbuild-code-download-string;msbuild-code-process-start,"""""","{""arch"": null, ""for"": [""xml""], ""platforms"": [""windows""]}"
build,objectives/command-and-control/dropper/execution/build::msbuild-early-bird-apc-injection,composite,hostile,MSBuild inline task stages early-bird APC injection,objectives/command-and-control/dropper/execution/build/msbuild-inline-task.yaml,msbuild-inline-task;micro-behaviors/os/callback/apc::queue-user-apc;micro-behaviors/process/inject/runtime/call::write-process-memory-text;well-known/tool/sysadmin/oneget::oneget-msbuild-build-context;metadata/package/manager::nuget-restore-targets;well-known/app/finance/bitcoin-core::bitcoin-core-msbuild-context,"""""","{""arch"": null, ""for"": [""xml""], ""platforms"": [""windows""]}"
clickfix,objectives/command-and-control/dropper/execution/clickfix::browser-localappdata-userdata-root,atomic,notable,LocalAppData browser profile root,objectives/command-and-control/dropper/execution/clickfix/cache-staging.yaml,,"{""regex"": ""(?i)(%LocalAppData%|AppData[\\\\/]Local)[\\\\/].{1,48}[\\\\/]User Data"", ""type"": ""text""}","{""arch"": null, ""for"": [""html"", ""javascript"", ""powershell"", ""batch""], ""platforms"": [""windows""]}"
clickfix,objectives/command-and-control/dropper/execution/clickfix::browser-cache-directory-name,atomic,notable,Browser on-disk cache directory name,objectives/command-and-control/dropper/execution/clickfix/cache-staging.yaml,metadata/package/files/dependency::node-modules-path;metadata/package/files/dependency::vsix-bundled-output-path;well-known/lib/development/ts-compiler-lib::typescript-compiler-lib-context;well-known/lib/development/typescript-compiler::compiler-diagnostics-bundle,"{""regex"": ""(?i)(\\bCache_Data|[\\\\/]cache2)\\b"", ""type"": ""text""}","{""arch"": null, ""for"": [""html"", ""javascript"", ""powershell"", ""batch""], ""platforms"": [""windows""]}"
clickfix,objectives/command-and-control/dropper/execution/clickfix::image-url-cache-prefetch,atomic,notable,Prefetches a configured image URL,objectives/command-and-control/dropper/execution/clickfix/cache-staging.yaml,,"{""regex"": ""(?i)(new\\s+Image\\s*\\(\\s*\\)\\s*\\.src|fetch\\s*\\()[^;\\n]{0,80}[\""'.\\[=]image[_-]?url"", ""type"": ""text""}","{""arch"": null, ""for"": [""html"", ""javascript""], ""platforms"": [""windows""]}"
clickfix,objectives/command-and-control/dropper/execution/clickfix::steg-payload-cache-prefetch,atomic,notable,Prefetches a steganographic payload URL,objectives/command-and-control/dropper/execution/clickfix/cache-staging.yaml,,"{""regex"": ""(?i)(new\\s+Image\\s*\\(\\s*\\)\\s*\\.src|fetch\\s*\\()[^;\\n]{0,80}\\bsteg"", ""type"": ""text""}","{""arch"": null, ""for"": [""html"", ""javascript""], ""platforms"": [""windows""]}"
clickfix,objectives/command-and-control/dropper/execution/clickfix::cache-findstr-command,atomic,suspicious,findstr writes a staged fragment,objectives/command-and-control/dropper/execution/clickfix/cache-staging.yaml,,"{""regex"": ""(?i)\\bfindstr(\\.exe)?\\b.{0,160}>\\s*[\""']?%TEMP%"", ""type"": ""text""}","{""arch"": null, ""for"": [""html"", ""javascript"", ""powershell"", ""batch""], ""platforms"": [""windows""]}"
clickfix,objectives/command-and-control/dropper/execution/clickfix::temp-encoded-output,atomic,notable,TEMP path names encoded data,objectives/command-and-control/dropper/execution/clickfix/cache-staging.yaml,,"{""regex"": ""(?i)%TEMP%[\\\\/].{1,60}\\.(b64|txt)\\b"", ""type"": ""text""}","{""arch"": null, ""for"": [""html"", ""javascript"", ""powershell"", ""batch""], ""platforms"": [""windows""]}"
clickfix,objectives/command-and-control/dropper/execution/clickfix::certutil-decode-temp,atomic,suspicious,Certutil decodes data into TEMP,objectives/command-and-control/dropper/execution/clickfix/cache-staging.yaml,,"{""regex"": ""(?i)\\bcertutil(\\.exe)?\\b.{0,100}-decode.{0,100}%TEMP%"", ""type"": ""text""}","{""arch"": null, ""for"": [""html"", ""javascript"", ""powershell"", ""batch""], ""platforms"": [""windows""]}"
clickfix,objectives/command-and-control/dropper/execution/clickfix::temp-js-output,atomic,notable,TEMP path names a JavaScript stage,objectives/command-and-control/dropper/execution/clickfix/cache-staging.yaml,,"{""regex"": ""(?i)%TEMP%[\\\\/].{1,60}\\.js\\b"", ""type"": ""text""}","{""arch"": null, ""for"": [""html"", ""javascript"", ""powershell"", ""batch""], ""platforms"": [""windows""]}"
clickfix,objectives/command-and-control/dropper/execution/clickfix::temp-vbs-output,atomic,notable,TEMP path names a VBScript stage,objectives/command-and-control/dropper/execution/clickfix/cache-staging.yaml,,"{""regex"": ""(?i)%TEMP%[\\\\/].{1,60}\\.vbs\\b"", ""type"": ""text""}","{""arch"": null, ""for"": [""html"", ""javascript"", ""powershell"", ""batch""], ""platforms"": [""windows""]}"
clickfix,objectives/command-and-control/dropper/execution/clickfix::temp-powershell-output,atomic,notable,TEMP path names a PowerShell stage,objectives/command-and-control/dropper/execution/clickfix/cache-staging.yaml,,"{""regex"": ""(?i)%TEMP%[\\\\/].{1,60}\\.ps1\\b"", ""type"": ""text""}","{""arch"": null, ""for"": [""html"", ""javascript"", ""powershell"", ""batch""], ""platforms"": [""windows""]}"
clickfix,objectives/command-and-control/dropper/execution/clickfix::temp-hta-output,atomic,notable,TEMP path names an HTA stage,objectives/command-and-control/dropper/execution/clickfix/cache-staging.yaml,,"{""regex"": ""(?i)%TEMP%[\\\\/].{1,60}\\.hta\\b"", ""type"": ""text""}","{""arch"": null, ""for"": [""html"", ""javascript"", ""powershell"", ""batch""], ""platforms"": [""windows""]}"
clickfix,objectives/command-and-control/dropper/execution/clickfix::browser-profile-cache-data-path,composite,notable,Browser profile contains a cache path,objectives/command-and-control/dropper/execution/clickfix/cache-staging.yaml,browser-localappdata-userdata-root;browser-cache-directory-name,"""""","{""arch"": null, ""for"": [""html"", ""javascript"", ""powershell"", ""batch""], ""platforms"": [""windows""]}"
clickfix,objectives/command-and-control/dropper/execution/clickfix::browser-prefetches-configured-image,composite,notable,Browser fetches a configured image,objectives/command-and-control/dropper/execution/clickfix/cache-staging.yaml,image-url-cache-prefetch;steg-payload-cache-prefetch,"""""","{""arch"": null, ""for"": [""html"", ""javascript""], ""platforms"": [""windows""]}"
clickfix,objectives/command-and-control/dropper/execution/clickfix::cache-marked-payload-carve,composite,suspicious,findstr carves data into TEMP,objectives/command-and-control/dropper/execution/clickfix/cache-staging.yaml,cache-findstr-command;temp-encoded-output,"""""","{""arch"": null, ""for"": [""html"", ""javascript"", ""powershell"", ""batch""], ""platforms"": [""windows""]}"
clickfix,objectives/command-and-control/dropper/execution/clickfix::temp-script-output,composite,notable,TEMP path names a script,objectives/command-and-control/dropper/execution/clickfix/cache-staging.yaml,temp-js-output;temp-vbs-output;temp-powershell-output;temp-hta-output,"""""","{""arch"": null, ""for"": [""html"", ""javascript"", ""powershell"", ""batch""], ""platforms"": [""windows""]}"
clickfix,objectives/command-and-control/dropper/execution/clickfix::cache-certutil-script-decode,composite,suspicious,Certutil decodes a TEMP script,objectives/command-and-control/dropper/execution/clickfix/cache-staging.yaml,certutil-decode-temp;temp-script-output,"""""","{""arch"": null, ""for"": [""html"", ""javascript"", ""powershell"", ""batch""], ""platforms"": [""windows""]}"
clickfix,objectives/command-and-control/dropper/execution/clickfix::browser-cache-script-recovery,composite,hostile,Browser cache payload is decoded and launched,objectives/command-and-control/dropper/execution/clickfix/cache-staging.yaml,browser-profile-cache-data-path;cache-marked-payload-carve;cache-certutil-script-decode;micro-behaviors/process/create/shell/script-host::temp-script-host-path,"""""","{""arch"": null, ""for"": [""html"", ""javascript"", ""powershell"", ""batch""], ""platforms"": [""windows""]}"
clickfix,objectives/command-and-control/dropper/execution/clickfix::browser-cache-recursive-script-recovery,composite,hostile,Recursively searches browser cache for scripts,objectives/command-and-control/dropper/execution/clickfix/cache-staging.yaml,browser-cache-script-recovery;micro-behaviors/fs/enumerate/directory::batch-recursive-for-loop,"""""","{""arch"": null, ""for"": [""html"", ""javascript"", ""powershell"", ""batch""], ""platforms"": [""windows""]}"
clickfix,objectives/command-and-control/dropper/execution/clickfix::clickfix-browser-cache-command-lure,composite,hostile,Copies a cache-carving command to clipboard,objectives/command-and-control/dropper/execution/clickfix/cache-staging.yaml,browser-profile-cache-data-path;micro-behaviors/fs/enumerate/directory::batch-recursive-for-loop;cache-marked-payload-carve;micro-behaviors/os/clipboard/write::browser-clipboard-write,"""""","{""arch"": null, ""for"": [""html"", ""javascript""], ""platforms"": [""windows""]}"
clickfix,objectives/command-and-control/dropper/execution/clickfix::browser-cached-image-script-loader,composite,hostile,Cached image stage is script-loaded,objectives/command-and-control/dropper/execution/clickfix/cache-staging.yaml,browser-cache-script-recovery;browser-prefetches-configured-image;micro-behaviors/os/clipboard/write::browser-clipboard-write,"""""","{""arch"": null, ""for"": [""html"", ""javascript""], ""platforms"": [""windows""]}"
clickfix,objectives/command-and-control/dropper/execution/clickfix::iex-webclient-downloadstring-cradle,atomic,suspicious,IEX evaluates WebClient DownloadString,objectives/command-and-control/dropper/execution/clickfix/clipboard-webclient.yaml,,"{""regex"": ""(?i)IEX\\s*\\(\\s*\\(?\\s*New-Object\\s+Net\\.WebClient\\s*\\)?\\.DownloadString\\s*\\("", ""type"": ""text""}","{""arch"": null, ""for"": [""javascript"", ""html"", ""powershell""], ""platforms"": [""windows""]}"
clickfix,objectives/command-and-control/dropper/execution/clickfix::powershell-hidden-ep-bypass-flags,atomic,suspicious,PowerShell hidden window with -ep bypass,objectives/command-and-control/dropper/execution/clickfix/clipboard-webclient.yaml,,"{""regex"": ""(?i)powershell(\\.exe)?\\s+(-w(indowstyle)?\\s+hidden|-w\\s+h).{0,40}-ep\\s+bypass"", ""type"": ""text""}","{""arch"": null, ""for"": [""html"", ""javascript""], ""platforms"": [""windows""]}"
clickfix,objectives/command-and-control/dropper/execution/clickfix::clickfix-clipboard-webclient-iex-cradle,composite,hostile,ClickFix clipboard stages hidden IEX DownloadString,objectives/command-and-control/dropper/execution/clickfix/clipboard-webclient.yaml,micro-behaviors/os/clipboard/write::browser-clipboard-write;iex-webclient-downloadstring-cradle;powershell-hidden-ep-bypass-flags;objectives/execution/lure/clipboard/instruction::html-winr-shortcut-instruction;objectives/execution/lure/clipboard/instruction::paste-enter-instruction-generic;objectives/execution/lure/clipboard/page::remote-human-check-page,"""""","{""arch"": null, ""for"": [""html"", ""javascript""], ""platforms"": [""windows""]}"
clickfix,objectives/command-and-control/dropper/execution/clickfix::see-mask-nozonechecks-env,atomic,suspicious,Sets SEE_MASK_NOZONECHECKS MOTW bypass,objectives/command-and-control/dropper/execution/clickfix/errtraffic-powershell.yaml,,"{""regex"": ""(?i)\\$env:SEE_MASK_NOZONECHECKS\\s*=\\s*1"", ""type"": ""text""}","{""arch"": null, ""for"": [""powershell"", ""html"", ""javascript""], ""platforms"": [""windows""]}"
clickfix,objectives/command-and-control/dropper/execution/clickfix::errtraffic-clickfix-powershell-stage,composite,hostile,ErrTraffic ClickFix PowerShell download stage,objectives/command-and-control/dropper/execution/clickfix/errtraffic-powershell.yaml,objectives/command-and-control/dropper/execution/fileless::clickfix-code-verification-comment;see-mask-nozonechecks-env;objectives/anti-static/obfuscation/string/concat::ps-iwr-concat;objectives/command-and-control/dropper/execution/clickfix::iex-webclient-downloadstring-cradle,"""""","{""arch"": null, ""for"": [""powershell"", ""html"", ""javascript""], ""platforms"": [""windows""]}"
clickfix,objectives/command-and-control/dropper/execution/clickfix::errtraffic-clickfix-api-ctx,atomic,suspicious,ErrTraffic ClickFix command API query,objectives/command-and-control/dropper/execution/clickfix/errtraffic-stage.yaml,,"{""regex"": ""(?i)/api/index\\.php\\?a=ctx&os="", ""type"": ""text""}","{""arch"": null, ""for"": [""powershell"", ""html"", ""javascript""], ""platforms"": [""windows""]}"
clickfix,objectives/command-and-control/dropper/execution/clickfix::errtraffic-code-verification-download-stage,composite,hostile,ErrTraffic Code Verification stage downloads a payload,objectives/command-and-control/dropper/execution/clickfix/errtraffic-stage.yaml,objectives/command-and-control/dropper/execution/fileless::clickfix-code-verification-comment;micro-behaviors/communications/http/client/managed::downloaddata;micro-behaviors/communications/http/client/managed::downloadstring;micro-behaviors/communications/http/lib/invoke-webrequest::request-powershell;objectives/command-and-control/dropper/execution/clickfix::iex-webclient-downloadstring-cradle,"""""","{""arch"": null, ""for"": [""powershell""], ""platforms"": [""windows""]}"
clickfix,objectives/command-and-control/dropper/execution/clickfix::errtraffic-code-verification-hollow-host,composite,hostile,ErrTraffic stage hollows into a signed Microsoft host,objectives/command-and-control/dropper/execution/clickfix/errtraffic-stage.yaml,objectives/command-and-control/dropper/execution/fileless::clickfix-code-verification-comment;micro-behaviors/process/create/runtime-host::servicemodelreg-exe-name;objectives/evasion/process/injection/runtime::powershell-process-memory-injector;objectives/evasion/process/injection/runtime::ps-kernel32-dllimport;micro-behaviors/process/create/flags::create-suspended-flag-reference,"""""","{""arch"": null, ""for"": [""powershell""], ""platforms"": [""windows""]}"
clickfix,objectives/command-and-control/dropper/execution/clickfix::clickfix-clipboard-mshta-remote-payload,composite,hostile,ClickFix clipboard stages a remote payload through MSHTA,objectives/command-and-control/dropper/execution/clickfix/installfix-mshta.yaml,micro-behaviors/os/clipboard/write::browser-clipboard-write;objectives/execution/interpreter/script/mshta::mshta-remote-url;objectives/execution/lure/clipboard/instruction::html-winr-shortcut-instruction;objectives/execution/lure/clipboard/instruction::paste-enter-instruction-generic,"""""","{""arch"": null, ""for"": [""html"", ""javascript""], ""platforms"": [""windows""]}"
clickfix,objectives/command-and-control/dropper/execution/clickfix::clickfix-clipboard-browser-gpu-launcher,composite,hostile,OS-gated clipboard stages Chromium GPU shell,objectives/command-and-control/dropper/execution/clickfix/installfix-mshta.yaml,micro-behaviors/os/clipboard/write::browser-clipboard-write;micro-behaviors/communications/http/user-agent::navigator-useragent-regex-test-branch;micro-behaviors/process/create/flags::chromium-gpu-launcher-shell;objectives/execution/interpreter/script/mshta::mshta-remote-url,"""""","{""arch"": null, ""for"": [""html"", ""javascript""], ""platforms"": [""windows""]}"
clickfix,objectives/command-and-control/dropper/execution/clickfix::installfix-clipboard-mshta-package,composite,hostile,Clipboard InstallFix stages remote MSHTA package,objectives/command-and-control/dropper/execution/clickfix/installfix-mshta.yaml,micro-behaviors/os/clipboard/write::browser-clipboard-write;objectives/execution/interpreter/script/mshta::mshta-remote-package-url;objectives/execution/lure/clipboard/instruction::html-winr-shortcut-instruction;objectives/execution/lure/clipboard/instruction::paste-enter-instruction-generic,"""""","{""arch"": null, ""for"": [""html"", ""javascript""], ""platforms"": [""windows""]}"
clickfix,objectives/command-and-control/dropper/execution/clickfix::clickfix-clipboard-irm-iex-cradle,composite,hostile,ClickFix clipboard stages hidden irm|iex cradle,objectives/command-and-control/dropper/execution/clickfix/installfix-mshta.yaml,micro-behaviors/os/clipboard/write::browser-clipboard-write;powershell-hidden-ep-bypass-flags;objectives/execution/lure/clipboard/instruction::html-winr-shortcut-instruction;micro-behaviors/communications/http/lib/invoke-webrequest::embedded-irm-iex-pipeline;micro-behaviors/communications/http/lib/invoke-webrequest::embedded-iex-irm-call,"""""","{""arch"": null, ""for"": [""html"", ""javascript""], ""platforms"": [""windows""]}"
clickfix,objectives/command-and-control/dropper/execution/clickfix::macos-clickfix-archive-launchagent,composite,hostile,macOS ClickFix archive to LaunchAgent,objectives/command-and-control/dropper/execution/clickfix/macos-archive-launchagent.yaml,micro-behaviors/communications/tls/verify/disable::curl-insecure;micro-behaviors/communications/http/download/curl::curl-zip-output;micro-behaviors/data/archive/extract/zip::unzip-quiet-dir;micro-behaviors/os/service/launchagent::shell-launchagent-plist-write;micro-behaviors/fs/chmod/executable/mode::chmod-exec-absolute-path,"""""","{""arch"": null, ""for"": [""shell""], ""platforms"": [""macos""]}"
clickfix,objectives/command-and-control/dropper/execution/clickfix::macos-clickfix-detached-launchagent-stage,composite,hostile,macOS ClickFix detached LaunchAgent stage,objectives/command-and-control/dropper/execution/clickfix/macos-archive-launchagent.yaml,micro-behaviors/os/service/launchagent::shell-launchagent-plist-write;micro-behaviors/process/daemonize/detach::nohup-hidden-output;micro-behaviors/fs/chmod/executable/mode::chmod-exec-absolute-path,"""""","{""arch"": null, ""for"": [""shell""], ""platforms"": [""macos""]}"
clickfix,objectives/command-and-control/dropper/execution/clickfix::sh-herestring-echo-cmdsubst,atomic,suspicious,Bash here-string from echo or printf,objectives/command-and-control/dropper/execution/clickfix/macos-here-string.yaml,,"{""regex"": ""(?i)\\b(ba)?sh\\s*<<<\\s*\\$\\(\\s*(echo|printf)\\b"", ""type"": ""text""}","{""arch"": null, ""for"": [""shell"", ""html"", ""javascript"", ""markdown""], ""platforms"": [""macos""]}"
clickfix,objectives/command-and-control/dropper/execution/clickfix::osascript-e-echo-cmdsubst,atomic,suspicious,osascript -e from echo or printf,objectives/command-and-control/dropper/execution/clickfix/macos-here-string.yaml,,"{""regex"": ""(?i)\\bosascript\\s+-e.{0,40}\\$\\(\\s*(echo|printf)\\b"", ""type"": ""text""}","{""arch"": null, ""for"": [""shell"", ""html"", ""javascript"", ""markdown""], ""platforms"": [""macos""]}"
clickfix,objectives/command-and-control/dropper/execution/clickfix::bash-herestring-base64-decode,composite,suspicious,Bash here-string executes base64-decoded payload,objectives/command-and-control/dropper/execution/clickfix/macos-here-string.yaml,sh-herestring-echo-cmdsubst;objectives/command-and-control/dropper/execution/browser::clickfix-base64-decode;micro-behaviors/data/decode/base64::base64-d-cmd;micro-behaviors/data/decode/base64::base64-decode-cmd,"""""","{""arch"": null, ""for"": [""shell"", ""html"", ""javascript"", ""markdown""], ""platforms"": [""macos""]}"
clickfix,objectives/command-and-control/dropper/execution/clickfix::osascript-e-base64-decode,composite,suspicious,osascript -e runs base64-decoded AppleScript,objectives/command-and-control/dropper/execution/clickfix/macos-here-string.yaml,osascript-e-echo-cmdsubst;objectives/command-and-control/dropper/execution/browser::clickfix-base64-decode;micro-behaviors/data/decode/base64::base64-d-cmd;micro-behaviors/data/decode/base64::base64-decode-cmd,"""""","{""arch"": null, ""for"": [""shell"", ""html"", ""javascript"", ""markdown""], ""platforms"": [""macos""]}"
clickfix,objectives/command-and-control/dropper/execution/clickfix::macos-clickfix-herestring-curl-bash,composite,hostile,ClickFix here-string wraps curl-pipe bash,objectives/command-and-control/dropper/execution/clickfix/macos-here-string.yaml,bash-herestring-base64-decode;micro-behaviors/process/create/shell/pipeline::curl-pipe-bash-execution;objectives/command-and-control/dropper/delivery/pipe::curl-pipe-shell;micro-behaviors/process/create/shell/pipeline::curl-pipe-shell-text,"""""","{""arch"": null, ""for"": [""shell"", ""html"", ""javascript"", ""markdown""], ""platforms"": [""macos""]}"
clickfix,objectives/command-and-control/dropper/execution/clickfix::macos-clickfix-osascript-b64-stage,composite,hostile,Encoded osascript -e stage with remote pipe,objectives/command-and-control/dropper/execution/clickfix/macos-here-string.yaml,osascript-e-base64-decode;objectives/command-and-control/dropper/staging/memory::curl-osascript;micro-behaviors/process/create/script/osascript::pipe-osascript;micro-behaviors/process/create/shell/pipeline::curl-pipe-bash-execution,"""""","{""arch"": null, ""for"": [""shell"", ""html"", ""javascript"", ""markdown""], ""platforms"": [""macos""]}"
clickfix,objectives/command-and-control/dropper/execution/clickfix::macos-apple-cache-directory,atomic,suspicious,Uses an Apple-looking cache directory,objectives/command-and-control/dropper/execution/clickfix/macos-stealer.yaml,,"{""regex"": ""(?i)/Library/Caches/com\\.apple\\.(metadata|trustd|homeenergyd|softwareupdate|securityd)\\b"", ""type"": ""text""}","{""arch"": null, ""for"": [""shell"", ""javascript"", ""typescript"", ""go"", ""python"", ""macho""], ""platforms"": [""macos""]}"
clickfix,objectives/command-and-control/dropper/execution/clickfix::macos-apple-cache-payload,atomic,suspicious,Uses Apple-looking cache payload name,objectives/command-and-control/dropper/execution/clickfix/macos-stealer.yaml,,"{""regex"": ""(?i)(com\\.apple\\.(verified|homeenergyd)|/com\\.apple\\.softwareupdate/SoftwareUpdate)\\b"", ""type"": ""text""}","{""arch"": null, ""for"": [""shell"", ""javascript"", ""typescript"", ""go"", ""python"", ""macho""], ""platforms"": [""macos""]}"
clickfix,objectives/command-and-control/dropper/execution/clickfix::macos-clickfix-trust-cache-stage,composite,hostile,Stages executable in unquarantined trust cache,objectives/command-and-control/dropper/execution/clickfix/macos-stealer.yaml,macos-apple-cache-directory;macos-apple-cache-payload;micro-behaviors/fs/attributes/xattr::xattr-quarantine-remove;micro-behaviors/fs/chmod/executable/mode::chmod-exec-var-target;micro-behaviors/fs/chmod/executable/mode::chmod-exec-absolute-path;micro-behaviors/fs/chmod/executable/mode::chmod-exec-literal-target,"""""","{""arch"": null, ""for"": [""shell""], ""platforms"": [""macos""]}"
clickfix,objectives/command-and-control/dropper/execution/clickfix::macos-clickfix-arch-cache-stage,composite,hostile,Architecture-selected payload staged in Apple-looking cache,objectives/command-and-control/dropper/execution/clickfix/macos-stealer.yaml,micro-behaviors/os/sysinfo/platform/arch::arch-aware-curl-download;macos-apple-cache-directory;macos-apple-cache-payload,"""""","{""arch"": null, ""for"": [""shell""], ""platforms"": [""macos""]}"
clickfix,objectives/command-and-control/dropper/execution/clickfix::macos-signed-apple-cache-stage,composite,hostile,Ad-hoc signed payload launches from an Apple-looking cache path,objectives/command-and-control/dropper/execution/clickfix/macos-stealer.yaml,macos-apple-cache-directory;macos-apple-cache-payload;micro-behaviors/fs/attributes/xattr::xattr-quarantine-remove;micro-behaviors/os/security/gatekeeper::codesign-ad-hoc-signing;micro-behaviors/process/daemonize/detach::nohup-shell-launch,"""""","{""arch"": null, ""for"": [""shell""], ""platforms"": [""macos""]}"
clickfix,objectives/command-and-control/dropper/execution/clickfix::shell-verification-theater-binary-launch,composite,hostile,Launches a download behind a fake verification message,objectives/command-and-control/dropper/execution/clickfix/shell-verification-theater.yaml,micro-behaviors/ui/keywords::human-verification-passed-message;micro-behaviors/communications/http/download/cli::curl-command-call;micro-behaviors/fs/chmod/executable/mode::chmod-exec-var-target;micro-behaviors/process/create/local-exec::execute-quoted-var,"""""","{""arch"": null, ""for"": [""shell""], ""platforms"": [""macos"", ""linux""]}"
clickfix,objectives/command-and-control/dropper/execution/clickfix::verification-console-wording,atomic,notable,Human-verification or CAPTCHA wording,objectives/command-and-control/dropper/execution/clickfix/terminalfix.yaml,,"{""regex"": ""(?i)\\b(captcha|human verification|verify you are human|not[- ]a[- ]robot)\\b"", ""type"": ""text""}","{""arch"": null, ""for"": [""powershell""], ""platforms"": [""windows""]}"
clickfix,objectives/command-and-control/dropper/execution/clickfix::powershell-colored-verification-console,composite,suspicious,Colored console verification theater,objectives/command-and-control/dropper/execution/clickfix/terminalfix.yaml,micro-behaviors/ui/terminal::powershell-writehost-foregroundcolor;verification-console-wording,"""""","{""arch"": null, ""for"": [""powershell""], ""platforms"": [""windows""]}"
clickfix,objectives/command-and-control/dropper/execution/clickfix::terminalfix-verification-console-zip-stage,composite,hostile,Fake verification console hides archive stage,objectives/command-and-control/dropper/execution/clickfix/terminalfix.yaml,powershell-colored-verification-console;objectives/command-and-control/dropper/file-exec/spawn::powershell-download-archive-execute;objectives/command-and-control/dropper/staging/disk::programdata-hex-staging-dir;micro-behaviors/process/create/hidden::powershell-windowstyle-hidden-option,"""""","{""arch"": null, ""for"": [""powershell""], ""platforms"": [""windows""]}"
clickfix,objectives/command-and-control/dropper/execution/clickfix::conhost-headless-dash-cmd,atomic,notable,conhost --headless -- cmd launcher,objectives/command-and-control/dropper/execution/clickfix/webdav-rundll32.yaml,,"{""regex"": ""(?i)\\bconhost(\\.exe)?\\s+--headless\\s+--\\s+cmd(\\.exe)?\\b"", ""type"": ""text""}","{""arch"": null, ""for"": [""batch"", ""powershell"", ""javascript"", ""html"", ""vbs"", ""text""], ""platforms"": [""windows""]}"
clickfix,objectives/command-and-control/dropper/execution/clickfix::caret-split-rundll32,atomic,notable,Caret-obfuscated rundll32 token,objectives/command-and-control/dropper/execution/clickfix/webdav-rundll32.yaml,well-known/lib/ui/textmate::frozen-json-grammar-module,"{""regex"": ""(?i)\\br\\^?u\\^?n\\^?d\\^?l\\^?l\\^?3\\^?2\\b"", ""type"": ""text""}","{""arch"": null, ""for"": [""batch"", ""powershell"", ""javascript"", ""html"", ""vbs"", ""text""], ""platforms"": [""windows""]}"
clickfix,objectives/command-and-control/dropper/execution/clickfix::rundll32-named-run-export,atomic,notable,Rundll32 named Run export,objectives/command-and-control/dropper/execution/clickfix/webdav-rundll32.yaml,,"{""regex"": ""(?i)\\.dll,\\s*Run\\b"", ""type"": ""text""}","{""arch"": null, ""for"": [""batch"", ""powershell"", ""javascript"", ""html"", ""vbs"", ""text""], ""platforms"": [""windows""]}"
clickfix,objectives/command-and-control/dropper/execution/clickfix::cmd-delayed-expansion-c,atomic,notable,cmd delayed-expansion /v:on /c,objectives/command-and-control/dropper/execution/clickfix/webdav-rundll32.yaml,,"{""regex"": ""(?i)/v:on\\s+/c\\b"", ""type"": ""text""}","{""arch"": null, ""for"": [""batch"", ""powershell"", ""javascript"", ""html"", ""vbs"", ""text""], ""platforms"": [""windows""]}"
clickfix,objectives/command-and-control/dropper/execution/clickfix::delayed-ssl-webdav-share,composite,suspicious,Delayed-expansion WebDAV SSL share,objectives/command-and-control/dropper/execution/clickfix/webdav-rundll32.yaml,micro-behaviors/communications/http/webdav::delayed-ssl-share-var;micro-behaviors/communications/http/webdav::webdav-delayed-ssl-unc,"""""","{""arch"": null, ""for"": [""batch"", ""powershell"", ""javascript"", ""html"", ""vbs"", ""text""], ""platforms"": [""windows""]}"
clickfix,objectives/command-and-control/dropper/execution/clickfix::conhost-webdav-rundll32-run,composite,hostile,Hidden conhost maps WebDAV then rundll32 Run,objectives/command-and-control/dropper/execution/clickfix/webdav-rundll32.yaml,conhost-headless-dash-cmd;delayed-ssl-webdav-share;rundll32-named-run-export,"""""","{""arch"": null, ""for"": [""batch"", ""powershell"", ""javascript"", ""html"", ""vbs"", ""text""], ""platforms"": [""windows""]}"
clickfix,objectives/command-and-control/dropper/execution/clickfix::caret-webdav-rundll32-run,composite,hostile,Caret-obfuscated rundll32 Run over WebDAV,objectives/command-and-control/dropper/execution/clickfix/webdav-rundll32.yaml,caret-split-rundll32;delayed-ssl-webdav-share;rundll32-named-run-export,"""""","{""arch"": null, ""for"": [""batch"", ""powershell"", ""javascript"", ""html"", ""vbs"", ""text""], ""platforms"": [""windows""]}"
clickfix,objectives/command-and-control/dropper/execution/clickfix::headless-conhost-webdav-ordinal-loader,composite,hostile,Headless conhost launches split WebDAV ordinal,objectives/command-and-control/dropper/execution/clickfix/webdav-rundll32.yaml,micro-behaviors/process/create/hidden::conhost-headless;cmd-delayed-expansion-c;micro-behaviors/communications/http/webdav::webdav-ssl-unc-path;objectives/anti-static/obfuscation/string/delimiter::cmd-prefix-toolchain-reconstruction;objectives/execution/lolbin/os::webdav-ordinal-export-argument,"""""","{""arch"": null, ""for"": [""batch"", ""javascript"", ""powershell"", ""vbs""], ""platforms"": [""windows""]}"
clickfix,objectives/command-and-control/dropper/execution/clickfix::clipboard-webdav-ordinal-loader,composite,hostile,Browser clipboard stages split WebDAV ordinal,objectives/command-and-control/dropper/execution/clickfix/webdav-rundll32.yaml,micro-behaviors/os/clipboard/write::browser-clipboard-write;micro-behaviors/communications/http/webdav::webdav-ssl-unc-path;objectives/anti-static/obfuscation/string/delimiter::cmd-prefix-toolchain-reconstruction;objectives/execution/lolbin/os::webdav-ordinal-export-argument,"""""","{""arch"": null, ""for"": [""javascript""], ""platforms"": [""windows""]}"
clickfix,objectives/command-and-control/dropper/execution/clickfix::node-tar-extract-flag,atomic,component,Node tar extraction flag,objectives/command-and-control/dropper/execution/clickfix/windows-archive-script-chain.yaml,,"{""regex"": ""[\""']-[xX][fF][\""']"", ""type"": ""text""}","{""arch"": null, ""for"": [""javascript"", ""typescript""], ""platforms"": [""windows""]}"
clickfix,objectives/command-and-control/dropper/execution/clickfix::clickfix-curl-hta-download,composite,hostile,Clipboard command downloads an HTA stage through the Windows shell,objectives/command-and-control/dropper/execution/clickfix/windows-archive-script-chain.yaml,micro-behaviors/os/clipboard/write::browser-clipboard-write;micro-behaviors/fs/path/extension::hta-extension;micro-behaviors/process/create/shell/command-mode::windows-command-shell-invocation;micro-behaviors/communications/http/download/curl::source-curl-output-option;objectives/anti-static/obfuscation/string/delimiter::cmd-delayed-curl-fragment-pair,"""""","{""arch"": null, ""for"": [""javascript"", ""html""], ""platforms"": [""windows""]}"
clickfix,objectives/command-and-control/dropper/execution/clickfix::node-clickfix-remote-archive-script-launch,composite,hostile,Node archive and WScript launch,objectives/command-and-control/dropper/execution/clickfix/windows-archive-script-chain.yaml,micro-behaviors/communications/http/request/client::https-get;micro-behaviors/fs/write/file/full::node-write-file-sync;micro-behaviors/data/archive/extract/tar::node-spawn-tar-extract;node-tar-extract-flag;micro-behaviors/process/create/shell/bridge::execSync-call;micro-behaviors/process/create/shell/script-host::temp-script-host-path,"""""","{""arch"": null, ""for"": [""javascript"", ""typescript""], ""platforms"": [""windows""]}"
clickfix,objectives/command-and-control/dropper/execution/clickfix::node-clickfix-run-key-wscript-persistence,composite,hostile,Node Run-key WScript persistence,objectives/command-and-control/dropper/execution/clickfix/windows-archive-script-chain.yaml,node-run-key-wscript-temp;micro-behaviors/process/create/shell/bridge::execSync-call,"""""","{""arch"": null, ""for"": [""javascript"", ""typescript""], ""platforms"": [""windows""]}"
clickfix,objectives/command-and-control/dropper/execution/clickfix::node-run-key-wscript-temp,composite,suspicious,Node Run-key WScript temp launcher,objectives/command-and-control/dropper/execution/clickfix/windows-archive-script-chain.yaml,micro-behaviors/os/registry/keys::currentversion-run;micro-behaviors/process/create/shell/script-host::temp-script-host-path,"""""","{""arch"": null, ""for"": [""javascript"", ""typescript""], ""platforms"": [""windows""]}"
clickfix,objectives/command-and-control/dropper/execution/clickfix::cmdkey-external-ip-credential-stage,atomic,suspicious,cmdkey credential stage for external IP,objectives/command-and-control/dropper/execution/clickfix/windows-lolbin-chain.yaml,,"{""regex"": ""(?i)\\bcmdkey(\\.exe)?\\s+/add:([1-9][0-9]{0,2}\\.){3}[0-9]{1,3}\\s+/user:\\S{1,80}"", ""type"": ""text""}","{""arch"": null, ""for"": [""batch"", ""powershell"", ""text"", ""html"", ""javascript""], ""platforms"": [""windows""]}"
clickfix,objectives/command-and-control/dropper/execution/clickfix::schtasks-remote-unc-xml-unc-path,atomic,component,schtasks remote UNC XML path,objectives/command-and-control/dropper/execution/clickfix/windows-lolbin-chain.yaml,,"{""case_insensitive"": true, ""regex"": ""(?i)/(xml|tn)\\s+[\""']?\\|\\[^\\s]{1,120}\\[^\\s]{1,120}\\.xml\\b"", ""type"": ""text""}","{""arch"": null, ""for"": [""batch"", ""powershell"", ""text"", ""html"", ""javascript"", ""pe"", ""dll""], ""platforms"": [""windows""]}"
clickfix,objectives/command-and-control/dropper/execution/clickfix::schtasks-remote-xml-url,atomic,notable,schtasks remote XML URL,objectives/command-and-control/dropper/execution/clickfix/windows-lolbin-chain.yaml,,"{""case_insensitive"": true, ""regex"": ""(?i)/(xml|tn)\\s+[\""']?https?://[^\\s]{1,200}\\.xml\\b"", ""type"": ""text""}","{""arch"": null, ""for"": [""batch"", ""powershell"", ""text"", ""html"", ""javascript"", ""pe"", ""dll""], ""platforms"": [""windows""]}"
clickfix,objectives/command-and-control/dropper/execution/clickfix::clickfix-rem-not-robot-comment,atomic,suspicious,ClickFix not robot REM comment,objectives/command-and-control/dropper/execution/clickfix/windows-lolbin-chain.yaml,,"{""regex"": ""(?i)\\bREM\\s+I\\s+am\\s+not\\s+a\\s+robot\\b"", ""type"": ""text""}","{""arch"": null, ""for"": [""batch"", ""powershell"", ""text"", ""html"", ""javascript""], ""platforms"": [""windows""]}"
clickfix,objectives/command-and-control/dropper/execution/clickfix::cmd-chained-shell-command,atomic,notable,cmd.exe chained shell command,objectives/command-and-control/dropper/execution/clickfix/windows-lolbin-chain.yaml,,"{""regex"": ""(?i)\\bcmd(\\.exe)?\\s+/c\\b.{0,120}(&&|&)"", ""type"": ""text""}","{""arch"": null, ""for"": [""batch"", ""powershell"", ""text"", ""html"", ""javascript""], ""platforms"": [""windows""]}"
clickfix,objectives/command-and-control/dropper/execution/clickfix::schtasks-remote-unc-xml--rx-3,composite,component,schtasks remote XML path,objectives/command-and-control/dropper/execution/clickfix/windows-lolbin-chain.yaml,schtasks-remote-unc-xml-unc-path;schtasks-remote-xml-url,"""""","{""arch"": null, ""for"": [""batch"", ""powershell"", ""text"", ""html"", ""javascript"", ""pe"", ""dll""], ""platforms"": [""windows""]}"
clickfix,objectives/command-and-control/dropper/execution/clickfix::dllregisterserver-remote-schtasks,composite,hostile,DLLRegisterServer remote XML task,objectives/command-and-control/dropper/execution/clickfix/windows-lolbin-chain.yaml,schtasks-remote-unc-xml;metadata/binary/symbols/exports::export-dll-register-server;metadata/binary/symbols/exports::export-dll-unregister-server,"""""","{""arch"": null, ""for"": null, ""platforms"": [""windows""]}"
clickfix,objectives/command-and-control/dropper/execution/clickfix::clickfix-cmdkey-regsvr32-unc-chain,composite,hostile,ClickFix cmdkey and regsvr32 UNC DLL chain,objectives/command-and-control/dropper/execution/clickfix/windows-lolbin-chain.yaml,cmdkey-external-ip-credential-stage;micro-behaviors/process/create/launch::regsvr32;objectives/execution/lure/clipboard/write::browser-clipboard-write;clickfix-rem-not-robot-comment;cmd-chained-shell-command,"""""","{""arch"": null, ""for"": [""batch"", ""javascript"", ""powershell""], ""platforms"": [""windows""]}"
clickfix,objectives/command-and-control/dropper/execution/clickfix::schtasks-remote-unc-xml,composite,suspicious,schtasks creates task from remote UNC XML,objectives/command-and-control/dropper/execution/clickfix/windows-lolbin-chain.yaml,micro-behaviors/os/autorun/scheduled::schtasks-utility-token;schtasks-remote-unc-xml--rx-3,"""""","{""arch"": null, ""for"": [""batch"", ""powershell"", ""text"", ""html"", ""javascript"", ""pe"", ""dll""], ""platforms"": [""windows""]}"
dropper-script,objectives/command-and-control/dropper/execution/dropper-script::jscript-savetofile-adodb-table,atomic,suspicious,JScript SaveToFile and ADODB string table,objectives/command-and-control/dropper/execution/dropper-script/javascript.yaml,,"{""regex"": ""SaveToFile.{0,260}ADODB\\.Stream"", ""type"": ""text""}","{""arch"": null, ""for"": [""javascript""], ""platforms"": [""windows""]}"
dropper-script,objectives/command-and-control/dropper/execution/dropper-script::jscript-adodb-serverxmlhttp-table,atomic,notable,JScript ADODB and ServerXMLHTTP table,objectives/command-and-control/dropper/execution/dropper-script/javascript.yaml,,"{""regex"": ""ADODB\\.Stream.{0,160}MSXML2\\.ServerXMLHTTP"", ""type"": ""text""}","{""arch"": null, ""for"": [""javascript""], ""platforms"": [""windows""]}"
dropper-script,objectives/command-and-control/dropper/execution/dropper-script::jscript-rundll32-dllregister-reference,atomic,suspicious,JScript rundll32/DllRegisterServer reference,objectives/command-and-control/dropper/execution/dropper-script/javascript.yaml,well-known/tool/offensive/metasploit::framework-source-release-context,"{""regex"": ""rundll32(\\.exe)?\\s+.{0,100}DllRegisterServer"", ""type"": ""text""}","{""arch"": null, ""for"": [""javascript""], ""platforms"": [""unix"", ""windows""]}"
dropper-script,objectives/command-and-control/dropper/execution/dropper-script::delimiter-split-powershell-launch,atomic,notable,Delimiter-split PowerShell launch command,objectives/command-and-control/dropper/execution/dropper-script/javascript.yaml,,"{""substr"": ""psijRysBVHhosijRysBVHhwsijRysBVHhesijR"", ""type"": ""text""}","{""arch"": null, ""for"": [""javascript""], ""platforms"": [""windows""]}"
dropper-script,objectives/command-and-control/dropper/execution/dropper-script::delimiter-split-encodedcommand,atomic,notable,Delimiter-split EncodedCommand flag,objectives/command-and-control/dropper/execution/dropper-script/javascript.yaml,,"{""substr"": ""-sijRysBVHhEsijRysBVHhn"", ""type"": ""text""}","{""arch"": null, ""for"": [""javascript""], ""platforms"": [""windows""]}"
dropper-script,objectives/command-and-control/dropper/execution/dropper-script::obfuscated-jscript-signed-comment-loader,atomic,suspicious,JScript loader with signed comments,objectives/command-and-control/dropper/execution/dropper-script/javascript.yaml,metadata/build/bundler/asset::has-sourcemap,"{""regex"": ""//# sourceMappingURL=data:application/json;base64,[A-Za-z0-9+/=]+"", ""type"": ""text""}","{""arch"": null, ""for"": [""javascript""], ""platforms"": [""unix"", ""windows""]}"
dropper-script,objectives/command-and-control/dropper/execution/dropper-script::obfuscated-jscript-signed-entropy-loader,atomic,suspicious,JScript loader with high entropy comments,objectives/command-and-control/dropper/execution/dropper-script/javascript.yaml,,"{""regex"": ""(^|\\n)//[A-Za-z][A-Za-z0-9+/=]{179,}"", ""type"": ""text""}","{""arch"": null, ""for"": [""javascript""], ""platforms"": [""unix"", ""windows""]}"
dropper-script,objectives/command-and-control/dropper/execution/dropper-script::wsh-percent-encoded-unescape-loader,atomic,suspicious,JScript percent-encoded unescape loader,objectives/command-and-control/dropper/execution/dropper-script/javascript.yaml,,"{""substr"": ""al(un?scap?("", ""type"": ""text""}","{""arch"": null, ""for"": [""javascript""], ""platforms"": [""windows""]}"
dropper-script,objectives/command-and-control/dropper/execution/dropper-script::wsh-percent-encoded-xmlhttp-url,atomic,suspicious,Encoded MSXML2 XMLHTTP fragment,objectives/command-and-control/dropper/execution/dropper-script/javascript.yaml,,"{""substr"": ""MSXML:32:2EXMLHT"", ""type"": ""text""}","{""arch"": null, ""for"": [""javascript""], ""platforms"": [""windows""]}"
dropper-script,objectives/command-and-control/dropper/execution/dropper-script::wsh-percent-encoded-http-url,atomic,suspicious,Encoded HTTP URL fragment,objectives/command-and-control/dropper/execution/dropper-script/javascript.yaml,,"{""substr"": ""http:3A:2F:2F"", ""type"": ""text""}","{""arch"": null, ""for"": [""javascript""], ""platforms"": [""windows""]}"
dropper-script,objectives/command-and-control/dropper/execution/dropper-script::wsh-percent-encoded-admin-php,atomic,suspicious,Encoded admin.php path fragment,objectives/command-and-control/dropper/execution/dropper-script/javascript.yaml,,"{""substr"": ""admin:2Ephp:3Ff:3D:34:30:34"", ""type"": ""text""}","{""arch"": null, ""for"": [""javascript""], ""platforms"": [""windows""]}"
dropper-script,objectives/command-and-control/dropper/execution/dropper-script::wsh-percent-encoded-templates-exe,atomic,suspicious,Encoded Templates folder fragment,objectives/command-and-control/dropper/execution/dropper-script/javascript.yaml,,"{""substr"": ""Sp?cialFold?rs:28:22T?mplat?s:22"", ""type"": ""text""}","{""arch"": null, ""for"": [""javascript""], ""platforms"": [""windows""]}"
dropper-script,objectives/command-and-control/dropper/execution/dropper-script::wsh-percent-encoded-exe-ext,atomic,suspicious,Encoded EXE extension fragment,objectives/command-and-control/dropper/execution/dropper-script/javascript.yaml,,"{""substr"": ""2B:22:2E?x?:22:3B:0D"", ""type"": ""text""}","{""arch"": null, ""for"": [""javascript""], ""platforms"": [""windows""]}"
dropper-script,objectives/command-and-control/dropper/execution/dropper-script::wsh-percent-encoded-shell-exec-path,atomic,suspicious,Encoded ShellExecute path fragment,objectives/command-and-control/dropper/execution/dropper-script/javascript.yaml,,"{""substr"": ""x?cut?:28path"", ""type"": ""text""}","{""arch"": null, ""for"": [""javascript""], ""platforms"": [""windows""]}"
dropper-script,objectives/command-and-control/dropper/execution/dropper-script::wsh-percent-encoded-shell-app,atomic,suspicious,Encoded Shell.Application fragment,objectives/command-and-control/dropper/execution/dropper-script/javascript.yaml,,"{""substr"": ""sh?ll:2Eapplication"", ""type"": ""text""}","{""arch"": null, ""for"": [""javascript""], ""platforms"": [""windows""]}"
dropper-script,objectives/command-and-control/dropper/execution/dropper-script::wsh-percent-encoded-open-verb,atomic,notable,Encoded open verb fragment,objectives/command-and-control/dropper/execution/dropper-script/javascript.yaml,,"{""substr"": ""op?n:22:2C:20:31:29"", ""type"": ""text""}","{""arch"": null, ""for"": [""javascript""], ""platforms"": [""windows""]}"
dropper-script,objectives/command-and-control/dropper/execution/dropper-script::payload-js-write,atomic,suspicious,Writes fetched content to payload.js,objectives/command-and-control/dropper/execution/dropper-script/javascript.yaml,,"{""regex"": ""writeFileSync\\s*\\(\\s*['\""]payload\\.js['\""]"", ""type"": ""text""}","{""arch"": null, ""for"": [""javascript""], ""platforms"": [""unix"", ""windows""]}"
dropper-script,objectives/command-and-control/dropper/execution/dropper-script::json-cookie-write,atomic,suspicious,Writes json.cookie property to local payload,objectives/command-and-control/dropper/execution/dropper-script/javascript.yaml,,"{""regex"": ""writeFileSync\\s*\\(\\s*['\""]payload\\.js['\""]\\s*,\\s*[A-Za-z_$][A-Za-z0-9_$]*\\.cookie"", ""type"": ""text""}","{""arch"": null, ""for"": [""javascript""], ""platforms"": [""unix"", ""windows""]}"
dropper-script,objectives/command-and-control/dropper/execution/dropper-script::wsh-comma-temp-env-fragment,atomic,notable,Comma-split TEMP environment path,objectives/command-and-control/dropper/execution/dropper-script/javascript.yaml,,"{""regex"": ""\""%\""\\+\\(.{0,40}[\""']T[\""']\\)\\+\""E\""\\+\""MP%\"""", ""type"": ""text""}","{""arch"": null, ""for"": [""javascript""], ""platforms"": [""windows""]}"
dropper-script,objectives/command-and-control/dropper/execution/dropper-script::wsh-comma-exe-url-fragment,atomic,notable,Comma-split EXE download URL,objectives/command-and-control/dropper/execution/dropper-script/javascript.yaml,,"{""regex"": ""\""/logs/98yh\""\\+\\(.{0,40}[\""']b[\""']\\)\\+\""764\""\\+\""d\""\\+\""\\.exe\"""", ""type"": ""text""}","{""arch"": null, ""for"": [""javascript""], ""platforms"": [""windows""]}"
dropper-script,objectives/command-and-control/dropper/execution/dropper-script::microsoft-copyright-text,atomic,notable,Microsoft library copyright text,objectives/command-and-control/dropper/execution/dropper-script/javascript.yaml,,"{""substr"": ""//! Copyright (C) Microsoft."", ""type"": ""text""}","{""arch"": null, ""for"": [""javascript""], ""platforms"": [""unix"", ""windows""]}"
dropper-script,objectives/command-and-control/dropper/execution/dropper-script::js-tmp-filepath-assignment,atomic,notable,JavaScript assigns temp payload path,objectives/command-and-control/dropper/execution/dropper-script/javascript.yaml,,"{""regex"": ""filePath\\s*=\\s*['\""]/tmp/[^'\""]{1,80}['\""]"", ""type"": ""text""}","{""arch"": null, ""for"": [""javascript""], ""platforms"": [""unix"", ""windows""]}"
dropper-script,objectives/command-and-control/dropper/execution/dropper-script::js-shell-chmod-filepath,atomic,notable,JavaScript shell chmod on payload variable,objectives/command-and-control/dropper/execution/dropper-script/javascript.yaml,,"{""substr"": ""chmod +x ${filePath}"", ""type"": ""text""}","{""arch"": null, ""for"": [""javascript""], ""platforms"": [""unix"", ""windows""]}"
dropper-script,objectives/command-and-control/dropper/execution/dropper-script::js-exec-filepath-call,atomic,notable,JavaScript executes payload variable,objectives/command-and-control/dropper/execution/dropper-script/javascript.yaml,,"{""substr"": ""exec(filePath"", ""type"": ""text""}","{""arch"": null, ""for"": [""javascript""], ""platforms"": [""unix"", ""windows""]}"
dropper-script,objectives/command-and-control/dropper/execution/dropper-script::js-extname-exe-or-msi,atomic,notable,Extension check for exe or msi,objectives/command-and-control/dropper/execution/dropper-script/javascript.yaml,,"{""regex"": ""extname\\([^)]{0,60}\\)\\s*===?\\s*['\""]\\.(exe|msi)['\""]"", ""type"": ""text""}","{""arch"": null, ""for"": [""javascript"", ""typescript""], ""platforms"": [""unix"", ""windows""]}"
dropper-script,objectives/command-and-control/dropper/execution/dropper-script::js-buffer-concat-alloc-pad,atomic,notable,Pads a buffer by concatenating an allocation,objectives/command-and-control/dropper/execution/dropper-script/javascript.yaml,,"{""regex"": ""Buffer\\.concat\\(\\s*\\[[^\\]]{0,80}Buffer\\.alloc\\("", ""type"": ""text""}","{""arch"": null, ""for"": [""javascript"", ""typescript""], ""platforms"": [""unix"", ""windows""]}"
dropper-script,objectives/command-and-control/dropper/execution/dropper-script::js-target-platform-selector,atomic,notable,Selects platform-specific native stage platform,objectives/command-and-control/dropper/execution/dropper-script/javascript.yaml,,"{""regex"": ""target(File|Binary)\\s*:\\s*[^\\n]{0,80}(targetPlatform|platform)"", ""type"": ""text""}","{""arch"": null, ""for"": [""javascript""], ""platforms"": [""unix"", ""windows""]}"
dropper-script,objectives/command-and-control/dropper/execution/dropper-script::js-target-architecture-selector,atomic,notable,Selects native stage architecture by platform,objectives/command-and-control/dropper/execution/dropper-script/javascript.yaml,,"{""regex"": ""target(File|Binary)\\s*:\\s*[^\\n]{0,80}(targetArch|arch)"", ""type"": ""text""}","{""arch"": null, ""for"": [""javascript""], ""platforms"": [""unix"", ""windows""]}"
dropper-script,objectives/command-and-control/dropper/execution/dropper-script::js-exe-br-suffix,atomic,notable,Downloaded exe.br stage suffix,objectives/command-and-control/dropper/execution/dropper-script/javascript.yaml,,"{""substr"": "".exe.br"", ""type"": ""text""}","{""arch"": null, ""for"": [""javascript"", ""typescript""], ""platforms"": [""unix"", ""windows""]}"
dropper-script,objectives/command-and-control/dropper/execution/dropper-script::js-create-brotli-decompress,atomic,notable,Brotli decompress constructor call,objectives/command-and-control/dropper/execution/dropper-script/javascript.yaml,,"{""substr"": ""createBrotliDecompress"", ""type"": ""text""}","{""arch"": null, ""for"": [""javascript"", ""typescript""], ""platforms"": [""unix"", ""windows""]}"
dropper-script,objectives/command-and-control/dropper/execution/dropper-script::js-vbs-hidden-window-run,atomic,notable,VBS Run uses a hidden window,objectives/command-and-control/dropper/execution/dropper-script/javascript.yaml,,"{""regex"": ""\\.Run\\s+[\\s\\S]{0,120},\\s*0\\s*,"", ""type"": ""text""}","{""arch"": null, ""for"": [""javascript"", ""typescript""], ""platforms"": [""unix"", ""windows""]}"
dropper-script,objectives/command-and-control/dropper/execution/dropper-script::js-shellapp-runas-relaunch,atomic,notable,ShellExecute relaunch requests admin,objectives/command-and-control/dropper/execution/dropper-script/javascript.yaml,,"{""regex"": ""Shell\\.Application[\\s\\S]{0,220}ShellExecute[\\s\\S]{0,80}runas"", ""type"": ""text""}","{""arch"": null, ""for"": [""javascript"", ""typescript""], ""platforms"": [""unix"", ""windows""]}"
dropper-script,objectives/command-and-control/dropper/execution/dropper-script::js-spawn-wscript-detached,atomic,notable,Spawns detached wscript,objectives/command-and-control/dropper/execution/dropper-script/javascript.yaml,,"{""regex"": ""spawn\\(\\s*['\""]wscript\\.exe['\""][\\s\\S]{0,100}detached"", ""type"": ""text""}","{""arch"": null, ""for"": [""javascript"", ""typescript""], ""platforms"": [""unix"", ""windows""]}"
dropper-script,objectives/command-and-control/dropper/execution/dropper-script::js-platform-native-stage-selector,composite,notable,Selects platform-specific native stage filename,objectives/command-and-control/dropper/execution/dropper-script/javascript.yaml,js-target-platform-selector;js-target-architecture-selector,"""""","{""arch"": null, ""for"": [""javascript""], ""platforms"": [""unix"", ""windows""]}"
dropper-script,objectives/command-and-control/dropper/execution/dropper-script::jscript-serverxmlhttp-adodb-dropper,composite,hostile,Obfuscated JScript COM file dropper,objectives/command-and-control/dropper/execution/dropper-script/javascript.yaml,jscript-savetofile-adodb-table;jscript-adodb-serverxmlhttp-table,"""""","{""arch"": null, ""for"": [""javascript""], ""platforms"": [""windows""]}"
dropper-script,objectives/command-and-control/dropper/execution/dropper-script::wsh-batch-hidden-powershell-download-exec,composite,hostile,WSH batch downloader persists with a daily task,objectives/command-and-control/dropper/execution/dropper-script/javascript.yaml,micro-behaviors/fs/write/content::create-batch-from-bound-path;micro-behaviors/communications/http/download/cli::embedded-iwr-outfile-download;objectives/evasion/process/hidden/execution::ps-double-hidden-window;micro-behaviors/process/create/shell/wsh::wscript-shell-run;objectives/persistence/login/scheduled-task/cli::schtasks-create-daily,"""""","{""arch"": null, ""for"": [""javascript""], ""platforms"": [""windows""]}"
dropper-script,objectives/command-and-control/dropper/execution/dropper-script::wsh-powershell-path-dropper,composite,hostile,JScript writes and launches PowerShell payload,objectives/command-and-control/dropper/execution/dropper-script/javascript.yaml,micro-behaviors/fs/write/content::create-text-file-method-name;micro-behaviors/process/create/shell/wsh::shell-application-shellexecute-hidden;micro-behaviors/os/registry/access::powershell-app-paths-registry-read;micro-behaviors/os/env/read::wsh-expand-environment-strings-call,"""""","{""arch"": null, ""for"": [""javascript""], ""platforms"": [""windows""]}"
dropper-script,objectives/command-and-control/dropper/execution/dropper-script::compact-js-download-call,composite,component,Compact JavaScript download step,objectives/command-and-control/dropper/execution/dropper-script/javascript.yaml,micro-behaviors/communications/http/download/handler::node-http-stream-to-file;micro-behaviors/communications/http/download/handler::javascript-download-helper-call;micro-behaviors/communications/http/download/handler::javascript-fetch-helper-call;micro-behaviors/communications/http/download/webextension::chrome-downloads-api,"""""","{""arch"": null, ""for"": [""javascript""], ""platforms"": [""unix"", ""windows""]}"
dropper-script,objectives/command-and-control/dropper/execution/dropper-script::jscript-xmlhttp-adodb-dropper,composite,hostile,JScript XMLHTTP and ADODB.Stream dropper,objectives/command-and-control/dropper/execution/dropper-script/javascript.yaml,micro-behaviors/communications/http/client/xmlhttp::msxml-xmlhttp-progid-text;micro-behaviors/fs/write/file/stream::js-adodb-stream-create,"""""","{""arch"": null, ""for"": [""javascript""], ""platforms"": [""unix"", ""windows""]}"
dropper-script,objectives/command-and-control/dropper/execution/dropper-script::jscript-embedded-base64-adodb-dropper,composite,hostile,JScript with embedded base64 and ADODB.Stream,objectives/command-and-control/dropper/execution/dropper-script/javascript.yaml,micro-behaviors/data/decode/base64::base64-decode-call-text;micro-behaviors/fs/write/file/stream::js-adodb-stream-create,"""""","{""arch"": null, ""for"": [""javascript""], ""platforms"": [""unix"", ""windows""]}"
dropper-script,objectives/command-and-control/dropper/execution/dropper-script::obfuscated-jscript-decoder-loader,composite,suspicious,Obfuscated JScript decoder and loader,objectives/command-and-control/dropper/execution/dropper-script/javascript.yaml,micro-behaviors/data/decode/base64::base64-decode-call-text;micro-behaviors/process/interpreter/eval/direct::js-eval-raw;well-known/lib/format/pdfjs/;well-known/tool/offensive/payload-corpus::xss-alert-probe-corpus;micro-behaviors/process/interpreter/eval/direct::eval-parenthesized-expression,"""""","{""arch"": null, ""for"": [""javascript""], ""platforms"": [""unix"", ""windows""]}"
dropper-script,objectives/command-and-control/dropper/execution/dropper-script::jscript-xor-numeric-decoder-loader,composite,suspicious,JScript XOR decoder with execution marker,objectives/command-and-control/dropper/execution/dropper-script/javascript.yaml,micro-behaviors/data/encode/xor::js-fromcharcode-numeric-xor;micro-behaviors/process/interpreter/eval/direct::js-eval-raw;objectives/execution/interpreter/eval/dynamic::eval-transformed-code;micro-behaviors/process/interpreter/jscript::activex-object;well-known/app/browser/google-web::google-llc-copyright,"""""","{""arch"": null, ""for"": [""javascript""], ""platforms"": [""unix"", ""windows""]}"
dropper-script,objectives/command-and-control/dropper/execution/dropper-script::jscript-xor-generated-code-dropper,composite,hostile,JScript XOR decoder executes generated code,objectives/command-and-control/dropper/execution/dropper-script/javascript.yaml,micro-behaviors/data/encode/xor::js-fromcharcode-numeric-xor;micro-behaviors/data/source/dynamic/eval::new-function-iife;well-known/app/browser/google-web::google-llc-copyright,"""""","{""arch"": null, ""for"": [""javascript""], ""platforms"": [""unix"", ""windows""]}"
dropper-script,objectives/command-and-control/dropper/execution/dropper-script::wsh-hidden-encoded-powershell-dropper,composite,hostile,WSH hidden encoded PowerShell dropper,objectives/command-and-control/dropper/execution/dropper-script/javascript.yaml,objectives/anti-static/obfuscation/string/array::js-repeated-marker-split-join-cleanup;objectives/execution/wmi::wmi-hidden-startup-process;micro-behaviors/process/create/shell/wsh::wscript-shell-run;delimiter-split-powershell-launch;delimiter-split-encodedcommand;micro-behaviors/process/interpreter/jscript::activex-object;micro-behaviors/communications/url/encoded::http-b64-protocol-fragment,"""""","{""arch"": null, ""for"": [""javascript""], ""platforms"": [""windows""]}"
dropper-script,objectives/command-and-control/dropper/execution/dropper-script::wsh-temp-exe-download-exec,composite,hostile,WSH temp EXE download and execute,objectives/command-and-control/dropper/execution/dropper-script/javascript.yaml,micro-behaviors/communications/http/client/xmlhttp::msxml-xmlhttp-progid-text;micro-behaviors/fs/write/stream::adodb-stream-progid;objectives/execution/interpreter/script/wsh::wsh-response-body;objectives/execution/interpreter/script/wsh::wsh-save-to-file;objectives/execution/interpreter/script/wsh::wsh-expand-env-strings;micro-behaviors/fs/path/temp::any-temp-path;micro-behaviors/fs/path/extension::exe-name-or-extension;micro-behaviors/process/create/shell/wsh::wscript-shell-run-via-brackets;micro-behaviors/process/create/script/wsh::wsh-do-wait-readystate,"""""","{""arch"": null, ""for"": [""javascript""], ""platforms"": [""unix"", ""windows""]}"
dropper-script,objectives/command-and-control/dropper/execution/dropper-script::wsh-comma-fragment-download-exec,composite,hostile,WSH comma-fragment download execute dropper,objectives/command-and-control/dropper/execution/dropper-script/javascript.yaml,objectives/execution/interpreter/scripting/host::wscript-shell-comma-obfuscated;objectives/execution/interpreter/scripting/host::xmlhttp-comma-obfuscated;objectives/execution/interpreter/scripting/host::adodb-stream-comma-obfuscated;objectives/execution/interpreter/script/wsh::wsh-save-to-file;objectives/execution/interpreter/script/wsh::wsh-expand-env-strings;micro-behaviors/fs/path/temp::any-temp-path;micro-behaviors/fs/path/extension::exe-name-or-extension,"""""","{""arch"": null, ""for"": [""javascript""], ""platforms"": [""unix"", ""windows""]}"
dropper-script,objectives/command-and-control/dropper/execution/dropper-script::wsh-split-join-obfuscated-download-exec,composite,hostile,WSH split-join download execute dropper,objectives/command-and-control/dropper/execution/dropper-script/javascript.yaml,micro-behaviors/data/string/replace::repeated-split-join-removal;metadata/lang/javascript-features::js-comma-sequence-count-5;objectives/execution/interpreter/script/wsh::wsh-save-to-file;micro-behaviors/fs/write/stream::open-method-call;micro-behaviors/process/create/shell/wsh::wscript-shell-run-indirect;micro-behaviors/data/control-flow/sequence::three-string-comma-expression;objectives/anti-static/obfuscation/string/reconstruct::single-char-concat-pattern,"""""","{""arch"": null, ""for"": [""javascript""], ""platforms"": [""unix"", ""windows""]}"
dropper-script,objectives/command-and-control/dropper/execution/dropper-script::wsh-fragmented-counter-exe-download-exec,composite,hostile,Fragmented WSH counter EXE download execute,objectives/command-and-control/dropper/execution/dropper-script/javascript.yaml,objectives/anti-static/obfuscation/syntax::js-dense-string-building;metadata/file/function::many-no-param-functions;objectives/command-and-control/channel/http/uri::uri-fragment-counter-rnd-param,"""""","{""arch"": null, ""for"": [""javascript""], ""platforms"": [""unix"", ""windows""]}"
dropper-script,objectives/command-and-control/dropper/execution/dropper-script::wsh-comma-temp-exe-download-exec,composite,hostile,WSH comma TEMP EXE download execute,objectives/command-and-control/dropper/execution/dropper-script/javascript.yaml,micro-behaviors/data/control-flow/sequence::three-string-comma-expression;wsh-comma-temp-env-fragment;wsh-comma-exe-url-fragment;objectives/execution/interpreter/script/wsh::wsh-save-to-file;micro-behaviors/process/create/shell/wsh::wscript-shell-run-indirect,"""""","{""arch"": null, ""for"": [""javascript""], ""platforms"": [""windows""]}"
dropper-script,objectives/command-and-control/dropper/execution/dropper-script::wsh-percent-encoded-download-chain,composite,suspicious,Percent-encoded WSH download chain,objectives/command-and-control/dropper/execution/dropper-script/javascript.yaml,wsh-percent-encoded-xmlhttp-url;wsh-percent-encoded-admin-php;wsh-percent-encoded-templates-exe;wsh-percent-encoded-exe-ext;micro-behaviors/process/interpreter/eval/direct::js-eval-raw;objectives/execution/interpreter/eval/dynamic::eval-transformed-code;wsh-percent-encoded-unescape-loader,"""""","{""arch"": null, ""for"": [""javascript""], ""platforms"": [""windows""]}"
dropper-script,objectives/command-and-control/dropper/execution/dropper-script::wsh-percent-encoded-download-exec,composite,hostile,Percent-encoded WSH EXE drop and launch,objectives/command-and-control/dropper/execution/dropper-script/javascript.yaml,micro-behaviors/process/interpreter/jscript::activex-object;wsh-percent-encoded-download-chain;wsh-percent-encoded-shell-app;wsh-percent-encoded-shell-exec-path;wsh-percent-encoded-open-verb,"""""","{""arch"": null, ""for"": [""javascript""], ""platforms"": [""windows""]}"
dropper-script,objectives/command-and-control/dropper/execution/dropper-script::browser-xor-stage-decoder,composite,suspicious,Browser XOR stage decoder routine,objectives/command-and-control/dropper/execution/dropper-script/javascript.yaml,micro-behaviors/data/buffer/alloc::uint8array-constructor;micro-behaviors/data/decode/utf8::textdecoder-utf8-decode;micro-behaviors/crypto/symmetric/xor/loop::js-xor-charcode-assignment,"""""","{""arch"": null, ""for"": [""javascript""], ""platforms"": [""unix"", ""windows""]}"
dropper-script,objectives/command-and-control/dropper/execution/dropper-script::obfuscated-browser-stage-loader,composite,suspicious,Browser self-decoding stage loader,objectives/command-and-control/dropper/execution/dropper-script/javascript.yaml,browser-xor-stage-decoder;micro-behaviors/data/decode/url::browser-escape-fallback-decoder;micro-behaviors/data/decode/base64::base64-decode-call-text;micro-behaviors/data/source/dynamic/eval::new-function-iife,"""""","{""arch"": null, ""for"": [""javascript""], ""platforms"": [""unix"", ""windows""]}"
dropper-script,objectives/command-and-control/dropper/execution/dropper-script::hidden-browser-payload-execution,composite,hostile,Hidden browser payload decoded and executed,objectives/command-and-control/dropper/execution/dropper-script/javascript.yaml,obfuscated-browser-stage-loader;objectives/anti-static/obfuscation/obfuscator/js-obfuscator::hex-variable-names;objectives/anti-static/obfuscation/obfuscator/js-obfuscator::hex-function-names;metadata/file/line::source-lines-over-1000,"""""","{""arch"": null, ""for"": [""javascript""], ""platforms"": [""unix"", ""windows""]}"
dropper-script,objectives/command-and-control/dropper/execution/dropper-script::compact-js-fetch-chmod-exec,composite,suspicious,"JavaScript downloads, chmods, and executes file",objectives/command-and-control/dropper/execution/dropper-script/javascript.yaml,compact-js-download-call;micro-behaviors/fs/chmod/modify::node-chmod;micro-behaviors/process/create/system::js-execfile-call;micro-behaviors/process/create/shell/bridge::js-exec;micro-behaviors/process/create/spawn::spawn-call;metadata/package/testing/;well-known/lib/development/prettier;micro-behaviors/process/interpreter/vm/;objectives/supply-chain/install-hook/scripts/hook-file/;micro-behaviors/os/package-manager/hook-install::npm-install-runs-bundled-script;micro-behaviors/os/package-manager/hook-install::npm-preinstall-runs-bundled-script;micro-behaviors/os/package-manager/hook-install::npm-postinstall-runs-bundled-script,"""""","{""arch"": null, ""for"": [""javascript""], ""platforms"": [""unix"", ""windows""]}"
dropper-script,objectives/command-and-control/dropper/execution/dropper-script::js-platform-native-download-execute,composite,suspicious,Downloads and launches platform-specific native stage,objectives/command-and-control/dropper/execution/dropper-script/javascript.yaml,compact-js-fetch-chmod-exec;js-platform-native-stage-selector;metadata/package/testing/,"""""","{""arch"": null, ""for"": [""javascript""], ""platforms"": [""unix"", ""windows""]}"
dropper-script,objectives/command-and-control/dropper/execution/dropper-script::js-http-tmp-chmod-exec,composite,hostile,JavaScript downloads temp payload then chmods and executes,objectives/command-and-control/dropper/execution/dropper-script/javascript.yaml,micro-behaviors/communications/http/request/client::http-get-dup;micro-behaviors/fs/write/file/stream::create-write-stream;js-tmp-filepath-assignment;js-shell-chmod-filepath;js-exec-filepath-call;metadata/package/testing/,"""""","{""arch"": null, ""for"": [""javascript"", ""typescript""], ""platforms"": [""unix"", ""windows""]}"
dropper-script,objectives/command-and-control/dropper/execution/dropper-script::compact-js-fetch-chmod-exec-cleanup,composite,hostile,JavaScript download-execute loader deletes staged file,objectives/command-and-control/dropper/execution/dropper-script/javascript.yaml,compact-js-fetch-chmod-exec;micro-behaviors/fs/delete/file/library::fs-rmSync;micro-behaviors/fs/delete/file/library::fs-unlinkSync;micro-behaviors/fs/delete/directory::fs-rm-recursive;metadata/package/testing/;micro-behaviors/fs/delete/file/library::js-failed-download-temp-cleanup,"""""","{""arch"": null, ""for"": [""javascript""], ""platforms"": [""unix"", ""windows""]}"
dropper-script,objectives/command-and-control/dropper/execution/dropper-script::obfuscated-local-dropper,composite,hostile,Obfuscated local dropper (Hostile),objectives/command-and-control/dropper/execution/dropper-script/javascript.yaml,micro-behaviors/process/create/shell/bridge::js-file-write-and-shell-exec;objectives/anti-static/obfuscation/string/encoding::js-strong-obfuscation,"""""","{""arch"": null, ""for"": [""javascript""], ""platforms"": [""unix"", ""windows""]}"
dropper-script,objectives/command-and-control/dropper/execution/dropper-script::js-malware-hosting-powershell,composite,hostile,PowerShell script on public file hosting,objectives/command-and-control/dropper/execution/dropper-script/javascript.yaml,micro-behaviors/communications/http/services/file-hosting::public-file-or-payload-hosting;micro-behaviors/process/create/script/file::powershell-script-execution;well-known/app/ai/coding-agent/omnius::bundled-runtime-context,"""""","{""arch"": null, ""for"": [""javascript""], ""platforms"": [""unix"", ""windows""]}"
dropper-script,objectives/command-and-control/dropper/execution/dropper-script::staged-json-payload-dropper,composite,suspicious,Fetches staged JSON payload and writes a JavaScript file,objectives/command-and-control/dropper/execution/dropper-script/javascript.yaml,micro-behaviors/communications/http/request/client::https-request;objectives/command-and-control/infrastructure/paste::jsonkeeper;micro-behaviors/data/serialize/json::json-parse-call;payload-js-write;json-cookie-write;micro-behaviors/fs/path/extension::js-reference;metadata/package/testing/,"""""","{""arch"": null, ""for"": [""javascript""], ""platforms"": [""unix"", ""windows""]}"
dropper-script,objectives/command-and-control/dropper/execution/dropper-script::secret-header-staged-json-dropper,composite,suspicious,Header-gated staged JSON payload dropper,objectives/command-and-control/dropper/execution/dropper-script/javascript.yaml,staged-json-payload-dropper;objectives/exfiltration/http/upload::secret-key,"""""","{""arch"": null, ""for"": [""javascript""], ""platforms"": [""unix"", ""windows""]}"
dropper-script,objectives/command-and-control/dropper/execution/dropper-script::secret-gated-remote-js-stage,composite,hostile,Secret-gated remote JavaScript stage written to disk,objectives/command-and-control/dropper/execution/dropper-script/javascript.yaml,secret-header-staged-json-dropper;objectives/command-and-control/infrastructure/paste::jsonkeeper;micro-behaviors/fs/path/extension::js-reference;metadata/package/testing/,"""""","{""arch"": null, ""for"": [""javascript""], ""platforms"": [""unix"", ""windows""]}"
dropper-script,objectives/command-and-control/dropper/execution/dropper-script::obfuscated-eval-stage-loader,composite,hostile,Obfuscated eval loader with staged blobs,objectives/command-and-control/dropper/execution/dropper-script/javascript.yaml,objectives/anti-static/obfuscation/syntax::js-trig-charcode-decoder;objectives/anti-static/obfuscation/code-metrics/string-blob::js-very-long-string-blobs;metadata/file/line::multiple-lines-over-1000-chars;objectives/anti-static/obfuscation/code-metrics/string-blob::js-base64-candidate-cluster;micro-behaviors/process/interpreter/eval/direct::js-eval-raw;metadata/file/data-blob::high-text-entropy;metadata/file/naming::js-high-entropy-identifier-ratio;objectives/anti-static/obfuscation/code-metrics/string-blob::js-max-string-over-3000;metadata/file/line::source-lines-over-1000;metadata/package/testing/,"""""","{""arch"": null, ""for"": [""javascript""], ""platforms"": [""unix"", ""windows""]}"
dropper-script,objectives/command-and-control/dropper/execution/dropper-script::jscript-cc-token-stage-wrapper,composite,hostile,JScript conditional tokenized stage wrapper,objectives/command-and-control/dropper/execution/dropper-script/javascript.yaml,objectives/anti-static/obfuscation/string/array::js-cc-object-token-reconstruction;micro-behaviors/process/interpreter/eval/direct::js-eval-raw;micro-behaviors/process/interpreter/eval/direct::js-eval-raw;objectives/execution/interpreter/eval/dynamic::eval-variable;metadata/file/line::source-lines-over-1000;metadata/file/comment::multiple-code-like-comments;objectives/anti-static/obfuscation/code-metrics/string-blob::js-max-string-over-3000,"""""","{""arch"": null, ""for"": [""javascript""], ""platforms"": [""unix"", ""windows""]}"
dropper-script,objectives/command-and-control/dropper/execution/dropper-script::jscript-filesystem-carrier-function-loader,composite,hostile,JScript carrier-file decoder with dynamic execution,objectives/command-and-control/dropper/execution/dropper-script/javascript.yaml,micro-behaviors/os/com/automation::wscript-createobject-call;micro-behaviors/fs/traversal/drives::fso-drive-enumeration;micro-behaviors/fs/read/file/handle::open-text-file-read;micro-behaviors/process/interpreter/eval/compile::js-new-function-variable-argument;micro-behaviors/data/encode/xor::js-xor-decoder-ast,"""""","{""arch"": null, ""for"": [""javascript""], ""platforms"": [""windows""]}"
dropper-script,objectives/command-and-control/dropper/execution/dropper-script::prefixed-base64-javascript-carrier-loader,composite,hostile,JavaScript carrier executes a prefix-obscured Base64 stage,objectives/command-and-control/dropper/execution/dropper-script/javascript.yaml,metadata/file/line::file-has-30-plus-lines;micro-behaviors/data/decode/base64::atob-literal-fixed-prefix-strip;objectives/anti-static/obfuscation/payload/encoded::decoded-function-constructor-argument;micro-behaviors/data/source/dynamic/eval::new-function-iife,"""""","{""arch"": null, ""for"": [""javascript""], ""platforms"": [""unix"", ""windows""]}"
dropper-script,objectives/command-and-control/dropper/execution/dropper-script::js-exe-br-brotli-decompress,composite,notable,Brotli inflates a downloaded exe.br,objectives/command-and-control/dropper/execution/dropper-script/javascript.yaml,js-exe-br-suffix;js-create-brotli-decompress,"""""","{""arch"": null, ""for"": [""javascript""], ""platforms"": [""unix"", ""windows""]}"
dropper-script,objectives/command-and-control/dropper/execution/dropper-script::passworded-unrar-then-exec-installer,composite,hostile,Passworded unrar then launches extracted installer,objectives/command-and-control/dropper/execution/dropper-script/javascript.yaml,micro-behaviors/data/archive/extract/password::node-unrar-passworded-extractor;js-extname-exe-or-msi;js-exec-filepath-call,"""""","{""arch"": null, ""for"": [""javascript"", ""typescript""], ""platforms"": [""unix"", ""windows""]}"
dropper-script,objectives/command-and-control/dropper/execution/dropper-script::padded-buffer-then-execfile,composite,hostile,Padded file buffer is written and executed,objectives/command-and-control/dropper/execution/dropper-script/javascript.yaml,js-buffer-concat-alloc-pad;micro-behaviors/fs/write/file/full::node-write-file-sync;micro-behaviors/process/create/exec::node-execfile-reference,"""""","{""arch"": null, ""for"": [""javascript"", ""typescript""], ""platforms"": [""unix"", ""windows""]}"
dropper-script,objectives/command-and-control/dropper/execution/dropper-script::brotli-exe-then-hidden-run,composite,hostile,Brotli exe download then hidden run,objectives/command-and-control/dropper/execution/dropper-script/javascript.yaml,js-exe-br-suffix;js-create-brotli-decompress;js-vbs-hidden-window-run,"""""","{""arch"": null, ""for"": [""javascript"", ""typescript""], ""platforms"": [""unix"", ""windows""]}"
dropper-script,objectives/command-and-control/dropper/execution/dropper-script::vbs-runas-detached-relaunch,composite,hostile,Detached VBS relaunches for admin,objectives/command-and-control/dropper/execution/dropper-script/javascript.yaml,js-shellapp-runas-relaunch;js-spawn-wscript-detached,"""""","{""arch"": null, ""for"": [""javascript"", ""typescript""], ""platforms"": [""unix"", ""windows""]}"
encoding,objectives/command-and-control/dropper/execution/encoding::nemucod-cp437-dropper,composite,hostile,Nemucod JScript dropper variant using CP437 character mapping and ADODB.Stream,objectives/command-and-control/dropper/execution/encoding/cp437.yaml,micro-behaviors/process/interpreter/eval/direct::js-eval-raw;objectives/anti-static/obfuscation/string/reverse::js-reverse-string-obfuscation;micro-behaviors/data/encode/charset::js-cp437-array-mapping;objectives/anti-static/obfuscation/string/encoding::js-rolling-xor-decryption;micro-behaviors/data/format/executable/header::js-mz-header-array-check,"""""","{""arch"": null, ""for"": [""javascript""], ""platforms"": [""linux"", ""macos"", ""windows"", ""unix"", ""android"", ""ios""]}"
encoding,objectives/command-and-control/dropper/execution/encoding::python-homoglyph-dropper,composite,hostile,Python dropper using homoglyph obfuscation and complex number math,objectives/command-and-control/dropper/execution/encoding/homoglyph.yaml,objectives/anti-static/obfuscation/name-mangling/unicode::math-alphanum-identifiers;micro-behaviors/data/arithmetic::large-complex-number-expression,"""""","{""arch"": null, ""for"": [""python""], ""platforms"": [""linux"", ""macos"", ""windows"", ""unix"", ""android"", ""ios""]}"
encoding,objectives/command-and-control/dropper/execution/encoding::node-payload-api-path,atomic,suspicious,Node payload API path,objectives/command-and-control/dropper/execution/encoding/node-api.yaml,,"{""substr"": ""/api/v1/payload"", ""type"": ""text""}","{""arch"": null, ""for"": [""javascript"", ""typescript""], ""platforms"": [""windows"", ""unix"", ""qnx""]}"
encoding,objectives/command-and-control/dropper/execution/encoding::node-dropper-api-path,atomic,suspicious,Node dropper API path,objectives/command-and-control/dropper/execution/encoding/node-api.yaml,,"{""substr"": ""/api/v1/dropper.js"", ""type"": ""text""}","{""arch"": null, ""for"": [""javascript"", ""typescript""], ""platforms"": [""windows"", ""unix"", ""qnx""]}"
encoding,objectives/command-and-control/dropper/execution/encoding::node-base64-new-function-payload,atomic,suspicious,Node base64 payload new Function,objectives/command-and-control/dropper/execution/encoding/node-api.yaml,,"{""regex"": ""Buffer\\.from\\(payload\\.script[\\s\\S]{0,220}new Function"", ""type"": ""text""}","{""arch"": null, ""for"": [""javascript"", ""typescript""], ""platforms"": [""windows"", ""unix"", ""qnx""]}"
encoding,objectives/command-and-control/dropper/execution/encoding::node-api-base64-dropper-exec,composite,hostile,Node API base64 dropper exec,objectives/command-and-control/dropper/execution/encoding/node-api.yaml,node-payload-api-path;node-dropper-api-path;node-base64-new-function-payload,"""""","{""arch"": null, ""for"": [""javascript"", ""typescript""], ""platforms"": [""windows"", ""unix"", ""qnx""]}"
encoding,objectives/command-and-control/dropper/execution/encoding::perl-base64-eval-payload,atomic,suspicious,Perl base64 eval payload,objectives/command-and-control/dropper/execution/encoding/perl-netscaler.yaml,,"{""regex"": ""decode_base64[\\s\\S]{0,160}eval \\$decoded"", ""type"": ""text""}","{""arch"": null, ""for"": [""perl""], ""platforms"": [""netscaler"", ""appliance"", ""unix""]}"
encoding,objectives/command-and-control/dropper/execution/encoding::perl-decode-payload-eval,atomic,suspicious,Perl decode payload eval,objectives/command-and-control/dropper/execution/encoding/perl-netscaler.yaml,,"{""regex"": ""decode_payload\\(\\$encoded\\)[\\s\\S]{0,80}eval \\$decoded"", ""type"": ""text""}","{""arch"": null, ""for"": [""perl""], ""platforms"": [""netscaler"", ""appliance"", ""unix""]}"
encoding,objectives/command-and-control/dropper/execution/encoding::perl-polyglot-marker,atomic,suspicious,Perl polyglot marker,objectives/command-and-control/dropper/execution/encoding/perl-netscaler.yaml,,"{""substr"": ""polyglot marker"", ""type"": ""text""}","{""arch"": null, ""for"": [""perl""], ""platforms"": [""netscaler"", ""appliance"", ""unix""]}"
encoding,objectives/command-and-control/dropper/execution/encoding::perl-polyglot-b64-marker,atomic,suspicious,Perl polyglot b64 marker,objectives/command-and-control/dropper/execution/encoding/perl-netscaler.yaml,,"{""substr"": ""cHJpbnQgIiJ7ICMgcG9seWdsb3Q"", ""type"": ""text""}","{""arch"": null, ""for"": [""perl""], ""platforms"": [""netscaler"", ""appliance"", ""unix""]}"
encoding,objectives/command-and-control/dropper/execution/encoding::perl-self-modify-backup,atomic,suspicious,Perl self-modify backup,objectives/command-and-control/dropper/execution/encoding/perl-netscaler.yaml,,"{""regex"": ""__FILE__[\\s\\S]{0,260}rename\\(\\$backup, \\$self\\)"", ""type"": ""text""}","{""arch"": null, ""for"": [""perl""], ""platforms"": [""netscaler"", ""appliance"", ""unix""]}"
encoding,objectives/command-and-control/dropper/execution/encoding::perl-polyglot-eval-dropper,composite,hostile,Perl polyglot eval dropper,objectives/command-and-control/dropper/execution/encoding/perl-netscaler.yaml,perl-decode-payload-eval;perl-polyglot-b64-marker;perl-self-modify-backup;perl-polyglot-marker;perl-base64-eval-payload,"""""","{""arch"": null, ""for"": [""perl""], ""platforms"": [""netscaler"", ""appliance"", ""unix""]}"
encoding,objectives/command-and-control/dropper/execution/encoding::rot13-stealth-dropper,composite,hostile,Obfuscated Python dropper using ROT13 and stealth execution,objectives/command-and-control/dropper/execution/encoding/rot13.yaml,micro-behaviors/data/encode/rot13::rot13-windows;micro-behaviors/data/decode/base64::b64decode-call;micro-behaviors/os/sysinfo/platform/host::platform-system;micro-behaviors/process/create/flags::detached-process;micro-behaviors/process/create/direct::python-preexec-hook,"""""","{""arch"": null, ""for"": [""python""], ""platforms"": [""unix"", ""windows""]}"
encoding,objectives/command-and-control/dropper/execution/encoding::rot13-exec-dropper,composite,hostile,Obfuscated Python dropper using ROT13 and dynamic execution,objectives/command-and-control/dropper/execution/encoding/rot13.yaml,micro-behaviors/data/encode/rot13::rot13-windows;micro-behaviors/data/decode/base64::b64decode-call;micro-behaviors/process/interpreter/eval/direct::exec-builtin;micro-behaviors/communications/http/lib/requests::requests-post,"""""","{""arch"": null, ""for"": [""python""], ""platforms"": [""unix"", ""windows""]}"
encoding,objectives/command-and-control/dropper/execution/encoding::shell-polyglot-decode-chain,atomic,suspicious,Shell polyglot decode chain,objectives/command-and-control/dropper/execution/encoding/shell-netscaler.yaml,,"{""regex"": ""xxd -r -p[\\s\\S]{0,120}base64 -d"", ""type"": ""text""}","{""arch"": null, ""for"": [""shell""], ""platforms"": [""netscaler"", ""appliance"", ""unix""]}"
encoding,objectives/command-and-control/dropper/execution/encoding::shell-eval-decoded-command,atomic,suspicious,Shell eval decoded command,objectives/command-and-control/dropper/execution/encoding/shell-netscaler.yaml,,"{""substr"": ""eval \""$(echo \""$hex_encoded\"""", ""type"": ""text""}","{""arch"": null, ""for"": [""shell""], ""platforms"": [""netscaler"", ""appliance"", ""unix""]}"
encoding,objectives/command-and-control/dropper/execution/encoding::shell-polyglot-eval-dropper,composite,hostile,Shell polyglot eval dropper,objectives/command-and-control/dropper/execution/encoding/shell-netscaler.yaml,shell-polyglot-decode-chain;shell-eval-decoded-command;micro-behaviors/communications/http/url/endpoint::api-v1-gateway-path,"""""","{""arch"": null, ""for"": [""shell""], ""platforms"": [""netscaler"", ""appliance"", ""unix""]}"
encoding,objectives/command-and-control/dropper/execution/encoding::shell-self-tail-extract,atomic,suspicious,Shell extracts payload from own tail,objectives/command-and-control/dropper/execution/encoding/shell-uuencode.yaml,,"{""regex"": ""\\btail\\s+-[0-9]+\\s+\\$0\\b"", ""type"": ""text""}","{""arch"": null, ""for"": [""shell""], ""platforms"": [""unix""]}"
encoding,objectives/command-and-control/dropper/execution/encoding::shell-uudecode-stdout,atomic,suspicious,Shell decodes uuencoded payload to stdout,objectives/command-and-control/dropper/execution/encoding/shell-uuencode.yaml,,"{""regex"": ""\\buudecode\\s+-o\\s+/dev/stdout\\b"", ""type"": ""text""}","{""arch"": null, ""for"": [""shell""], ""platforms"": [""unix""]}"
encoding,objectives/command-and-control/dropper/execution/encoding::shell-uudecode-command,atomic,notable,Shell invokes uudecode,objectives/command-and-control/dropper/execution/encoding/shell-uuencode.yaml,,"{""exact"": ""uudecode"", ""type"": ""symbol""}","{""arch"": null, ""for"": [""shell""], ""platforms"": [""unix""]}"
encoding,objectives/command-and-control/dropper/execution/encoding::shell-run-uname-named-stage,atomic,suspicious,Shell executes stage named from uname output,objectives/command-and-control/dropper/execution/encoding/shell-uuencode.yaml,,"{""regex"": ""\\bsh\\s+`uname\\s+-[A-Za-z]+`"", ""type"": ""text""}","{""arch"": null, ""for"": [""shell""], ""platforms"": [""unix""]}"
encoding,objectives/command-and-control/dropper/execution/encoding::shell-remove-uname-named-stage,atomic,suspicious,Shell removes stage named from uname output,objectives/command-and-control/dropper/execution/encoding/shell-uuencode.yaml,,"{""regex"": ""\\brm\\s+`uname\\s+-[A-Za-z]+`"", ""type"": ""text""}","{""arch"": null, ""for"": [""shell""], ""platforms"": [""unix""]}"
encoding,objectives/command-and-control/dropper/execution/encoding::shell-uuencoded-self-extract-dropper,composite,hostile,Shell uuencoded self-extracting dropper,objectives/command-and-control/dropper/execution/encoding/shell-uuencode.yaml,shell-self-tail-extract;shell-uudecode-stdout;shell-run-uname-named-stage;shell-remove-uname-named-stage;shell-uudecode-command;micro-behaviors/process/create/shell/pipeline::excessive-pipes,"""""","{""arch"": null, ""for"": [""shell""], ""platforms"": [""unix""]}"
eval,objectives/command-and-control/dropper/execution/eval::html-data-title-next-url,atomic,suspicious,Fetched page title is the next URL,objectives/command-and-control/dropper/execution/eval/javascript.yaml,,"{""regex"": ""data-base-title|ZGF0YS1iYXNlLXRpdGxl"", ""type"": ""text""}","{""arch"": null, ""for"": [""javascript""], ""platforms"": [""windows""]}"
eval,objectives/command-and-control/dropper/execution/eval::decoded-hidden-node-background-stage,composite,suspicious,Base64 decode and eval accompany hidden detached Node execution,objectives/command-and-control/dropper/execution/eval/javascript.yaml,micro-behaviors/data/decode/base64::atob-decode;micro-behaviors/process/interpreter/eval/direct::js-eval-call-expression-arg;micro-behaviors/process/create/shell/bridge::child-process-destructure-require;micro-behaviors/process/create/spawn::stdio-ignore;micro-behaviors/process/create/spawn::windowshide-option,"""""","{""arch"": null, ""for"": [""javascript"", ""typescript""], ""platforms"": [""windows"", ""unix""]}"
eval,objectives/command-and-control/dropper/execution/eval::wsh-rat-http-stream-stage,composite,hostile,WSH downloads binary stream and executes it,objectives/command-and-control/dropper/execution/eval/javascript.yaml,micro-behaviors/communications/http/client/xmlhttp::js-xmlhttp-progid;micro-behaviors/fs/write/stream::adodb-save-to-file;micro-behaviors/fs/write/stream::adodb-type-binary-assignment;micro-behaviors/fs/write/stream::stream-write-response-body;micro-behaviors/process/create/shell/wsh::wscript-shell-run,"""""","{""arch"": null, ""for"": [""javascript""], ""platforms"": [""windows""]}"
eval,objectives/command-and-control/dropper/execution/eval::packed-table-decoder-indirect-eval-stage,composite,suspicious,Table decoder and indirect eval sink share one stage,objectives/command-and-control/dropper/execution/eval/javascript.yaml,micro-behaviors/data/decode/custom::js-indexof-charat-lookup;micro-behaviors/data/control-flow/loop::js-two-step-loop;micro-behaviors/process/interpreter/eval/indirect::js-indirect-eval-variable;well-known/lib/web/mermaid::mermaid-bundle-marker;well-known/lib/web/google-closure-library::closure-compiled-global-eval;well-known/lib/web/google-closure-library::closure-library-copyright,"""""","{""arch"": null, ""for"": [""javascript""], ""platforms"": [""windows""]}"
eval,objectives/command-and-control/dropper/execution/eval::packed-custom-decoder-eval-dropper,composite,hostile,Large JavaScript custom decoder feeds an indirect eval sink,objectives/command-and-control/dropper/execution/eval/javascript.yaml,metadata/build/minifier::js-large-minified-bundle;packed-table-decoder-indirect-eval-stage;well-known/lib/web/mermaid::mermaid-bundle-marker,"""""","{""arch"": null, ""for"": [""javascript""], ""platforms"": [""windows""]}"
eval,objectives/command-and-control/dropper/execution/eval::encoded-string-eval-dropper,composite,hostile,JavaScript encoded-string loader executes a concealed payload,objectives/command-and-control/dropper/execution/eval/javascript.yaml,metadata/file/data-blob::js-many-very-long-strings;metadata/file/data-blob::js-high-encoded-string-ratio;micro-behaviors/data/encode/char-code::fromcharcode-call;micro-behaviors/process/interpreter/eval/indirect::js-indirect-eval-variable;metadata/package/testing/,"""""","{""arch"": null, ""for"": [""javascript"", ""typescript""], ""platforms"": [""windows""]}"
eval,objectives/command-and-control/dropper/execution/eval::encoded-url-eval-process-loader,composite,hostile,Obfuscated URL payload evaluated and executed,objectives/command-and-control/dropper/execution/eval/javascript.yaml,objectives/anti-static/obfuscation/multi-layer::js-base64-shard-array;micro-behaviors/communications/http/url/encoded::base64-decoded-http-url;micro-behaviors/process/interpreter/eval/direct::js-eval-variable-argument;micro-behaviors/process/create/shell/bridge::child-process-exec;well-known/lib/runtime/scripted/electron::electron-app-runtime;well-known/lib/runtime/scripted/electron::electron-chromium-runtime-strong,"""""","{""arch"": null, ""for"": [""javascript""], ""platforms"": [""windows""]}"
eval,objectives/command-and-control/dropper/execution/eval::encoded-delete-command-loader,composite,hostile,Encoded delete command evaluated and executed,objectives/command-and-control/dropper/execution/eval/javascript.yaml,objectives/anti-static/obfuscation/multi-layer::js-base64-shard-array;objectives/anti-static/obfuscation/payload/encoded::decoded-windows-del-command;micro-behaviors/process/interpreter/eval/direct::js-eval-variable-argument;micro-behaviors/process/create/shell/bridge::child-process-exec,"""""","{""arch"": null, ""for"": [""pe"", ""javascript""], ""platforms"": [""windows""]}"
eval,objectives/command-and-control/dropper/execution/eval::custom-decoder-charcode-eval-dropper,composite,hostile,JavaScript custom decoder executes an encoded stage through an indirect property,objectives/command-and-control/dropper/execution/eval/javascript.yaml,micro-behaviors/data/decode/custom::js-alphabet-coded-decoder-source;objectives/anti-static/obfuscation/reflection/indirect::js-charcode-constructor-stage;well-known/lib/web/mermaid::mermaid-bundle-marker;well-known/app/publishing/wordpress-plugins/catalog::known-wordpress-plugin;well-known/lib/vendor-sdk/freemius::freemius-js-ref,"""""","{""arch"": null, ""for"": [""javascript""], ""platforms"": [""windows""]}"
eval,objectives/command-and-control/dropper/execution/eval::custom-decoder-aliased-eval-dropper,composite,hostile,Large JavaScript decoder feeds an aliased eval sink,objectives/command-and-control/dropper/execution/eval/javascript.yaml,metadata/build/minifier::js-large-minified-bundle;micro-behaviors/data/decode/custom::js-alphabet-coded-decoder-source;micro-behaviors/data/decode/custom::js-charcode-byte-mask;micro-behaviors/process/interpreter/eval/indirect::js-eval-alias-assignment;metadata/package/testing/,"""""","{""arch"": null, ""for"": [""javascript""], ""platforms"": [""windows""]}"
eval,objectives/command-and-control/dropper/execution/eval::custom-decoder-function-constructor-dropper,composite,hostile,Large JavaScript decoder feeds Function constructor,objectives/command-and-control/dropper/execution/eval/javascript.yaml,metadata/file/data-blob::js-many-very-long-strings;micro-behaviors/data/decode/custom::js-indexof-charat-lookup;micro-behaviors/data/control-flow/loop::js-two-step-loop;micro-behaviors/process/interpreter/eval/compile::js-new-function-variable-argument;well-known/lib/web/mermaid::mermaid-bundle-marker;well-known/app/publishing/wordpress-plugins/catalog::known-wordpress-plugin;well-known/lib/vendor-sdk/freemius::freemius-js-ref;well-known/lib/web/vue::library-comp,"""""","{""arch"": null, ""for"": [""javascript""], ""platforms"": [""windows""]}"
eval,objectives/command-and-control/dropper/execution/eval::custom-alphabet-decoder-function-dropper,composite,hostile,Alphabet and octal decoders execute Function,objectives/command-and-control/dropper/execution/eval/javascript.yaml,micro-behaviors/data/decode/custom::js-indexof-charcode-shift-decoder;micro-behaviors/data/decode/custom::js-octal-charcode-loop;micro-behaviors/data/encode/string::decimal-string-blob;micro-behaviors/process/interpreter/eval/compile::js-new-function-variable-argument;well-known/lib/web/mermaid::mermaid-bundle-marker;metadata/package/testing/,"""""","{""arch"": null, ""for"": [""javascript""], ""platforms"": [""windows""]}"
eval,objectives/command-and-control/dropper/execution/eval::activex-xmlhttp-remote-eval,composite,hostile,ActiveX XMLHTTP remote response eval,objectives/command-and-control/dropper/execution/eval/javascript.yaml,micro-behaviors/process/interpreter/jscript::activex-object;micro-behaviors/communications/http/client/xmlhttp::msxml-xmlhttp-progid-text;micro-behaviors/communications/http/client/response-body::response-text;objectives/execution/interpreter/eval/remote::js-eval-response-text;micro-behaviors/communications/http/client/xmlhttp::js-xmlhttp-open;micro-behaviors/communications/http/client/xmlhttp::js-xmlhttp-open-obfuscated-method;micro-behaviors/communications/http/client/xmlhttp::js-xmlhttp-send;well-known/lib/web/syntaxhighlighter::shjs-syntax-highlighter;well-known/lib/format/ejs::ejs-legacy-browser-loader,"""""","{""arch"": null, ""for"": [""javascript""], ""platforms"": [""windows""]}"
eval,objectives/command-and-control/dropper/execution/eval::activex-xmlhttp-marker-remote-eval,composite,hostile,ActiveX XMLHTTP marker-rewritten remote eval,objectives/command-and-control/dropper/execution/eval/javascript.yaml,activex-xmlhttp-remote-eval;objectives/anti-static/obfuscation/string/fragmentation::js-response-split-join-marker;objectives/anti-static/obfuscation/string/fragmentation::js-join-substring-char,"""""","{""arch"": null, ""for"": [""javascript""], ""platforms"": [""windows""]}"
eval,objectives/command-and-control/dropper/execution/eval::wscript-xmlhttp-download-eval,composite,hostile,WScript XMLHTTP download and eval execution,objectives/command-and-control/dropper/execution/eval/javascript.yaml,objectives/execution/interpreter/script/wsh::wscript-createobject;micro-behaviors/communications/http/client/response-body::response-text;micro-behaviors/process/interpreter/eval/direct::js-eval-raw;well-known/lib/web/jquery::license-url,"""""","{""arch"": null, ""for"": [""javascript""], ""platforms"": [""windows""]}"
eval,objectives/command-and-control/dropper/execution/eval::html-title-dead-drop-eval,composite,hostile,Page title points at an eval payload,objectives/command-and-control/dropper/execution/eval/javascript.yaml,html-data-title-next-url;objectives/supply-chain/hidden-payload/encoding::eval-atob,"""""","{""arch"": null, ""for"": [""javascript""], ""platforms"": [""windows""]}"
eval,objectives/command-and-control/dropper/execution/eval::node-codec-chain-require-eval-dropper,composite,hostile,Node codec chain require eval dropper,objectives/command-and-control/dropper/execution/eval/node-encrypted.yaml,objectives/anti-static/obfuscation/eval/require::function-constructor-require-arg;micro-behaviors/process/interpreter/eval/compile::js-function-constructor-require-invocation;objectives/anti-static/obfuscation/multi-layer::aes-gcm-decrypt-call;objectives/anti-static/obfuscation/multi-layer::decode-codec-call;objectives/anti-static/obfuscation/multi-layer::decode-position-call;metadata/package/testing/harness/runtime/;metadata/build/bundler/asset::js-large-module-bundle,"""""","{""arch"": null, ""for"": [""javascript"", ""typescript""], ""platforms"": [""unix"", ""windows""]}"
eval,objectives/command-and-control/dropper/execution/eval::node-obfuscated-remote-parser-vm-loader,composite,hostile,JavaScript executes an obfuscated remote parser in a VM,objectives/command-and-control/dropper/execution/eval/node-remote-parser.yaml,micro-behaviors/data/serialize/json::json-parse-call;micro-behaviors/communications/http/request/client::https-get;micro-behaviors/data/encode/char-code::fromcharcode-call;micro-behaviors/process/interpreter/vm::vm-runInContext;micro-behaviors/os/module/dynamic-load::node-variable-require-call,"""""","{""arch"": null, ""for"": [""javascript"", ""typescript""], ""platforms"": [""unix"", ""windows""]}"
eval,objectives/command-and-control/dropper/execution/eval::batch-remote-parser-runtime-launch,composite,hostile,Batch downloads and launches a remote runtime parser,objectives/command-and-control/dropper/execution/eval/node-remote-parser.yaml,micro-behaviors/process/create/script/file::batch-variable-runtime-script-launch;micro-behaviors/process/create/start-process::batch-start-process-self-arg;micro-behaviors/communications/http/download/cli::iwr-outfile-download;micro-behaviors/communications/http/download/curl::batch-curl-http-url,"""""","{""arch"": null, ""for"": [""batch""], ""platforms"": [""windows""]}"
eval,objectives/command-and-control/dropper/execution/eval::node-http-response-executed-in-vm,composite,hostile,Executes the HTTP response body in a Node VM,objectives/command-and-control/dropper/execution/eval/node-response-vm.yaml,micro-behaviors/process/interpreter/vm::vm-runInContext;micro-behaviors/process/io/stream::node-stream-data-event;micro-behaviors/process/io/stream::node-stream-end-event;micro-behaviors/communications/http/request/client::http-client-usage;micro-behaviors/process/interpreter/vm::vm-createContext-no-args,"""""","{""arch"": null, ""for"": [""javascript"", ""typescript""], ""platforms"": [""unix"", ""windows""]}"
eval,objectives/command-and-control/dropper/execution/eval::eval-file-get-contents-url,atomic,suspicious,eval() executes remote URL content,objectives/command-and-control/dropper/execution/eval/php.yaml,,"{""regex"": ""(?i)@?eval\\s*\\([^)]{0,80}file_get_contents\\s*\\(\\s*[\""']https?://"", ""type"": ""text""}","{""arch"": null, ""for"": [""php""], ""platforms"": [""windows"", ""unix""]}"
eval,objectives/command-and-control/dropper/execution/eval::eval-file-get-contents-php-url,atomic,suspicious,eval() fetches remote PHP payload,objectives/command-and-control/dropper/execution/eval/php.yaml,,"{""regex"": ""(?i)@?eval\\s*\\([^)]{0,80}file_get_contents\\s*\\([^)]{0,160}\\.php"", ""type"": ""text""}","{""arch"": null, ""for"": [""php""], ""platforms"": [""windows"", ""unix""]}"
eval,objectives/command-and-control/dropper/execution/eval::php-remote-eval-stager,composite,hostile,PHP stager fetches and evals remote script,objectives/command-and-control/dropper/execution/eval/php.yaml,eval-file-get-contents-url;micro-behaviors/communications/ip/literal::http-ip-url,"""""","{""arch"": null, ""for"": [""php""], ""platforms"": [""windows"", ""unix""]}"
eval,objectives/command-and-control/dropper/execution/eval::php-suppressed-remote-eval-stager,composite,hostile,PHP silently evals remote script content,objectives/command-and-control/dropper/execution/eval/php.yaml,eval-file-get-contents-url;micro-behaviors/process/interpreter/eval/direct::error-suppressed-eval,"""""","{""arch"": null, ""for"": [""php""], ""platforms"": [""windows"", ""unix""]}"
eval,objectives/command-and-control/dropper/execution/eval::php-encoded-json-eval-stager,composite,hostile,Encoded JSON PHP remote eval stager,objectives/command-and-control/dropper/execution/eval/php.yaml,objectives/anti-static/obfuscation/string/encoding::encoded-json-callback-array;objectives/anti-static/obfuscation/string/encoding::encoded-eval-file-get-contents-http;objectives/anti-static/obfuscation/string/encoding::php-reversed-urlencode-base64-stager,"""""","{""arch"": null, ""for"": [""php""], ""platforms"": [""windows"", ""unix""]}"
eval,objectives/command-and-control/dropper/execution/eval::profiled-function-constructor-stage2,composite,hostile,Host profile POST supplies Function-executed stage,objectives/command-and-control/dropper/execution/eval/profiled-stage2.yaml,micro-behaviors/process/interpreter/eval/compile::js-new-function-constructor;objectives/discovery/system/fingerprint/hardware::js-profiling;micro-behaviors/communications/http/request/json::http-post-json;micro-behaviors/communications/http/post::node-https-request-post,"""""","{""arch"": null, ""for"": [""javascript"", ""typescript""], ""platforms"": [""windows"", ""unix""]}"
eval,objectives/command-and-control/dropper/execution/eval::exec-get-text,atomic,suspicious,exec() on HTTP response .text,objectives/command-and-control/dropper/execution/eval/python.yaml,well-known/tool/detection/agentskillmap/,"{""regex"": ""exec\\s*\\(.{0,50}\\.get\\s*\\(.{0,50}\\)\\.text\\s*\\)"", ""type"": ""text""}","{""arch"": null, ""for"": [""python""], ""platforms"": [""windows"", ""unix""]}"
eval,objectives/command-and-control/dropper/execution/eval::exec-get-content,atomic,suspicious,exec() on HTTP response .content,objectives/command-and-control/dropper/execution/eval/python.yaml,well-known/tool/detection/agentskillmap/,"{""regex"": ""exec\\s*\\(.{0,50}\\.get\\s*\\(.{0,50}\\)\\.content\\s*\\)"", ""type"": ""text""}","{""arch"": null, ""for"": [""python""], ""platforms"": [""windows"", ""unix""]}"
eval,objectives/command-and-control/dropper/execution/eval::eval-get-text,atomic,suspicious,eval() on HTTP response .text,objectives/command-and-control/dropper/execution/eval/python.yaml,well-known/tool/detection/agentskillmap/,"{""regex"": ""eval\\s*\\(.{0,50}\\.get\\s*\\(.{0,50}\\)\\.text\\s*\\)"", ""type"": ""text""}","{""arch"": null, ""for"": [""python""], ""platforms"": [""windows"", ""unix""]}"
eval,objectives/command-and-control/dropper/execution/eval::exec-urlopen-read,atomic,suspicious,exec() on urlopen response,objectives/command-and-control/dropper/execution/eval/python.yaml,well-known/lib/ai/unsloth::unsloth-package-context;well-known/tool/detection/agentskillmap/,"{""regex"": ""exec\\s*\\(.{0,50}urlopen\\s*\\(.{0,50}\\)\\.read\\s*\\(\\s*\\)"", ""type"": ""text""}","{""arch"": null, ""for"": [""python""], ""platforms"": [""windows"", ""unix""]}"
eval,objectives/command-and-control/dropper/execution/eval::urlopen-read-then-exec,atomic,notable,urlopen response later passed to exec,objectives/command-and-control/dropper/execution/eval/python.yaml,exec-urlopen-read;metadata/package/testing/,"{""regex"": ""urlopen\\s*\\([^)]{0,80}\\)[\\s\\S]{0,900}\\bexec\\s*\\("", ""type"": ""text""}","{""arch"": null, ""for"": [""python""], ""platforms"": [""windows"", ""unix""]}"
eval,objectives/command-and-control/dropper/execution/eval::urllib-module-code-read,atomic,notable,urllib response assigned module code,objectives/command-and-control/dropper/execution/eval/python.yaml,,"{""regex"": ""\\bmodule_code\\s*=\\s*[A-Za-z_][A-Za-z0-9_]*\\.read\\(\\)\\.decode\\("", ""type"": ""text""}","{""arch"": null, ""for"": [""python""], ""platforms"": [""windows"", ""unix""]}"
eval,objectives/command-and-control/dropper/execution/eval::exec-module-code,atomic,notable,exec called on module code,objectives/command-and-control/dropper/execution/eval/python.yaml,,"{""regex"": ""\\bexec\\s*\\(\\s*module_code\\s*,"", ""type"": ""text""}","{""arch"": null, ""for"": [""python""], ""platforms"": [""windows"", ""unix""]}"
eval,objectives/command-and-control/dropper/execution/eval::remote-module-py-url-path,atomic,notable,Remote Python module URL path,objectives/command-and-control/dropper/execution/eval/python.yaml,,"{""regex"": ""/[A-Za-z0-9_.~/-]{0,80}module\\.py$"", ""type"": ""literal""}","{""arch"": null, ""for"": [""python""], ""platforms"": [""windows"", ""unix""]}"
eval,objectives/command-and-control/dropper/execution/eval::connexion-schema-resolver,atomic,notable,Connexion OpenAPI schema resolver,objectives/command-and-control/dropper/execution/eval/python.yaml,,"{""regex"": ""(^|[\\\\/])connexion[\\\\/]json_schema\\.py$"", ""type"": ""path""}","{""arch"": null, ""for"": [""python""], ""platforms"": [""windows"", ""unix""]}"
eval,objectives/command-and-control/dropper/execution/eval::remote-transform-service-code-execution,composite,hostile,Executes code obtained from a remote encode or decode service,objectives/command-and-control/dropper/execution/eval/python.yaml,micro-behaviors/communications/http/lib/requests::requests-post;micro-behaviors/communications/http/url/domain::workers-dev-domain;micro-behaviors/communications/http/url/path::code-transform-endpoint-path;micro-behaviors/communications/http/lib/requests::response-json-code-field;micro-behaviors/process/interpreter/eval/direct::exec-variable,"""""","{""arch"": null, ""for"": [""python"", ""whl"", ""python-sdist""], ""platforms"": [""windows"", ""unix""]}"
eval,objectives/command-and-control/dropper/execution/eval::remote-exec-text,composite,hostile,Executes code fetched from remote URL,objectives/command-and-control/dropper/execution/eval/python.yaml,micro-behaviors/process/interpreter/eval/direct::exec-builtin;micro-behaviors/communications/http/request/client::request-python;exec-get-text;exec-get-content;eval-get-text;exec-urlopen-read;well-known/lib/ai/unsloth::unsloth-package-context;well-known/tool/detection/agentskillmap/;well-known/lib/development/setuptools-bootstrap::ez-setup-bootstrap-url,"""""","{""arch"": null, ""for"": [""python""], ""platforms"": [""windows"", ""unix""]}"
eval,objectives/command-and-control/dropper/execution/eval::urllib-module-code-exec,composite,hostile,urllib-fetched Python module execution,objectives/command-and-control/dropper/execution/eval/python.yaml,micro-behaviors/communications/http/lib/urllib::urllib-urlopen-call;urllib-module-code-read;exec-module-code;remote-module-py-url-path;micro-behaviors/communications/socket/ssl::tls-validation-fully-disabled;micro-behaviors/data/serialize/json::json-loads-call;micro-behaviors/data/decode/base64::b64decode-call,"""""","{""arch"": null, ""for"": [""python""], ""platforms"": [""windows"", ""unix""]}"
eval,objectives/command-and-control/dropper/execution/eval::obfuscated-remote-exec,composite,hostile,Executes code from obfuscated URL,objectives/command-and-control/dropper/execution/eval/python.yaml,micro-behaviors/process/interpreter/eval/direct::exec-builtin;objectives/anti-static/obfuscation/string/encoding::join-chr-comprehension;exec-get-text;exec-get-content;eval-get-text,"""""","{""arch"": null, ""for"": [""python""], ""platforms"": [""windows"", ""unix""]}"
eval,objectives/command-and-control/dropper/execution/eval::bitshift-obfuscated-exec,composite,hostile,Executes code with bitshift-obfuscated URL,objectives/command-and-control/dropper/execution/eval/python.yaml,micro-behaviors/data/arithmetic::bitshift-array;objectives/anti-static/obfuscation/string/encoding::join-chr-comprehension;exec-get-text;exec-get-content;eval-get-text,"""""","{""arch"": null, ""for"": [""python""], ""platforms"": [""windows"", ""unix""]}"
eval,objectives/command-and-control/dropper/execution/eval::remote-yaml-deserialization,composite,hostile,Remote YAML body parsed with unsafe loader (RCE),objectives/command-and-control/dropper/execution/eval/python.yaml,micro-behaviors/data/serialize/yaml::yaml-load-network-response;micro-behaviors/data/serialize/yaml::yaml-loader-unsafe;micro-behaviors/data/serialize/yaml::yaml-unsafe-load;well-known/lib/ai/unsloth::unsloth-package-context;well-known/tool/detection/security-scanner::code-pattern-catalog;well-known/tool/detection/pattern-catalog::python-taint-sink-map,"""""","{""arch"": null, ""for"": [""python""], ""platforms"": [""windows"", ""unix""]}"
eval,objectives/command-and-control/dropper/execution/eval::yaml-load-near-http-fetch,composite,suspicious,Parses remote YAML with unsafe loader,objectives/command-and-control/dropper/execution/eval/python.yaml,micro-behaviors/communications/http/request/client::request-python;micro-behaviors/data/serialize/yaml::yaml-loader-unsafe;micro-behaviors/data/serialize/yaml::yaml-unsafe-load;well-known/lib/ai/unsloth::unsloth-package-context;well-known/tool/detection/security-scanner::code-pattern-catalog;well-known/tool/detection/pattern-catalog::python-taint-sink-map,"""""","{""arch"": null, ""for"": [""python""], ""platforms"": [""windows"", ""unix""]}"
eval,objectives/command-and-control/dropper/execution/eval::yaml-load-near-http-fetch-unspecified-loader,composite,suspicious,Parses remote YAML with unspecified loader,objectives/command-and-control/dropper/execution/eval/python.yaml,micro-behaviors/communications/http/request/client::request-python;micro-behaviors/data/serialize/yaml::yaml-load-call;micro-behaviors/data/serialize/yaml::yaml-loader-safe;micro-behaviors/data/serialize/yaml::yaml-loader-unsafe;well-known/lib/ai/unsloth::unsloth-package-context;well-known/tool/detection/security-scanner::code-pattern-catalog;well-known/tool/detection/pattern-catalog::python-taint-sink-map;metadata/package/testing/;connexion-schema-resolver,"""""","{""arch"": null, ""for"": [""python""], ""platforms"": [""windows"", ""unix""]}"
eval,objectives/command-and-control/dropper/execution/eval::urllib-encoded-pythonw-remote-loader,composite,hostile,urllib remote code execution staged through an encoded pythonw loader,objectives/command-and-control/dropper/execution/eval/python.yaml,exec-urlopen-read;objectives/anti-static/obfuscation/encoding/content::encoded-python-exec;objectives/anti-static/obfuscation/eval/scripting::pythonw-exe-replace-trick;metadata/signed/platform/;metadata/package/testing/,"""""","{""arch"": null, ""for"": [""python""], ""platforms"": [""windows"", ""unix""]}"
eval,objectives/command-and-control/dropper/execution/eval::init-urlopen-exec-stage,composite,hostile,Import-time exec of a urlopen download,objectives/command-and-control/dropper/execution/eval/python.yaml,metadata/file/size::init-py-file;urlopen-read-then-exec;micro-behaviors/data/control-flow/error-handling::silent-exception-pass,"""""","{""arch"": null, ""for"": [""python""], ""platforms"": [""windows"", ""unix""]}"
eval,objectives/command-and-control/dropper/execution/eval::init-direct-ip-urlopen-exec,composite,hostile,Import-time exec from a literal IP URL,objectives/command-and-control/dropper/execution/eval/python.yaml,metadata/file/size::init-py-file;micro-behaviors/communications/http/lib/urllib::urllib-urlopen-call;micro-behaviors/process/interpreter/eval/direct::exec-variable;micro-behaviors/communications/ip/literal::external-ipv4-http-url,"""""","{""arch"": null, ""for"": [""python""], ""platforms"": [""windows"", ""unix""]}"
eval,objectives/command-and-control/dropper/execution/eval::init-alt-port-urlopen-exec,composite,hostile,Import-time exec from an alternate HTTP port,objectives/command-and-control/dropper/execution/eval/python.yaml,urlopen-read-then-exec;micro-behaviors/communications/http/url/port::http-alt-port-8080;micro-behaviors/data/control-flow/error-handling::silent-exception-pass,"""""","{""arch"": null, ""for"": [""python""], ""platforms"": [""windows"", ""unix""]}"
eval,objectives/command-and-control/dropper/execution/eval::python-exec-decoded-gzip-resource,composite,hostile,exec() of a decoded gzipped resource,objectives/command-and-control/dropper/execution/eval/python.yaml,objectives/anti-static/obfuscation/control-flow/logic::base64-exec-text;micro-behaviors/data/compress/gzip::gzip-open-call,"""""","{""arch"": null, ""for"": [""python"", ""python-sdist"", ""whl"", ""zip""], ""platforms"": [""windows"", ""unix""]}"
eval,objectives/command-and-control/dropper/execution/eval::exec-subprocess-getoutput,composite,hostile,exec() runs command output as Python,objectives/command-and-control/dropper/execution/eval/python.yaml,micro-behaviors/process/interpreter/eval/direct::exec-builtin;micro-behaviors/process/create/subprocess::getoutput-content,"""""","{""arch"": null, ""for"": [""python""], ""platforms"": [""windows"", ""unix""]}"
eval,objectives/command-and-control/dropper/execution/eval::ruby-panos-data-hidden-eval,atomic,suspicious,Ruby PAN-OS DATA hidden eval,objectives/command-and-control/dropper/execution/eval/ruby-panos.yaml,,"{""regex"": ""DATA section[\\s\\S]{0,120}eval\\(hidden\\)"", ""type"": ""text""}","{""arch"": null, ""for"": [""ruby""], ""platforms"": [""panos"", ""appliance"", ""unix""]}"
eval,objectives/command-and-control/dropper/execution/eval::ruby-panos-frags-payload-array,atomic,suspicious,Ruby PAN-OS FRAGS payload array,objectives/command-and-control/dropper/execution/eval/ruby-panos.yaml,,"{""substr"": ""HEX_FRAGS"", ""type"": ""text""}","{""arch"": null, ""for"": [""ruby""], ""platforms"": [""panos"", ""appliance"", ""unix""]}"
eval,objectives/command-and-control/dropper/execution/eval::ruby-panos-data-eval-payload,composite,hostile,Ruby PAN-OS DATA eval payload,objectives/command-and-control/dropper/execution/eval/ruby-panos.yaml,ruby-panos-data-hidden-eval;ruby-panos-frags-payload-array,"""""","{""arch"": null, ""for"": [""ruby""], ""platforms"": [""panos"", ""appliance"", ""unix""]}"
eval,objectives/command-and-control/dropper/execution/eval::download-execute-quiet,atomic,notable,Silent download and execute,objectives/command-and-control/dropper/execution/eval/shell.yaml,metadata/package/freeform::pkg-description-content-type-markdown,"{""regex"": ""(?m)^[[:space:]]*[^#\\n]{0,80}\\b(curl\\s+-[so]|wget\\s+-[qO])\\s+[^|\\n]{0,50}\\|\\s*sh\\b"", ""type"": ""text""}","{""arch"": null, ""for"": [""shell""], ""platforms"": [""unix""]}"
eval,objectives/command-and-control/dropper/execution/eval::download-save-execute,atomic,notable,"Downloads, saves, and executes",objectives/command-and-control/dropper/execution/eval/shell.yaml,,"{""regex"": ""(curl\\s+-o|wget\\s+-O)\\s+\\S+[^&]{0,40}&&[^&]{0,30}chmod\\s+\\+x"", ""type"": ""text""}","{""arch"": null, ""for"": [""shell""], ""platforms"": [""unix""]}"
eval,objectives/command-and-control/dropper/execution/eval::md5-verification,atomic,component,MD5 checksum verification,objectives/command-and-control/dropper/execution/eval/shell.yaml,,"{""regex"": ""md5sum\\s+\\S+\\s*\\|\\s*awk"", ""type"": ""text""}","{""arch"": null, ""for"": [""shell""], ""platforms"": [""unix""]}"
eval,objectives/command-and-control/dropper/execution/eval::payload-checksum-compare,atomic,notable,Payload integrity verification,objectives/command-and-control/dropper/execution/eval/shell.yaml,metadata/file/format/structured::sourcemap;metadata/file/format/structured::sourcemap-sources-content;well-known/tool/development/vscode-extension/vscode-marketplace::claude-code-gauge-member-path,"{""regex"": ""\\$MD5[^=]{0,20}=[^$]{0,20}\\$sum|\\$sum[^=]{0,20}=[^$]{0,20}\\$MD5|checkExists"", ""type"": ""text""}","{""arch"": null, ""for"": [""shell""], ""platforms"": [""unix""]}"
eval,objectives/command-and-control/dropper/execution/eval::toolchain-command-check-cluster,atomic,notable,Toolchain command checks,objectives/command-and-control/dropper/execution/eval/shell.yaml,,"{""regex"": ""command -v rg[\\s\\S]{0,180}command -v curl"", ""type"": ""text""}","{""arch"": null, ""for"": [""shell""], ""platforms"": [""unix""]}"
eval,objectives/command-and-control/dropper/execution/eval::eval-curl-subshell,atomic,suspicious,"eval ""$(curl ...""",objectives/command-and-control/dropper/execution/eval/shell.yaml,well-known/tool/packaging/gimme::gimme-bootstrap-context;well-known/lib/development/elastic-apm::jenkins-script-context;well-known/lib/development/elastic-apm::source-archive-context,"{""regex"": ""eval\\s*\""\\$\\(curl"", ""type"": ""text""}","{""arch"": null, ""for"": [""shell""], ""platforms"": [""unix""]}"
eval,objectives/command-and-control/dropper/execution/eval::eval-curl-backtick,atomic,suspicious,eval `curl ...`,objectives/command-and-control/dropper/execution/eval/shell.yaml,,"{""regex"": ""eval\\s*`curl"", ""type"": ""text""}","{""arch"": null, ""for"": [""shell""], ""platforms"": [""unix""]}"
eval,objectives/command-and-control/dropper/execution/eval::eval-wget-subshell,atomic,suspicious,"eval ""$(wget ...""",objectives/command-and-control/dropper/execution/eval/shell.yaml,metadata/package/testing/presence/path::pkgbuild-test-fixture-path,"{""regex"": ""eval\\s*\""\\$\\(wget"", ""type"": ""text""}","{""arch"": null, ""for"": [""shell""], ""platforms"": [""unix""]}"
eval,objectives/command-and-control/dropper/execution/eval::eval-wget-backtick,atomic,suspicious,eval `wget ...`,objectives/command-and-control/dropper/execution/eval/shell.yaml,,"{""regex"": ""eval\\s*`wget"", ""type"": ""text""}","{""arch"": null, ""for"": [""shell""], ""platforms"": [""unix""]}"
eval,objectives/command-and-control/dropper/execution/eval::curl-pipe-eval,atomic,suspicious,curl output piped to eval,objectives/command-and-control/dropper/execution/eval/shell.yaml,well-known/tool/detection/clawker::adversarial-payload-fixture;metadata/file/format/structured::sourcemap-sources-content,"{""regex"": ""\\bcurl\\b.{0,120}\\|\\s*\\beval\\b"", ""type"": ""text""}","{""arch"": null, ""for"": [""shell""], ""platforms"": [""unix""]}"
eval,objectives/command-and-control/dropper/execution/eval::wget-pipe-eval,atomic,suspicious,wget output piped to eval,objectives/command-and-control/dropper/execution/eval/shell.yaml,metadata/file/format/structured::sourcemap-sources-content,"{""regex"": ""\\bwget\\b[^\\n]{0,120}\\|\\s*\\beval\\b"", ""type"": ""text""}","{""arch"": null, ""for"": [""shell""], ""platforms"": [""unix""]}"
eval,objectives/command-and-control/dropper/execution/eval::eval-openssl-subshell,atomic,suspicious,"eval ""$(openssl ...""",objectives/command-and-control/dropper/execution/eval/shell.yaml,,"{""regex"": ""eval\\s*\""\\$\\(openssl"", ""type"": ""text""}","{""arch"": null, ""for"": [""shell"", ""macho""], ""platforms"": [""unix""]}"
eval,objectives/command-and-control/dropper/execution/eval::curl-cmd-variable-eval,atomic,suspicious,curl output assigned to cmd then evaluated,objectives/command-and-control/dropper/execution/eval/shell.yaml,,"{""regex"": ""(?s)\\bcmd=\\$\\(curl\\b.{0,400}\\).*?eval\\s+\""\\$cmd\"""", ""type"": ""text""}","{""arch"": null, ""for"": [""shell"", ""macho""], ""platforms"": [""unix""]}"
eval,objectives/command-and-control/dropper/execution/eval::curl-script-variable-eval,atomic,suspicious,curl output assigned to script then evaluated,objectives/command-and-control/dropper/execution/eval/shell.yaml,,"{""regex"": ""(?s)\\bscript=\\$\\(curl\\b.{0,400}\\).*?eval\\s+\""\\$script\"""", ""type"": ""text""}","{""arch"": null, ""for"": [""shell"", ""macho""], ""platforms"": [""unix""]}"
eval,objectives/command-and-control/dropper/execution/eval::curl-payload-variable-eval,atomic,suspicious,curl output assigned to payload then evaluated,objectives/command-and-control/dropper/execution/eval/shell.yaml,,"{""regex"": ""(?s)\\bpayload=\\$\\(curl\\b.{0,400}\\).*?eval\\s+\""\\$payload\"""", ""type"": ""text""}","{""arch"": null, ""for"": [""shell"", ""macho""], ""platforms"": [""unix""]}"
eval,objectives/command-and-control/dropper/execution/eval::shell-curl-process-sub,atomic,suspicious,shell <(curl ...),objectives/command-and-control/dropper/execution/eval/shell.yaml,,"{""regex"": ""shell\\s+<\\(curl"", ""type"": ""text""}","{""arch"": null, ""for"": [""shell""], ""platforms"": [""unix""]}"
eval,objectives/command-and-control/dropper/execution/eval::sh-curl-process-sub,atomic,notable,sh <(curl ...) process substitution,objectives/command-and-control/dropper/execution/eval/shell.yaml,,"{""regex"": ""(^|[^A-Za-z])sh\\s+<\\(curl"", ""type"": ""text""}","{""arch"": null, ""for"": [""shell""], ""platforms"": [""unix""]}"
eval,objectives/command-and-control/dropper/execution/eval::source-curl-process-sub,atomic,notable,source <(curl ...),objectives/command-and-control/dropper/execution/eval/shell.yaml,,"{""regex"": ""source\\s+<\\(curl"", ""type"": ""text""}","{""arch"": null, ""for"": [""shell""], ""platforms"": [""unix""]}"
eval,objectives/command-and-control/dropper/execution/eval::source-wget-process-sub,atomic,notable,source <(wget ...),objectives/command-and-control/dropper/execution/eval/shell.yaml,,"{""regex"": ""source\\s+<\\(wget"", ""type"": ""text""}","{""arch"": null, ""for"": [""shell""], ""platforms"": [""unix""]}"
eval,objectives/command-and-control/dropper/execution/eval::verified-dropper,composite,hostile,Verified payload dropper,objectives/command-and-control/dropper/execution/eval/shell.yaml,micro-behaviors/communications/http/download/shell::curl-wget-loader-selection;micro-behaviors/communications/http/download/cli::curl-wget-ipv4-url;md5-verification;payload-checksum-compare;download-save-execute,"""""","{""arch"": null, ""for"": [""shell""], ""platforms"": [""unix""]}"
eval,objectives/command-and-control/dropper/execution/eval::simple-dropper,composite,suspicious,Simple download-execute dropper,objectives/command-and-control/dropper/execution/eval/shell.yaml,micro-behaviors/process/create/shell/spawn::curl-pipe-exec;micro-behaviors/communications/http/download/cli::curl-wget-ipv4-url,"""""","{""arch"": null, ""for"": [""shell""], ""platforms"": [""unix""]}"
eval,objectives/command-and-control/dropper/execution/eval::fetch-eval,composite,suspicious,Remote script fetch and eval,objectives/command-and-control/dropper/execution/eval/shell.yaml,eval-curl-subshell;eval-curl-backtick;eval-wget-subshell;eval-wget-backtick;eval-openssl-subshell;curl-variable-eval,"""""","{""arch"": null, ""for"": [""shell"", ""macho""], ""platforms"": [""unix""]}"
eval,objectives/command-and-control/dropper/execution/eval::curl-variable-eval,composite,suspicious,curl response variable eval,objectives/command-and-control/dropper/execution/eval/shell.yaml,curl-cmd-variable-eval;curl-script-variable-eval;curl-payload-variable-eval,"""""","{""arch"": null, ""for"": [""shell"", ""macho""], ""platforms"": [""unix""]}"
eval,objectives/command-and-control/dropper/execution/eval::process-substitution,composite,notable,Shell process substitution with remote content,objectives/command-and-control/dropper/execution/eval/shell.yaml,shell-curl-process-sub;sh-curl-process-sub;source-curl-process-sub;source-wget-process-sub,"""""","{""arch"": null, ""for"": [""shell""], ""platforms"": [""unix""]}"
fileless,objectives/command-and-control/dropper/execution/fileless::powershell-truncated-windowstyle,atomic,notable,Truncated PowerShell WindowStyle flag,objectives/command-and-control/dropper/execution/fileless/clickfix-wind.yaml,,"{""regex"": ""(?i)-wind\\s+mi\\b"", ""type"": ""text""}","{""arch"": null, ""for"": [""powershell"", ""text"", ""html""], ""platforms"": [""windows""]}"
fileless,objectives/command-and-control/dropper/execution/fileless::powershell-sv-ir-alias,atomic,notable,Set-Variable aliases the irm prefix,objectives/command-and-control/dropper/execution/fileless/clickfix-wind.yaml,,"{""regex"": ""(?i)\\bsv\\s+\\w+\\s+ir\\b"", ""type"": ""text""}","{""arch"": null, ""for"": [""powershell"", ""text"", ""html""], ""platforms"": [""windows""]}"
fileless,objectives/command-and-control/dropper/execution/fileless::powershell-gv-irm-reconstruct,atomic,notable,Rebuilds irm from a variable plus M,objectives/command-and-control/dropper/execution/fileless/clickfix-wind.yaml,,"{""regex"": ""(?i)\\(gv\\s+\\w+\\)\\.Value\\+\\s*['\""]M['\""]"", ""type"": ""text""}","{""arch"": null, ""for"": [""powershell"", ""text"", ""html""], ""platforms"": [""windows""]}"
fileless,objectives/command-and-control/dropper/execution/fileless::clickfix-truncated-window-irm,composite,hostile,Hidden truncated-window IRM reconstruction,objectives/command-and-control/dropper/execution/fileless/clickfix-wind.yaml,powershell-truncated-windowstyle;powershell-gv-irm-reconstruct,"""""","{""arch"": null, ""for"": [""powershell"", ""text"", ""html""], ""platforms"": [""windows""]}"
fileless,objectives/command-and-control/dropper/execution/fileless::clickfix-sv-ir-reconstruct,composite,hostile,Set-Variable irm prefix reconstruction,objectives/command-and-control/dropper/execution/fileless/clickfix-wind.yaml,powershell-sv-ir-alias;powershell-gv-irm-reconstruct,"""""","{""arch"": null, ""for"": [""powershell"", ""text"", ""html""], ""platforms"": [""windows""]}"
fileless,objectives/command-and-control/dropper/execution/fileless::clickfix-truncated-sv-ir,composite,hostile,Truncated-window Set-Variable irm alias,objectives/command-and-control/dropper/execution/fileless/clickfix-wind.yaml,powershell-truncated-windowstyle;powershell-sv-ir-alias,"""""","{""arch"": null, ""for"": [""powershell"", ""text"", ""html""], ""platforms"": [""windows""]}"
fileless,objectives/command-and-control/dropper/execution/fileless::js-documented-dual-pipe-installer,atomic,notable,JS documents dual-pipe installers,objectives/command-and-control/dropper/execution/fileless/javascript.yaml,,"{""regex"": ""(?i)\\|\\s*bash[\\s\\S]{0,400}irm\\s+https?://\\S{0,80}\\s*\\|\\s*iex"", ""type"": ""text""}","{""arch"": null, ""for"": [""javascript"", ""typescript""], ""platforms"": [""windows""]}"
fileless,objectives/command-and-control/dropper/execution/fileless::js-powershell-fetch-execute-cradle,composite,hostile,JavaScript spawns a PowerShell fetch-execute cradle,objectives/command-and-control/dropper/execution/fileless/javascript.yaml,objectives/execution/interpreter/eval/remote::powershell-fetch-execute-command;micro-behaviors/process/create/shell/bridge;well-known/tool/packaging/uv::uv-install-sh-bootstrap-url;micro-behaviors/os/package-manager/install::bun-powershell-piped-installer-command;well-known/app/ai/coding-agent/qwen-code::qwen-code-standalone-updater-context;js-documented-dual-pipe-installer,"""""","{""arch"": null, ""for"": [""javascript"", ""typescript""], ""platforms"": [""windows""]}"
fileless,objectives/command-and-control/dropper/execution/fileless::js-hidden-powershell-fetch-execute,composite,hostile,JavaScript hides a PowerShell fetch-execute cradle,objectives/command-and-control/dropper/execution/fileless/javascript.yaml,js-powershell-fetch-execute-cradle;micro-behaviors/process/create/spawn::windowshide-obfuscated-true;micro-behaviors/process/create/hidden::argv-array-windowstyle-hidden;micro-behaviors/process/daemonize/spawn::powershell-hidden,"""""","{""arch"": null, ""for"": [""javascript"", ""typescript""], ""platforms"": [""windows""]}"
fileless,objectives/command-and-control/dropper/execution/fileless::ps-c2-register-endpoint,atomic,suspicious,PowerShell HTTP request to a /register endpoint,objectives/command-and-control/dropper/execution/fileless/powershell.yaml,,"{""regex"": ""(?i)\\b(Invoke-RestMethod|Invoke-WebRequest|curl(\\.exe)?)\\b[^\\r\\n]{0,180}/register\\b"", ""type"": ""text""}","{""arch"": null, ""for"": [""powershell""], ""platforms"": [""windows""]}"
fileless,objectives/command-and-control/dropper/execution/fileless::ps-c2-poll-endpoint,atomic,suspicious,PowerShell HTTP request to a /poll endpoint,objectives/command-and-control/dropper/execution/fileless/powershell.yaml,,"{""regex"": ""(?i)\\b(Invoke-RestMethod|Invoke-WebRequest|curl(\\.exe)?)\\b[^\\r\\n]{0,180}/poll\\b"", ""type"": ""text""}","{""arch"": null, ""for"": [""powershell""], ""platforms"": [""windows""]}"
fileless,objectives/command-and-control/dropper/execution/fileless::ps-c2-report-endpoint,atomic,suspicious,PowerShell HTTP request to a /report endpoint,objectives/command-and-control/dropper/execution/fileless/powershell.yaml,,"{""regex"": ""(?i)\\b(Invoke-RestMethod|Invoke-WebRequest|curl(\\.exe)?)\\b[^\\r\\n]{0,180}/report\\b"", ""type"": ""text""}","{""arch"": null, ""for"": [""powershell""], ""platforms"": [""windows""]}"
fileless,objectives/command-and-control/dropper/execution/fileless::ps-response-command-field,atomic,notable,PowerShell response/result command property,objectives/command-and-control/dropper/execution/fileless/powershell.yaml,,"{""regex"": ""(?i)\\$(response|result)\\.(command|cmd)\\b"", ""type"": ""text""}","{""arch"": null, ""for"": [""powershell""], ""platforms"": [""windows""]}"
fileless,objectives/command-and-control/dropper/execution/fileless::ps-response-task-field,atomic,notable,PowerShell response/result task property token,objectives/command-and-control/dropper/execution/fileless/powershell.yaml,,"{""regex"": ""(?i)\\$(response|result)\\.(task|script)\\b"", ""type"": ""text""}","{""arch"": null, ""for"": [""powershell""], ""platforms"": [""windows""]}"
fileless,objectives/command-and-control/dropper/execution/fileless::ps-task-command-field,atomic,notable,PowerShell task command property token,objectives/command-and-control/dropper/execution/fileless/powershell.yaml,,"{""regex"": ""(?i)\\$(task|tasking|commandResponse)\\.(command|cmd)\\b"", ""type"": ""text""}","{""arch"": null, ""for"": [""powershell""], ""platforms"": [""windows""]}"
fileless,objectives/command-and-control/dropper/execution/fileless::ps-task-script-field,atomic,notable,PowerShell task script property token,objectives/command-and-control/dropper/execution/fileless/powershell.yaml,,"{""regex"": ""(?i)\\$(task|tasking|commandResponse)\\.(task|script)\\b"", ""type"": ""text""}","{""arch"": null, ""for"": [""powershell""], ""platforms"": [""windows""]}"
fileless,objectives/command-and-control/dropper/execution/fileless::ps-tiny-hidden-ep-launcher,atomic,suspicious,Tiny hidden PowerShell EP bypass,objectives/command-and-control/dropper/execution/fileless/powershell.yaml,,"{""substr"": ""powershell -W H -EP B -c"", ""type"": ""text""}","{""arch"": null, ""for"": [""powershell""], ""platforms"": [""windows""]}"
fileless,objectives/command-and-control/dropper/execution/fileless::ps-tiny-irm-eval,atomic,suspicious,Tiny PowerShell IRM fetch-eval cradle,objectives/command-and-control/dropper/execution/fileless/powershell.yaml,,"{""substr"": ""iex(irm "", ""type"": ""text""}","{""arch"": null, ""for"": [""powershell""], ""platforms"": [""windows""]}"
fileless,objectives/command-and-control/dropper/execution/fileless::clickfix-verification-id-comment,atomic,notable,PowerShell Verification ID comment trailer,objectives/command-and-control/dropper/execution/fileless/powershell.yaml,,"{""regex"": ""(?i)<#\\s*Verification\\s+ID:\\s*[0-9a-f]{8,64}\\s*#>"", ""type"": ""text""}","{""arch"": null, ""for"": [""powershell"", ""batch"", ""html"", ""javascript""], ""platforms"": [""windows""]}"
fileless,objectives/command-and-control/dropper/execution/fileless::clickfix-code-verification-comment,atomic,notable,PowerShell Code Verification comment marker,objectives/command-and-control/dropper/execution/fileless/powershell.yaml,,"{""regex"": ""(?i)<#\\s*Code\\s+Verification:\\s*\\d{6,32}\\s*#>"", ""type"": ""text""}","{""arch"": null, ""for"": [""powershell"", ""batch"", ""html"", ""javascript""], ""platforms"": [""windows""]}"
fileless,objectives/command-and-control/dropper/execution/fileless::irm-external-ipv4-host,atomic,notable,IRM/RestMethod targets raw external IPv4 host,objectives/command-and-control/dropper/execution/fileless/powershell.yaml,,"{""is"": ""external_ip"", ""regex"": ""(?i)\\b(irm|Invoke-RestMethod)\\b[^\\r\\n]{0,40}['\\\""]?\\d{1,3}(\\.\\d{1,3}){3}([:/]|\\s|$)"", ""type"": ""text""}","{""arch"": null, ""for"": [""powershell"", ""batch"", ""pe""], ""platforms"": [""windows""]}"
fileless,objectives/command-and-control/dropper/execution/fileless::irm-opaque-staging-token,atomic,suspicious,IRM fetch targets opaque URL path token,objectives/command-and-control/dropper/execution/fileless/powershell.yaml,,"{""regex"": ""(?i)\\birm\\b[^'\""\\n]{0,8}['\""]https?://[^'\""]{0,200}/[a-z]{0,12}\\d[a-z0-9]{3,18}['\""]"", ""type"": ""text""}","{""arch"": null, ""for"": [""powershell"", ""batch""], ""platforms"": [""windows""]}"
fileless,objectives/command-and-control/dropper/execution/fileless::ps-encoded-iwr-http-fragment,atomic,suspicious,Encoded IWR HTTP launcher fragment,objectives/command-and-control/dropper/execution/fileless/powershell.yaml,,"{""substr"": ""aQB3AHIAIAAiAGgAdAB0AHAA"", ""type"": ""text""}","{""arch"": null, ""for"": [""powershell""], ""platforms"": [""windows""]}"
fileless,objectives/command-and-control/dropper/execution/fileless::ps-encoded-scriptblock-fragment,atomic,suspicious,Encoded ScriptBlock launcher fragment,objectives/command-and-control/dropper/execution/fileless/powershell.yaml,,"{""substr"": ""QBbAHMAYwByAGkAcAB0AGIAbABvAGMAawBdADoAOg"", ""type"": ""text""}","{""arch"": null, ""for"": [""powershell""], ""platforms"": [""windows""]}"
fileless,objectives/command-and-control/dropper/execution/fileless::ps-network-eval-pipeline,atomic,suspicious,PowerShell network response piped to eval,objectives/command-and-control/dropper/execution/fileless/powershell.yaml,,"{""regex"": ""(?im)^[ \\t]*\\biwr\\b[^\\r\\n|]{0,220}\\|\\s*iex\\b"", ""type"": ""text""}","{""arch"": null, ""for"": [""powershell""], ""platforms"": [""windows""]}"
fileless,objectives/command-and-control/dropper/execution/fileless::ps-command-wrapper-network-eval,atomic,suspicious,Nested PowerShell web fetch to eval,objectives/command-and-control/dropper/execution/fileless/powershell.yaml,,"{""regex"": ""(?i)\\bpowershell.{0,99}\\b(irm|iwr|Invoke-\\w+)[^\\r\\n|]{0,99}\\|\\s*(iex|Invoke-Expression)\\b"", ""type"": ""text""}","{""arch"": null, ""for"": [""vbs"", ""powershell"", ""batch""], ""platforms"": [""windows""]}"
fileless,objectives/command-and-control/dropper/execution/fileless::ps-webrequest-content-iex,atomic,suspicious,PowerShell evaluates response content,objectives/command-and-control/dropper/execution/fileless/powershell.yaml,,"{""regex"": ""(?i)(Select-Object\\s+-Expand\\s+Content|\\.Content)\\s*\\|\\s*(IEX|Invoke-Expression)\\b"", ""type"": ""text""}","{""arch"": null, ""for"": [""powershell"", ""vbs"", ""batch""], ""platforms"": [""windows""]}"
fileless,objectives/command-and-control/dropper/execution/fileless::ps-irm-pipeline-eval,atomic,suspicious,Remote IRM response piped to IEX,objectives/command-and-control/dropper/execution/fileless/powershell.yaml,well-known/lib/ai/unsloth::unsloth-package-context;well-known/app/productivity/ferronote::ferronote-windows-installer-context;well-known/app/ai/gateway/ollama::official-install-ps1-url;micro-behaviors/os/package-manager/install::bun-powershell-piped-installer-command;metadata/package/documentation/powershell-help::powershell-comment-help-piped-url-example;metadata/package/documentation/powershell-help::powershell-comment-help-irm-iex-example;well-known/app/communication/slack::official-install-windows-ps1-url,"{""regex"": ""(?im)^[ \\t]*\\b(irm|Invoke-RestMethod)\\b[^\\r\\n|]{0,240}\\|\\s*(iex|Invoke-Expression)\\b"", ""type"": ""text""}","{""arch"": null, ""for"": [""vbs"", ""powershell"", ""batch""], ""platforms"": [""windows""]}"
fileless,objectives/command-and-control/dropper/execution/fileless::ps-iwr-pipeline-eval,atomic,suspicious,Remote IWR response piped to IEX,objectives/command-and-control/dropper/execution/fileless/powershell.yaml,well-known/lib/ai/unsloth::unsloth-package-context;well-known/app/productivity/ferronote::ferronote-windows-installer-context;well-known/app/ai/gateway/ollama::official-install-ps1-url;micro-behaviors/os/package-manager/install::bun-powershell-piped-installer-command;metadata/package/documentation/powershell-help::powershell-comment-help-piped-url-example;metadata/package/documentation/powershell-help::powershell-comment-help-irm-iex-example;well-known/app/communication/slack::official-install-windows-ps1-url,"{""regex"": ""(?im)^[ \\t]*\\b(iwr|Invoke-WebRequest)\\b[^\\r\\n|]{0,240}\\|\\s*iex\\b"", ""type"": ""text""}","{""arch"": null, ""for"": [""vbs"", ""powershell"", ""batch""], ""platforms"": [""windows""]}"
fileless,objectives/command-and-control/dropper/execution/fileless::curl-zoom-user-agent-piped-iex--rx-4,atomic,notable,Matches 'ZoomSDK',objectives/command-and-control/dropper/execution/fileless/powershell.yaml,,"{""case_insensitive"": true, ""substr"": ""ZoomSDK"", ""type"": ""text""}","{""arch"": null, ""for"": [""powershell""], ""platforms"": [""windows""]}"
fileless,objectives/command-and-control/dropper/execution/fileless::iwr-zoom-user-agent-content-iex--rx-9,atomic,notable,Matches ').Content',objectives/command-and-control/dropper/execution/fileless/powershell.yaml,,"{""case_insensitive"": true, ""substr"": "").Content"", ""type"": ""text""}","{""arch"": null, ""for"": [""powershell""], ""platforms"": [""windows""]}"
fileless,objectives/command-and-control/dropper/execution/fileless::iwr-zoom-user-agent-content-iex--rx-10,atomic,notable,Matches 'UserAgent',objectives/command-and-control/dropper/execution/fileless/powershell.yaml,,"{""case_insensitive"": true, ""substr"": ""UserAgent"", ""type"": ""text""}","{""arch"": null, ""for"": [""powershell""], ""platforms"": [""windows""]}"
fileless,objectives/command-and-control/dropper/execution/fileless::iwr-zoomsdk-chromechip-log--rx-13,atomic,notable,Matches 'chromechip.log',objectives/command-and-control/dropper/execution/fileless/powershell.yaml,,"{""case_insensitive"": true, ""substr"": ""chromechip.log"", ""type"": ""text""}","{""arch"": null, ""for"": [""powershell""], ""platforms"": [""windows""]}"
fileless,objectives/command-and-control/dropper/execution/fileless::chromechip-log-stage-path,atomic,notable,Chromechip log stage path,objectives/command-and-control/dropper/execution/fileless/powershell.yaml,,"{""substr"": ""chromechip.log"", ""type"": ""text""}","{""arch"": null, ""for"": [""powershell""], ""platforms"": [""windows""]}"
fileless,objectives/command-and-control/dropper/execution/fileless::hidden-powershell-getcontent-iex--rx-26,atomic,component,Regex component marker,objectives/command-and-control/dropper/execution/fileless/powershell.yaml,,"{""case_insensitive"": true, ""substr"": ""Hidden"", ""type"": ""text""}","{""arch"": null, ""for"": [""powershell""], ""platforms"": [""windows""]}"
fileless,objectives/command-and-control/dropper/execution/fileless::curl-custom-ua-piped-powershell--rx-29,atomic,notable,Custom User-Agent option token,objectives/command-and-control/dropper/execution/fileless/powershell.yaml,,"{""case_insensitive"": true, ""substr"": ""user-agent"", ""type"": ""text""}","{""arch"": null, ""for"": [""powershell""], ""platforms"": [""windows""]}"
fileless,objectives/command-and-control/dropper/execution/fileless::curl-custom-ua-piped-powershell--rx-32,atomic,component,pwsh execution token,objectives/command-and-control/dropper/execution/fileless/powershell.yaml,,"{""substr"": ""pwsh"", ""type"": ""text""}","{""arch"": null, ""for"": [""powershell""], ""platforms"": [""windows""]}"
fileless,objectives/command-and-control/dropper/execution/fileless::ps-restmethod-bare-domain-eval-call,atomic,suspicious,PowerShell evals RestMethod bare domain,objectives/command-and-control/dropper/execution/fileless/powershell.yaml,,"{""case_insensitive"": true, ""regex"": ""\\biex\\s*\\(\\s*(irm|Invoke-RestMethod)\\s+[a-z0-9][a-z0-9.-]*\\.[a-z]{2,}\\s*\\)"", ""type"": ""text""}","{""arch"": null, ""for"": [""powershell""], ""platforms"": [""windows""]}"
fileless,objectives/command-and-control/dropper/execution/fileless::embedded-powershell-command,atomic,notable,Embedded PowerShell command,objectives/command-and-control/dropper/execution/fileless/powershell.yaml,,"{""case_insensitive"": true, ""regex"": ""\\bpowershell(\\.exe)?\\b.{0,40}-Command\\b"", ""type"": ""text""}","{""arch"": null, ""for"": [""pe"", ""batch"", ""powershell""], ""platforms"": [""windows""]}"
fileless,objectives/command-and-control/dropper/execution/fileless::native-pe-irm-pipeline,atomic,notable,PE embeds remote PowerShell IRM-IEX cradle,objectives/command-and-control/dropper/execution/fileless/powershell.yaml,well-known/lib/runtime/scripted/bun-runtime::runtime-context;well-known/lib/runtime/scripted/bun-runtime::bun-standalone-graph-trailer;well-known/lib/runtime/scripted/bun-runtime::unix-runtime-context,"{""not"": [{""substr"": ""bun.sh/install.ps1""}, {""substr"": ""bun.com/install.ps1""}], ""regex"": ""(?i)\\b(irm|Invoke-RestMethod)\\b[^\\r\\n|]{0,160}\\|\\s*iex\\b"", ""type"": ""text""}","{""arch"": null, ""for"": [""pe"", ""dll""], ""platforms"": [""windows""]}"
fileless,objectives/command-and-control/dropper/execution/fileless::ps-webclient-concatenated-object,atomic,suspicious,Concatenated PowerShell WebClient object,objectives/command-and-control/dropper/execution/fileless/powershell.yaml,,"{""regex"": ""(?is)New-Object\\s+\\([^\\r\\n]{0,80}Web[^\\r\\n]{0,80}Client"", ""type"": ""text""}","{""arch"": null, ""for"": [""powershell""], ""platforms"": [""windows""]}"
fileless,objectives/command-and-control/dropper/execution/fileless::ps-webclient-concat-token,atomic,suspicious,PowerShell concatenated WebClient token,objectives/command-and-control/dropper/execution/fileless/powershell.yaml,,"{""substr"": ""Web'+'Client"", ""type"": ""text""}","{""arch"": null, ""for"": [""powershell""], ""platforms"": [""windows""]}"
fileless,objectives/command-and-control/dropper/execution/fileless::ps-temp-char-exe-path,atomic,suspicious,PowerShell builds TEMP EXE path with chars,objectives/command-and-control/dropper/execution/fileless/powershell.yaml,,"{""regex"": ""(?is)\\$env:TEMP\\s*\\+[^\\r\\n]{0,80}\\[char\\]\\s*101[^\\r\\n]{0,80}\\[char\\]\\s*101"", ""type"": ""text""}","{""arch"": null, ""for"": [""powershell""], ""platforms"": [""windows""]}"
fileless,objectives/command-and-control/dropper/execution/fileless::ps-char-exe-fragment,atomic,suspicious,PowerShell char-built EXE fragment,objectives/command-and-control/dropper/execution/fileless/powershell.yaml,,"{""substr"": ""[char]101+'x'+[char]101"", ""type"": ""text""}","{""arch"": null, ""for"": [""powershell""], ""platforms"": [""windows""]}"
fileless,objectives/command-and-control/dropper/execution/fileless::ps-downloadfile-exe-dll,atomic,suspicious,PowerShell DownloadFile EXE or DLL,objectives/command-and-control/dropper/execution/fileless/powershell.yaml,,"{""regex"": ""(?is)\\.DownloadFile\\([^,\\r\\n]{1,240},\\s*[^)\\r\\n]{0,160}\\.(exe|dll)\\b"", ""type"": ""text""}","{""arch"": null, ""for"": [""powershell""], ""platforms"": [""windows""]}"
fileless,objectives/command-and-control/dropper/execution/fileless::ps-downloadfile-shell-script,atomic,suspicious,PowerShell DownloadFile PS1 or BAT,objectives/command-and-control/dropper/execution/fileless/powershell.yaml,,"{""regex"": ""(?is)\\.DownloadFile\\([^,\\r\\n]{1,240},\\s*[^)\\r\\n]{0,160}\\.(ps1|bat)\\b"", ""type"": ""text""}","{""arch"": null, ""for"": [""powershell""], ""platforms"": [""windows""]}"
fileless,objectives/command-and-control/dropper/execution/fileless::ps-downloadfile-script-host,atomic,suspicious,PowerShell DownloadFile CMD JS or HTA,objectives/command-and-control/dropper/execution/fileless/powershell.yaml,,"{""regex"": ""(?is)\\.DownloadFile\\([^,\\r\\n]{1,240},\\s*[^)\\r\\n]{0,160}\\.(cmd|js|hta)\\b"", ""type"": ""text""}","{""arch"": null, ""for"": [""powershell""], ""platforms"": [""windows""]}"
fileless,objectives/command-and-control/dropper/execution/fileless::ps-downloadfile-variable-invoke-temp,atomic,suspicious,PowerShell invokes temp-path variable,objectives/command-and-control/dropper/execution/fileless/powershell.yaml,,"{""regex"": ""(?m)^\\s*&\\s*\\$(temp|tmp|out|outfile)[A-Za-z0-9_]*\\b"", ""type"": ""text""}","{""arch"": null, ""for"": [""powershell""], ""platforms"": [""windows""]}"
fileless,objectives/command-and-control/dropper/execution/fileless::ps-downloadfile-variable-invoke-fetch,atomic,suspicious,PowerShell invokes download payload variable,objectives/command-and-control/dropper/execution/fileless/powershell.yaml,metadata/build/recognized-contexts::arcade-build-bootstrapper,"{""regex"": ""(?m)^\\s*&\\s*\\$(download|downloaded|payload)[A-Za-z0-9_]*\\b"", ""type"": ""text""}","{""arch"": null, ""for"": [""powershell""], ""platforms"": [""windows""]}"
fileless,objectives/command-and-control/dropper/execution/fileless::ps-downloadfile-variable-invoke-stage,atomic,suspicious,PowerShell invokes staged payload variable,objectives/command-and-control/dropper/execution/fileless/powershell.yaml,,"{""regex"": ""(?m)^\\s*&\\s*\\$(drop|stage)[A-Za-z0-9_]*\\b"", ""type"": ""text""}","{""arch"": null, ""for"": [""powershell""], ""platforms"": [""windows""]}"
fileless,objectives/command-and-control/dropper/execution/fileless::ps-downloadfile-variable-invoke-exec,atomic,notable,PowerShell invokes executable-path variable,objectives/command-and-control/dropper/execution/fileless/powershell.yaml,,"{""regex"": ""(?m)^\\s*&\\s*\\$(exe|bin|executable)(Path|File)?\\b"", ""type"": ""text""}","{""arch"": null, ""for"": [""powershell""], ""platforms"": [""windows""]}"
fileless,objectives/command-and-control/dropper/execution/fileless::ps-downloadfile-variable-invoke-file,atomic,suspicious,PowerShell invokes file-path variable,objectives/command-and-control/dropper/execution/fileless/powershell.yaml,metadata/package/testing/presence/harness::test-directory-path,"{""regex"": ""(?m)^\\s*&\\s*\\$(runme|file)[A-Za-z0-9_]*\\b"", ""type"": ""text""}","{""arch"": null, ""for"": [""powershell""], ""platforms"": [""windows""]}"
fileless,objectives/command-and-control/dropper/execution/fileless::ps-irm-public-code-pipeline,composite,hostile,One-line PowerShell fetches public code and runs it via IEX,objectives/command-and-control/dropper/execution/fileless/powershell.yaml,ps-irm-pipeline-eval;metadata/file/line::file-one-liner;micro-behaviors/communications/http/lib/invoke-webrequest::irm-jsdelivr-github-cdn-path;micro-behaviors/communications/http/lib/invoke-webrequest::irm-jsonkeeper-path;micro-behaviors/communications/http/lib/invoke-webrequest::irm-github-gist-path;well-known/lib/ai/unsloth::unsloth-package-context;well-known/app/productivity/ferronote::ferronote-windows-installer-context;well-known/app/ai/gateway/ollama::official-install-ps1-url;micro-behaviors/os/package-manager/install::bun-powershell-piped-installer-command;metadata/package/documentation/powershell-help::powershell-comment-help-piped-url-example;metadata/package/documentation/powershell-help::powershell-comment-help-irm-iex-example;well-known/app/communication/slack::official-install-windows-ps1-url,"""""","{""arch"": null, ""for"": [""powershell"", ""batch""], ""platforms"": [""windows""]}"
fileless,objectives/command-and-control/dropper/execution/fileless::ps-iwr-public-code-pipeline,composite,hostile,One-line IWR dropper executes public code via IEX,objectives/command-and-control/dropper/execution/fileless/powershell.yaml,ps-iwr-pipeline-eval;metadata/file/line::file-one-liner;micro-behaviors/communications/http/lib/invoke-webrequest::irm-jsdelivr-github-cdn-path;micro-behaviors/communications/http/lib/invoke-webrequest::irm-jsonkeeper-path;micro-behaviors/communications/http/lib/invoke-webrequest::irm-github-gist-path;well-known/lib/ai/unsloth::unsloth-package-context;well-known/app/productivity/ferronote::ferronote-windows-installer-context;well-known/app/ai/gateway/ollama::official-install-ps1-url;micro-behaviors/os/package-manager/install::bun-powershell-piped-installer-command;metadata/package/documentation/powershell-help::powershell-comment-help-piped-url-example;metadata/package/documentation/powershell-help::powershell-comment-help-irm-iex-example;well-known/app/communication/slack::official-install-windows-ps1-url,"""""","{""arch"": null, ""for"": [""powershell"", ""batch""], ""platforms"": [""windows""]}"
fileless,objectives/command-and-control/dropper/execution/fileless::ps-tiny-irm-opaque-eval,composite,hostile,Tiny IRM cradle evaluates code from opaque URL token,objectives/command-and-control/dropper/execution/fileless/powershell.yaml,ps-tiny-irm-eval;irm-opaque-staging-token,"""""","{""arch"": null, ""for"": [""powershell""], ""platforms"": [""windows""]}"
fileless,objectives/command-and-control/dropper/execution/fileless::tiny-hidden-irm-cradle,composite,hostile,Hidden EP-bypass IRM fetch-eval cradle,objectives/command-and-control/dropper/execution/fileless/powershell.yaml,ps-tiny-hidden-ep-launcher;ps-tiny-irm-eval,"""""","{""arch"": null, ""for"": [""powershell""], ""platforms"": [""windows""]}"
fileless,objectives/command-and-control/dropper/execution/fileless::tiny-hidden-bare-domain-irm,composite,hostile,Hidden EP-bypass IRM to a bare domain,objectives/command-and-control/dropper/execution/fileless/powershell.yaml,ps-tiny-hidden-ep-launcher;micro-behaviors/communications/http/lib/invoke-webrequest::irm-bare-domain,"""""","{""arch"": null, ""for"": [""powershell""], ""platforms"": [""windows""]}"
fileless,objectives/command-and-control/dropper/execution/fileless::tiny-irm-bare-domain-eval,composite,hostile,Tiny IRM fetch-eval of a bare domain,objectives/command-and-control/dropper/execution/fileless/powershell.yaml,ps-tiny-irm-eval;micro-behaviors/communications/http/lib/invoke-webrequest::irm-bare-domain,"""""","{""arch"": null, ""for"": [""powershell""], ""platforms"": [""windows""]}"
fileless,objectives/command-and-control/dropper/execution/fileless::ps-webrequest-content-iex-pipeline,composite,suspicious,PowerShell evaluates downloaded response content,objectives/command-and-control/dropper/execution/fileless/powershell.yaml,ps-webrequest-content-iex;micro-behaviors/communications/http/lib/invoke-webrequest::invoke-webrequest;micro-behaviors/communications/http/lib/invoke-webrequest::invoke-restmethod,"""""","{""arch"": null, ""for"": [""powershell"", ""vbs"", ""batch""], ""platforms"": [""windows""]}"
fileless,objectives/command-and-control/dropper/execution/fileless::ps-command-wrapper-useb-remote-eval,composite,suspicious,Nested PowerShell uses BasicParsing for IWR-to-IEX execution,objectives/command-and-control/dropper/execution/fileless/powershell.yaml,ps-command-wrapper-network-eval;micro-behaviors/communications/http/lib/invoke-webrequest::useb-flag,"""""","{""arch"": null, ""for"": [""powershell""], ""platforms"": [""windows""]}"
fileless,objectives/command-and-control/dropper/execution/fileless::ps-http-inprocess-shellcode-loader,composite,hostile,PowerShell network-delivered in-process shellcode loader,objectives/command-and-control/dropper/execution/fileless/powershell.yaml,objectives/evasion/process/injection/runtime::powershell-inprocess-shellcode-loader;micro-behaviors/communications/http/lib/invoke-webrequest::invoke-webrequest,"""""","{""arch"": null, ""for"": [""powershell""], ""platforms"": [""windows""]}"
fileless,objectives/command-and-control/dropper/execution/fileless::ps-restmethod-eval-call,composite,suspicious,PowerShell evaluates an Invoke-RestMethod response,objectives/command-and-control/dropper/execution/fileless/powershell.yaml,micro-behaviors/process/interpreter/eval/direct::powershell-iex-call;micro-behaviors/communications/http/lib/invoke-webrequest::invoke-restmethod;micro-behaviors/communications/http/lib/invoke-webrequest::irm-name;well-known/tool/packaging/avengineers-bootstrap-installer::bootstrap-installer-powershell-context;well-known/app/productivity/ferronote::ferronote-windows-installer-context;well-known/tool/sysadmin/scoop::scoop-bootstrap-installer-context,"""""","{""arch"": null, ""for"": [""powershell""], ""platforms"": [""windows""]}"
fileless,objectives/command-and-control/dropper/execution/fileless::ps-remote-command-response-field,composite,suspicious,PowerShell HTTP request with command/task response property,objectives/command-and-control/dropper/execution/fileless/powershell.yaml,micro-behaviors/communications/http/lib/invoke-webrequest::request-powershell;ps-response-command-field;ps-response-task-field;ps-task-command-field;ps-task-script-field;well-known/app/infrastructure/ansible::ansible-module-source-context,"""""","{""arch"": null, ""for"": [""powershell""], ""platforms"": [""windows""]}"
fileless,objectives/command-and-control/dropper/execution/fileless::hidden-window-policy-bypassed-irm-eval,composite,hostile,Hidden-window PowerShell bypasses policy and evaluates a remote response,objectives/command-and-control/dropper/execution/fileless/powershell.yaml,micro-behaviors/process/create/flags::powershell-policy-bypass-flag;micro-behaviors/process/create/hidden::powershell-windowstyle-hidden-option;ps-restmethod-bare-domain-eval-call,"""""","{""arch"": null, ""for"": [""powershell""], ""platforms"": [""windows""]}"
fileless,objectives/command-and-control/dropper/execution/fileless::ps-downloadfile-call,composite,suspicious,PowerShell DownloadFile call,objectives/command-and-control/dropper/execution/fileless/powershell.yaml,ps-downloadfile-exe-dll;ps-downloadfile-shell-script;ps-downloadfile-script-host,"""""","{""arch"": null, ""for"": [""powershell""], ""platforms"": [""windows""]}"
fileless,objectives/command-and-control/dropper/execution/fileless::clickfix-hidden-irm-cradle,composite,suspicious,Hidden-window PowerShell IRM ClickFix cradle,objectives/command-and-control/dropper/execution/fileless/powershell.yaml,ps-tiny-irm-eval;micro-behaviors/process/create/hidden::powershell-hidden-window;micro-behaviors/communications/http/lib/invoke-webrequest::useb-flag,"""""","{""arch"": null, ""for"": [""powershell""], ""platforms"": [""windows""]}"
fileless,objectives/command-and-control/dropper/execution/fileless::clickfix-tracked-irm-cradle,composite,suspicious,IRM cradle with Verification ID trailer,objectives/command-and-control/dropper/execution/fileless/powershell.yaml,ps-tiny-irm-eval;clickfix-verification-id-comment,"""""","{""arch"": null, ""for"": [""powershell""], ""platforms"": [""windows""]}"
fileless,objectives/command-and-control/dropper/execution/fileless::clickfix-code-verification-irm-cradle,composite,hostile,IRM cradle with Code Verification marker,objectives/command-and-control/dropper/execution/fileless/powershell.yaml,clickfix-code-verification-comment;ps-tiny-irm-eval;micro-behaviors/communications/http/lib/invoke-webrequest::embedded-iex-irm-call;micro-behaviors/communications/http/lib/invoke-webrequest::embedded-irm-iex-pipeline,"""""","{""arch"": null, ""for"": [""powershell"", ""batch"", ""html"", ""javascript""], ""platforms"": [""windows""]}"
fileless,objectives/command-and-control/dropper/execution/fileless::ps-tiny-irm-ipv4-eval,composite,hostile,Tiny PowerShell IRM eval from raw IPv4 host,objectives/command-and-control/dropper/execution/fileless/powershell.yaml,ps-tiny-irm-eval;irm-external-ipv4-host,"""""","{""arch"": null, ""for"": [""powershell""], ""platforms"": [""windows""]}"
fileless,objectives/command-and-control/dropper/execution/fileless::ps-command-irm-ipv4-eval,composite,hostile,PowerShell -c IRM eval from raw IPv4 host,objectives/command-and-control/dropper/execution/fileless/powershell.yaml,micro-behaviors/process/create/shell/command-flag::powershell-c-flag;irm-external-ipv4-host;micro-behaviors/process/interpreter/eval/direct::embedded-powershell-iex-alias,"""""","{""arch"": null, ""for"": [""batch""], ""platforms"": [""windows""]}"
fileless,objectives/command-and-control/dropper/execution/fileless::ps-encoded-scriptblock-web-stager,composite,hostile,Encoded PowerShell web stager via ScriptBlock,objectives/command-and-control/dropper/execution/fileless/powershell.yaml,ps-encoded-iwr-http-fragment;ps-encoded-scriptblock-fragment,"""""","{""arch"": null, ""for"": [""powershell""], ""platforms"": [""windows""]}"
fileless,objectives/command-and-control/dropper/execution/fileless::ps-downloader-execute,composite,suspicious,PowerShell downloads and launches payload with stealth or policy bypass,objectives/command-and-control/dropper/execution/fileless/powershell.yaml,micro-behaviors/communications/http/lib/invoke-webrequest::download;micro-behaviors/process/create/start-process::start-process-call;micro-behaviors/communications/http/download/cli::iwr-outfile-download;micro-behaviors/process/create/hidden::start-process-windowstyle-hidden;objectives/execution/interpreter/script/wsh::execution-policy-bypass-flag;well-known/tool/sysadmin/kubernetes/bootstrap::kubernetes-bootstrap-context;well-known/tool/sysadmin/kubernetes/bootstrap::kubernetes-windows-gce-ssh-installer-exception;micro-behaviors/crypto/hash/file::hash-pinned-download-context;metadata/build/ci/agent::ci-build-dependency-install-context,"""""","{""arch"": null, ""for"": [""powershell""], ""platforms"": [""windows""]}"
fileless,objectives/command-and-control/dropper/execution/fileless::ps-hidden-child-irm-eval,composite,hostile,Hidden child PowerShell fetches and evaluates a remote script,objectives/command-and-control/dropper/execution/fileless/powershell.yaml,micro-behaviors/communications/http/lib/invoke-webrequest::embedded-irm-iex-pipeline;micro-behaviors/process/create/start-process::start-process-call;micro-behaviors/process/create/hidden::powershell-windowstyle-hidden-option,"""""","{""arch"": null, ""for"": [""powershell""], ""platforms"": [""windows""]}"
fileless,objectives/command-and-control/dropper/execution/fileless::ps-fileless-download-eval,composite,hostile,PowerShell fileless download and eval,objectives/command-and-control/dropper/execution/fileless/powershell.yaml,objectives/command-and-control/dropper/execution/fileless::ps-restmethod-eval-call;micro-behaviors/process/create/hidden::start-process-windowstyle-hidden;objectives/execution/interpreter/script/wsh::execution-policy-bypass-flag;objectives/command-and-control/dropper/execution/fileless::ps-restmethod-bare-domain-eval-call;objectives/command-and-control/dropper/execution/fileless::ps-network-eval-pipeline;objectives/command-and-control/dropper/execution/fileless::embedded-powershell-command;well-known/tool/sysadmin/scoop::scoop-bootstrap-installer-context,"""""","{""arch"": null, ""for"": [""powershell""], ""platforms"": [""windows""]}"
fileless,objectives/command-and-control/dropper/execution/fileless::ps-decode-drop-temp-hidden-reexec,composite,hostile,PowerShell drops decoded TEMP script launched hidden,objectives/command-and-control/dropper/execution/fileless/powershell.yaml,micro-behaviors/data/decode/base64::dotnet-frombase64string-text;micro-behaviors/fs/write/file/full::write-all-text;micro-behaviors/fs/path/temp::env-temp;micro-behaviors/process/create/hidden::start-process-windowstyle-hidden;micro-behaviors/process/create/shell/interpreter::powershell-executable-token,"""""","{""arch"": null, ""for"": [""powershell""], ""platforms"": [""windows""]}"
fileless,objectives/command-and-control/dropper/execution/fileless::ps-hidden-compressed-scriptblock-child,composite,hostile,Hidden .NET child runs compressed ScriptBlock,objectives/command-and-control/dropper/execution/fileless/powershell.yaml,micro-behaviors/process/create/managed::powershell-processstartinfo-object;micro-behaviors/process/create/managed::powershell-processstartinfo-hidden-window;micro-behaviors/process/create/managed::powershell-processstartinfo-no-window;micro-behaviors/process/create/managed::powershell-processstartinfo-redirected-output;micro-behaviors/data/decode/base64::powershell-frombase64string;micro-behaviors/data/decompress/stream::powershell-compressionmode-decompress;micro-behaviors/process/interpreter/eval/compile::powershell-scriptblock-constructor-text,"""""","{""arch"": null, ""for"": [""powershell""], ""platforms"": [""windows""]}"
fileless,objectives/command-and-control/dropper/execution/fileless::embedded-powershell-irm-iex,composite,hostile,Embedded PowerShell irm iex,objectives/command-and-control/dropper/execution/fileless/powershell.yaml,embedded-powershell-command;objectives/execution/interpreter/eval/remote::powershell-restmethod-near-iex,"""""","{""arch"": null, ""for"": [""powershell""], ""platforms"": [""windows""]}"
fileless,objectives/command-and-control/dropper/execution/fileless::native-pe-remote-irm-defender-dropper,composite,hostile,Native PE launches remote PowerShell eval while adding a Defender exclusion,objectives/command-and-control/dropper/execution/fileless/powershell.yaml,embedded-powershell-command;native-pe-irm-pipeline;micro-behaviors/os/security/defender::defender-exclusion-command;micro-behaviors/process/create/spawn::create-process-a;micro-behaviors/process/create/spawn::create-process-w;micro-behaviors/process/create/system::shell-execute-ex-a;micro-behaviors/os/privilege/elevation::runas-string;metadata/signed/platform/;metadata/binary/installer/family/,"""""","{""arch"": null, ""for"": [""pe"", ""dll""], ""platforms"": [""windows""]}"
fileless,objectives/command-and-control/dropper/execution/fileless::wsh-policy-bypassed-remote-powershell,composite,hostile,Policy-bypassed remote PowerShell eval,objectives/command-and-control/dropper/execution/fileless/powershell.yaml,micro-behaviors/process/create/shell/command-flag::powershell-flagged-command-line;objectives/execution/interpreter/script/wsh::execution-policy-bypass;ps-irm-pipeline-eval,"""""","{""arch"": null, ""for"": [""vbs""], ""platforms"": [""windows""]}"
fileless,objectives/command-and-control/dropper/execution/fileless::ps-network-eval-defender-exclusion,composite,hostile,PowerShell network eval with Defender exclusion,objectives/command-and-control/dropper/execution/fileless/powershell.yaml,ps-network-eval-pipeline;micro-behaviors/os/security/defender::defender-exclusion-command,"""""","{""arch"": null, ""for"": [""powershell""], ""platforms"": [""windows""]}"
fileless,objectives/command-and-control/dropper/execution/fileless::zoomsdk-curl-iex-loader,composite,hostile,ZoomSDK curl IEX loader,objectives/command-and-control/dropper/execution/fileless/powershell.yaml,curl-zoom-user-agent-piped-iex;micro-behaviors/os/security/defender::defender-exclusion-command;micro-behaviors/os/security/defender::defender-disable-realtime;metadata/file/line::powershell-long-line;micro-behaviors/process/interpreter/eval/direct::powershell-iex-call,"""""","{""arch"": null, ""for"": [""powershell""], ""platforms"": [""windows""]}"
fileless,objectives/command-and-control/dropper/execution/fileless::zoomsdk-iwr-iex-loader,composite,hostile,ZoomSDK IWR IEX loader,objectives/command-and-control/dropper/execution/fileless/powershell.yaml,iwr-zoom-user-agent-content-iex;micro-behaviors/process/interpreter/eval/direct::powershell-iex-call;micro-behaviors/os/security/defender::defender-exclusion-command;micro-behaviors/os/security/defender::defender-disable-realtime;metadata/file/line::powershell-long-line,"""""","{""arch"": null, ""for"": [""powershell""], ""platforms"": [""windows""]}"
fileless,objectives/command-and-control/dropper/execution/fileless::zoomsdk-chromechip-hidden-stage,composite,hostile,ZoomSDK chromechip hidden stage,objectives/command-and-control/dropper/execution/fileless/powershell.yaml,chromechip-log-stage-path;hidden-powershell-getcontent-iex;iwr-zoomsdk-chromechip-log;iwr-zoomsdk-outfile,"""""","{""arch"": null, ""for"": [""powershell""], ""platforms"": [""windows""]}"
fileless,objectives/command-and-control/dropper/execution/fileless::custom-ua-curl-powershell-loader,composite,suspicious,Custom UA curl PowerShell loader,objectives/command-and-control/dropper/execution/fileless/powershell.yaml,curl-custom-ua-piped-powershell;micro-behaviors/process/interpreter/eval/direct::powershell-iex-call;micro-behaviors/os/security/defender::defender-exclusion-command;metadata/file/line::powershell-long-line,"""""","{""arch"": null, ""for"": [""powershell""], ""platforms"": [""windows""]}"
fileless,objectives/command-and-control/dropper/execution/fileless::ps-webclient-concat-indicator,composite,suspicious,PowerShell concatenated WebClient indicator,objectives/command-and-control/dropper/execution/fileless/powershell.yaml,ps-webclient-concatenated-object;ps-webclient-concat-token,"""""","{""arch"": null, ""for"": [""powershell""], ""platforms"": [""windows""]}"
fileless,objectives/command-and-control/dropper/execution/fileless::ps-temp-char-exe-indicator,composite,suspicious,PowerShell char-built TEMP EXE indicator,objectives/command-and-control/dropper/execution/fileless/powershell.yaml,ps-temp-char-exe-path;ps-char-exe-fragment,"""""","{""arch"": null, ""for"": [""powershell""], ""platforms"": [""windows""]}"
fileless,objectives/command-and-control/dropper/execution/fileless::ps-webclient-temp-exe-invoke,composite,hostile,PowerShell WebClient TEMP EXE invoke,objectives/command-and-control/dropper/execution/fileless/powershell.yaml,ps-downloadfile-call;ps-variable-path-invoke-any;ps-webclient-concat-indicator;ps-temp-char-exe-indicator,"""""","{""arch"": null, ""for"": [""powershell""], ""platforms"": [""windows""]}"
fileless,objectives/command-and-control/dropper/execution/fileless::ps-downloadfile-variable-invoke,composite,suspicious,PowerShell invokes downloaded variable path,objectives/command-and-control/dropper/execution/fileless/powershell.yaml,ps-downloadfile-variable-invoke-temp;ps-downloadfile-variable-invoke-fetch;ps-downloadfile-variable-invoke-stage;ps-downloadfile-variable-invoke-file;metadata/package/testing/presence/harness::test-directory-path;metadata/build/recognized-contexts::arcade-build-bootstrapper,"""""","{""arch"": null, ""for"": [""powershell""], ""platforms"": [""windows""]}"
fileless,objectives/command-and-control/dropper/execution/fileless::ps-variable-path-invoke-any,composite,notable,PowerShell invokes a variable path,objectives/command-and-control/dropper/execution/fileless/powershell.yaml,ps-downloadfile-variable-invoke;ps-downloadfile-variable-invoke-exec,"""""","{""arch"": null, ""for"": [""powershell""], ""platforms"": [""windows""]}"
fileless,objectives/command-and-control/dropper/execution/fileless::curl-zoom-user-agent-piped-iex,composite,suspicious,ZoomSDK curl piped IEX,objectives/command-and-control/dropper/execution/fileless/powershell.yaml,curl-zoom-user-agent-piped-iex--rx-4;micro-behaviors/process/interpreter/eval/direct::powershell-iex-call;micro-behaviors/process/create/shell/lang::powershell-keyword;objectives/command-and-control/dropper/execution/fileless::curl-custom-ua-piped-powershell--rx-29;micro-behaviors/communications/http/download/cli::curl-command-call;objectives/command-and-control/dropper/execution/fileless::curl-custom-ua-piped-powershell--rx-32,"""""","{""arch"": null, ""for"": [""powershell""], ""platforms"": [""windows""]}"
fileless,objectives/command-and-control/dropper/execution/fileless::iwr-zoom-user-agent-content-iex,composite,suspicious,ZoomSDK IWR content IEX,objectives/command-and-control/dropper/execution/fileless/powershell.yaml,micro-behaviors/process/interpreter/eval/direct::powershell-iex-call;objectives/command-and-control/dropper/execution/fileless::curl-zoom-user-agent-piped-iex--rx-4;micro-behaviors/communications/http/lib/invoke-webrequest::iwr-name;iwr-zoom-user-agent-content-iex--rx-9;iwr-zoom-user-agent-content-iex--rx-10,"""""","{""arch"": null, ""for"": [""powershell""], ""platforms"": [""windows""]}"
fileless,objectives/command-and-control/dropper/execution/fileless::iwr-zoomsdk-chromechip-log,composite,suspicious,ZoomSDK IWR chromechip log,objectives/command-and-control/dropper/execution/fileless/powershell.yaml,micro-behaviors/communications/http/lib/invoke-webrequest::iwr-name;iwr-zoomsdk-chromechip-log--rx-13;objectives/command-and-control/dropper/execution/fileless::curl-zoom-user-agent-piped-iex--rx-4;objectives/command-and-control/dropper/execution/fileless::iwr-zoom-user-agent-content-iex--rx-10;micro-behaviors/communications/http/download/cli::iwr-outfile-download,"""""","{""arch"": null, ""for"": [""powershell""], ""platforms"": [""windows""]}"
fileless,objectives/command-and-control/dropper/execution/fileless::iwr-zoomsdk-outfile,composite,suspicious,ZoomSDK IWR OutFile download,objectives/command-and-control/dropper/execution/fileless/powershell.yaml,micro-behaviors/communications/http/lib/invoke-webrequest::iwr-name;micro-behaviors/communications/http/download/cli::iwr-outfile-download;objectives/command-and-control/dropper/execution/fileless::curl-zoom-user-agent-piped-iex--rx-4;objectives/command-and-control/dropper/execution/fileless::iwr-zoom-user-agent-content-iex--rx-10,"""""","{""arch"": null, ""for"": [""powershell""], ""platforms"": [""windows""]}"
fileless,objectives/command-and-control/dropper/execution/fileless::hidden-powershell-getcontent-iex,composite,suspicious,Hidden PowerShell Get-Content IEX,objectives/command-and-control/dropper/execution/fileless/powershell.yaml,micro-behaviors/process/interpreter/pipeline::powershell-getcontent-piped-iex;micro-behaviors/process/create/start-process::start-process-call;micro-behaviors/process/create/hidden::start-process-windowstyle-hidden;hidden-powershell-getcontent-iex--rx-26;metadata/package/testing/presence/harness/;well-known/app/media/maester/;well-known/app/infrastructure/azure-dev-cli/,"""""","{""arch"": null, ""for"": [""powershell""], ""platforms"": [""windows""]}"
fileless,objectives/command-and-control/dropper/execution/fileless::curl-custom-ua-piped-powershell,composite,suspicious,Curl custom UA piped PowerShell,objectives/command-and-control/dropper/execution/fileless/powershell.yaml,micro-behaviors/process/interpreter/eval/direct::powershell-iex-call;curl-custom-ua-piped-powershell--rx-29;micro-behaviors/communications/http/download/cli::curl-command-call,"""""","{""arch"": null, ""for"": [""powershell""], ""platforms"": [""windows""]}"
fileless,objectives/command-and-control/dropper/execution/fileless::powershell-remote-fileless-assembly-execution,composite,hostile,PowerShell executes a remotely loaded .NET assembly in memory,objectives/command-and-control/dropper/execution/fileless/powershell.yaml,micro-behaviors/communications/http/client/webclient::webclient-download-data;micro-behaviors/process/interpreter/reflection/runtime::powershell-appdomain-currentdomain-load;micro-behaviors/process/interpreter/reflection/runtime::powershell-assembly-entrypoint-invoke,"""""","{""arch"": null, ""for"": [""powershell""], ""platforms"": [""windows""]}"
fileless,objectives/command-and-control/dropper/execution/fileless::ps-tcp-stream-staged-script-invoke,composite,hostile,PowerShell streams and executes script from temp path,objectives/command-and-control/dropper/execution/fileless/powershell.yaml,micro-behaviors/communications/socket/tcp::tcpclient-stream;micro-behaviors/fs/write/file/full::write-all-bytes;ps-downloadfile-variable-invoke-temp;micro-behaviors/os/env/user-paths::env-temp-dup,"""""","{""arch"": null, ""for"": [""powershell""], ""platforms"": [""windows""]}"
fileless,objectives/command-and-control/dropper/execution/fileless::wsh-hidden-environment-stage,composite,hostile,WSH stages many environment values for a hidden child process,objectives/command-and-control/dropper/execution/fileless/wsh.yaml,micro-behaviors/os/env/modify::wsh-environment-decoded-assignment-cluster;micro-behaviors/data/control-flow/dispatch::run-zero-boolean-arguments;micro-behaviors/os/com/automation::wscript-shell-literal,"""""","{""arch"": null, ""for"": [""javascript"", ""vbs""], ""platforms"": [""windows""]}"
fileless,objectives/command-and-control/dropper/execution/fileless::wsh-environment-staged-hidden-runner,composite,hostile,WSH environment-staged payload launches hidden,objectives/command-and-control/dropper/execution/fileless/wsh.yaml,micro-behaviors/os/env/read::wsh-environment-computed-arg;micro-behaviors/os/env/modify::encoded-call-assignment-cluster;micro-behaviors/data/control-flow/dispatch::hex-arithmetic-falsy-arguments;micro-behaviors/process/info/selfpath::wscript-scriptfullname;objectives/execution/activex/com::activex-object-aliased-constructor,"""""","{""arch"": null, ""for"": [""javascript"", ""vbs""], ""platforms"": [""windows""]}"
http,objectives/command-and-control/dropper/execution/http::hermit-source-archive-http-exec,composite,hostile,Case-variant Go source archive includes Hermit HTTP exec bootstrap,objectives/command-and-control/dropper/execution/http/hermit-source-archive.yaml,metadata/build/archive::go-module-proxy-source-archive-member;metadata/build/archive::github-versioned-go-mod-member;metadata/build/archive::github-versioned-hermit-bootstrap-member;metadata/build/archive::github-versioned-uppercase-namespace-member;metadata/build/archive::github-versioned-uppercase-repo-member,"""""","{""arch"": null, ""for"": [""zip""], ""platforms"": [""unix"", ""windows""]}"
http,objectives/command-and-control/dropper/execution/http::block-ftl-mismatch-hermit-http-exec,composite,hostile,Block FTL mismatch Hermit HTTP exec,objectives/command-and-control/dropper/execution/http/hermit-source-archive.yaml,objectives/supply-chain/impersonation/package/manifest::block-ftl-archive-declared-path-mismatch;metadata/build/archive::github-versioned-hermit-bootstrap-member,"""""","{""arch"": null, ""for"": [""zip""], ""platforms"": [""unix"", ""windows""]}"
http,objectives/command-and-control/dropper/execution/http::jvm-http-temp-update-path,atomic,suspicious,JVM HTTP temp update path,objectives/command-and-control/dropper/execution/http/jvm-unix.yaml,,"{""substr"": ""2F746D702F2E757064617465"", ""type"": ""text""}","{""arch"": null, ""for"": [""java"", ""kotlin"", ""shell"", ""class"", ""java_class""], ""platforms"": [""unix""]}"
http,objectives/command-and-control/dropper/execution/http::jvm-http-temp-update-hex,atomic,suspicious,JVM HTTP temp update hex,objectives/command-and-control/dropper/execution/http/jvm-unix.yaml,,"{""pattern"": ""32 46 37 34 36 44 37 30 32 46 32 45 37 35 37 30 36 34 36 31 37 34 36 35"", ""type"": ""hex""}","{""arch"": null, ""for"": [""class""], ""platforms"": [""unix""]}"
http,objectives/command-and-control/dropper/execution/http::jvm-payload-path-hex,atomic,suspicious,JVM payload path hex,objectives/command-and-control/dropper/execution/http/jvm-unix.yaml,,"{""substr"": ""7061796C6F6164"", ""type"": ""text""}","{""arch"": null, ""for"": [""java"", ""kotlin"", ""shell"", ""class"", ""java_class""], ""platforms"": [""unix""]}"
http,objectives/command-and-control/dropper/execution/http::jvm-payload-path-hex-bytes,atomic,suspicious,JVM payload path hex bytes,objectives/command-and-control/dropper/execution/http/jvm-unix.yaml,,"{""pattern"": ""37 30 36 31 37 39 36 43 36 46 36 31 36 34"", ""type"": ""hex""}","{""arch"": null, ""for"": [""class""], ""platforms"": [""unix""]}"
http,objectives/command-and-control/dropper/execution/http::jvm-http-download-temp-exec,composite,hostile,JVM HTTP temp download exec,objectives/command-and-control/dropper/execution/http/jvm-unix.yaml,jvm-http-temp-update-path;micro-behaviors/fs/write/file/handle::java-fileoutputstream-source;micro-behaviors/process/create/spawn::java-processbuilder-source;jvm-payload-path-hex,"""""","{""arch"": null, ""for"": [""java"", ""kotlin"", ""shell"", ""class"", ""java_class"", ""jar""], ""platforms"": [""unix""]}"
http,objectives/command-and-control/dropper/execution/http::jvm-bytecode-download-temp-exec,composite,hostile,JVM bytecode download exec,objectives/command-and-control/dropper/execution/http/jvm-unix.yaml,jvm-http-temp-update-hex;micro-behaviors/process/create/spawn::java-processbuilder-bytecode;jvm-payload-path-hex-bytes,"""""","{""arch"": null, ""for"": [""class"", ""java_class"", ""jar""], ""platforms"": [""unix""]}"
http,objectives/command-and-control/dropper/execution/http::kotlin-firmware-payload-url,atomic,suspicious,Kotlin firmware payload URL,objectives/command-and-control/dropper/execution/http/kotlin-linux.yaml,,"{""substr"": ""/api/v1/firmware/microcode-update.bin"", ""type"": ""text""}","{""arch"": null, ""for"": [""kotlin"", ""class""], ""platforms"": [""unix""]}"
http,objectives/command-and-control/dropper/execution/http::kotlin-firmware-cache-decode,atomic,suspicious,Kotlin firmware cache decode,objectives/command-and-control/dropper/execution/http/kotlin-linux.yaml,,"{""regex"": ""/tmp/\\.fw-cache[\\s\\S]{0,180}base64 -d[\\s\\S]{0,180}chmod 700"", ""type"": ""text""}","{""arch"": null, ""for"": [""kotlin"", ""class""], ""platforms"": [""unix""]}"
http,objectives/command-and-control/dropper/execution/http::kotlin-payload-execute,atomic,suspicious,Kotlin executes payload,objectives/command-and-control/dropper/execution/http/kotlin-linux.yaml,,"{""regex"": ""executePayload[\\s\\S]{0,260}payload launched"", ""type"": ""text""}","{""arch"": null, ""for"": [""kotlin"", ""class""], ""platforms"": [""unix""]}"
http,objectives/command-and-control/dropper/execution/http::kotlin-http-firmware-dropper,composite,hostile,Kotlin HTTP firmware dropper,objectives/command-and-control/dropper/execution/http/kotlin-linux.yaml,kotlin-firmware-payload-url;kotlin-firmware-cache-decode;kotlin-payload-execute,"""""","{""arch"": null, ""for"": [""kotlin"", ""class"", ""jar""], ""platforms"": [""unix""]}"
http,objectives/command-and-control/dropper/execution/http::php-curl-response-script-stage,composite,hostile,Obfuscated PHP stages a cURL response as a sibling script,objectives/command-and-control/dropper/execution/http/php-response.yaml,micro-behaviors/communications/http/download/curl::php-curl-response-file-write;micro-behaviors/fs/path/construct::php-obfuscated-sibling-script-path,"""""","{""arch"": null, ""for"": [""php"", ""zip""], ""platforms"": [""windows"", ""unix""]}"
http,objectives/command-and-control/dropper/execution/http::php-curl-write-include-chain,composite,hostile,PHP cURL write-and-include chain,objectives/command-and-control/dropper/execution/http/php-response.yaml,micro-behaviors/communications/http/download/curl::php-curl-variable-file-write;micro-behaviors/process/lifecycle/auto-exec::php-file-check-before-variable-include,"""""","{""arch"": null, ""for"": [""php""], ""platforms"": [""windows"", ""unix""]}"
http,objectives/command-and-control/dropper/execution/http::php-http-payload-fetch-decode,atomic,suspicious,PHP HTTP payload fetch decode,objectives/command-and-control/dropper/execution/http/php-unix.yaml,,"{""regex"": ""/api/v2/payload[\\s\\S]{0,520}base64_decode"", ""type"": ""text""}","{""arch"": null, ""for"": [""php""], ""platforms"": [""unix""]}"
http,objectives/command-and-control/dropper/execution/http::php-health-module-exec,atomic,suspicious,PHP health module exec,objectives/command-and-control/dropper/execution/http/php-unix.yaml,,"{""regex"": ""health-module\\.so[\\s\\S]{0,260}proc_open"", ""type"": ""text""}","{""arch"": null, ""for"": [""php""], ""platforms"": [""unix""]}"
http,objectives/command-and-control/dropper/execution/http::php-http-payload-dropper,composite,hostile,PHP HTTP payload dropper,objectives/command-and-control/dropper/execution/http/php-unix.yaml,php-http-payload-fetch-decode;php-health-module-exec,"""""","{""arch"": null, ""for"": [""php""], ""platforms"": [""unix""]}"
http,objectives/command-and-control/dropper/execution/http::python-beacon-download-url,atomic,suspicious,Python beacon payload URL,objectives/command-and-control/dropper/execution/http/python-unix.yaml,,"{""substr"": ""/api/v1/beacon/{AGENT_ID}"", ""type"": ""text""}","{""arch"": null, ""for"": [""python"", ""pyc""], ""platforms"": [""unix""]}"
http,objectives/command-and-control/dropper/execution/http::python-temp-exec-payload,atomic,suspicious,Python temp exec payload,objectives/command-and-control/dropper/execution/http/python-unix.yaml,,"{""regex"": ""tempfile\\.gettempdir\\(\\)[\\s\\S]{0,260}os\\.chmod\\(payload_path"", ""type"": ""text""}","{""arch"": null, ""for"": [""python"", ""pyc""], ""platforms"": [""unix""]}"
http,objectives/command-and-control/dropper/execution/http::python-popen-detached-payload,atomic,suspicious,Python detached payload exec,objectives/command-and-control/dropper/execution/http/python-unix.yaml,,"{""regex"": ""subprocess\\.Popen\\([^)]{0,120}payload_path[\\s\\S]{0,220}start_new_session=True"", ""type"": ""text""}","{""arch"": null, ""for"": [""python"", ""pyc""], ""platforms"": [""unix""]}"
http,objectives/command-and-control/dropper/execution/http::python-http-dropper-exec,composite,hostile,Python HTTP dropper exec,objectives/command-and-control/dropper/execution/http/python-unix.yaml,python-beacon-download-url;python-temp-exec-payload;python-popen-detached-payload,"""""","{""arch"": null, ""for"": [""python"", ""pyc""], ""platforms"": [""unix""]}"
http,objectives/command-and-control/dropper/execution/http::rust-dropper-deploy-path,atomic,suspicious,Rust dropper deploy path,objectives/command-and-control/dropper/execution/http/rust-unix.yaml,,"{""substr"": ""/deploy/payload"", ""type"": ""text""}","{""arch"": null, ""for"": [""rust"", ""macho"", ""elf""], ""platforms"": [""unix""]}"
http,objectives/command-and-control/dropper/execution/http::rust-dropper-nohup-spawn,atomic,notable,Rust dropper nohup spawn,objectives/command-and-control/dropper/execution/http/rust-unix.yaml,well-known/tool/development/agent/openai-codex/,"{""substr"": ""Command::new(\""nohup\"")"", ""type"": ""text""}","{""arch"": null, ""for"": [""rust"", ""macho"", ""elf""], ""platforms"": [""unix""]}"
http,objectives/command-and-control/dropper/execution/http::rust-curl-pipe-shell-literal,atomic,notable,Curl pipe-shell command string literal,objectives/command-and-control/dropper/execution/http/rust-unix.yaml,,"{""kind"": ""string"", ""regex"": ""curl\\s[^|\\r\\n]{0,80}(https?://|\\$|\\{\\w)[^|\\r\\n]{0,50}\\|\\s*(sh|bash|cmd)\\b"", ""type"": ""literal""}","{""arch"": null, ""for"": [""rust""], ""platforms"": [""unix""]}"
http,objectives/command-and-control/dropper/execution/http::rust-wget-pipe-shell-literal,atomic,notable,Wget pipe-shell command string literal,objectives/command-and-control/dropper/execution/http/rust-unix.yaml,,"{""kind"": ""string"", ""regex"": ""wget\\s[^|\\r\\n]{0,80}(https?://|\\$|\\{\\w)[^|\\r\\n]{0,50}\\|\\s*(sh|bash|cmd)\\b"", ""type"": ""literal""}","{""arch"": null, ""for"": [""rust""], ""platforms"": [""unix""]}"
http,objectives/command-and-control/dropper/execution/http::rust-http-download-execute,composite,hostile,Rust HTTP download execute,objectives/command-and-control/dropper/execution/http/rust-unix.yaml,rust-dropper-deploy-path;micro-behaviors/fs/chmod/executable/mode::permissions-from-mode-755;rust-dropper-nohup-spawn,"""""","{""arch"": null, ""for"": [""rust""], ""platforms"": [""unix""]}"
http,objectives/command-and-control/dropper/execution/http::rust-curl-pipe-shell-rce,composite,hostile,Rust runs remote curl pipe shell via Command,objectives/command-and-control/dropper/execution/http/rust-unix.yaml,rust-curl-pipe-shell-literal;micro-behaviors/process/create/direct::rust-command-output,"""""","{""arch"": null, ""for"": [""rust""], ""platforms"": [""unix""]}"
http,objectives/command-and-control/dropper/execution/http::rust-wget-pipe-shell-rce,composite,hostile,Rust runs remote wget pipe shell via Command,objectives/command-and-control/dropper/execution/http/rust-unix.yaml,micro-behaviors/process/create/direct::rust-process-command-import;micro-behaviors/process/create/direct::rust-command-output;rust-wget-pipe-shell-literal,"""""","{""arch"": null, ""for"": [""rust""], ""platforms"": [""unix""]}"
inject,objectives/command-and-control/dropper/execution/inject::native-embedded-wsh-dropper,composite,hostile,Native PE with embedded WSH dropper,objectives/command-and-control/dropper/execution/inject/embedded-wsh-pe.yaml,micro-behaviors/process/script/wsh::embedded-http-file-dropper;micro-behaviors/process/create/exec::shell-execute-ex;micro-behaviors/os/privilege/manifest::admin-manifest;objectives/anti-analysis/debugger-detect/check::is-debugger-present;objectives/anti-analysis/timing/evasion::timing-delta-check;micro-behaviors/communications/http/client/winhttp::winhttp-request-com;metadata/signed/platform/,"""""","{""arch"": null, ""for"": [""pe""], ""platforms"": [""windows""]}"
inject,objectives/command-and-control/dropper/execution/inject::native-embedded-wsh-dropper-telemetry,composite,suspicious,Native PE dropper with callback telemetry,objectives/command-and-control/dropper/execution/inject/embedded-wsh-pe.yaml,micro-behaviors/process/script/wsh::embedded-http-file-dropper;micro-behaviors/process/script/wsh::embedded-http-status-telemetry;micro-behaviors/os/com/automation::filesystemobject-progid;micro-behaviors/communications/http/client/winhttp::winhttp-request-com;micro-behaviors/os/privilege/manifest::admin-manifest,"""""","{""arch"": null, ""for"": [""pe""], ""platforms"": [""windows""]}"
inject,objectives/command-and-control/dropper/execution/inject::ps-byte-payload-invokemember,atomic,suspicious,PowerShell InvokeMember byte payload dispatch,objectives/command-and-control/dropper/execution/inject/powershell-managed.yaml,,"{""regex"": ""(?is)InvokeMember\\(.{0,260}\\[byte\\[\\]\\]\\$[A-Za-z0-9_.$]+PayloadBytes.{0,160}TargetProcess"", ""type"": ""text""}","{""arch"": null, ""for"": [""powershell""], ""platforms"": [""windows""]}"
inject,objectives/command-and-control/dropper/execution/inject::ps-reflected-resumethread,atomic,suspicious,PowerShell reflectively resumes remote thread,objectives/command-and-control/dropper/execution/inject/powershell-managed.yaml,,"{""regex"": ""(?is)InvokeMember\\(['\""]ResumeThread['\""]"", ""type"": ""text""}","{""arch"": null, ""for"": [""powershell""], ""platforms"": [""windows""]}"
inject,objectives/command-and-control/dropper/execution/inject::ps-encrypted-managed-payload-injector,composite,hostile,PowerShell decrypts managed payload and injects into MSBuild,objectives/command-and-control/dropper/execution/inject/powershell-managed.yaml,micro-behaviors/process/interpreter/reflection/runtime::powershell-appdomain-reflected-load-invoke;ps-byte-payload-invokemember;micro-behaviors/data/decode/base64::powershell-base64-symmetric-decrypt;objectives/command-and-control/dropper/staging/encrypted::ps-base32-aes-embedded-stage,"""""","{""arch"": null, ""for"": [""powershell""], ""platforms"": [""windows""]}"
inject,objectives/command-and-control/dropper/execution/inject::ps-reflected-loader-hollows-dotnet-runtime-host,composite,hostile,Reflected loader injects PE into .NET runtime host,objectives/command-and-control/dropper/execution/inject/powershell-managed.yaml,micro-behaviors/process/interpreter/reflection/runtime::powershell-assembly-method-invoke;micro-behaviors/process/create/runtime-host::dotnet-framework-runtime-exe-path;micro-behaviors/data/embedded/payload/array::decimal-mz-dos-header-array,"""""","{""arch"": null, ""for"": [""powershell""], ""platforms"": [""windows""]}"
inject,objectives/command-and-control/dropper/execution/inject::geta-oep-banner-marker,atomic,notable,GeTaOEP banner marker,objectives/command-and-control/dropper/execution/inject/self-map-execute.yaml,,"{""substr"": ""GeTaOEP by Dilla"", ""type"": ""text""}","{""arch"": null, ""for"": [""pe""], ""platforms"": [""windows""]}"
inject,objectives/command-and-control/dropper/execution/inject::self-map-extract-execute,composite,suspicious,Self-mapping dropper extracts and executes payload,objectives/command-and-control/dropper/execution/inject/self-map-execute.yaml,micro-behaviors/process/info/current::get-module-filename;micro-behaviors/fs/memory/mmap::win32-file-mapping;micro-behaviors/fs/write/file/handle::write-file;micro-behaviors/process/create/spawn::create-process-w;micro-behaviors/process/create/exec::shell-execute-ex;metadata/binary/symbols/count::many-exports-200;geta-oep-banner-marker;metadata/binary/symbols/count::many-imports;metadata/binary/layout/size::massive-executable,"""""","{""arch"": null, ""for"": [""pe""], ""platforms"": [""windows""]}"
inject,objectives/command-and-control/dropper/execution/inject::signed-defender-overlay-injector,composite,hostile,Signed Defender-masquerading high-entropy overlay injection dropper,objectives/command-and-control/dropper/execution/inject/signed-defender-overlay.yaml,objectives/evasion/masquerade/version-resource/security-vendor::defender-extension-non-microsoft-signed;metadata/binary/layout/overlay::large-high-entropy-overlay;micro-behaviors/process/create/spawn::create-process-w;micro-behaviors/process/inject/runtime/call::write-process-memory-dup;micro-behaviors/process/inject/runtime/call::read-process-memory;micro-behaviors/process/info/thread::get-thread-context-import;micro-behaviors/process/info/thread::resume-thread-import;micro-behaviors/mem/protect/modify::virtual-protect-ex;metadata/signed/platform::microsoft,"""""","{""arch"": null, ""for"": [""pe""], ""platforms"": [""windows""]}"
inject,objectives/command-and-control/dropper/execution/inject::url-download-to-hollowed-process,composite,hostile,Downloaded payload executed by process hollowing,objectives/command-and-control/dropper/execution/inject/url-download-runpe.yaml,micro-behaviors/communications/http/client/urlmon::url-download-to-file;micro-behaviors/process/create/launch::create-process-api-name;micro-behaviors/process/inject/runtime/call::write-process-memory-dup;objectives/evasion/process/injection/hollowing::thread-context-apis;micro-behaviors/mem/alloc/remote::virtual-alloc-ex-dup;micro-behaviors/process/info/thread::resume-thread;micro-behaviors/communications/http/client/wininet::delete-url-cache-entry;metadata/signed/platform/;well-known/tool/reverse-engineering/;metadata/binary/symbols/count::many-exports-200;well-known/app/system/iobit::advanced-systemcare-component-context;objectives/impact/infect/binary/rewrite::repeated-standard-pe-overlay-infector;objectives/impact/infect/binary/rewrite::self-copying-repeated-pe-image-stack,"""""","{""arch"": null, ""for"": [""pe"", ""dll""], ""platforms"": [""windows""]}"
inject,objectives/command-and-control/dropper/execution/inject::accessbridge-wrapper-multistage-loader,composite,hostile,Access Bridge wrapper with staged malware,objectives/command-and-control/dropper/execution/inject/windows-accessbridge-wrapper.yaml,well-known/lib/platform/java-access-bridge::jabswitch-cli-banner;well-known/lib/platform/java-access-bridge::access-bridge-config-line;metadata/binary/layout/ratio::multiple-pe-embedded;metadata/binary/layout/ratio::largest-section-under-8pct;metadata/binary/layout/ratio::avg-section-under-24k;objectives/persistence/system/registry/com-hijack::clsid-registry-path;objectives/persistence/system/registry/com-hijack::inprocserver32-path;objectives/collection/keylog/hook::windows-hook-keylogger;micro-behaviors/communications/http/client/urlmon::url-download-to-file-str;micro-behaviors/os/privilege/manifest::require-administrator,"""""","{""arch"": null, ""for"": [""pe""], ""platforms"": [""windows""]}"
inject,objectives/command-and-control/dropper/execution/inject::accessbridge-wrapper-masquerade-cluster,composite,suspicious,Access Bridge wrapper with Office Adobe lures,objectives/command-and-control/dropper/execution/inject/windows-accessbridge-wrapper.yaml,well-known/lib/platform/java-access-bridge::jabswitch-cli-banner;well-known/lib/platform/java-access-bridge::access-bridge-config-line;metadata/binary/layout/ratio::multiple-pe-embedded;well-known/lib/platform/java-access-bridge::oracle-javaaccessbridge-key;well-known/lib/platform/java-access-bridge::accessbridge-pdb-path;objectives/evasion/masquerade/identity/fabricated::office-policy-registry;objectives/evasion/masquerade/version-resource/contradiction::adobe-pdb-path,"""""","{""arch"": null, ""for"": [""pe""], ""platforms"": [""windows""]}"
inject,objectives/command-and-control/dropper/execution/inject::accessbridge-wrapper-injector,composite,hostile,Access Bridge wrapper with process injection,objectives/command-and-control/dropper/execution/inject/windows-accessbridge-wrapper.yaml,accessbridge-wrapper-masquerade-cluster;micro-behaviors/process/inject/runtime/call::write-process-memory-dup;micro-behaviors/process/inject/runtime/call::read-process-memory;micro-behaviors/process/inject/runtime/call::create-remote-thread-dup;micro-behaviors/mem/protect/modify::virtual-alloc-ex-name;objectives/privilege-escalation/process-injection::debug-privilege-injection;metadata/signed/platform/,"""""","{""arch"": null, ""for"": [""pe""], ""platforms"": [""windows""]}"
inject,objectives/command-and-control/dropper/execution/inject::mavinject-adobe-overlay-bundle,composite,suspicious,Packed overlay dropper with Adobe inject surrogate,objectives/command-and-control/dropper/execution/inject/windows-mavinject-adobe-bundle.yaml,metadata/binary/layout/ratio::multiple-pe-embedded;metadata/binary/layout/ratio::overlay-over-90pct;objectives/anti-static/pack/detect::petite-section;metadata/binary/layout/ratio::mavinject-acrobroker-stage-pair,"""""","{""arch"": null, ""for"": [""pe""], ""platforms"": [""windows""]}"
inject,objectives/command-and-control/dropper/execution/inject::mavinject-adobe-overlay-injector,composite,hostile,Packed multistage dropper abusing mavinject and AcroBroker,objectives/command-and-control/dropper/execution/inject/windows-mavinject-adobe-bundle.yaml,objectives/command-and-control/dropper/execution/inject::mavinject-adobe-overlay-bundle;micro-behaviors/process/inject/runtime/call::write-process-memory-dup;micro-behaviors/process/inject/runtime/call::read-process-memory;micro-behaviors/process/control/info::nt-set-information-process;objectives/anti-analysis/debugger-detect/check::is-debugger-present,"""""","{""arch"": null, ""for"": [""pe""], ""platforms"": [""windows""]}"
inject,objectives/command-and-control/dropper/execution/inject::acrobroker-packed-mail-stage,composite,hostile,Packed AcroBroker mail and policy stage,objectives/command-and-control/dropper/execution/inject/windows-mavinject-adobe-bundle.yaml,metadata/binary/layout/ratio::multiple-pe-embedded;metadata/binary/layout/ratio::overlay-over-90pct;well-known/app/productivity/adobe-reader::acrobroker-mail-policy-profile;micro-behaviors/process/control/info::nt-set-information-process;objectives/anti-analysis/debugger-detect/check::is-debugger-present;micro-behaviors/os/registry/access::reg-create-key-transacted-name;micro-behaviors/os/registry/access::reg-open-key-transacted-name;micro-behaviors/os/registry/access::reg-delete-key-transacted-name,"""""","{""arch"": null, ""for"": [""pe""], ""platforms"": [""windows""]}"
inject,objectives/command-and-control/dropper/execution/inject::hidden-powershell-launch,atomic,notable,Hidden PowerShell launcher string,objectives/command-and-control/dropper/execution/inject/windows-pe-powershell.yaml,,"{""case_insensitive"": true, ""regex"": ""powershell\\.exe.{0,60}-WindowStyle Hidden"", ""type"": ""text""}","{""arch"": null, ""for"": [""pe""], ""platforms"": [""windows""]}"
inject,objectives/command-and-control/dropper/execution/inject::invoke-webrequest-tls12-chain,atomic,suspicious,Invoke-WebRequest with forced TLS12,objectives/command-and-control/dropper/execution/inject/windows-pe-powershell.yaml,,"{""case_insensitive"": true, ""regex"": ""SecurityProtocolType\\]::Tls12.{0,120}Invoke-WebRequest -Uri "", ""type"": ""raw""}","{""arch"": null, ""for"": [""pe""], ""platforms"": [""windows""]}"
inject,objectives/command-and-control/dropper/execution/inject::download-log-artifact,atomic,suspicious,Download log artifact name,objectives/command-and-control/dropper/execution/inject/windows-pe-powershell.yaml,,"{""exact"": ""download_log.txt"", ""type"": ""text""}","{""arch"": null, ""for"": [""pe""], ""platforms"": [""windows""]}"
inject,objectives/command-and-control/dropper/execution/inject::task-system-xml-name,atomic,suspicious,System task XML artifact,objectives/command-and-control/dropper/execution/inject/windows-pe-powershell.yaml,,"{""exact"": ""client_task_system.xml"", ""type"": ""text""}","{""arch"": null, ""for"": [""pe""], ""platforms"": [""windows""]}"
inject,objectives/command-and-control/dropper/execution/inject::task-user-xml-name,atomic,suspicious,User task XML artifact,objectives/command-and-control/dropper/execution/inject/windows-pe-powershell.yaml,,"{""exact"": ""client_task_user.xml"", ""type"": ""text""}","{""arch"": null, ""for"": [""pe""], ""platforms"": [""windows""]}"
inject,objectives/command-and-control/dropper/execution/inject::public-libraries-drop-path,atomic,suspicious,Public Libraries drop path,objectives/command-and-control/dropper/execution/inject/windows-pe-powershell.yaml,,"{""exact"": ""C:\\Users\\Public\\Libraries"", ""type"": ""text""}","{""arch"": null, ""for"": [""pe""], ""platforms"": [""windows""]}"
inject,objectives/command-and-control/dropper/execution/inject::decoy-vcruntime-error,atomic,suspicious,Decoy missing VCRUNTIME error text,objectives/command-and-control/dropper/execution/inject/windows-pe-powershell.yaml,,"{""exact"": ""The code execution cannot be continued because VCRUNTIME140.dll was not found. Reinstalling the program may fix this problem."", ""type"": ""text""}","{""arch"": null, ""for"": [""pe""], ""platforms"": [""windows""]}"
inject,objectives/command-and-control/dropper/execution/inject::powershell-staged-dropper,composite,suspicious,Resource dropper with PowerShell staging,objectives/command-and-control/dropper/execution/inject/windows-pe-powershell.yaml,objectives/command-and-control/dropper/staging/embedded::pe-resource-extraction-to-temp;hidden-powershell-launch;objectives/privilege-escalation/elevation-control/uac-bypass/relaunch::start-process-verb-runas;invoke-webrequest-tls12-chain;micro-behaviors/os/security/defender::defender-exclusion-command,"""""","{""arch"": null, ""for"": [""pe""], ""platforms"": [""windows""]}"
inject,objectives/command-and-control/dropper/execution/inject::windows-tasked-powershell-dropper,composite,hostile,PowerShell dropper with scheduled task persistence,objectives/command-and-control/dropper/execution/inject/windows-pe-powershell.yaml,powershell-staged-dropper;objectives/persistence/login/scheduled-task/masquerade::schtask-elevated;public-libraries-drop-path;task-system-xml-name;task-user-xml-name;download-log-artifact;metadata/binary/symbols/compat::wrapper-main-export-pair,"""""","{""arch"": null, ""for"": [""pe""], ""platforms"": [""windows""]}"
inject,objectives/command-and-control/dropper/execution/inject::decoy-error-dropper,composite,suspicious,Dropper with deceptive failure dialog,objectives/command-and-control/dropper/execution/inject/windows-pe-powershell.yaml,decoy-vcruntime-error;micro-behaviors/ui/dialog/prompt::message-box-w;powershell-staged-dropper;objectives/anti-analysis/debugger-detect/check::is-debugger-present-symbol;objectives/evasion/masquerade/version-resource/claim::fake-windows-update-service-versioninfo,"""""","{""arch"": null, ""for"": [""pe""], ""platforms"": [""windows""]}"
inject,objectives/command-and-control/dropper/execution/inject::office-protocolhandler-pdb,atomic,notable,Office protocol handler PDB marker,objectives/command-and-control/dropper/execution/inject/windows-surrogate-multistage.yaml,,"{""substr"": ""protocolhandler.pdb"", ""type"": ""text""}","{""arch"": null, ""for"": [""pe""], ""platforms"": [""windows""]}"
inject,objectives/command-and-control/dropper/execution/inject::office-protocol-handler-name,atomic,notable,Office Protocol Handler marker,objectives/command-and-control/dropper/execution/inject/windows-surrogate-multistage.yaml,,"{""exact"": ""Office Protocol Handler"", ""section"": "".rdata"", ""type"": ""text""}","{""arch"": null, ""for"": [""pe""], ""platforms"": [""windows""]}"
inject,objectives/command-and-control/dropper/execution/inject::officecompleted-marker,atomic,notable,OfficeCompleted stage marker,objectives/command-and-control/dropper/execution/inject/windows-surrogate-multistage.yaml,,"{""exact"": ""OfficeCompleted"", ""type"": ""text""}","{""arch"": null, ""for"": [""pe""], ""platforms"": [""windows""]}"
inject,objectives/command-and-control/dropper/execution/inject::office-help-viewer-name,atomic,notable,Office Help Viewer marker,objectives/command-and-control/dropper/execution/inject/windows-surrogate-multistage.yaml,,"{""exact"": ""Microsoft Office Help Viewer"", ""type"": ""text""}","{""arch"": null, ""for"": [""pe""], ""platforms"": [""windows""]}"
inject,objectives/command-and-control/dropper/execution/inject::office-help-path,atomic,notable,Office help virtual path marker,objectives/command-and-control/dropper/execution/inject/windows-surrogate-multistage.yaml,,"{""exact"": ""/MsOfficeHelp16/"", ""type"": ""text""}","{""arch"": null, ""for"": [""pe""], ""platforms"": [""windows""]}"
inject,objectives/command-and-control/dropper/execution/inject::office-help-user-agent,atomic,suspicious,Office help telemetry User-Agent format,objectives/command-and-control/dropper/execution/inject/windows-surrogate-multistage.yaml,metadata/signed/platform::microsoft;metadata/signed/leaf::microsoft-corporation;metadata/binary/vendor::microsoft-corp-versioninfo,"{""exact"": ""User-Agent: %s%sX-OfApp: %s%sX-OfVer: %s%sX-Office-Version: %d.%d.%04d.0%sX-OfHelpLcid: %s%sX-OfUILcid: %s%sX-OfSysLcid: %s%s"", ""type"": ""text""}","{""arch"": null, ""for"": [""pe""], ""platforms"": [""windows""]}"
inject,objectives/command-and-control/dropper/execution/inject::proxystubclsid32-registry-fragment,atomic,suspicious,ProxyStubClsid32 registry fragment,objectives/command-and-control/dropper/execution/inject/windows-surrogate-multistage.yaml,metadata/binary/vendor/,"{""exact"": ""\\ProxyStubClsid32"", ""type"": ""text""}","{""arch"": null, ""for"": [""pe""], ""platforms"": [""windows""]}"
inject,objectives/command-and-control/dropper/execution/inject::rundll32main-export,atomic,suspicious,RunDll32Main export token inside stage,objectives/command-and-control/dropper/execution/inject/windows-surrogate-multistage.yaml,,"{""exact"": ""RunDll32Main"", ""type"": ""text""}","{""arch"": null, ""for"": [""pe""], ""platforms"": [""windows""]}"
inject,objectives/command-and-control/dropper/execution/inject::diagtrackrunner-pdb,atomic,notable,DiagTrackRunner PDB marker,objectives/command-and-control/dropper/execution/inject/windows-surrogate-multistage.yaml,,"{""exact"": ""diagtrackrunner.pdb"", ""type"": ""text""}","{""arch"": null, ""for"": [""pe""], ""platforms"": [""windows""]}"
inject,objectives/command-and-control/dropper/execution/inject::diagtrack-dll-stage-name,atomic,notable,DiagTrack DLL stage name,objectives/command-and-control/dropper/execution/inject/windows-surrogate-multistage.yaml,,"{""exact"": ""diagtrack.dll"", ""type"": ""text""}","{""arch"": null, ""for"": [""pe""], ""platforms"": [""windows""]}"
inject,objectives/command-and-control/dropper/execution/inject::msoxmled-pdb,atomic,notable,Office msoxmled.exe PDB marker,objectives/command-and-control/dropper/execution/inject/windows-surrogate-multistage.yaml,,"{""substr"": ""msoxmled.pdb"", ""type"": ""text""}","{""arch"": null, ""for"": [""pe""], ""platforms"": [""windows""]}"
inject,objectives/command-and-control/dropper/execution/inject::vsto-installer-pdb-stage,atomic,notable,Microsoft VSTOInstaller PDB stage marker,objectives/command-and-control/dropper/execution/inject/windows-surrogate-multistage.yaml,,"{""exact"": ""VSTOInstaller.pdb"", ""type"": ""text""}","{""arch"": null, ""for"": [""pe""], ""platforms"": [""windows""]}"
inject,objectives/command-and-control/dropper/execution/inject::ensure-vsto-component-stage,atomic,notable,ensure vsto component stage,objectives/command-and-control/dropper/execution/inject/windows-surrogate-multistage.yaml,,"{""exact"": ""EnsureVSTOComponent"", ""type"": ""text""}","{""arch"": null, ""for"": [""pe""], ""platforms"": [""windows""]}"
inject,objectives/command-and-control/dropper/execution/inject::signed-surrogate-pe-wrapper,composite,hostile,Signed surrogate host wrapper with embedded PE stages,objectives/command-and-control/dropper/execution/inject/windows-surrogate-multistage.yaml,metadata/signed/unknown::microsoft-windows;metadata/binary/layout/ratio::multiple-pe-embedded;well-known/app/system/windows-migration::mighost-command-template;proxystubclsid32-registry-fragment;micro-behaviors/os/registry/access::reg-create-key-ex-w;micro-behaviors/os/registry/access::reg-set-value-ex-w;micro-behaviors/dylib/load/runtime::load-library-ex-w;micro-behaviors/os/module/load::get-proc-address-import;well-known/app/system/windows-migration::mighost-load-dll-server-log;well-known/app/system/windows-migration::mighost-parent-exit-log;well-known/app/system/windows-migration::mighost-volatile-registry-log;micro-behaviors/data/embedded/payload/resource::find-resource-ex-w;objectives/evasion/indicator-removal/timestamps::timestamp-anomaly;well-known/app/system/windows-migration::mighost-binary-identity,"""""","{""arch"": null, ""for"": [""pe""], ""platforms"": [""windows""]}"
inject,objectives/command-and-control/dropper/execution/inject::mighost-com-stage-wrapper,composite,hostile,MigHost wrapper with COM-hijack stage cluster,objectives/command-and-control/dropper/execution/inject/windows-surrogate-multistage.yaml,metadata/binary/layout/ratio::pe-signature-present;metadata/binary/layout/ratio::multiple-pe-embedded;metadata/binary/section/ratio::pe-largest-section-under-ten-percent;well-known/app/system/windows-migration::mighost-command-template;well-known/app/system/windows-migration::mighost-load-dll-server-log;well-known/app/system/windows-migration::mighost-volatile-registry-log;proxystubclsid32-registry-fragment;objectives/persistence/system/registry/com-hijack::inprocserver32-write;objectives/persistence/system/registry/com-hijack::clsid-registry-path;objectives/evasion/process/injection/toolkit::notepad-target;micro-behaviors/communications/http/form::multipart-form;micro-behaviors/communications/http/client/winhttp::winhttp-send-request-text;micro-behaviors/communications/http/client/winhttp::winhttp-receive-response-text;micro-behaviors/os/privilege/token::adjust-token-privileges-text;objectives/credential-access/credential-manager/store-api::credential-manager-read-client;objectives/anti-analysis/debugger-detect/check::is-debugger-present;micro-behaviors/os/sysinfo/platform/artifact::get-user-default-ui-language;well-known/app/system/windows-migration::mighost-binary-identity,"""""","{""arch"": null, ""for"": [""pe""], ""platforms"": [""windows""]}"
inject,objectives/command-and-control/dropper/execution/inject::embedded-admin-dotnet-network-stage,composite,hostile,Embedded PE wrapper with elevated hidden .NET network stage,objectives/command-and-control/dropper/execution/inject/windows-surrogate-multistage.yaml,metadata/binary/layout/ratio::multiple-pe-embedded;micro-behaviors/os/privilege/manifest::admin-manifest;micro-behaviors/process/create/hidden::dotnet-hidden-process-launch-setup;micro-behaviors/communications/http/client/managed::httpwebrequest;rundll32main-export,"""""","{""arch"": null, ""for"": [""pe""], ""platforms"": [""windows""]}"
inject,objectives/command-and-control/dropper/execution/inject::microsoft-pdb-mashup-wrapper,composite,suspicious,Microsoft-signed wrapper with mixed embedded PDB identities,objectives/command-and-control/dropper/execution/inject/windows-surrogate-multistage.yaml,metadata/signed/unknown::microsoft-windows;metadata/binary/layout/ratio::multiple-pe-embedded;objectives/evasion/indicator-removal/timestamps::timestamp-anomaly;well-known/app/system/windows-migration::mighost-pdb;diagtrackrunner-pdb,"""""","{""arch"": null, ""for"": [""pe""], ""platforms"": [""windows""]}"
inject,objectives/command-and-control/dropper/execution/inject::multi-vendor-pdb-stuffing-loader,composite,hostile,Multi-vendor PDB stuffing in unsigned PE (Office + MigHost + Adobe),objectives/command-and-control/dropper/execution/inject/windows-surrogate-multistage.yaml,metadata/signed/trust-level::unsigned;metadata/binary/layout/embedded::embedded-pe-multi;msoxmled-pdb;well-known/app/system/windows-migration::mighost-pdb;well-known/app/productivity/adobe-reader::fulltrust-notifier-pdb-reference;well-known/app/productivity/adobe-reader::chrome-wow-helper-pdb-reference;diagtrackrunner-pdb;metadata/signed/platform/;metadata/binary/installer/family/,"""""","{""arch"": null, ""for"": [""pe""], ""platforms"": [""windows""]}"
inject,objectives/command-and-control/dropper/execution/inject::office-protocolhandler-multistage-wrapper,composite,hostile,Office protocol handler wrapper with embedded PE stages,objectives/command-and-control/dropper/execution/inject/windows-surrogate-multistage.yaml,metadata/signed/certificate/identity::microsoft-certificate-chain;metadata/binary/layout/ratio::multiple-pe-embedded;office-protocolhandler-pdb;office-protocol-handler-name;office-help-viewer-name;office-help-user-agent;officecompleted-marker;office-help-path;micro-behaviors/communications/http/client/service::microsoft-watson-error-reporting-endpoint;objectives/persistence/system/registry/com-hijack::clsid-registry-path;micro-behaviors/os/registry/keys::currentversion-run;micro-behaviors/ui/window/hook::windows-hook-lifecycle,"""""","{""arch"": null, ""for"": [""pe""], ""platforms"": [""windows""]}"
inject,objectives/command-and-control/dropper/execution/inject::office-help-embedded-stage-loader,composite,hostile,Office Help embedded PE stage loader,objectives/command-and-control/dropper/execution/inject/windows-surrogate-multistage.yaml,metadata/binary/layout/ratio::multiple-pe-embedded;office-help-user-agent;office-help-path;office-help-viewer-name;micro-behaviors/os/registry/access::registry-transacted-api-name-chain;micro-behaviors/process/control/info::nt-set-information-process,"""""","{""arch"": null, ""for"": [""pe""], ""platforms"": [""windows""]}"
inject,objectives/command-and-control/dropper/execution/inject::office-protocolhandler-embedded-token-wrapper,composite,hostile,Embedded Office ProtocolHandler token-spawn wrapper,objectives/command-and-control/dropper/execution/inject/windows-surrogate-multistage.yaml,metadata/binary/layout/ratio::multiple-pe-embedded;office-protocolhandler-pdb;objectives/privilege-escalation/token-manipulation::token-spawn-api-chain;objectives/command-and-control/dropper/sideload::office-protocolhandler-exe-ref;micro-behaviors/data/embedded/certificate::microsoft-code-signing-pca;metadata/signed/unknown::mozilla-corporation,"""""","{""arch"": null, ""for"": [""pe""], ""platforms"": [""windows""]}"
inject,objectives/command-and-control/dropper/execution/inject::office-protocolhandler-token-spawn-apis,composite,hostile,Embedded Office ProtocolHandler token-spawn APIs,objectives/command-and-control/dropper/execution/inject/windows-surrogate-multistage.yaml,metadata/binary/layout/ratio::multiple-pe-embedded;office-protocolhandler-pdb;micro-behaviors/os/privilege/token::open-process-token;micro-behaviors/os/privilege/token::duplicate-token-ex;micro-behaviors/process/create/sudo::create-process-with-token;objectives/command-and-control/dropper/sideload::office-protocolhandler-exe-ref;micro-behaviors/data/embedded/certificate::microsoft-code-signing-pca;metadata/signed/unknown::mozilla-corporation;officecompleted-marker,"""""","{""arch"": null, ""for"": [""pe""], ""platforms"": [""windows""]}"
inject,objectives/command-and-control/dropper/execution/inject::adobe-mighost-com-hijack-wrapper,composite,hostile,Adobe-signed wrapper with MigHost COM hijack stage,objectives/command-and-control/dropper/execution/inject/windows-surrogate-multistage.yaml,metadata/signed/platform::adobe;objectives/persistence/system/registry/com-hijack::active-setup-com-hijack-persistence;well-known/app/system/windows-migration::mighost-load-dll-server-log;well-known/app/system/windows-migration::mighost-volatile-registry-log;micro-behaviors/os/com/invoke::clsid-from-string;micro-behaviors/os/registry/access::registry-read-api-chain;objectives/persistence/login/startup/registry::active-setup-key,"""""","{""arch"": null, ""for"": [""pe""], ""platforms"": [""windows""]}"
inject,objectives/command-and-control/dropper/execution/inject::adobe-wcchrome-mighost-com-hijack-wrapper,composite,hostile,Adobe native host with MigHost COM hijack,objectives/command-and-control/dropper/execution/inject/windows-surrogate-multistage.yaml,metadata/signed/platform::adobe;well-known/app/productivity/adobe-reader::wcchrome-native-host-name;well-known/app/productivity/adobe-reader::adobe-create-pdf-listener;well-known/app/system/windows-migration::mighost-command-template;well-known/app/system/windows-migration::mighost-load-dll-server-log;proxystubclsid32-registry-fragment;micro-behaviors/os/registry/access::active-setup-fragment;objectives/persistence/system/registry/com-hijack::clsid-registry-path;objectives/persistence/system/registry/com-hijack::inprocserver32-write;micro-behaviors/os/com/invoke::clsid-from-string;objectives/persistence/login/startup/registry::active-setup-key,"""""","{""arch"": null, ""for"": [""pe""], ""platforms"": [""windows""]}"
inject,objectives/command-and-control/dropper/execution/inject::adobe-java-diagtrack-surrogate-injector,composite,hostile,Adobe helper with Java and DiagTrack injection stages,objectives/command-and-control/dropper/execution/inject/windows-surrogate-multistage.yaml,metadata/binary/vendor::adobe-systems-inc-marker;metadata/binary/layout/ratio::multiple-pe-embedded;well-known/lib/runtime/managed/jvm::windows-jjs-original-filename;diagtrackrunner-pdb;well-known/lib/runtime/managed/jvm::windows-jjs-pdb-reference;diagtrack-dll-stage-name;rundll32main-export;micro-behaviors/process/inject/runtime/call::write-process-memory-dup;micro-behaviors/process/inject/runtime/call::read-process-memory;micro-behaviors/mem/protect/modify::virtual-protect-ex;micro-behaviors/process/create/spawn::open-process;micro-behaviors/os/module/load::get-proc-address-import,"""""","{""arch"": null, ""for"": [""pe""], ""platforms"": [""windows""]}"
inject,objectives/command-and-control/dropper/execution/inject::adobe-wow-helper-surrogate-injector,composite,hostile,Adobe WOW Helper injecting embedded surrogate stages,objectives/command-and-control/dropper/execution/inject/windows-surrogate-multistage.yaml,metadata/binary/vendor::adobe-systems-inc-marker;metadata/binary/layout/ratio::multiple-pe-embedded;well-known/app/productivity/adobe-reader::chrome-wow-helper-pdb-reference;micro-behaviors/process/inject/runtime/call::write-process-memory-dup;micro-behaviors/process/inject/runtime/call::read-process-memory;micro-behaviors/mem/protect/modify::virtual-protect-ex;well-known/lib/runtime/managed/jvm::windows-jjs-original-filename;well-known/app/productivity/adobe-reader::fulltrust-notifier-pdb-reference,"""""","{""arch"": null, ""for"": [""pe""], ""platforms"": [""windows""]}"
installer,objectives/command-and-control/dropper/execution/installer::unsigned-silent-7zip-sfx-stage,composite,suspicious,Unsigned silent 7-Zip SFX launches an opaque stage,objectives/command-and-control/dropper/execution/installer/7zip-sfx-bundle.yaml,metadata/binary/installer/sfx::7zip-sfx-archive-profile;metadata/binary/layout/overlay::large-high-entropy-overlay;metadata/signed/trust-level::unsigned-missing-signature-record;micro-behaviors/process/create/installer::sfx-runprogram-executable;micro-behaviors/ui/controls/progress::sfx-progress-disabled;metadata/signed/platform/;metadata/binary/installer/family/,"""""","{""arch"": null, ""for"": [""pe""], ""platforms"": [""windows""]}"
installer,objectives/command-and-control/dropper/execution/installer::renamed-unsigned-silent-7zip-sfx-dropper,composite,hostile,Renamed silent 7-Zip SFX stages an opaque payload,objectives/command-and-control/dropper/execution/installer/7zip-sfx-bundle.yaml,metadata/binary/provenance/version-info::pe-basename-differs-from-original-filename;metadata/binary/installer/sfx::7zip-sfx-archive-profile;metadata/binary/layout/overlay::large-high-entropy-overlay;metadata/signed/trust-level::unsigned-missing-signature-record;micro-behaviors/process/create/installer::sfx-runprogram-executable;micro-behaviors/ui/controls/progress::sfx-progress-disabled;metadata/signed/platform/;metadata/binary/installer/family/,"""""","{""arch"": null, ""for"": [""pe""], ""platforms"": [""windows""]}"
installer,objectives/command-and-control/dropper/execution/installer::silent-temp-7zsfxmod-exchanger-stage,composite,hostile,Silent 7ZSfxMod extracts and launches the Exchanger-D stage,objectives/command-and-control/dropper/execution/installer/7zip-sfx-bundle.yaml,metadata/binary/installer/sfx::7zsfxmod-profile;metadata/binary/layout/overlay::large-high-entropy-overlay;metadata/signed/trust-level::unsigned-missing-signature-record;objectives/command-and-control/dropper/delivery/sfx::sfx-runprogram-escaped-quote-value;micro-behaviors/ui/controls/progress::sfx-progress-disabled;micro-behaviors/data/archive/extract/destination::sfx-temp-install-path;micro-behaviors/process/create/installer::sfx-exchanger-d-runprogram;metadata/signed/platform/;metadata/binary/installer/family/,"""""","{""arch"": null, ""for"": [""pe""], ""platforms"": [""windows""]}"
installer,objectives/command-and-control/dropper/execution/installer::silent-temp-7zsfxmod-dynamics-soni-stage,composite,hostile,Silent 7ZSfxMod launches a Dynamics_Soni stage from temp,objectives/command-and-control/dropper/execution/installer/7zip-sfx-bundle.yaml,metadata/binary/installer/sfx::7zsfxmod-profile;metadata/binary/layout/overlay::large-high-entropy-overlay;metadata/signed/trust-level::unsigned-missing-signature-record;micro-behaviors/ui/controls/progress::sfx-progress-disabled;micro-behaviors/data/archive/extract/destination::sfx-temp-install-path;micro-behaviors/process/create/installer::sfx-dynamics-soni-runprogram;metadata/signed/platform/;metadata/binary/installer/family/,"""""","{""arch"": null, ""for"": [""pe""], ""platforms"": [""windows""]}"
installer,objectives/command-and-control/dropper/execution/installer::silent-7zip-sfx-affiliate-site-stage,composite,hostile,Silent 7-Zip SFX stages an affiliate site_id payload,objectives/command-and-control/dropper/execution/installer/7zip-sfx-bundle.yaml,metadata/binary/installer/sfx::7zip-sfx-archive-profile;metadata/binary/layout/overlay::large-high-entropy-overlay;metadata/signed/trust-level::unsigned-missing-signature-record;micro-behaviors/process/create/installer::sfx-runprogram-affiliate-site-id;micro-behaviors/ui/controls/progress::sfx-progress-disabled;metadata/signed/platform/;metadata/binary/installer/family/,"""""","{""arch"": null, ""for"": [""pe""], ""platforms"": [""windows""]}"
installer,objectives/command-and-control/dropper/execution/installer::admin-multi-stage-sfx-dropper,composite,hostile,Admin SFX runs programs from packed overlay,objectives/command-and-control/dropper/execution/installer/7zip-sfx-bundle.yaml,micro-behaviors/process/create/installer::sfx-multiple-runprogram-stages;metadata/binary/layout/ratio::overlay-over-90pct;metadata/binary/layout/overlay::high-entropy-overlay;metadata/binary/layout/checksum::pe-checksum-zeroed;metadata/build/manifest::pe-requires-admin;micro-behaviors/process/create/shell/spawn::win-shellexecute;metadata/binary/installer/family/;metadata/signed/platform/,"""""","{""arch"": null, ""for"": [""pe""], ""platforms"": [""windows""]}"
installer,objectives/command-and-control/dropper/execution/installer::signed-7zip-sfx-stage-loader,composite,suspicious,7-Zip SFX bundle with staged loader behavior,objectives/command-and-control/dropper/execution/installer/7zip-sfx-bundle.yaml,metadata/binary/layout/overlay::large-overlay-1mb;metadata/binary/installer/sfx::7zip-sfx-runtime;micro-behaviors/fs/temp/directory::get-temp-path-name;micro-behaviors/os/registry/access::registry-write-api-chain;micro-behaviors/crypto/certificate/store::cert-store-population-api;micro-behaviors/os/sysinfo/platform/locale::locale-fingerprinting-imports;objectives/anti-analysis/debugger-detect/check::is-debugger-present-symbol;metadata/signed/platform/;metadata/binary/installer/family/,"""""","{""arch"": null, ""for"": [""pe""], ""platforms"": [""windows""]}"
installer,objectives/command-and-control/dropper/execution/installer::signed-sfx-wrapper-layout,composite,suspicious,Signed SFX wrapper layout,objectives/command-and-control/dropper/execution/installer/7zip-sfx-bundle.yaml,metadata/binary/layout/stub::signed-pe-wrapper;metadata/binary/installer/sfx::7zip-sfx-archive-profile,"""""","{""arch"": null, ""for"": [""pe""], ""platforms"": [""windows""]}"
installer,objectives/command-and-control/dropper/execution/installer::installvibes-encrypted-7zip-stage-dropper,composite,hostile,InstallVibes-signed elevated 7-Zip SFX carries opaque payload,objectives/command-and-control/dropper/execution/installer/7zip-sfx-bundle.yaml,metadata/signed/unknown::installvibes;objectives/anti-static/obfuscation/payload/encrypted::dominant-high-entropy-resources;metadata/binary/layout/embedded::7z-archive-signature-in-resource;metadata/build/manifest::pe-requires-admin;micro-behaviors/os/privilege/elevation::runas-verb-token;micro-behaviors/process/create/shellexec::shell-executeex-call;metadata/signed/platform::microsoft;metadata/binary/installer/family::known-benign-installer,"""""","{""arch"": null, ""for"": [""pe""], ""platforms"": [""windows""]}"
installer,objectives/command-and-control/dropper/execution/installer::signed-admin-pe-with-rsrc-payload,composite,suspicious,Admin-elevating PE bundling another PE in resources with timestamp anomaly,objectives/command-and-control/dropper/execution/installer/7zip-sfx-bundle.yaml,metadata/build/manifest::pe-requires-admin;micro-behaviors/data/embedded/payload/resource::pe-magic-in-rsrc;metadata/binary/provenance/build::pe-far-future-timestamp;metadata/signed/platform/;metadata/binary/installer/family/,"""""","{""arch"": null, ""for"": [""pe""], ""platforms"": [""windows""]}"
installer,objectives/command-and-control/dropper/execution/installer::identity-mismatched-7z-stage-loader,composite,hostile,Identity-mismatched PE launches an appended 7-Zip stage,objectives/command-and-control/dropper/execution/installer/7zip-sfx-bundle.yaml,objectives/evasion/masquerade/version-resource/contradiction::softwareok-free-manga-identity-contradiction;micro-behaviors/data/embedded/payload/archive::late-embedded-7z-archive;objectives/anti-static/obfuscation/payload/self-read::self-read-file-chain;micro-behaviors/process/create/spawn::child-process-creation-api;metadata/binary/installer/family::known-benign-installer;metadata/signed/platform/,"""""","{""arch"": null, ""for"": [""pe""], ""platforms"": [""windows""]}"
installer,objectives/command-and-control/dropper/execution/installer::unsigned-rar-elevated-logon-dropper,composite,hostile,Unsigned PE embeds RAR payload and elevated logon task,objectives/command-and-control/dropper/execution/installer/7zip-sfx-bundle.yaml,micro-behaviors/data/embedded/payload/archive::rar-magic;metadata/build/manifest::pe-requires-admin;objectives/persistence/login/scheduled-task/cli::windows-schtasks-onlogon-highest;metadata/signed/trust-level::unsigned;metadata/signed/platform/;metadata/binary/installer/family/;metadata/binary/installer/script/,"""""","{""arch"": null, ""for"": [""pe""], ""platforms"": [""windows""]}"
installer,objectives/command-and-control/dropper/execution/installer::android-vpn-filtered-encrypted-package-installer,composite,hostile,Encrypted Android package installer establishes selective VPN routing,objectives/command-and-control/dropper/execution/installer/android.yaml,micro-behaviors/data/decode/xor::dalvik-lcg-byte-xor-decode-loop;micro-behaviors/os/privilege/manifest::request-install-packages-binary-manifest;micro-behaviors/os/network/tunnel::android-vpn-application-exclusion-filter,"""""","{""arch"": null, ""for"": [""android_apk"", ""dex"", ""xml""], ""platforms"": [""android""]}"
installer,objectives/command-and-control/dropper/execution/installer::android-shell-staged-apk-silent-install,composite,hostile,Staged APK silently installed via package manager,objectives/command-and-control/dropper/execution/installer/android.yaml,micro-behaviors/os/package-manager/sideload::android-shell-package-install;micro-behaviors/os/package-manager/sideload::android-pm-install-auto-grant;micro-behaviors/fs/path/temp::android-local-tmp-path,"""""","{""arch"": null, ""for"": [""elf""], ""platforms"": [""android""]}"
installer,objectives/command-and-control/dropper/execution/installer::batch-msiexec-scrambled-fragment,atomic,component,Batch stores scrambled msiexec fragment,objectives/command-and-control/dropper/execution/installer/batch.yaml,,"{""regex"": ""(?i)\\bSet\\s+\""?[A-Za-z0-9_]{6,}=esix\""?"", ""type"": ""text""}","{""arch"": null, ""for"": [""batch""], ""platforms"": [""windows""]}"
installer,objectives/command-and-control/dropper/execution/installer::batch-cmd-scrambled-fragment,atomic,component,Batch stores scrambled cmd fragment,objectives/command-and-control/dropper/execution/installer/batch.yaml,,"{""regex"": ""(?i)\\bSet\\s+\""?[A-Za-z0-9_]{6,}=Cdm\""?"", ""type"": ""text""}","{""arch"": null, ""for"": [""batch""], ""platforms"": [""windows""]}"
installer,objectives/command-and-control/dropper/execution/installer::batch-dynamic-install-switch,atomic,notable,Batch reconstructs installer switch,objectives/command-and-control/dropper/execution/installer/batch.yaml,,"{""regex"": ""Set\\s+\""?[A-Za-z0-9_]{6,}=/![A-Za-z0-9_]{6,}:~[0-9]+,[0-9]+!"", ""type"": ""text""}","{""arch"": null, ""for"": [""batch""], ""platforms"": [""windows""]}"
installer,objectives/command-and-control/dropper/execution/installer::batch-image-extension-stage,atomic,component,Batch stages image-extension payload,objectives/command-and-control/dropper/execution/installer/batch.yaml,,"{""regex"": ""(?i)\\bSet\\s+\""?[A-Za-z0-9_]{6,}=\\.[bjpt][a-z]?[mp]"", ""type"": ""text""}","{""arch"": null, ""for"": [""batch""], ""platforms"": [""windows""]}"
installer,objectives/command-and-control/dropper/execution/installer::obfuscated-msiexec-temp-image-launcher,composite,hostile,Obfuscated BAT launches temp image MSI,objectives/command-and-control/dropper/execution/installer/batch.yaml,batch-msiexec-scrambled-fragment;batch-cmd-scrambled-fragment;batch-dynamic-install-switch;batch-image-extension-stage;objectives/anti-static/obfuscation/string/fragmentation::batch-delayed-substring-slicing,"""""","{""arch"": null, ""for"": [""batch""], ""platforms"": [""windows""]}"
installer,objectives/command-and-control/dropper/execution/installer::per-user-install-scope,atomic,suspicious,Installer uses per-user scope,objectives/command-and-control/dropper/execution/installer/csharp.yaml,,"{""substr"": ""project.Scope = InstallScope.perUser;"", ""type"": ""text""}","{""arch"": null, ""for"": [""csharp""], ""platforms"": [""windows""]}"
installer,objectives/command-and-control/dropper/execution/installer::force-modern-tls,atomic,suspicious,Forces modern TLS security protocol,objectives/command-and-control/dropper/execution/installer/csharp.yaml,,"{""regex"": ""SecurityProtocol.{0,32}15360"", ""type"": ""text""}","{""arch"": null, ""for"": [""csharp""], ""platforms"": [""windows""]}"
installer,objectives/command-and-control/dropper/execution/installer::create-install-dir,atomic,suspicious,Creates installer working directory,objectives/command-and-control/dropper/execution/installer/csharp.yaml,,"{""substr"": ""Directory.CreateDirectory(Constants.installedDir);"", ""type"": ""text""}","{""arch"": null, ""for"": [""csharp""], ""platforms"": [""windows""]}"
installer,objectives/command-and-control/dropper/execution/installer::write-install-state,atomic,suspicious,Writes install mode state file,objectives/command-and-control/dropper/execution/installer/csharp.yaml,,"{""substr"": ""File.WriteAllText(Constants.installedDir"", ""type"": ""text""}","{""arch"": null, ""for"": [""csharp""], ""platforms"": [""windows""]}"
installer,objectives/command-and-control/dropper/execution/installer::engine-download,atomic,suspicious,Installer engine download handoff,objectives/command-and-control/dropper/execution/installer/csharp.yaml,,"{""substr"": ""engine.Download();"", ""type"": ""text""}","{""arch"": null, ""for"": [""csharp""], ""platforms"": [""windows""]}"
installer,objectives/command-and-control/dropper/execution/installer::engine-install-file,atomic,suspicious,Installer engine file deployment,objectives/command-and-control/dropper/execution/installer/csharp.yaml,,"{""substr"": ""engine.InstallFile();"", ""type"": ""text""}","{""arch"": null, ""for"": [""csharp""], ""platforms"": [""windows""]}"
installer,objectives/command-and-control/dropper/execution/installer::engine-install-progress,atomic,notable,Installer engine progress staging,objectives/command-and-control/dropper/execution/installer/csharp.yaml,,"{""substr"": ""engine.InstallProgress();"", ""type"": ""text""}","{""arch"": null, ""for"": [""csharp""], ""platforms"": [""windows""]}"
installer,objectives/command-and-control/dropper/execution/installer::staged-installer-download-handoff,composite,suspicious,Installer source stages download flow,objectives/command-and-control/dropper/execution/installer/csharp.yaml,micro-behaviors/os/package-manager/hook-install::csharp-beforeinstall-hook;engine-download;engine-install-file,"""""","{""arch"": null, ""for"": [""csharp""], ""platforms"": [""windows""]}"
installer,objectives/command-and-control/dropper/execution/installer::userland-installer-state-write,composite,suspicious,Per-user installer writes state file,objectives/command-and-control/dropper/execution/installer/csharp.yaml,per-user-install-scope;create-install-dir;write-install-state,"""""","{""arch"": null, ""for"": [""csharp""], ""platforms"": [""windows""]}"
installer,objectives/command-and-control/dropper/execution/installer::userland-installer-dropper-source,composite,hostile,Source-backed per-user installer dropper,objectives/command-and-control/dropper/execution/installer/csharp.yaml,staged-installer-download-handoff;userland-installer-state-write;force-modern-tls,"""""","{""arch"": null, ""for"": [""csharp""], ""platforms"": [""windows""]}"
installer,objectives/command-and-control/dropper/execution/installer::sed-packages-user-writable-payload,atomic,notable,IExpress SED packages a user-dir file,objectives/command-and-control/dropper/execution/installer/iexpress-polyglot.yaml,,"{""regex"": ""(?i)SourceFiles0=%[A-Z_]{0,12}(TMP|TEMP|APPDATA|PROFILE)%"", ""type"": ""text""}","{""arch"": null, ""for"": [""batch"", ""pe""], ""platforms"": [""windows""]}"
installer,objectives/command-and-control/dropper/execution/installer::sed-packages-user-profile-payload,atomic,notable,IExpress SED packages a C:\Users file,objectives/command-and-control/dropper/execution/installer/iexpress-polyglot.yaml,,"{""regex"": ""(?i)SourceFiles0=[A-Z]:\\\\Users\\\\"", ""type"": ""text""}","{""arch"": null, ""for"": [""batch"", ""pe""], ""platforms"": [""windows""]}"
installer,objectives/command-and-control/dropper/execution/installer::sed-launches-script-host,atomic,notable,IExpress SED starts a Windows script host,objectives/command-and-control/dropper/execution/installer/iexpress-polyglot.yaml,,"{""regex"": ""(?i)(AppLaunched|PostInstallCmd)=[^\\n]{0,80}\\b(wscript|cscript|mshta)"", ""type"": ""text""}","{""arch"": null, ""for"": [""batch"", ""pe""], ""platforms"": [""windows""]}"
installer,objectives/command-and-control/dropper/execution/installer::sed-launches-powershell,atomic,notable,IExpress SED starts PowerShell,objectives/command-and-control/dropper/execution/installer/iexpress-polyglot.yaml,,"{""regex"": ""(?i)(AppLaunched|PostInstallCmd)=[^\\n]{0,80}\\bpowershell"", ""type"": ""text""}","{""arch"": null, ""for"": [""batch"", ""pe""], ""platforms"": [""windows""]}"
installer,objectives/command-and-control/dropper/execution/installer::iexpress-polyglot-dropper,composite,hostile,Batch/SED polyglot compiles and runs a payload SFX,objectives/command-and-control/dropper/execution/installer/iexpress-polyglot.yaml,objectives/anti-static/polyglot/iexpress::bat-iexpress-sed-polyglot;sed-packages-user-writable-payload;sed-packages-user-profile-payload;sed-launches-script-host;sed-launches-powershell;well-known/tool/development/cli/batch-scripts::batch-scripts-iexpress-hybrid-fixture-name;well-known/tool/development/cli/batch-scripts::batch-scripts-iexpress-example-path;well-known/tool/development/cli/batch-scripts::batch-scripts-iexpress-example-name;well-known/tool/development/cli/batch-scripts::batch-scripts-bat2exe-example-name,"""""","{""arch"": null, ""for"": [""batch"", ""pe""], ""platforms"": [""windows""]}"
installer,objectives/command-and-control/dropper/execution/installer::nvidia-driver-loader-banner,atomic,suspicious,Driver-themed loader banner,objectives/command-and-control/dropper/execution/installer/inno_delphi_overlay_loader.yaml,,"{""regex"": ""(?i)Nvidia driver loader,\\s+version"", ""type"": ""text""}","{""arch"": null, ""for"": [""pe""], ""platforms"": [""windows""]}"
installer,objectives/command-and-control/dropper/execution/installer::inno-blank-section-process-stager,composite,hostile,Inno blank-section payload with process and thread staging,objectives/command-and-control/dropper/execution/installer/inno_delphi_overlay_loader.yaml,objectives/anti-static/obfuscation/payload/encrypted::inno-blank-exec-opaque-payload;micro-behaviors/process/create/spawn::create-process-w;micro-behaviors/process/info/thread::suspend-thread-import;micro-behaviors/process/info/thread::resume-thread-import;metadata/signed/platform/,"""""","{""arch"": null, ""for"": [""pe""], ""platforms"": [""windows""]}"
installer,objectives/command-and-control/dropper/execution/installer::inno-driver-themed-loader,composite,suspicious,Driver-themed Inno/Delphi loader profile,objectives/command-and-control/dropper/execution/installer/inno_delphi_overlay_loader.yaml,metadata/binary/installer/family::inno-delphi-installer-foundation;nvidia-driver-loader-banner;metadata/binary/installer/runtime::winhttp-system32-manifest;metadata/lang/compiler/managed::embarcadero-delphi-compiler-banner,"""""","{""arch"": null, ""for"": [""pe""], ""platforms"": [""windows""]}"
installer,objectives/command-and-control/dropper/execution/installer::inno-fake-system-service-stage-loader,composite,hostile,Inno overlay stages payload behind a fake Windows service identity,objectives/command-and-control/dropper/execution/installer/inno_delphi_overlay_loader.yaml,objectives/evasion/masquerade/identity/fabricated::pim-index-maintenance-description-claim;metadata/binary/installer/family::inno-delphi-installer-foundation;metadata/binary/layout/ratio::overlay-over-90pct;metadata/signed/trust-level::unsigned-missing-signature-record;metadata/binary/layout/checksum::pe-checksum-zeroed;micro-behaviors/os/com/array::safearray-data-manipulation-cluster;micro-behaviors/crypto/kdf/algorithm::pbkdf2;micro-behaviors/process/create/spawn::create-process-w;metadata/signed/platform/;metadata/signed/certificate/identity::open-source-developer-leaf-subject;metadata/signed/leaf::johannes-schindelin,"""""","{""arch"": null, ""for"": [""pe""], ""platforms"": [""windows""]}"
installer,objectives/command-and-control/dropper/execution/installer::macos-b64-osascript-on-run,atomic,suspicious,Base64 wraps an osascript launcher,objectives/command-and-control/dropper/execution/installer/macos.yaml,,"{""substr"": ""b3Nhc2NyaXB0IC1lICdvbiBydW4"", ""type"": ""text""}","{""arch"": null, ""for"": [""shell""], ""platforms"": [""macos""]}"
installer,objectives/command-and-control/dropper/execution/installer::pkg-payload-reference,composite,notable,Downloaded pkg payload reference,objectives/command-and-control/dropper/execution/installer/macos.yaml,micro-behaviors/fs/path/archive::pkg-filename-reference;micro-behaviors/fs/path/temp::macos-package-archive-path;micro-behaviors/fs/path/temp::unix-temp;micro-behaviors/fs/path/temp::unix-var-temp;well-known/tool/detection/proxy-sandbox;metadata/lang/compiler/systems::go-binary;metadata/package/files/dependency::vsix-bundled-native-tool-path;well-known/tool/reverse-engineering/radare2::radare2-go-module-source-path;well-known/lib/platform/browser-automation/automation-context::playwright-core-browser-reinstall-mac-script,"""""","{""arch"": null, ""for"": [""macho"", ""objc"", ""swift"", ""shell"", ""applescript""], ""platforms"": [""macos""]}"
installer,objectives/command-and-control/dropper/execution/installer::macos-pkg-dropper,composite,suspicious,macOS package-installing dropper,objectives/command-and-control/dropper/execution/installer/macos.yaml,micro-behaviors/process/create/installer::macos-pkg-root-command-reference;pkg-payload-reference;micro-behaviors/process/create/installer::installer-target-root-flag;micro-behaviors/communications/http/url/endpoint::macos-interface-api-url;micro-behaviors/communications/http/url/endpoint::ppdserver-failure-endpoint;micro-behaviors/fs/path/temp::macos-package-archive-path;micro-behaviors/process/create/shellexec::usr-bin-open-command,"""""","{""arch"": null, ""for"": [""macho"", ""swift"", ""objectivec"", ""applescript""], ""platforms"": [""macos""]}"
installer,objectives/command-and-control/dropper/execution/installer::elevated-macos-pkg-dropper,composite,suspicious,Elevated macOS package dropper,objectives/command-and-control/dropper/execution/installer/macos.yaml,macos-pkg-dropper;objectives/privilege-escalation/elevation-control/prompt-escalation::admin-privilege-escalation;micro-behaviors/process/create/script/osascript::background-shell-launch;micro-behaviors/process/create/shellexec::usr-bin-open-command,"""""","{""arch"": null, ""for"": [""macho""], ""platforms"": [""macos""]}"
installer,objectives/command-and-control/dropper/execution/installer::flat-pkg-preinstall-download-exec,composite,hostile,macOS pkg preinstall download exec,objectives/command-and-control/dropper/execution/installer/macos.yaml,micro-behaviors/os/package-manager/installer-script::pkg-scripts-hook-path;objectives/command-and-control/dropper/delivery/download::shell-silent-hardcoded-download-staging;micro-behaviors/fs/chmod/executable/mode::shell-7xx;micro-behaviors/process/daemonize/detach::nohup-command,"""""","{""arch"": null, ""for"": [""pkg"", ""shell""], ""platforms"": [""macos""]}"
installer,objectives/command-and-control/dropper/execution/installer::macos-b64-osascript-exec,composite,hostile,Decodes base64 into a shell,objectives/command-and-control/dropper/execution/installer/macos.yaml,macos-b64-osascript-on-run;micro-behaviors/process/create/shell/command-string::shell-direct-sh-c;micro-behaviors/data/decode/base64::base64-d-cmd;micro-behaviors/data/decode/base64::base64-decode-cmd,"""""","{""arch"": null, ""for"": [""shell""], ""platforms"": [""macos""]}"
installer,objectives/command-and-control/dropper/execution/installer::macos-hidden-dot-payload-image,composite,hostile,Hidden payload rides a disk image,objectives/command-and-control/dropper/execution/installer/macos.yaml,metadata/file/naming::hidden-dot-executable-member;macos-b64-osascript-on-run;micro-behaviors/process/create/api-system::few-imports-system-reference,"""""","{""arch"": null, ""for"": [""dmg"", ""shell"", ""macho""], ""platforms"": [""macos""]}"
installer,objectives/command-and-control/dropper/execution/installer::openssl-pass-blob-decrypt,composite,hostile,Decrypts an OpenSSL passphrase blob,objectives/command-and-control/dropper/execution/installer/macos.yaml,objectives/credential-access/files/openssl::openssl-hardcoded-pass;micro-behaviors/crypto/symmetric/aes/openssl::openssl-enc-aes;micro-behaviors/process/create/shell/pipeline::base64-blob-piped-onward,"""""","{""arch"": null, ""for"": [""shell""], ""platforms"": [""macos""]}"
installer,objectives/command-and-control/dropper/execution/installer::hdiutil-download-mount,composite,hostile,Mounts a downloaded disk image,objectives/command-and-control/dropper/execution/installer/macos.yaml,micro-behaviors/fs/volume/mount::hdiutil-attach;micro-behaviors/communications/http/download/curl::curl-silent-output;micro-behaviors/process/create/shellexec::open-file-command,"""""","{""arch"": null, ""for"": [""shell""], ""platforms"": [""macos""]}"
installer,objectives/command-and-control/dropper/execution/installer::perl-packed-xor-decode,composite,hostile,Perl decrypts a packed payload,objectives/command-and-control/dropper/execution/installer/macos.yaml,objectives/anti-static/obfuscation/eval/dropper::perl-e-pack-decode;micro-behaviors/process/interpreter/perl::perl-code-execute;objectives/anti-static/obfuscation/payload/encoded::shell-eval-base64-decode,"""""","{""arch"": null, ""for"": [""shell""], ""platforms"": [""macos""]}"
installer,objectives/command-and-control/dropper/execution/installer::perl-script-packed-macho,composite,hostile,Packed adhoc payload beside script,objectives/command-and-control/dropper/execution/installer/macos.yaml,objectives/anti-static/obfuscation/eval/interpreter::shell-base64-perl-xor-eval;objectives/anti-static/obfuscation/binary-metrics/imports::embedded-payload-binary;metadata/signed/trust-level::adhoc,"""""","{""arch"": null, ""for"": [""dmg"", ""shell"", ""macho""], ""platforms"": [""macos""]}"
installer,objectives/command-and-control/dropper/execution/installer::macos-quarantine-copy-launch,composite,hostile,Clears quarantine and copies payload,objectives/command-and-control/dropper/execution/installer/macos.yaml,micro-behaviors/fs/attributes/xattr::xattr-clear;micro-behaviors/fs/shell-ops::cp-command-text;micro-behaviors/fs/traversal/drives::applescript-list-disks,"""""","{""arch"": null, ""for"": [""shell""], ""platforms"": [""macos""]}"
installer,objectives/command-and-control/dropper/execution/installer::macos-hidden-adhoc-overlay,composite,hostile,Hidden adhoc binary carries overlay,objectives/command-and-control/dropper/execution/installer/macos.yaml,metadata/file/naming::hidden-dot-executable-member;metadata/signed/trust-level::adhoc;metadata/binary/layout/overlay::overlay-at-least-half,"""""","{""arch"": null, ""for"": [""dmg"", ""macho""], ""platforms"": [""macos""]}"
installer,objectives/command-and-control/dropper/execution/installer::dmg-silent-curl-pipe-bash,composite,hostile,Silent curl piped into bash,objectives/command-and-control/dropper/execution/installer/macos.yaml,micro-behaviors/communications/http/download/cli::dmg-nohup-silent-curl;micro-behaviors/process/create/shell/pipeline::dmg-curl-piped-bash,"""""","{""arch"": null, ""for"": [""dmg""], ""platforms"": [""macos""]}"
installer,objectives/command-and-control/dropper/execution/installer::scandisp-delphi-sidecar-loader,composite,hostile,MSI launches ScanDisp with Delphi runtimes plus log and RTF sidecars,objectives/command-and-control/dropper/execution/installer/msi-disguised-native-payload.yaml,metadata/binary/installer/database::msi-localappdata-install-root;micro-behaviors/process/create/installer::msi-launchfile-custom-action;metadata/package/files/msi::msi-scandisp-executable;metadata/package/files/msi::msi-delphi-runtime-bundle;metadata/package/files/msi::msi-madcollection-runtime-bundle;metadata/package/files/msi::msi-disguised-backup-component;metadata/package/files/msi::msi-log-rich-text-sidecar-pair,"""""","{""arch"": null, ""for"": [""oledoc""], ""platforms"": [""windows""]}"
installer,objectives/command-and-control/dropper/execution/installer::microsoft-vcredist-opaque-stream-masquerade,composite,hostile,Fake Visual C++ MSI uses opaque OLE stream cluster,objectives/command-and-control/dropper/execution/installer/msi-embedded-pe.yaml,metadata/package/files/msi::microsoft-vcredist-subject;metadata/package/files/msi::msi-opaque-stream-cluster;metadata/package/files/msi::wix-toolset-application;metadata/package/files/msi::installer-keywords,"""""","{""arch"": null, ""for"": [""oledoc""], ""platforms"": [""windows""]}"
installer,objectives/command-and-control/dropper/execution/installer::msi-embedded-privileged-api-loader,composite,suspicious,MSI embeds privileged API-capable loader,objectives/command-and-control/dropper/execution/installer/msi-embedded-pe.yaml,metadata/binary/installer/database::embedded-mscf-cabinet;micro-behaviors/os/privilege/manifest::msi-embedded-require-administrator;micro-behaviors/process/create/spawn::create-process-w;micro-behaviors/communications/socket/init::msi-embedded-ws2-32-dll;micro-behaviors/os/registry/access::reg-set-value-ex-w;micro-behaviors/dylib/load/runtime::msi-embedded-load-library-a;micro-behaviors/dylib/lookup::msi-embedded-get-proc-address,"""""","{""arch"": null, ""for"": [""oledoc""], ""platforms"": [""windows""]}"
installer,objectives/command-and-control/dropper/execution/installer::googleapi-signed-msi-stage-loader,composite,hostile,GoogleAPI-branded MSI stage loader,objectives/command-and-control/dropper/execution/installer/msi-embedded-pe.yaml,msi-embedded-privileged-api-loader;objectives/evasion/masquerade/identity/fabricated::googleapi-xiamen-msi-masquerade;objectives/anti-static/obfuscation/string/junking::msi-embedded-generated-string-junk,"""""","{""arch"": null, ""for"": [""oledoc""], ""platforms"": [""windows""]}"
installer,objectives/command-and-control/dropper/execution/installer::renamed-garena-loader-with-opaque-sidecars,composite,hostile,MSI launches renamed Garena loader with opaque payload sidecars,objectives/command-and-control/dropper/execution/installer/msi-garena-sidecar.yaml,metadata/file/profile/installer-layout::msi-garena-voice-library-layout;metadata/file/profile/installer-layout::msi-garena-loader-opaque-sidecars;metadata/file/profile/installer-layout::msi-termina-random-source-alias;metadata/binary/installer/database::msi-localappdata-install-root;micro-behaviors/process/create/installer::msi-launchfile-custom-action,"""""","{""arch"": null, ""for"": [""oledoc""], ""platforms"": [""windows""]}"
installer,objectives/command-and-control/dropper/execution/installer::msi-flash-elevated-ai-packaged-dropper,composite,hostile,Flash-lure MSI elevates AI package,objectives/command-and-control/dropper/execution/installer/msi-nested-payload-chain.yaml,metadata/package/files/msi::msi-bytes-enforced-runasadmin;metadata/package/files/msi::msi-office-flashplayer-application;metadata/package/files/msi::msi-bytes-advanced-installer-product;metadata/signed/platform/;metadata/binary/installer/family::known-benign-installer,"""""","{""arch"": null, ""for"": [""oledoc"", ""pe""], ""platforms"": [""windows""]}"
installer,objectives/command-and-control/dropper/execution/installer::msi-opaque-brand-ai-packaged-dropper,composite,hostile,Opaque-brand Advanced Installer MSI,objectives/command-and-control/dropper/execution/installer/msi-nested-payload-chain.yaml,metadata/package/files/msi::msi-office-opaque-product-brand;metadata/package/files/msi::msi-office-opaque-product-subject;metadata/package/files/msi::msi-bytes-advanced-installer-product;metadata/signed/platform/;metadata/binary/installer/family::known-benign-installer,"""""","{""arch"": null, ""for"": [""oledoc"", ""pe""], ""platforms"": [""windows""]}"
installer,objectives/command-and-control/dropper/execution/installer::nsis-system-encoded-jscript-stage,composite,hostile,NSIS System bundle carries an encoded JScript stage,objectives/command-and-control/dropper/execution/installer/nsis-jscript-encoder.yaml,metadata/binary/installer/script::nsis;metadata/binary/installer/plugin::nsis-system-plugin;objectives/anti-static/obfuscation/encoding/script::microsoft-script-encoder-file;metadata/signed/platform/,"""""","{""arch"": null, ""for"": [""pe"", ""javascript""], ""platforms"": [""windows""]}"
installer,objectives/command-and-control/dropper/execution/installer::nsis-randomized-version-loader,atomic,suspicious,NSIS randomized version loader,objectives/command-and-control/dropper/execution/installer/nsis-overlay-loader.yaml,,"{""source"": ""rule nsis_randomized_version_loader {\n  strings:\n    $nsis = \""NullsoftInst\"" ascii\n    $call = \""CallWindowProcW\"" ascii\n    $comment = \""julaceous\"" wide\n    $legal = \""thegnhood skambudte tabslisterne\"" wide\n  condition:\n    uint16(0) == 0x5a4d and all of them\n}\n"", ""type"": ""yara""}","{""arch"": null, ""for"": [""pe""], ""platforms"": [""windows""]}"
installer,objectives/command-and-control/dropper/execution/installer::julaceous-version-comment,atomic,notable,Randomized version comment,objectives/command-and-control/dropper/execution/installer/nsis-overlay-loader.yaml,,"{""exact"": ""julaceous"", ""section"": "".rsrc"", ""type"": ""text""}","{""arch"": null, ""for"": [""pe""], ""platforms"": [""windows""]}"
installer,objectives/command-and-control/dropper/execution/installer::thegnhood-version-copyright,atomic,notable,Randomized version copyright,objectives/command-and-control/dropper/execution/installer/nsis-overlay-loader.yaml,,"{""exact"": ""thegnhood skambudte tabslisterne"", ""section"": "".rsrc"", ""type"": ""text""}","{""arch"": null, ""for"": [""pe""], ""platforms"": [""windows""]}"
installer,objectives/command-and-control/dropper/execution/installer::nsis-inetc-system-loader-scaffold,composite,suspicious,NSIS INetC/System and memory API context,objectives/command-and-control/dropper/execution/installer/nsis-overlay-loader.yaml,micro-behaviors/communications/http/client/wininet::nsis-inetc-temp-process-profile;metadata/binary/installer/plugin::nsis-system-plugin;micro-behaviors/os/module/load::dynamic-self-resolution-imports;micro-behaviors/mem/protect/modify::virtual-alloc;micro-behaviors/mem/protect/modify::virtual-protect;objectives/anti-static/obfuscation/payload/import::minimal-pe-dynamic-load;metadata/signed/platform/,"""""","{""arch"": null, ""for"": [""pe""], ""platforms"": [""windows""]}"
installer,objectives/command-and-control/dropper/execution/installer::nsis-suspicious-identity,composite,suspicious,NSIS loader has lure or word-salad identity,objectives/command-and-control/dropper/execution/installer/nsis-overlay-loader.yaml,metadata/binary/installer/script::nsis;objectives/evasion/masquerade/file/lure::payment-document-exe-lure;objectives/evasion/masquerade/versioninfo::word-salad-version-copyright;objectives/evasion/masquerade/versioninfo::short-word-salad-versioninfo,"""""","{""arch"": null, ""for"": [""pe""], ""platforms"": [""windows""]}"
installer,objectives/command-and-control/dropper/execution/installer::nsis-opaque-process-loader,composite,hostile,Opaque NSIS overlay stages and launches a process,objectives/command-and-control/dropper/execution/installer/nsis-overlay-loader.yaml,metadata/binary/installer/script::nsis;objectives/anti-static/pack/overlay::nsis-dominant-opaque-overlay;metadata/binary/layout/overlay::high-entropy-overlay;metadata/signed/trust-level::unsigned-missing-signature-record;nsis-suspicious-identity;micro-behaviors/fs/temp/directory::temp-file-staging-primitives;micro-behaviors/process/create/spawn::create-process-w;micro-behaviors/process/create/exec::shell-execute-ex;micro-behaviors/os/registry/manipulate::registry-write-api-chain;micro-behaviors/os/privilege/token::adjust-token-privileges;metadata/signed/platform/;metadata/binary/installer/family/,"""""","{""arch"": null, ""for"": [""pe""], ""platforms"": [""windows""]}"
installer,objectives/command-and-control/dropper/execution/installer::nsis-self-issued-opaque-staged-execution,composite,hostile,Self-issued NSIS opaque overlay with privilege and staged execution APIs,objectives/command-and-control/dropper/execution/installer/nsis-overlay-loader.yaml,metadata/binary/installer/script::nsis;metadata/binary/layout/overlay::large-overlay-64k;metadata/binary/signing::signed-pe-large-noncertificate-overlay;metadata/signed/certificate/chain::pe-cert-leaf-self-issued;micro-behaviors/os/privilege/token::adjust-token-privileges;micro-behaviors/fs/temp/directory::temp-file-staging-primitives;micro-behaviors/process/create/spawn::create-process-w;micro-behaviors/process/create/spawn::create-process-a;metadata/signed/platform/;metadata/binary/installer/family/,"""""","{""arch"": null, ""for"": [""pe""], ""platforms"": [""windows""]}"
installer,objectives/command-and-control/dropper/execution/installer::nsis-system-overlay-fileops,composite,notable,NSIS System plugin fileops loader,objectives/command-and-control/dropper/execution/installer/nsis-overlay-loader.yaml,metadata/binary/installer/script::nsis-manifest-exehead;metadata/binary/installer/plugin::nsis-system-plugin;metadata/binary/layout/overlay::overlay-dominates-third;micro-behaviors/process/create/shell/spawn::shell-execution-comp;micro-behaviors/fs/temp/directory::temp-file-staging-primitives;micro-behaviors/os/registry/manipulate::registry-write-api-chain;objectives/evasion/indicator-removal/timestamps::timestomp-with-file-copy;micro-behaviors/os/clipboard/read::get-clipboard-data;metadata/signed/platform/;metadata/binary/installer/family/;well-known/app/utility/hyper::release-path;well-known/app/media/lx-music::release-path,"""""","{""arch"": null, ""for"": [""pe""], ""platforms"": [""windows""]}"
installer,objectives/command-and-control/dropper/execution/installer::nsis-system-reboot-clipboard-stager,composite,hostile,NSIS System stager with reboot and clipboard,objectives/command-and-control/dropper/execution/installer/nsis-overlay-loader.yaml,metadata/binary/installer/script::nsis;metadata/binary/installer/plugin::nsis-system-plugin;metadata/binary/layout/overlay::high-entropy-overlay;metadata/binary/signing::signed-pe-large-noncertificate-overlay;objectives/impact/system/shutdown::shutdown-privilege-reboot-api;micro-behaviors/os/clipboard/reference::win32-clipboard-access;metadata/signed/platform/;metadata/binary/installer/family/;well-known/tool/sysadmin/npcap::npcap-installer;well-known/tool/sysadmin/npcap::npcap-installer-context;well-known/tool/development/toolchain/elixir-lang::official-elixir-windows-nsis-installer,"""""","{""arch"": null, ""for"": [""pe""], ""platforms"": [""windows""]}"
installer,objectives/command-and-control/dropper/execution/installer::nsis-truncated-cert-clr-stager,composite,suspicious,NSIS stager with truncated certificate table and CLR loader marker,objectives/command-and-control/dropper/execution/installer/nsis-overlay-loader.yaml,metadata/binary/installer/script::nsis-manifest-exehead;metadata/binary/layout/checksum::cert-table-truncated;metadata/binary/vendor::recognized-windows-binary;micro-behaviors/fs/temp/directory::temp-file-staging-primitives;micro-behaviors/os/registry/manipulate::registry-write-api-chain;objectives/impact/system/shutdown::shutdown-privilege-reboot-api;micro-behaviors/process/create/shell/spawn::win-shellexecute;metadata/signed/platform/,"""""","{""arch"": null, ""for"": [""pe""], ""platforms"": [""windows""]}"
installer,objectives/command-and-control/dropper/execution/installer::nsis-system-overlay-shell-stager,composite,hostile,NSIS System overlay shell stager,objectives/command-and-control/dropper/execution/installer/nsis-overlay-loader.yaml,metadata/binary/installer/script::nsis-manifest-exehead;metadata/binary/installer/plugin::nsis-system-plugin;metadata/binary/layout/overlay::overlay-dominates-third;micro-behaviors/process/create/shell/spawn::shell-execution-comp;micro-behaviors/fs/temp/directory::temp-file-staging-primitives;metadata/signed/platform/;metadata/binary/installer/family/,"""""","{""arch"": null, ""for"": [""pe""], ""platforms"": [""windows""]}"
installer,objectives/command-and-control/dropper/execution/installer::nsis-system-callwindowproc-loader,composite,hostile,NSIS System CallWindowProc loader scaffold,objectives/command-and-control/dropper/execution/installer/nsis-overlay-loader.yaml,metadata/binary/installer/script::nsis-manifest-exehead;metadata/binary/installer/plugin::nsis-system-plugin;metadata/binary/layout/ratio::overlay-over-90pct;metadata/binary/layout/overlay::large-overlay-1mb;micro-behaviors/ui/window/message::call-window-proc;metadata/binary/layout/overlay::high-entropy-overlay;metadata/signed/platform/,"""""","{""arch"": null, ""for"": [""pe""], ""platforms"": [""windows""]}"
installer,objectives/command-and-control/dropper/execution/installer::nsis-payment-lure-stage-loader,composite,hostile,NSIS payment lure stage loader,objectives/command-and-control/dropper/execution/installer/nsis-overlay-loader.yaml,objectives/evasion/masquerade/file/lure::payment-document-exe-lure;metadata/binary/installer/script::nsis-manifest-exehead;metadata/binary/layout/overlay::overlay-dominates-third;metadata/binary/layout/overlay::high-entropy-overlay;micro-behaviors/fs/temp/directory::temp-file-staging-primitives;micro-behaviors/process/create/spawn::create-process-a;micro-behaviors/process/create/exec::shell-execute-a;objectives/command-and-control/dropper/execution/installer::julaceous-version-comment;objectives/command-and-control/dropper/execution/installer::thegnhood-version-copyright;objectives/command-and-control/dropper/execution/windows-loader::self-copy-relaunch-loader;objectives/command-and-control/dropper/execution/windows-loader::ini-driven-file-stager;micro-behaviors/os/module/load::dynamic-self-resolution-imports;objectives/anti-static/obfuscation/payload/self-read::self-read-file-chain;metadata/signed/platform/,"""""","{""arch"": null, ""for"": [""pe""], ""platforms"": [""windows""]}"
installer,objectives/command-and-control/dropper/execution/installer::nsis-admin-rwx-overlay-loader,composite,hostile,Elevated NSIS packed loader with cleanup APIs,objectives/command-and-control/dropper/execution/installer/nsis-overlay-loader.yaml,metadata/binary/installer/script::nsis-manifest-identity;micro-behaviors/os/privilege/manifest::admin-manifest;objectives/anti-static/pack/section-anomaly::rwx-flood-low-entropy-overlay-loader;micro-behaviors/os/module/load::dynamic-self-resolution-imports;micro-behaviors/os/service/delete::delete-service;micro-behaviors/os/registry/manipulate::reg-delete-value-a-symbol;metadata/binary/layout/overlay::low-entropy-large-overlay;metadata/signed/platform/;metadata/binary/installer/family/,"""""","{""arch"": null, ""for"": [""pe""], ""platforms"": [""windows""]}"
installer,objectives/command-and-control/dropper/execution/installer::nsis-anti-av-reboot-clipboard-payload,composite,hostile,NSIS anti-AV reboot and clipboard payload loader,objectives/command-and-control/dropper/execution/installer/nsis-overlay-loader.yaml,metadata/binary/installer/script::nsis;micro-behaviors/os/privilege/manifest::require-administrator-large-pe-raw;objectives/impact/system/shutdown::shutdown-privilege-reboot-api;micro-behaviors/os/clipboard/reference::win32-clipboard-access;objectives/evasion/anti-av/syscall::ssn-field;metadata/binary/layout/overlay::high-entropy-overlay;metadata/signed/platform/;well-known/tool/development/toolchain/elixir-lang::official-elixir-windows-nsis-installer,"""""","{""arch"": null, ""for"": [""pe""], ""platforms"": [""windows""]}"
installer,objectives/command-and-control/dropper/execution/installer::nsis-elevated-reboot-clipboard-overlay-loader,composite,hostile,Elevated NSIS overlay loader with reboot and clipboard access,objectives/command-and-control/dropper/execution/installer/nsis-overlay-loader.yaml,metadata/binary/installer/script::nsis;micro-behaviors/os/privilege/manifest::require-administrator-large-pe-raw;objectives/impact/system/shutdown::shutdown-privilege-reboot-api;metadata/binary/layout/overlay::high-entropy-overlay;micro-behaviors/os/clipboard/reference::win32-clipboard-access;metadata/signed/platform/;well-known/tool/sysadmin/npcap::npcap-installer;well-known/tool/sysadmin/npcap::npcap-installer-context;well-known/tool/development/toolchain/elixir-lang::official-elixir-windows-nsis-installer,"""""","{""arch"": null, ""for"": [""pe""], ""platforms"": [""windows""]}"
installer,objectives/command-and-control/dropper/execution/installer::install-hidden-compiled-output,composite,suspicious,Installer compiles hidden output binary,objectives/command-and-control/dropper/execution/installer/shell.yaml,micro-behaviors/process/create/shell/build::gcc-compilation-invocation;objectives/evasion/file-hiding/dotfile-create::compiler-output-hidden-dotfile,"""""","{""arch"": null, ""for"": [""shell""], ""platforms"": [""linux"", ""unix"", ""macos"", ""android"", ""ios""]}"
installer,objectives/command-and-control/dropper/execution/installer::install-time-native-dropper,composite,suspicious,Install-time native dropper workflow,objectives/command-and-control/dropper/execution/installer/shell.yaml,objectives/command-and-control/dropper/execution/installer::install-hidden-compiled-output;micro-behaviors/fs/delete/file/command::shell-delete-installer-artifact,"""""","{""arch"": null, ""for"": [""shell""], ""platforms"": [""linux"", ""unix"", ""macos"", ""android"", ""ios""]}"
installer,objectives/command-and-control/dropper/execution/installer::github-source-build-installer,composite,suspicious,GitHub source archive installer workflow,objectives/command-and-control/dropper/execution/installer/shell.yaml,micro-behaviors/communications/url/external/github::github-archive-ref-download;micro-behaviors/data/archive/extract/tar::tar-extract;micro-behaviors/process/create/shell/build::local-build-install-script;micro-behaviors/communications/url/external/github::github-release-api-latest;micro-behaviors/communications/http/download/curl::curl-output-file,"""""","{""arch"": null, ""for"": [""shell""], ""platforms"": [""linux"", ""unix"", ""macos"", ""android"", ""ios""]}"
installer,objectives/command-and-control/dropper/execution/installer::elevated-github-source-installer,composite,suspicious,Elevated GitHub source installer workflow,objectives/command-and-control/dropper/execution/installer/shell.yaml,objectives/command-and-control/dropper/execution/installer::github-source-build-installer;micro-behaviors/process/create/shell/build::sudo-local-build-install-script,"""""","{""arch"": null, ""for"": [""shell""], ""platforms"": [""linux"", ""unix"", ""macos"", ""android"", ""ios""]}"
installer,objectives/command-and-control/dropper/execution/installer::kernel-thread-name-payload-install,composite,hostile,Installs a payload masquerading as a kernel thread,objectives/command-and-control/dropper/execution/installer/shell.yaml,micro-behaviors/communications/http/download/cli::curl-wget-command;micro-behaviors/data/archive/extract/tar::tar-extract;objectives/evasion/masquerade/process/name::shell-kernel-thread-process-lookup,"""""","{""arch"": null, ""for"": [""shell""], ""platforms"": [""linux"", ""unix"", ""macos"", ""android"", ""ios""]}"
installer,objectives/command-and-control/dropper/execution/installer::dynamic-dns-staged-payload-install,composite,suspicious,Installer stages a payload from dynamic DNS,objectives/command-and-control/dropper/execution/installer/shell.yaml,micro-behaviors/data/archive/extract/tar::tar-extract;micro-behaviors/process/create/local-exec::execute-dot-slash-literal;micro-behaviors/communications/url/host::dynamic-dns-host-reference,"""""","{""arch"": null, ""for"": [""shell""], ""platforms"": [""linux"", ""unix"", ""macos"", ""android"", ""ios""]}"
installer,objectives/command-and-control/dropper/execution/installer::generated-inno-offer-loader,composite,hostile,Generated Inno offer-loader lure wrapper,objectives/command-and-control/dropper/execution/installer/weaponized-inno-setup.yaml,objectives/evasion/masquerade/keywords/spoof::inno-pirated-executable-lure-wrapper;metadata/binary/installer/family::inno-670-stock-loader-imphash;metadata/binary/resource/identity::pe-description-equals-product-name;metadata/binary/installer/family::inno-delphi-installer-foundation,"""""","{""arch"": null, ""for"": [""pe""], ""platforms"": [""windows""]}"
installer,objectives/command-and-control/dropper/execution/installer::weaponized-inno-setup-dropper,composite,hostile,Weaponized Inno Setup dropper with COM automation,objectives/command-and-control/dropper/execution/installer/weaponized-inno-setup.yaml,metadata/binary/installer/script::inno-setup;micro-behaviors/crypto/kdf/algorithm::inno-pbkdf2-safearray-context;metadata/binary/section/label::suspicious-reloc-section;metadata/binary/layout/checksum::pe-checksum-zeroed,"""""","{""arch"": null, ""for"": [""pe""], ""platforms"": [""windows""]}"
installer,objectives/command-and-control/dropper/execution/installer::self-issued-chrome-opaque-inno-dropper,composite,hostile,Self-issued Chrome-branded Inno opaque dropper,objectives/command-and-control/dropper/execution/installer/weaponized-inno-setup.yaml,metadata/package/versioning/scheme::pe-product-name-chrome;metadata/package/versioning/scheme::pe-file-description-chrome-setup;metadata/binary/installer/family::inno-delphi-installer-foundation;metadata/signed/certificate/chain::pe-cert-leaf-self-issued;metadata/binary/layout/overlay::high-entropy-overlay;metadata/binary/layout/overlay::large-overlay-1mb;micro-behaviors/os/com/array::safearray-data-manipulation-cluster;micro-behaviors/process/create/spawn::create-process-w,"""""","{""arch"": null, ""for"": [""pe""], ""platforms"": [""windows""]}"
installer,objectives/command-and-control/dropper/execution/installer::cmd-comspec-pipe-launch,atomic,suspicious,Cmd pipes dropped AIFF to ComSpec,objectives/command-and-control/dropper/execution/installer/windows-iexpress.yaml,,"{""exact"": ""cmd /c oLIjA & type Dropped.aiff | %comspec%"", ""type"": ""text""}","{""arch"": null, ""for"": [""pe""], ""platforms"": [""windows""]}"
installer,objectives/command-and-control/dropper/execution/installer::dropped-aiff-stage,atomic,notable,Dropped AIFF stage filename,objectives/command-and-control/dropper/execution/installer/windows-iexpress.yaml,,"{""exact"": ""Dropped.aiff"", ""type"": ""text""}","{""arch"": null, ""for"": [""pe""], ""platforms"": [""windows""]}"
installer,objectives/command-and-control/dropper/execution/installer::advpack-delnode-rundll32,atomic,suspicious,Rundll32 advpack DelNode cleanup,objectives/command-and-control/dropper/execution/installer/windows-iexpress.yaml,,"{""exact"": ""rundll32.exe %sadvpack.dll,DelNodeRunDLL32 \""%s\"""", ""type"": ""text""}","{""arch"": null, ""for"": [""pe""], ""platforms"": [""windows""]}"
installer,objectives/command-and-control/dropper/execution/installer::rundll32-inf-install,atomic,suspicious,Rundll32 InstallHinfSection launcher,objectives/command-and-control/dropper/execution/installer/windows-iexpress.yaml,,"{""exact"": ""rundll32.exe %s,InstallHinfSection %s 128 %s"", ""type"": ""text""}","{""arch"": null, ""for"": [""pe""], ""platforms"": [""windows""]}"
installer,objectives/command-and-control/dropper/execution/installer::inf-install-entrypoint,atomic,notable,InstallHinfSection entrypoint string,objectives/command-and-control/dropper/execution/installer/windows-iexpress.yaml,,"{""exact"": ""InstallHinfSection"", ""type"": ""text""}","{""arch"": null, ""for"": [""pe""], ""platforms"": [""windows""]}"
installer,objectives/command-and-control/dropper/execution/installer::do-inf-install,atomic,notable,DoInfInstall helper string,objectives/command-and-control/dropper/execution/installer/windows-iexpress.yaml,,"{""exact"": ""DoInfInstall"", ""type"": ""text""}","{""arch"": null, ""for"": [""pe""], ""platforms"": [""windows""]}"
installer,objectives/command-and-control/dropper/execution/installer::iexpress-command-pipe-dropper,composite,hostile,IExpress installer executes piped dropped payload,objectives/command-and-control/dropper/execution/installer/windows-iexpress.yaml,metadata/binary/installer/sfx::iexpress;metadata/binary/installer/sfx::iexpress-config-directives;objectives/command-and-control/dropper/execution/installer::cmd-comspec-pipe-launch;micro-behaviors/process/create/spawn::create-process-a,"""""","{""arch"": null, ""for"": [""pe""], ""platforms"": [""windows""]}"
installer,objectives/command-and-control/dropper/execution/installer::iexpress-inf-install-dropper,composite,hostile,IExpress installer launches INF payload stage,objectives/command-and-control/dropper/execution/installer/windows-iexpress.yaml,metadata/binary/installer/sfx::iexpress;metadata/binary/installer/sfx::iexpress-config-directives;metadata/binary/installer/sfx::cabinet-fdi-extraction;micro-behaviors/process/create/spawn::create-process-a;objectives/command-and-control/dropper/execution/installer::rundll32-inf-install;objectives/command-and-control/dropper/execution/installer::inf-install-entrypoint;objectives/command-and-control/dropper/execution/installer::do-inf-install,"""""","{""arch"": null, ""for"": [""pe""], ""platforms"": [""windows""]}"
installer,objectives/command-and-control/dropper/execution/installer::iexpress-legacy-installer-tradecraft,composite,suspicious,IExpress dropper with legacy cleanup commands,objectives/command-and-control/dropper/execution/installer/windows-iexpress.yaml,metadata/binary/installer/sfx::iexpress-resource-heavy-sfx;objectives/command-and-control/dropper/execution/installer::advpack-delnode-rundll32;objectives/command-and-control/dropper/execution/installer::dropped-aiff-stage;micro-behaviors/os/msdos/internal::check-command-com,"""""","{""arch"": null, ""for"": [""pe""], ""platforms"": [""windows""]}"
installer,objectives/command-and-control/dropper/execution/installer::wix-burn-cloud-oauth-bundle,composite,suspicious,WiX Burn bundle with cloud OAuth theft surface,objectives/command-and-control/dropper/execution/installer/wix-burn-cloud-oauth.yaml,metadata/binary/installer/builder::wix-burn-bootstrapper;micro-behaviors/communications/http/oauth::multi-provider-oauth-endpoints;metadata/binary/layout/ratio::multiple-pe-embedded;objectives/persistence/login/registry/autostart::run-once-key;micro-behaviors/communications/http/get::wininet-http-flow-import-strings,"""""","{""arch"": null, ""for"": [""pe""], ""platforms"": [""windows""]}"
installer,objectives/command-and-control/dropper/execution/installer::wix-burn-cloud-stealer-dropper,composite,hostile,WiX Burn dropper with cloud token theft,objectives/command-and-control/dropper/execution/installer/wix-burn-cloud-oauth.yaml,metadata/binary/installer/builder::wix-burn-bootstrapper;objectives/persistence/login/registry/autostart::run-once-key;micro-behaviors/communications/http/oauth::multi-provider-oauth-endpoints;micro-behaviors/communications/http/client/wininet::wininet-http-flow;micro-behaviors/communications/http/get::wininet-http-flow-import-strings;metadata/binary/layout/ratio::multiple-pe-embedded;objectives/command-and-control/dropper/execution/inject::self-map-extract-execute,"""""","{""arch"": null, ""for"": [""pe""], ""platforms"": [""windows""]}"
installer,objectives/command-and-control/dropper/execution/installer::wixsharp-source-installer,composite,suspicious,WixSharp source-backed installer chain,objectives/command-and-control/dropper/execution/installer/wixsharp.yaml,metadata/binary/installer/builder::wixsharp-managed-ui-msi;metadata/binary/installer/builder::source-backed-beforeinstall-hook,"""""","{""arch"": null, ""for"": [""oledoc""], ""platforms"": [""windows""]}"
installer,objectives/command-and-control/dropper/execution/installer::wixsharp-userland-dropper,composite,hostile,Userland WixSharp dropper installer,objectives/command-and-control/dropper/execution/installer/wixsharp.yaml,objectives/command-and-control/dropper/execution/installer::wixsharp-source-installer;metadata/binary/installer/builder::userland-source-hooked-installer;metadata/binary/installer/database::msi-anti-tamper,"""""","{""arch"": null, ""for"": [""oledoc""], ""platforms"": [""windows""]}"
jphp,objectives/command-and-control/dropper/execution/jphp::jphp-launch4j-fxlauncher,atomic,notable,Launch4j JPHP JavaFX launcher,objectives/command-and-control/dropper/execution/jphp/traits.yaml,,"{""substr"": ""org.develnext.jphp.ext.javafx.FXLauncher"", ""type"": ""text""}","{""arch"": null, ""for"": [""pe"", ""data"", ""php"", ""xml""], ""platforms"": [""windows""]}"
jphp,objectives/command-and-control/dropper/execution/jphp::jphp-bootstrap-config,atomic,notable,JPHP bootstrap configuration,objectives/command-and-control/dropper/execution/jphp/traits.yaml,,"{""substr"": ""JPHP-INF/.bootstrap"", ""type"": ""text""}","{""arch"": null, ""for"": [""pe"", ""data"", ""php"", ""xml""], ""platforms"": [""windows""]}"
jphp,objectives/command-and-control/dropper/execution/jphp::jphp-timer-action-handler,atomic,suspicious,JPHP timer action handler,objectives/command-and-control/dropper/execution/jphp/traits.yaml,,"{""substr"": ""@event timer.action"", ""type"": ""text""}","{""arch"": null, ""for"": [""pe"", ""data"", ""php"", ""xml""], ""platforms"": [""windows""]}"
jphp,objectives/command-and-control/dropper/execution/jphp::jphp-timerscript-component,atomic,notable,JPHP TimerScript component,objectives/command-and-control/dropper/execution/jphp/traits.yaml,,"{""substr"": ""script\\\\TimerScript"", ""type"": ""text""}","{""arch"": null, ""for"": [""pe"", ""data"", ""php"", ""xml""], ""platforms"": [""windows""]}"
jphp,objectives/command-and-control/dropper/execution/jphp::jphp-autostart-timer-property,atomic,notable,JPHP auto-start timer property,objectives/command-and-control/dropper/execution/jphp/traits.yaml,,"{""regex"": ""autoStart\\s*=\\s*[\""']?(true|1)[\""']?"", ""type"": ""text""}","{""arch"": null, ""for"": [""pe"", ""data"", ""php"", ""xml""], ""platforms"": [""windows""]}"
jphp,objectives/command-and-control/dropper/execution/jphp::jphp-process-class,atomic,suspicious,JPHP process execution class,objectives/command-and-control/dropper/execution/jphp/traits.yaml,,"{""substr"": ""php\\\\lang\\\\Process"", ""type"": ""text""}","{""arch"": null, ""for"": [""pe"", ""data"", ""php"", ""xml""], ""platforms"": [""windows""]}"
jphp,objectives/command-and-control/dropper/execution/jphp::jphp-process-start-and-wait,atomic,notable,JPHP blocking process launch,objectives/command-and-control/dropper/execution/jphp/traits.yaml,,"{""substr"": ""startAndWait"", ""type"": ""text""}","{""arch"": null, ""for"": [""pe"", ""data"", ""php"", ""xml""], ""platforms"": [""windows""]}"
jphp,objectives/command-and-control/dropper/execution/jphp::jphp-stream-api,atomic,notable,JPHP stream API usage,objectives/command-and-control/dropper/execution/jphp/traits.yaml,,"{""substr"": ""php\\\\io\\\\Stream"", ""type"": ""text""}","{""arch"": null, ""for"": [""pe"", ""data"", ""php"", ""xml""], ""platforms"": [""windows""]}"
jphp,objectives/command-and-control/dropper/execution/jphp::jphp-stream-getcontents,atomic,notable,JPHP stream getContents call,objectives/command-and-control/dropper/execution/jphp/traits.yaml,,"{""regex"": ""->\\s*getContents\\s*\\("", ""type"": ""text""}","{""arch"": null, ""for"": [""pe"", ""data"", ""php"", ""xml""], ""platforms"": [""windows""]}"
jphp,objectives/command-and-control/dropper/execution/jphp::jphp-stream-putcontents,atomic,notable,JPHP stream putContents call,objectives/command-and-control/dropper/execution/jphp/traits.yaml,,"{""regex"": ""->\\s*putContents\\s*\\("", ""type"": ""text""}","{""arch"": null, ""for"": [""pe"", ""data"", ""php"", ""xml""], ""platforms"": [""windows""]}"
jphp,objectives/command-and-control/dropper/execution/jphp::jphp-zipfile-class,atomic,notable,JPHP ZipFile archive API,objectives/command-and-control/dropper/execution/jphp/traits.yaml,,"{""substr"": ""php\\\\compress\\\\ZipFile"", ""type"": ""text""}","{""arch"": null, ""for"": [""pe"", ""data"", ""php"", ""xml""], ""platforms"": [""windows""]}"
jphp,objectives/command-and-control/dropper/execution/jphp::jphp-unpack-call,atomic,notable,JPHP archive unpack call,objectives/command-and-control/dropper/execution/jphp/traits.yaml,,"{""regex"": ""\\bunpack\\s*\\("", ""type"": ""text""}","{""arch"": null, ""for"": [""data"", ""php"", ""xml""], ""platforms"": [""windows""]}"
jphp,objectives/command-and-control/dropper/execution/jphp::jphp-extracted-exe-path,atomic,component,JPHP path to extracted Windows executable,objectives/command-and-control/dropper/execution/jphp/traits.yaml,,"{""regex"": ""/[A-Za-z0-9._-]{2,80}/[A-Za-z0-9._-]{2,80}\\.exe"", ""type"": ""text""}","{""arch"": null, ""for"": [""pe"", ""data"", ""php"", ""xml""], ""platforms"": [""windows""]}"
jphp,objectives/command-and-control/dropper/execution/jphp::jphp-file-put-contents,atomic,notable,JPHP file write call,objectives/command-and-control/dropper/execution/jphp/traits.yaml,,"{""substr"": ""file_put_contents"", ""type"": ""text""}","{""arch"": null, ""for"": [""pe"", ""data""], ""platforms"": [""windows""]}"
jphp,objectives/command-and-control/dropper/execution/jphp::jphp-robot-script-component,atomic,suspicious,JPHP RobotScript component,objectives/command-and-control/dropper/execution/jphp/traits.yaml,,"{""substr"": ""script\\\\RobotScript"", ""type"": ""text""}","{""arch"": null, ""for"": [""pe"", ""data"", ""php"", ""xml""], ""platforms"": [""windows""]}"
jphp,objectives/command-and-control/dropper/execution/jphp::jphp-macro-script-component,atomic,suspicious,JPHP MacroScript component,objectives/command-and-control/dropper/execution/jphp/traits.yaml,,"{""substr"": ""script\\\\MacroScript"", ""type"": ""text""}","{""arch"": null, ""for"": [""pe"", ""data"", ""php"", ""xml""], ""platforms"": [""windows""]}"
jphp,objectives/command-and-control/dropper/execution/jphp::jphp-tiny-main-form,atomic,suspicious,JPHP tiny main form,objectives/command-and-control/dropper/execution/jphp/traits.yaml,,"{""substr"": ""prefHeight=\""5\"""", ""type"": ""text""}","{""arch"": null, ""for"": [""pe"", ""data"", ""php"", ""xml""], ""platforms"": [""windows""]}"
jphp,objectives/command-and-control/dropper/execution/jphp::jphp-tiny-main-form-width,atomic,notable,JPHP tiny main form width,objectives/command-and-control/dropper/execution/jphp/traits.yaml,,"{""substr"": ""prefWidth=\""5\"""", ""type"": ""text""}","{""arch"": null, ""for"": [""pe"", ""data"", ""php"", ""xml""], ""platforms"": [""windows""]}"
jphp,objectives/command-and-control/dropper/execution/jphp::jphp-hidden-control-opacity,composite,notable,JPHP zero-opacity form controls,objectives/command-and-control/dropper/execution/jphp/traits.yaml,micro-behaviors/data/format/html::opacity-zero-attribute;jphp-launch4j-fxlauncher;jphp-bootstrap-config;jphp-robot-script-component;jphp-macro-script-component,"""""","{""arch"": null, ""for"": [""pe"", ""data"", ""php"", ""xml""], ""platforms"": [""windows""]}"
jphp,objectives/command-and-control/dropper/execution/jphp::jphp-powershell-defender-exclusion,composite,suspicious,JPHP PowerShell Defender exclusion,objectives/command-and-control/dropper/execution/jphp/traits.yaml,micro-behaviors/os/security/defender::defender-exclusion-command;jphp-launch4j-fxlauncher;jphp-bootstrap-config;jphp-process-class;jphp-file-put-contents,"""""","{""arch"": null, ""for"": [""pe"", ""data""], ""platforms"": [""windows""]}"
jphp,objectives/command-and-control/dropper/execution/jphp::jphp-autostart-zip-downloader,composite,hostile,JPHP auto-start timer downloads ZIP payload,objectives/command-and-control/dropper/execution/jphp/traits.yaml,jphp-timer-action-handler;jphp-autostart-timer-property;micro-behaviors/communications/http/download/url::archive-url-reference-binary,"""""","{""arch"": null, ""for"": [""pe"", ""data"", ""php"", ""xml""], ""platforms"": [""windows""]}"
jphp,objectives/command-and-control/dropper/execution/jphp::jphp-stream-zip-stager,composite,hostile,JPHP downloads and writes ZIP content through stream APIs,objectives/command-and-control/dropper/execution/jphp/traits.yaml,jphp-stream-api;jphp-stream-getcontents;jphp-stream-putcontents;micro-behaviors/communications/http/download/url::archive-url-reference-binary,"""""","{""arch"": null, ""for"": [""pe"", ""data"", ""php"", ""xml""], ""platforms"": [""windows""]}"
jphp,objectives/command-and-control/dropper/execution/jphp::jphp-download-unpack-execute,composite,hostile,"JPHP downloads ZIP, unpacks it, and references extracted EXE",objectives/command-and-control/dropper/execution/jphp/traits.yaml,micro-behaviors/communications/http/download/url::archive-url-reference-binary;jphp-zipfile-class;jphp-unpack-call;jphp-extracted-exe-path,"""""","{""arch"": null, ""for"": [""php"", ""data"", ""xml""], ""platforms"": [""windows""]}"
jphp,objectives/command-and-control/dropper/execution/jphp::jphp-powershell-defender-exclusion-runner,composite,hostile,JPHP writes and runs a PowerShell Defender exclusion script,objectives/command-and-control/dropper/execution/jphp/traits.yaml,micro-behaviors/data/decode/base64::base64-decoding;jphp-file-put-contents;jphp-process-class;jphp-process-start-and-wait;jphp-powershell-defender-exclusion,"""""","{""arch"": null, ""for"": [""pe""], ""platforms"": [""windows""]}"
jphp,objectives/command-and-control/dropper/execution/jphp::jphp-hidden-process-downloader,composite,hostile,Hidden JPHP form stages ZIP and launches process,objectives/command-and-control/dropper/execution/jphp/traits.yaml,jphp-process-class;micro-behaviors/communications/http/download/url::archive-url-reference-binary;jphp-tiny-main-form;jphp-tiny-main-form-width,"""""","{""arch"": null, ""for"": [""pe"", ""data"", ""php"", ""xml""], ""platforms"": [""windows""]}"
jphp,objectives/command-and-control/dropper/execution/jphp::jphp-robot-macro-runner,composite,hostile,JPHP Robot and macro runner in hidden app,objectives/command-and-control/dropper/execution/jphp/traits.yaml,jphp-robot-script-component;jphp-macro-script-component;jphp-tiny-main-form;jphp-hidden-control-opacity,"""""","{""arch"": null, ""for"": [""pe"", ""data"", ""php"", ""xml""], ""platforms"": [""windows""]}"
jphp,objectives/command-and-control/dropper/execution/jphp::jphp-admin-autostart-process-stager,composite,hostile,Admin JPHP auto-start process stager,objectives/command-and-control/dropper/execution/jphp/traits.yaml,micro-behaviors/os/privilege/manifest::admin-manifest;jphp-autostart-timer-property;jphp-process-class;jphp-launch4j-fxlauncher,"""""","{""arch"": null, ""for"": [""pe""], ""platforms"": [""windows""]}"
jphp,objectives/command-and-control/dropper/execution/jphp::jphp-admin-hidden-launcher,composite,hostile,Admin JPHP hidden Launch4j application,objectives/command-and-control/dropper/execution/jphp/traits.yaml,jphp-launch4j-fxlauncher;jphp-bootstrap-config;micro-behaviors/os/privilege/manifest::admin-manifest;jphp-tiny-main-form;jphp-hidden-control-opacity,"""""","{""arch"": null, ""for"": [""pe"", ""data"", ""php"", ""xml""], ""platforms"": [""windows""]}"
jphp,objectives/command-and-control/dropper/execution/jphp::jphp-admin-sfx-process-launcher,composite,hostile,Admin JPHP self-extracting process launcher,objectives/command-and-control/dropper/execution/jphp/traits.yaml,jphp-launch4j-fxlauncher;jphp-bootstrap-config;micro-behaviors/os/privilege/manifest::admin-manifest;metadata/binary/layout/overlay::large-overlay-1mb;micro-behaviors/process/create/spawn::child-process-creation-api;micro-behaviors/process/create/shell/spawn::win-shellexecute;micro-behaviors/process/create/spawn::create-process-a;micro-behaviors/process/create/exec::shell-execute-a,"""""","{""arch"": null, ""for"": [""pe"", ""data"", ""php"", ""xml""], ""platforms"": [""windows""]}"
kontuke,objectives/command-and-control/dropper/execution/kontuke::kontuke-wrapper,atomic,suspicious,Kontuke-specific PowerShell wrapper,objectives/command-and-control/dropper/execution/kontuke/traits.yaml,,"{""regex"": ""(?i)powershell\\.exe.{0,100}-c\\s+iex\\s*\\(-join\\s*\\[char\\[\\]\\]@\\("", ""type"": ""text""}","{""arch"": null, ""for"": [""batch"", ""powershell""], ""platforms"": [""windows""]}"
kontuke,objectives/command-and-control/dropper/execution/kontuke::conhost-headless-cmd,atomic,suspicious,conhost headless cmd launcher,objectives/command-and-control/dropper/execution/kontuke/traits.yaml,,"{""regex"": ""(?i)\\bconhost(\\.exe)?\\s+--headless\\s+cmd(\\.exe)?\\s+/c\\b"", ""type"": ""text""}","{""arch"": null, ""for"": [""batch"", ""powershell"", ""text""], ""platforms"": [""windows""]}"
kontuke,objectives/command-and-control/dropper/execution/kontuke::curl-sklo-temp-single-letter,atomic,suspicious,curl insecure temp single-letter download,objectives/command-and-control/dropper/execution/kontuke/traits.yaml,,"{""regex"": ""(?i)\\bcurl(\\.exe)?\\s+-[a-z]*sklo[a-z]*\\s+%TMP%\\\\x\\\\[a-z]\\s+https?://"", ""type"": ""text""}","{""arch"": null, ""for"": [""batch"", ""powershell"", ""text""], ""platforms"": [""windows""]}"
kontuke,objectives/command-and-control/dropper/execution/kontuke::temp-tar-extract-delete-chain,atomic,suspicious,temp tar extraction and cleanup chain,objectives/command-and-control/dropper/execution/kontuke/traits.yaml,,"{""regex"": ""(?i)\\bpushd\\s+%TMP%\\\\x\\s*&\\s*tar\\s+xf\\s+[a-z]\\s*&\\s*del\\s+[a-z]\\b"", ""type"": ""text""}","{""arch"": null, ""for"": [""batch"", ""powershell"", ""text""], ""platforms"": [""windows""]}"
kontuke,objectives/command-and-control/dropper/execution/kontuke::endpointdlp-rundll32-ordinal,atomic,suspicious,endpointdlp.dll launched by rundll32 ordinal,objectives/command-and-control/dropper/execution/kontuke/traits.yaml,,"{""regex"": ""(?i)\\brundll32(\\.exe)?\\s+endpointdlp\\.dll,#1\\b"", ""type"": ""text""}","{""arch"": null, ""for"": [""batch"", ""powershell"", ""text""], ""platforms"": [""windows""]}"
kontuke,objectives/command-and-control/dropper/execution/kontuke::endpointdlp-dll-name,atomic,notable,Endpoint DLP DLL name,objectives/command-and-control/dropper/execution/kontuke/traits.yaml,,"{""exact"": ""endpointdlp.dll"", ""section"": "".rdata"", ""type"": ""text""}","{""arch"": null, ""for"": [""pe""], ""platforms"": [""windows""]}"
kontuke,objectives/command-and-control/dropper/execution/kontuke::endpointdlp-dlpinitialize-export,atomic,notable,Endpoint DLP initialize export,objectives/command-and-control/dropper/execution/kontuke/traits.yaml,,"{""exact"": ""DlpInitialize"", ""type"": ""symbol""}","{""arch"": null, ""for"": [""pe""], ""platforms"": [""windows""]}"
kontuke,objectives/command-and-control/dropper/execution/kontuke::kontuke,composite,hostile,Kontuke PowerShell dropper,objectives/command-and-control/dropper/execution/kontuke/traits.yaml,micro-behaviors/process/create/shell/lang::powershell-invocation;micro-behaviors/process/create/shell/command-flag::powershell-c-flag;micro-behaviors/process/interpreter/eval/direct::powershell-iex-call;objectives/anti-static/obfuscation/string/concat::ps-numeric-chararray,"""""","{""arch"": null, ""for"": null, ""platforms"": [""windows""]}"
kontuke,objectives/command-and-control/dropper/execution/kontuke::kontuke-conhost-curl-tar-rundll32-chain,composite,hostile,Kontuke conhost curl tar rundll32 chain,objectives/command-and-control/dropper/execution/kontuke/traits.yaml,conhost-headless-cmd;curl-sklo-temp-single-letter;temp-tar-extract-delete-chain;endpointdlp-rundll32-ordinal,"""""","{""arch"": null, ""for"": [""batch"", ""powershell"", ""text""], ""platforms"": [""windows""]}"
kontuke,objectives/command-and-control/dropper/execution/kontuke::endpointdlp-family-loader,composite,hostile,Kontuke Endpoint DLP first-stage loader,objectives/command-and-control/dropper/execution/kontuke/traits.yaml,endpointdlp-dll-name;endpointdlp-dlpinitialize-export;objectives/command-and-control/dropper/execution/windows-loader::sidecar-exception-memory-loader;objectives/evasion/indicator-removal/timestamps::future-pe-debug-timestamps;objectives/anti-analysis/debugger-detect/tls::tls-callback-present;metadata/signed/trust-level::unsigned,"""""","{""arch"": null, ""for"": [""pe""], ""platforms"": [""windows""]}"
loader,objectives/command-and-control/dropper/execution/loader::dotnet-bitmap-stego-reflective-loader,composite,hostile,.NET bitmap steganographic reflective loader,objectives/command-and-control/dropper/execution/loader/dotnet-bitmap.yaml,metadata/binary/framework::dotnet-assembly;micro-behaviors/data/embedded/payload/image::dotnet-bitmap-type-token;micro-behaviors/data/embedded/payload/image::dotnet-resource-manager-token;micro-behaviors/data/encode/image/pixel::pixel-access-getpixel;objectives/anti-static/obfuscation/reflection/invoke::dotnet-appdomain-exportedtype-invoke;objectives/anti-static/obfuscation/steganography/image::harvest-atlas-fragments-token;objectives/anti-static/pack/entropy::dotnet-large-packed-text;metadata/binary/symbols/imports::single-import-count;metadata/signed/platform/;metadata/binary/resource/,"""""","{""arch"": null, ""for"": [""pe"", ""dll""], ""platforms"": [""windows""]}"
loader,objectives/command-and-control/dropper/execution/loader::dotnet-bitmap-pixel-activator-loader,composite,hostile,.NET resource-bitmap pixel-stego reflective loader (packed body),objectives/command-and-control/dropper/execution/loader/dotnet-bitmap.yaml,metadata/binary/framework::dotnet-assembly;micro-behaviors/data/encode/image/pixel::pixel-access-getpixel;micro-behaviors/data/encode/image/pixel::pixel-access-toargb;micro-behaviors/data/embedded/payload/image::dotnet-resource-manager-token;objectives/anti-static/obfuscation/reflection/invoke::dotnet-reflective-invoke-any;objectives/anti-static/pack/entropy::near-maximum-entropy-text-raw;metadata/signed/platform/;metadata/binary/resource/,"""""","{""arch"": null, ""for"": [""pe"", ""dll""], ""platforms"": [""windows""]}"
loader,objectives/command-and-control/dropper/execution/loader::dotnet-encoded-managed-stage,composite,hostile,Unsigned .NET resource stages an encoded PE,objectives/command-and-control/dropper/execution/loader/dotnet-bitmap.yaml,metadata/binary/framework::dotnet-assembly;metadata/signed/trust-level::unsigned-missing-signature-record;metadata/binary/resource/size::dotnet-large-high-entropy-managed-resource;metadata/binary/resource/identity::clr-resource-repeated-junk-padding;micro-behaviors/data/embedded/payload/resource::dotnet-managed-resource-access;micro-behaviors/data/decode/base64::dotnet-frombase64string-text;micro-behaviors/data/embedded/payload/header::pe-dos-stub-base64;metadata/signed/platform/,"""""","{""arch"": null, ""for"": [""pe"", ""dll""], ""platforms"": [""windows""]}"
loader,objectives/command-and-control/dropper/execution/loader::forgoten-rsetp-dll-metadata-name,atomic,component,forgoten/rSetp DLL metadata name,objectives/command-and-control/dropper/execution/loader/dotnet-loader.yaml,,"{""regex"": ""forgoten\\.dll|rSetp\\.dll"", ""section"": "".rsrc"", ""type"": ""text""}","{""arch"": null, ""for"": [""pe"", ""dll""], ""platforms"": [""windows""]}"
loader,objectives/command-and-control/dropper/execution/loader::remoteprocess-program-token,atomic,notable,Managed RemoteProcess loader entry token,objectives/command-and-control/dropper/execution/loader/dotnet-loader.yaml,,"{""regex"": ""RemoteProcess\\.Program|PublicMethod"", ""section"": "".rdata"", ""type"": ""text""}","{""arch"": null, ""for"": [""pe"", ""dll""], ""platforms"": [""windows""]}"
loader,objectives/command-and-control/dropper/execution/loader::confuserex-version-banner,atomic,notable,Confuser/ConfuserEx version banner string,objectives/command-and-control/dropper/execution/loader/dotnet-loader.yaml,,"{""regex"": ""Confuser(Ex)? v(0\\.[1-9]\\.\\d+|1\\.\\d+(\\.\\d+)?)"", ""type"": ""text""}","{""arch"": null, ""for"": [""pe"", ""dll""], ""platforms"": [""windows""]}"
loader,objectives/command-and-control/dropper/execution/loader::pe-single-import,atomic,notable,PE with single import,objectives/command-and-control/dropper/execution/loader/dotnet-loader.yaml,metadata/binary/resource/;metadata/binary/framework::dotnet-metadata;metadata/document/office/container/,"{""field"": ""imports.count"", ""max"": 1, ""type"": ""metrics""}","{""arch"": null, ""for"": [""pe"", ""dll""], ""platforms"": [""windows""]}"
loader,objectives/command-and-control/dropper/execution/loader::pe-few-imports,atomic,component,PE with very few imports,objectives/command-and-control/dropper/execution/loader/dotnet-loader.yaml,metadata/binary/resource/;metadata/binary/framework::dotnet-metadata;metadata/document/office/container/,"{""id"": ""metadata/binary/symbols/imports::few-import-count""}","{""arch"": null, ""for"": [""pe"", ""dll""], ""platforms"": [""windows""]}"
loader,objectives/command-and-control/dropper/execution/loader::dotnet-single-import,composite,component,Single-import .NET with loader indicators,objectives/command-and-control/dropper/execution/loader/dotnet-loader.yaml,metadata/binary/framework::dotnet-metadata;metadata/binary/symbols/imports::single-import-count;metadata/binary/code/entropy::high-code-entropy;objectives/anti-static/pack/polymorphic::unusual-entry-point-section;objectives/anti-static/pack/detect::themida-section;objectives/anti-static/obfuscation/reflection/invoke::dotnet-assembly-load-invoke,"""""","{""arch"": null, ""for"": [""pe"", ""dll""], ""platforms"": [""windows""]}"
loader,objectives/command-and-control/dropper/execution/loader::dotnet-bootstrap-imports,composite,component,Few-import .NET with loader indicators,objectives/command-and-control/dropper/execution/loader/dotnet-loader.yaml,metadata/binary/framework::dotnet-metadata;metadata/binary/symbols/imports::few-import-count;metadata/binary/code/entropy::high-code-entropy;objectives/anti-static/pack/polymorphic::unusual-entry-point-section;objectives/anti-static/pack/detect::themida-section;objectives/anti-static/obfuscation/reflection/invoke::dotnet-assembly-load-invoke,"""""","{""arch"": null, ""for"": [""pe"", ""dll""], ""platforms"": [""windows""]}"
loader,objectives/command-and-control/dropper/execution/loader::dotnet-packed-themida-stub,composite,suspicious,Packed .NET Themida bootstrap stub,objectives/command-and-control/dropper/execution/loader/dotnet-loader.yaml,metadata/binary/framework::dotnet-metadata;dotnet-bootstrap-imports;objectives/anti-static/pack/detect::themida-section;objectives/anti-static/pack/polymorphic::unusual-entry-point-section;metadata/binary/section/ratio::largest-section-at-least-90-percent,"""""","{""arch"": null, ""for"": [""pe"", ""dll""], ""platforms"": [""windows""]}"
loader,objectives/command-and-control/dropper/execution/loader::dotnet-confuserex-microsoft-masquerade,composite,hostile,ConfuserEx-packed .NET claims Microsoft,objectives/command-and-control/dropper/execution/loader/dotnet-loader.yaml,confuserex-version-banner;objectives/evasion/masquerade/trust::unsigned-pe-microsoft-version-claim;metadata/binary/section/entropy::random-exec-payload-section;metadata/binary/code/entropy::high-code-entropy;metadata/signed/platform/,"""""","{""arch"": null, ""for"": [""pe"", ""dll""], ""platforms"": [""windows""]}"
loader,objectives/command-and-control/dropper/execution/loader::dotnet-confuserex-entropy-loader,composite,hostile,ConfuserEx .NET entropy loader,objectives/command-and-control/dropper/execution/loader/dotnet-loader.yaml,dotnet-confuserex-microsoft-masquerade;metadata/binary/section/entropy::random-exec-payload-section;metadata/binary/code/entropy::high-code-entropy,"""""","{""arch"": null, ""for"": [""pe"", ""dll""], ""platforms"": [""windows""]}"
loader,objectives/command-and-control/dropper/execution/loader::pe-sparse-import-stub,composite,suspicious,Generic sparse import stub (potential packer/loader),objectives/command-and-control/dropper/execution/loader/dotnet-loader.yaml,pe-single-import;pe-few-imports,"""""","{""arch"": null, ""for"": [""pe"", ""dll""], ""platforms"": [""windows""]}"
loader,objectives/command-and-control/dropper/execution/loader::dotnet-network-resource-loader,composite,hostile,.NET network resource PE loader,objectives/command-and-control/dropper/execution/loader/dotnet-loader.yaml,metadata/binary/framework::dotnet-metadata;metadata/binary/layout/embedded::pe-embedded;micro-behaviors/communications/http/client/managed::request;objectives/anti-static/obfuscation/reflection/invoke::dotnet-assembly-load-invoke;micro-behaviors/crypto/symmetric/aes/library::dotnet-rijndael-any;micro-behaviors/os/privilege/manifest::require-administrator;objectives/anti-analysis/debugger-detect/check::is-debugger-present-symbol;micro-behaviors/process/terminate/kill::terminate-process;micro-behaviors/process/enumerate/managed::get-processes-by-name;metadata/file/extension/executable::dotnet-native-image,"""""","{""arch"": null, ""for"": [""pe"", ""dll""], ""platforms"": [""windows""]}"
loader,objectives/command-and-control/dropper/execution/loader::dotnet-persistent-resource-payload-loader,composite,hostile,.NET resource executable launcher with Run-key persistence,objectives/command-and-control/dropper/execution/loader/dotnet-loader.yaml,dotnet-resource-temp-exe-launcher;objectives/persistence/login/registry/autostart::currentversion-run-key-path;metadata/signed/platform/;metadata/binary/installer/family/;metadata/binary/installer/script/;metadata/binary/installer/sfx/;well-known/app/utility/screentogif::screentogif-app-context,"""""","{""arch"": null, ""for"": [""pe"", ""dll""], ""platforms"": [""windows""]}"
loader,objectives/command-and-control/dropper/execution/loader::dotnet-resource-temp-exe-launcher,composite,suspicious,.NET resource temp executable launcher,objectives/command-and-control/dropper/execution/loader/dotnet-loader.yaml,metadata/binary/framework::dotnet-metadata;metadata/binary/layout/embedded::pe-embedded;micro-behaviors/data/embedded/payload/resource::dotnet-resource-reader-access;micro-behaviors/fs/write/file/full::dotnet-writeallbytes-token;micro-behaviors/fs/path/temp::dotnet-gettempfilename-token;micro-behaviors/process/create/spawn::dotnet-process-start-split-tokens;metadata/signed/platform::microsoft;well-known/app/system/bible-converter/,"""""","{""arch"": null, ""for"": [""pe"", ""dll""], ""platforms"": [""windows""]}"
loader,objectives/command-and-control/dropper/execution/loader::dotnet-encrypted-resource-reflective-loader,composite,suspicious,.NET encrypted reflective resource loader,objectives/command-and-control/dropper/execution/loader/dotnet-loader.yaml,metadata/binary/framework::dotnet-metadata;metadata/binary/layout/embedded::pe-embedded;micro-behaviors/data/embedded/payload/resource::dotnet-managed-resource-access;micro-behaviors/crypto/symmetric/aes/library::dotnet-rijndael-any;micro-behaviors/process/interpreter/reflection/resolve::resolver-api-cluster;metadata/binary/layout/ratio::dotnet-low-entropy-text-carrier;metadata/binary/symbols/imports::single-import-raw;objectives/evasion/process/injection/toolkit::dotnet-split-winapi-injection-loader;metadata/signed/platform::microsoft;metadata/binary/resource/,"""""","{""arch"": null, ""for"": [""pe"", ""dll""], ""platforms"": [""windows""]}"
loader,objectives/command-and-control/dropper/execution/loader::dotnet-encrypted-overlay-dropper,composite,hostile,.NET encrypted overlay is reflectively executed as a payload,objectives/command-and-control/dropper/execution/loader/dotnet-loader.yaml,metadata/binary/framework::dotnet-assembly;metadata/binary/layout/overlay::overlay-dominates-80pct;micro-behaviors/fs/read/file/full::dotnet-readallbytes-token;micro-behaviors/crypto/symmetric/decrypt::dotnet-create-decryptor;micro-behaviors/process/interpreter/reflection/runtime::reflection-method-access;micro-behaviors/process/interpreter/reflection/runtime::activator,"""""","{""arch"": null, ""for"": [""pe"", ""dll""], ""platforms"": [""windows""]}"
loader,objectives/command-and-control/dropper/execution/loader::dotnet-encrypted-resource-downloader,composite,hostile,.NET encrypted resource downloader,objectives/command-and-control/dropper/execution/loader/dotnet-loader.yaml,dotnet-encrypted-resource-reflective-loader;micro-behaviors/communications/http/client/managed::dotnet-downloadfile-token;metadata/signed/platform::microsoft;metadata/binary/resource/,"""""","{""arch"": null, ""for"": [""pe"", ""dll""], ""platforms"": [""windows""]}"
loader,objectives/command-and-control/dropper/execution/loader::dotnet-reactor-jit-resource-loader,composite,hostile,Reactor-protected .NET JIT resource loader,objectives/command-and-control/dropper/execution/loader/dotnet-loader.yaml,metadata/binary/framework::dotnet-metadata;objectives/evasion/process/hook/jit::dotnet-clrjit-hook-loader;objectives/anti-static/obfuscation/obfuscator/managed::dotnet-reactor-obfuscator;micro-behaviors/data/embedded/payload/resource::dotnet-managed-resource-access;objectives/command-and-control/dropper/staging/embedded::managed-resource-reflection-loader;objectives/command-and-control/dropper/staging/embedded::dotnet-aes-resource-dropper;micro-behaviors/data/decode/hex::dotnet-stringbuilder-hex-decoding-references;micro-behaviors/crypto/symmetric/aes/library::dotnet-rijndael-any;micro-behaviors/data/decode/base64::dotnet-frombase64string-text;metadata/signed/platform::microsoft;metadata/binary/resource/,"""""","{""arch"": null, ""for"": [""pe"", ""dll""], ""platforms"": [""windows""]}"
loader,objectives/command-and-control/dropper/execution/loader::dotnet-image-resource-reflective-loader,composite,hostile,.NET image resource reflective loader,objectives/command-and-control/dropper/execution/loader/dotnet-loader.yaml,metadata/binary/framework::dotnet-metadata;micro-behaviors/data/embedded/payload/resource::dotnet-image-resource-set-access;objectives/anti-static/obfuscation/reflection/invoke::dotnet-assembly-load-delegate-invoke;metadata/binary/symbols/imports::single-import-raw;metadata/binary/layout/ratio::dotnet-low-entropy-text-carrier;objectives/anti-static/pack/entropy::dotnet-large-packed-text;objectives/evasion/indicator-removal/timestamps::timestamp-anomaly;metadata/signed/platform::microsoft;metadata/binary/resource/,"""""","{""arch"": null, ""for"": [""pe"", ""dll""], ""platforms"": [""windows""]}"
loader,objectives/command-and-control/dropper/execution/loader::dotnet-reactor-aes-web-dropper,composite,hostile,Reactor-protected AES web resource dropper,objectives/command-and-control/dropper/execution/loader/dotnet-loader.yaml,objectives/anti-static/obfuscation/obfuscator/managed::dotnet-reactor-obfuscator;objectives/command-and-control/dropper/staging/embedded::dotnet-aes-resource-dropper;micro-behaviors/communications/http/client/managed::downloadstring;objectives/command-and-control/backdoor/control/desktop::dotnet-rat-controller-attack-suite,"""""","{""arch"": null, ""for"": [""pe"", ""dll""], ""platforms"": [""windows""]}"
loader,objectives/command-and-control/dropper/execution/loader::confuserex-lockbits-resource-loader,composite,hostile,ConfuserEx LockBits resource payload loader,objectives/command-and-control/dropper/execution/loader/dotnet-loader.yaml,confuserex-version-banner;metadata/binary/resource/size::dotnet-large-high-entropy-managed-resource;micro-behaviors/data/embedded/payload/image::dotnet-resource-bitmap-pixel-readback;micro-behaviors/data/encode/image/pixel::pixel-access-lockbits;micro-behaviors/process/interpreter/reflection/runtime::invoke-member-token;micro-behaviors/process/create/spawn::process-start-member-token;metadata/binary/symbols/imports::single-import-count;metadata/binary/symbols/imports::single-import-raw;metadata/signed/platform/,"""""","{""arch"": null, ""for"": [""pe"", ""dll""], ""platforms"": [""windows""]}"
loader,objectives/command-and-control/dropper/execution/loader::assembly-load-from-bytes,atomic,suspicious,Assembly.Load from byte array,objectives/command-and-control/dropper/execution/loader/dotnet-netz-source.yaml,objectives/execution/compile/runtime::runtime-roslyn-compilation,"{""substr"": ""Assembly.Load(memoryStream.ToArray())"", ""type"": ""text""}","{""arch"": null, ""for"": [""csharp""], ""platforms"": [""windows""]}"
loader,objectives/command-and-control/dropper/execution/loader::entrypoint-invoke,atomic,suspicious,Loaded assembly entry point invoke,objectives/command-and-control/dropper/execution/loader/dotnet-netz-source.yaml,,"{""substr"": ""entryPoint.Invoke((object) null, parameters2)"", ""type"": ""text""}","{""arch"": null, ""for"": [""csharp""], ""platforms"": [""windows""]}"
loader,objectives/command-and-control/dropper/execution/loader::guid-resource-payload,atomic,suspicious,GUID named embedded payload,objectives/command-and-control/dropper/execution/loader/dotnet-netz-source.yaml,,"{""exact"": ""A6C24BF5-3690-4982-887E-11E1B159B249"", ""type"": ""string_literal""}","{""arch"": null, ""for"": [""csharp""], ""platforms"": [""windows""]}"
loader,objectives/command-and-control/dropper/execution/loader::invoke-embedded-app,atomic,suspicious,Embedded app entry invocation,objectives/command-and-control/dropper/execution/loader/dotnet-netz-source.yaml,,"{""substr"": ""NetzStarter.InvokeApp(NetzStarter.GetAssembly(NetzStarter.GetResource("", ""type"": ""text""}","{""arch"": null, ""for"": [""csharp""], ""platforms"": [""windows""]}"
loader,objectives/command-and-control/dropper/execution/loader::dotnet-netz-memory-loader,composite,suspicious,.NET netz memory loader chain,objectives/command-and-control/dropper/execution/loader/dotnet-netz-source.yaml,assembly-load-from-bytes;entrypoint-invoke;invoke-embedded-app;guid-resource-payload;micro-behaviors/data/decompress/zlib::sharpziplib-inflaterinputstream;micro-behaviors/data/embedded/payload/resource::netz-resource-loader-primitives,"""""","{""arch"": null, ""for"": [""csharp""], ""platforms"": [""windows""]}"
loader,objectives/command-and-control/dropper/execution/loader::dotnet-netz-stage-loader,composite,hostile,.NET staged resource loader stub,objectives/command-and-control/dropper/execution/loader/dotnet-netz-source.yaml,dotnet-netz-memory-loader;micro-behaviors/data/embedded/payload/resource::netz-resource-loader-primitives;micro-behaviors/data/embedded/payload/resource::netz-dll-probe-fallback;micro-behaviors/data/decompress/zlib::sharpziplib-inflaterinputstream;guid-resource-payload,"""""","{""arch"": null, ""for"": [""csharp""], ""platforms"": [""windows""]}"
loader,objectives/command-and-control/dropper/execution/loader::managed-remote-binary-hidden-execution,composite,hostile,Managed remote binary staged and hidden-executed,objectives/command-and-control/dropper/execution/loader/dotnet-rat.yaml,metadata/binary/framework::dotnet-metadata;objectives/command-and-control/backdoor/binary::managed-remote-control-method-cluster;micro-behaviors/fs/write/file/full::dotnet-writeallbytes-token;micro-behaviors/process/create/spawn::process-token-dotnet;micro-behaviors/process/create/hidden::dotnet-create-no-window;micro-behaviors/data/decode/base64::dotnet-frombase64string-text;micro-behaviors/data/embedded/payload/resource::assemblyresolve-hook;micro-behaviors/crypto/symmetric/decrypt::dotnet-create-decryptor;micro-behaviors/os/registry/manipulate::dotnet-registry-delete-value-member;micro-behaviors/process/terminate/kill::dotnet-kill-member-reference;metadata/signed/platform/,"""""","{""arch"": null, ""for"": [""pe"", ""dll""], ""platforms"": [""windows""]}"
loader,objectives/command-and-control/dropper/execution/loader::managed-resource-soap-rat-stager,composite,hostile,Unsigned .NET resource stager includes SOAP client and reflective execution,objectives/command-and-control/dropper/execution/loader/dotnet-rat.yaml,metadata/binary/framework::dotnet-assembly;metadata/binary/resource/size::clr-resource-high-entropy;metadata/binary/resource/identity::clr-resource-large;micro-behaviors/data/embedded/payload/resource::dotnet-resource-reader-access;micro-behaviors/data/compress/gzip::dotnet-gzip-compression;micro-behaviors/fs/write/file/full::dotnet-writeallbytes-token;micro-behaviors/process/interpreter/reflection/runtime::activator;micro-behaviors/communications/http/client/managed::soap-http-client-protocol;micro-behaviors/process/interpreter/reflection/vb::vb-newlatebinding;metadata/signed/platform::microsoft;micro-behaviors/data/embedded/payload/resource::costura-bundle-marker,"""""","{""arch"": null, ""for"": [""pe"", ""dll""], ""platforms"": [""windows""]}"
loader,objectives/command-and-control/dropper/execution/loader::dotnet-resource-zip-staging-marker,composite,component,.NET ZIP payload staging marker,objectives/command-and-control/dropper/execution/loader/dotnet-stage.yaml,micro-behaviors/data/embedded/payload/resource::wpf-resource-stream-access;micro-behaviors/data/embedded/payload/resource::dotnet-managed-resource-access;micro-behaviors/process/create/hidden::dotnet-hidden-process-launch-setup,"""""","{""arch"": null, ""for"": [""pe"", ""dll""], ""platforms"": [""windows""]}"
loader,objectives/command-and-control/dropper/execution/loader::dotnet-resource-zip-stage-loader,composite,suspicious,.NET resource ZIP stage loader,objectives/command-and-control/dropper/execution/loader/dotnet-stage.yaml,metadata/binary/framework::dotnet-assembly;micro-behaviors/data/archive/extract/zip::dotnet-zip-extract;dotnet-resource-zip-staging-marker;micro-behaviors/data/embedded/payload/resource::wpf-resource-stream-access;micro-behaviors/fs/temp/directory::temp-file-staging-dotnet;metadata/lang/compiler/managed::reflection-namespace;objectives/anti-static/obfuscation/reflection/invoke::dotnet-gettypes-token;micro-behaviors/process/create/hidden::dotnet-hidden-process-launch-setup;metadata/binary/framework::dotnet-system-diagnostics-process-bcl;well-known/lib/ui/spectre-console/;well-known/lib/vendor-sdk/htmlforgex/;well-known/lib/vendor-sdk/powerforge/;well-known/lib/format/quantconnect-compression/;well-known/game/steamtools::member,"""""","{""arch"": null, ""for"": [""pe"", ""dll""], ""platforms"": [""windows""]}"
loader,objectives/command-and-control/dropper/execution/loader::dotnet-admin-batch-stage-loader,composite,suspicious,Elevated .NET batch stage loader,objectives/command-and-control/dropper/execution/loader/dotnet-stage.yaml,dotnet-resource-zip-stage-loader;micro-behaviors/os/privilege/manifest::admin-manifest;objectives/privilege-escalation/token-manipulation::runas-verb;micro-behaviors/fs/path/extension::bat-dup;metadata/binary/framework::dotnet-system-diagnostics-process-bcl;metadata/binary/installer/family::known-benign-installer;well-known/app/utility/installer::openra-installer,"""""","{""arch"": null, ""for"": [""pe"", ""dll""], ""platforms"": [""windows""]}"
loader,objectives/command-and-control/dropper/execution/loader::elex-autoit-uimgrbroker-wrapper,composite,hostile,Elex AutoIt UIMgrBroker wrapper,objectives/command-and-control/dropper/execution/loader/elex-autoit-uimgrbroker.yaml,objectives/persistence/login/self-install/copy::packed-autoit-roaming-self-install-path;objectives/command-and-control/backdoor/loader/autoit-packed::packed-autoit-network-capable-wrapper;metadata/lang/compiled::autoit-compiled-script;objectives/persistence/login/self-install/copy::uimgrbroker-aboutsettingshandlers-path,"""""","{""arch"": null, ""for"": [""pe""], ""platforms"": [""windows""]}"
loader,objectives/command-and-control/dropper/execution/loader::encrypted-overlay-manual-pe-stage,composite,hostile,Encrypted overlay is manually mapped as an in-memory PE stage,objectives/command-and-control/dropper/execution/loader/encrypted-overlay-native.yaml,objectives/anti-static/obfuscation/payload/self-read::pe-overlay-self-extractor;micro-behaviors/crypto/symmetric/aes/constant::aes-sbox-bytes-pe-rdata;micro-behaviors/data/embedded/payload/header::inline-pe-header-validation-sequence;micro-behaviors/mem/alloc/executable::executable-allocation-indicator;micro-behaviors/os/exception/register::rtl-add-function-table;metadata/signed/platform/;metadata/binary/installer/family/;well-known/tool/reverse-engineering/,"""""","{""arch"": null, ""for"": [""pe"", ""dll""], ""platforms"": [""windows""]}"
loader,objectives/command-and-control/dropper/execution/loader::tls-inline-pe-memory-loader,composite,hostile,PE inline-PE loader protects high-entropy data,objectives/command-and-control/dropper/execution/loader/encrypted-overlay-native.yaml,objectives/evasion/masquerade/trust::unsigned-pe-microsoft-version-claim;metadata/binary/layout/tls::pe-multiple-tls-callbacks;metadata/binary/section/entropy::high-entropy-rdata-section;micro-behaviors/fs/file/pe-inspect::inline-pe-signature-check;micro-behaviors/mem/protect/modify::virtual-protect;metadata/signed/platform/;metadata/signed/certificate/identity/;metadata/binary/installer/family/,"""""","{""arch"": null, ""for"": [""pe"", ""dll""], ""platforms"": [""windows""]}"
loader,objectives/command-and-control/dropper/execution/loader::go-evasive-loader,composite,hostile,"Go loader with sandbox evasion, self-mutation, and process injection",objectives/command-and-control/dropper/execution/loader/go-evasive-loader.yaml,objectives/anti-static/obfuscation/instruction/insertion-junk::go-mutateself-func;objectives/anti-analysis/sandbox-detect/environment/function::go-issandbox-func;micro-behaviors/process/inject/runtime/call::suspend-thread,"""""","{""arch"": null, ""for"": [""pe""], ""platforms"": [""windows"", ""linux"", ""unix"", ""android"", ""macos"", ""ios""]}"
loader,objectives/command-and-control/dropper/execution/loader::raw-ip-daemonized-payload-loader,composite,hostile,Native raw-IP downloader daemonizes and executes payload,objectives/command-and-control/dropper/execution/loader/iot.yaml,micro-behaviors/communications/http/get::manual-http10-dynamic-get;micro-behaviors/communications/ip/literal::external-ipv4-binary;micro-behaviors/process/daemonize/detach::full-daemon;micro-behaviors/process/create/execv::c-exec-variants,"""""","{""arch"": null, ""for"": [""elf""], ""platforms"": [""unix""]}"
loader,objectives/command-and-control/dropper/execution/loader::native-http-download-execute-cleanup-loader,composite,hostile,"Native ELF fetches from a hardcoded endpoint, executes, and removes the stage",objectives/command-and-control/dropper/execution/loader/iot.yaml,micro-behaviors/communications/http/get::manual-http10-dynamic-get;micro-behaviors/communications/ip/endpoint::external-ipv4-port-elf;micro-behaviors/process/fork/clone::fork;micro-behaviors/process/create/execv::c-exec-variants;micro-behaviors/fs/delete/file/library::unlink,"""""","{""arch"": null, ""for"": [""elf""], ""platforms"": [""unix""]}"
loader,objectives/command-and-control/dropper/execution/loader::programdata-cache-datestamp,atomic,notable,Date-stamped ProgramData cache drop file,objectives/command-and-control/dropper/execution/loader/mfc-luajit-encrypted-rsrc.yaml,,"{""regex"": ""\\\\ProgramData\\\\cache\\d{8}\\.dat"", ""type"": ""text""}","{""arch"": null, ""for"": [""pe""], ""platforms"": [""windows""]}"
loader,objectives/command-and-control/dropper/execution/loader::mfc-luajit-encrypted-rsrc-loader,composite,hostile,Chinese MFC LuaJIT loader with encrypted rsrc,objectives/command-and-control/dropper/execution/loader/mfc-luajit-encrypted-rsrc.yaml,well-known/lib/runtime/scripted/luajit::bytecode-preload-format;well-known/lib/runtime/scripted/luajit::luajit-runtime-env-pair;objectives/anti-static/obfuscation/payload/encrypted::high-entropy-rsrc;metadata/binary/framework::mfc-application-framework;metadata/signed/platform/;metadata/binary/installer/family/,"""""","{""arch"": null, ""for"": [""pe""], ""platforms"": [""windows""]}"
loader,objectives/command-and-control/dropper/execution/loader::mfc-template-luajit-dropper,composite,hostile,Unfinished MFC template with LuaJIT runtime,objectives/command-and-control/dropper/execution/loader/mfc-luajit-encrypted-rsrc.yaml,well-known/lib/runtime/scripted/luajit::bytecode-preload-format;metadata/binary/framework::mfc-application-framework;metadata/package/versioning/scheme::pe-todo-company-zh-placeholder;metadata/package/versioning/scheme::pe-todo-product-zh-placeholder;objectives/evasion/masquerade/version-resource/claim::mfc-template-default-filename;metadata/signed/platform/,"""""","{""arch"": null, ""for"": [""pe""], ""platforms"": [""windows""]}"
loader,objectives/command-and-control/dropper/execution/loader::programdata-cache-loader-cluster,composite,hostile,ProgramData cache drop with keylog cluster,objectives/command-and-control/dropper/execution/loader/mfc-luajit-encrypted-rsrc.yaml,programdata-cache-datestamp;objectives/collection/keylog/hook::windows-keylogger;micro-behaviors/os/clipboard/read::get-clipboard-data;micro-behaviors/hardware/display/screen::gdi-bitblt;micro-behaviors/hardware/input/keyboard/poll::foreground-window-input-state;metadata/signed/platform/,"""""","{""arch"": null, ""for"": [""pe""], ""platforms"": [""windows""]}"
loader,objectives/command-and-control/dropper/execution/loader::pyinstaller-crypto-decompression-stage,composite,hostile,PyInstaller anti-debug encrypted stage,objectives/command-and-control/dropper/execution/loader/pyinstaller-stage.yaml,micro-behaviors/fs/temp/pyinstaller::onefile-temp-bootstrap;metadata/binary/layout/overlay::large-high-entropy-overlay;micro-behaviors/process/debug/detect::is-debugger-present-import;micro-behaviors/fs/temp/pyinstaller::pyinstaller-opaque-script-entry;objectives/evasion/masquerade/versioninfo::opaque-alnum-internal-name,"""""","{""arch"": null, ""for"": [""pe""], ""platforms"": [""windows""]}"
loader,objectives/command-and-control/dropper/execution/loader::pyinstaller-encrypted-reloc-loader,composite,hostile,PyInstaller loader with encrypted relocation payload,objectives/command-and-control/dropper/execution/loader/pyinstaller-stage.yaml,micro-behaviors/fs/temp/pyinstaller::meipass-runtime-dir;objectives/anti-static/pack/section-anomaly::reloc-encrypted-dominant-overlay;micro-behaviors/process/create/spawn::create-process-w,"""""","{""arch"": null, ""for"": [""pe""], ""platforms"": [""windows""]}"
loader,objectives/command-and-control/dropper/execution/loader::rustdesk-flutter-self-read-stage-loader,composite,suspicious,RustDesk-themed self-reading stage loader,objectives/command-and-control/dropper/execution/loader/rustdesk-flutter.yaml,metadata/binary/framework::flutter-windows-desktop-runner;objectives/anti-static/obfuscation/payload/self-read::self-read-file-import-chain;objectives/anti-static/obfuscation/payload/encrypted::high-entropy-rsrc;micro-behaviors/os/api-resolution/manual::peb-access-x64;metadata/binary/instruction::iat-call-then-eax-compare,"""""","{""arch"": null, ""for"": [""pe""], ""platforms"": [""windows""]}"
loader,objectives/command-and-control/dropper/execution/loader::rustdesk-flutter-obfuscated-stage-loader,composite,hostile,RustDesk-themed obfuscated stage loader,objectives/command-and-control/dropper/execution/loader/rustdesk-flutter.yaml,rustdesk-flutter-self-read-stage-loader;micro-behaviors/os/api-resolution/manual::peb-access-x64;metadata/binary/instruction::iat-call-then-eax-compare,"""""","{""arch"": null, ""for"": [""pe""], ""platforms"": [""windows""]}"
loader,objectives/command-and-control/dropper/execution/loader::vb6-embedded-shell-apihash-loader,composite,hostile,VB6 shell loader embeds hashed payload,objectives/command-and-control/dropper/execution/loader/vb6-binary.yaml,micro-behaviors/process/create/macro/office::vb6-shell-execution;metadata/binary/layout/embedded::pe-embedded;objectives/anti-static/obfuscation/imports::pe-walk-hash-resolver-x64;metadata/binary/header/malformed::malformed-pe-structure;micro-behaviors/communications/ip/endpoint::external-ipv4-port-rdata-pair;micro-behaviors/dylib/load/runtime::load-library-a-string-no-import,"""""","{""arch"": null, ""for"": [""pe""], ""platforms"": [""windows""]}"
loader,objectives/command-and-control/dropper/execution/loader::vb6-urlmon-hollowing-loader,composite,hostile,VB6 URLMon downloader with process hollowing,objectives/command-and-control/dropper/execution/loader/vb6-binary.yaml,metadata/binary/framework::vb6-application-framework;micro-behaviors/communications/http/client/urlmon::url-download-to-file-str;objectives/evasion/process/injection/hollowing::process-hollowing-alloc-write-marker;micro-behaviors/communications/http/client/wininet::delete-url-cache-entry;metadata/binary/header/malformed::malformed-pe-structure;micro-behaviors/data/string/runtime::vb6-runtime-string-decoding,"""""","{""arch"": null, ""for"": [""pe""], ""platforms"": [""windows""]}"
loader,objectives/command-and-control/dropper/execution/loader::vb6-obfuscated-runkey-persistence,composite,hostile,VB6 obfuscated loader writes a Run key,objectives/command-and-control/dropper/execution/loader/vb6-binary.yaml,objectives/anti-static/obfuscation/imports::vb6-obfuscated-runtime-dispatch;micro-behaviors/os/registry/keys::currentversion-run;metadata/signed/platform/;metadata/binary/installer/family/;well-known/lib/runtime/native-platform/vb-richclient::vb-richclient-runtime-library,"""""","{""arch"": null, ""for"": [""pe""], ""platforms"": [""windows""]}"
loader,objectives/command-and-control/dropper/execution/loader::vb6-obfuscated-wininet-downloader,composite,hostile,VB6 obfuscated loader downloads over WinINet,objectives/command-and-control/dropper/execution/loader/vb6-binary.yaml,objectives/anti-static/obfuscation/imports::vb6-obfuscated-runtime-dispatch;micro-behaviors/communications/http/client/wininet::dynamic-wininet-api-set--internetopenurla;metadata/signed/platform/;well-known/lib/runtime/native-platform/vb-richclient::vb-richclient-runtime-library,"""""","{""arch"": null, ""for"": [""pe""], ""platforms"": [""windows""]}"
loader,objectives/command-and-control/dropper/execution/loader::vb6-obfuscated-keylogger,composite,hostile,VB6 obfuscated loader labels itself a keylogger,objectives/command-and-control/dropper/execution/loader/vb6-binary.yaml,objectives/anti-static/obfuscation/imports::vb6-obfuscated-runtime-dispatch;micro-behaviors/hardware/input/keyboard/label::keylogger-identity-label;metadata/signed/platform/;well-known/lib/runtime/native-platform/vb-richclient::vb-richclient-runtime-library;well-known/tool/detection/,"""""","{""arch"": null, ""for"": [""pe""], ""platforms"": [""windows""]}"
loader,objectives/command-and-control/dropper/execution/loader::vb6-concealed-keylogger,composite,hostile,VB6 conceals Win32 APIs in a self-labeled keylogger,objectives/command-and-control/dropper/execution/loader/vb6-binary.yaml,objectives/anti-static/obfuscation/imports::vb6-concealed-win32-apis;micro-behaviors/hardware/input/keyboard/label::keylogger-identity-label;metadata/signed/platform/;well-known/lib/runtime/native-platform/vb-richclient::vb-richclient-runtime-library;well-known/tool/detection/,"""""","{""arch"": null, ""for"": [""pe""], ""platforms"": [""windows""]}"
loader,objectives/command-and-control/dropper/execution/loader::vb6-toolhelp-hosts-loader,composite,hostile,VB6 hosts-file implant walks the process list,objectives/command-and-control/dropper/execution/loader/vb6-binary.yaml,objectives/anti-static/obfuscation/imports::vb6-obfuscated-runtime-dispatch;micro-behaviors/process/enumerate/snapshot::dynamic-toolhelp-process-traversal;metadata/signed/platform/,"""""","{""arch"": null, ""for"": [""pe""], ""platforms"": [""windows""]}"
loader,objectives/command-and-control/dropper/execution/loader::vb6-concealed-wininet-cluster,composite,hostile,VB6 conceals Win32 APIs then talks WinINet,objectives/command-and-control/dropper/execution/loader/vb6-binary.yaml,objectives/anti-static/obfuscation/imports::vb6-concealed-win32-apis;micro-behaviors/communications/http/dynamic::dynamic-wininet-http-api-cluster;metadata/signed/platform/;well-known/lib/runtime/native-platform/vb-richclient::vb-richclient-runtime-library,"""""","{""arch"": null, ""for"": [""pe""], ""platforms"": [""windows""]}"
loader,objectives/command-and-control/dropper/execution/loader::vb6-ie-masquerade-shell,composite,hostile,VB6 shell dropper masquerades as Internet Explorer,objectives/command-and-control/dropper/execution/loader/vb6-binary.yaml,micro-behaviors/process/create/macro/office::vb6-shell-execution;objectives/evasion/masquerade/process/name::internet-explorer-name;metadata/signed/platform/,"""""","{""arch"": null, ""for"": [""pe""], ""platforms"": [""windows""]}"
loader,objectives/command-and-control/dropper/execution/loader::vb6-numbered-ie-masquerade,composite,hostile,VB6 numbered-identifier loader spoofs Internet Explorer,objectives/command-and-control/dropper/execution/loader/vb6-binary.yaml,objectives/anti-static/obfuscation/string/junking::vb6-numbered-identifier-obfuscation-profile;objectives/evasion/masquerade/process/name::internet-explorer-name;metadata/signed/platform/;well-known/lib/runtime/native-platform/vb-richclient::vb-richclient-runtime-library,"""""","{""arch"": null, ""for"": [""pe""], ""platforms"": [""windows""]}"
loader,objectives/command-and-control/dropper/execution/loader::vb6-obfuscated-http-url,composite,hostile,VB6 obfuscated loader embeds a cleartext HTTP URL,objectives/command-and-control/dropper/execution/loader/vb6-binary.yaml,objectives/anti-static/obfuscation/imports::vb6-obfuscated-runtime-dispatch;micro-behaviors/communications/http/url/scheme::cleartext-http-url;metadata/signed/platform/;well-known/lib/runtime/native-platform/vb-richclient::vb-richclient-runtime-library,"""""","{""arch"": null, ""for"": [""pe""], ""platforms"": [""windows""]}"
loader,objectives/command-and-control/dropper/execution/loader::vb6-concealed-shellexec,composite,hostile,VB6 conceals Win32 APIs then ShellExecute,objectives/command-and-control/dropper/execution/loader/vb6-binary.yaml,objectives/anti-static/obfuscation/imports::vb6-concealed-win32-apis;micro-behaviors/process/create/shellexec::shell-execute-call;metadata/signed/platform/;well-known/lib/runtime/native-platform/vb-richclient::vb-richclient-runtime-library,"""""","{""arch"": null, ""for"": [""pe""], ""platforms"": [""windows""]}"
loader,objectives/command-and-control/dropper/execution/loader::vb6-obfuscated-shellexec,composite,hostile,VB6 obfuscated loader calls ShellExecute,objectives/command-and-control/dropper/execution/loader/vb6-binary.yaml,objectives/anti-static/obfuscation/imports::vb6-obfuscated-runtime-dispatch;micro-behaviors/process/create/shellexec::shell-execute-call;metadata/signed/platform/;well-known/lib/runtime/native-platform/vb-richclient::vb-richclient-runtime-library,"""""","{""arch"": null, ""for"": [""pe""], ""platforms"": [""windows""]}"
loader,objectives/command-and-control/dropper/execution/loader::self-exe-read-vb6,atomic,suspicious,VB6 reads its own executable,objectives/command-and-control/dropper/execution/loader/vb6-selfloader.yaml,,"{""regex"": ""App\\.EXEName\\s*[+&]\\s*\""\\.exe\"""", ""type"": ""text""}","{""arch"": null, ""for"": [""source"", ""vbs""], ""platforms"": [""windows""]}"
loader,objectives/command-and-control/dropper/execution/loader::appended-payload-delimiter-vb6,atomic,suspicious,VB6 appended payload delimiter,objectives/command-and-control/dropper/execution/loader/vb6-selfloader.yaml,,"{""regex"": ""##<>\\(\\)&abcdefg&\\(\\)<>##|!!!!!!!!!!!!!!!=\\)\\)"", ""type"": ""text""}","{""arch"": null, ""for"": [""source"", ""vbs""], ""platforms"": [""windows""]}"
loader,objectives/command-and-control/dropper/execution/loader::split-appended-payload-vb6,atomic,suspicious,VB6 splits appended payload,objectives/command-and-control/dropper/execution/loader/vb6-selfloader.yaml,,"{""regex"": ""=\\s*Splitter\\(.{0,64}\\)\\(1\\)"", ""type"": ""text""}","{""arch"": null, ""for"": [""source"", ""vbs""], ""platforms"": [""windows""]}"
loader,objectives/command-and-control/dropper/execution/loader::decrypt-appended-payload-vb6,atomic,suspicious,VB6 decrypts appended payload,objectives/command-and-control/dropper/execution/loader/vb6-selfloader.yaml,,"{""regex"": ""cCrypt\\.DecryptString\\(DataFile\\)|DecryptString\\(ZXCVBNM\\(1\\), ZXCVBNM\\(2\\)\\)"", ""type"": ""text""}","{""arch"": null, ""for"": [""source"", ""vbs""], ""platforms"": [""windows""]}"
loader,objectives/command-and-control/dropper/execution/loader::final-loader-call-vb6,atomic,suspicious,VB6 calls final loader,objectives/command-and-control/dropper/execution/loader/vb6-selfloader.yaml,well-known/tool/sysadmin/sandboxie/,"{""regex"": ""Call Final\\(InjectionPath, Loader\\)|\\b\\w{6,}\\(\\w{3,32}, Command\\)"", ""type"": ""text""}","{""arch"": null, ""for"": [""vbs""], ""platforms"": [""windows""]}"
loader,objectives/command-and-control/dropper/execution/loader::self-path-loader-target-vb6,atomic,suspicious,VB6 uses self path as target,objectives/command-and-control/dropper/execution/loader/vb6-selfloader.yaml,,"{""substr"": ""InjectionPath = ThisExe"", ""type"": ""text""}","{""arch"": null, ""for"": [""source"", ""vbs""], ""platforms"": [""windows""]}"
loader,objectives/command-and-control/dropper/execution/loader::builder-stub-read-vb6,atomic,suspicious,VB6 builder reads local stub,objectives/command-and-control/dropper/execution/loader/vb6-selfloader.yaml,,"{""regex"": ""Open App\\.Path\\s*&\\s*\""\\\\\\\\STUB\\.exe\""\\s+For Binary"", ""type"": ""text""}","{""arch"": null, ""for"": [""source"", ""vbs""], ""platforms"": [""windows""]}"
loader,objectives/command-and-control/dropper/execution/loader::eof-payload-read-vb6,atomic,suspicious,VB6 reads preserved EOF payload,objectives/command-and-control/dropper/execution/loader/vb6-selfloader.yaml,,"{""regex"": ""ReadEOFData\\(|GetNullBytes\\(30\\)|StrReverse\\(sFileBuf\\)"", ""type"": ""text""}","{""arch"": null, ""for"": [""source"", ""vbs""], ""platforms"": [""windows""]}"
loader,objectives/command-and-control/dropper/execution/loader::eof-payload-write-vb6,atomic,suspicious,VB6 writes preserved EOF payload,objectives/command-and-control/dropper/execution/loader/vb6-selfloader.yaml,,"{""regex"": ""WriteEOFData\\(|sFileBuf & sEOFData"", ""type"": ""text""}","{""arch"": null, ""for"": [""source"", ""vbs""], ""platforms"": [""windows""]}"
loader,objectives/command-and-control/dropper/execution/loader::hardcoded-des-key-vb6,atomic,suspicious,VB6 hardcoded DES payload key,objectives/command-and-control/dropper/execution/loader/vb6-selfloader.yaml,,"{""substr"": ""VIVALAMADREDELJOSE;;EEEE"", ""type"": ""text""}","{""arch"": null, ""for"": [""source"", ""vbs""], ""platforms"": [""windows""]}"
loader,objectives/command-and-control/dropper/execution/loader::aes-hex-payload-crypter-vb6,composite,hostile,VB6 AES hex payload crypter,objectives/command-and-control/dropper/execution/loader/vb6-selfloader.yaml,micro-behaviors/crypto/symmetric/aes/vb6::rijndael-wrapper-vb6;micro-behaviors/data/encode/hex::vb6-bidirectional-hex-codec;micro-behaviors/os/random/prng/stdlib::vb6-rnd-alnum-key-generator;micro-behaviors/data/string/conversion::vb6-unicode-string-to-bytes,"""""","{""arch"": null, ""for"": [""vbs""], ""platforms"": [""windows""]}"
loader,objectives/command-and-control/dropper/execution/loader::pe-resource-surgery-vb6,composite,component,VB6 PE resource surgery support,objectives/command-and-control/dropper/execution/loader/vb6-selfloader.yaml,micro-behaviors/fs/file/section::asm-pe-header-manipulation-entrypoint;micro-behaviors/fs/file/section::image-section-header-reference;well-known/tool/sysadmin/sandboxie/;micro-behaviors/data/format/pe-parser::image-section-header-typedef;micro-behaviors/data/format/pe-parser::image-nt-headers-typedef;metadata/lang/source/,"""""","{""arch"": null, ""for"": [""c"", ""csharp""], ""platforms"": [""windows""]}"
loader,objectives/command-and-control/dropper/execution/loader::appended-payload-loader-vb6,composite,hostile,VB6 appended payload self loader,objectives/command-and-control/dropper/execution/loader/vb6-selfloader.yaml,self-exe-read-vb6;appended-payload-delimiter-vb6;split-appended-payload-vb6;decrypt-appended-payload-vb6;final-loader-call-vb6;micro-behaviors/data/string/conversion::vb6-unicode-string-to-bytes;eof-payload-read-vb6,"""""","{""arch"": null, ""for"": [""vbs""], ""platforms"": [""windows""]}"
loader,objectives/command-and-control/dropper/execution/loader::crypter-builder-loader-vb6,composite,hostile,VB6 crypter builder and loader,objectives/command-and-control/dropper/execution/loader/vb6-selfloader.yaml,appended-payload-loader-vb6;self-path-loader-target-vb6;pe-resource-surgery-vb6;hardcoded-des-key-vb6,"""""","{""arch"": null, ""for"": [""vbs""], ""platforms"": [""windows""]}"
loader,objectives/command-and-control/dropper/execution/loader::eof-crypter-builder-vb6,composite,hostile,VB6 EOF crypter builder workflow,objectives/command-and-control/dropper/execution/loader/vb6-selfloader.yaml,builder-stub-read-vb6;appended-payload-delimiter-vb6;hardcoded-des-key-vb6;eof-payload-read-vb6;eof-payload-write-vb6,"""""","{""arch"": null, ""for"": [""source"", ""vbs""], ""platforms"": [""windows""]}"
loader,objectives/command-and-control/dropper/execution/loader::fasm-pe-gui-source,atomic,notable,FASM PE GUI source header,objectives/command-and-control/dropper/execution/loader/windows-assembly-source.yaml,,"{""substr"": ""format PE GUI 4.0"", ""type"": ""text""}","{""arch"": null, ""for"": [""c"", ""text""], ""platforms"": [""windows""]}"
loader,objectives/command-and-control/dropper/execution/loader::pebcall-loader-source,atomic,notable,PEB API call loader source,objectives/command-and-control/dropper/execution/loader/windows-assembly-source.yaml,,"{""substr"": ""pebcall\tPEB_Kernel32Dll, PEB_LoadLibraryW"", ""type"": ""text""}","{""arch"": null, ""for"": [""c"", ""text""], ""platforms"": [""windows""]}"
loader,objectives/command-and-control/dropper/execution/loader::fasm-wininet-loadlibrary,atomic,notable,FASM loader imports WinInet,objectives/command-and-control/dropper/execution/loader/windows-assembly-source.yaml,,"{""substr"": ""lodstrw\t'wininet.dll'"", ""type"": ""text""}","{""arch"": null, ""for"": [""c"", ""text""], ""platforms"": [""windows""]}"
loader,objectives/command-and-control/dropper/execution/loader::fasm-runpe-include,atomic,suspicious,RunPE include in assembly loader,objectives/command-and-control/dropper/execution/loader/windows-assembly-source.yaml,,"{""regex"": ""include\\s+['\""]RunPE\\.asm['\""]"", ""type"": ""text""}","{""arch"": null, ""for"": [""c"", ""text""], ""platforms"": [""windows""]}"
loader,objectives/command-and-control/dropper/execution/loader::fasm-loader-stage-includes,atomic,suspicious,Assembly loader stage include set,objectives/command-and-control/dropper/execution/loader/windows-assembly-source.yaml,,"{""regex"": ""include\\s+['\""](Download|Drop|Melt|Compression)\\.asm['\""]"", ""type"": ""text""}","{""arch"": null, ""for"": [""c"", ""text""], ""platforms"": [""windows""]}"
loader,objectives/command-and-control/dropper/execution/loader::fasm-peb-runpe-dropper-source,composite,hostile,FASM PEB RunPE dropper source,objectives/command-and-control/dropper/execution/loader/windows-assembly-source.yaml,fasm-pe-gui-source;pebcall-loader-source;fasm-runpe-include;fasm-loader-stage-includes;fasm-wininet-loadlibrary;objectives/evasion/process/injection/hollowing::runpe-source-code,"""""","{""arch"": null, ""for"": [""c"", ""text""], ""platforms"": [""windows""]}"
loader,objectives/command-and-control/dropper/execution/loader::fasm-wininet-runpe-stage-loader,composite,hostile,FASM WinInet RunPE stage loader,objectives/command-and-control/dropper/execution/loader/windows-assembly-source.yaml,pebcall-loader-source;fasm-wininet-loadlibrary;fasm-runpe-include;fasm-loader-stage-includes,"""""","{""arch"": null, ""for"": [""c"", ""text""], ""platforms"": [""windows""]}"
loader,objectives/command-and-control/dropper/execution/loader::fake-upx-memory-wrapper,composite,suspicious,Fake UPX wrapper with in-memory payload layout,objectives/command-and-control/dropper/execution/loader/windows-fake-upx-memory-wrapper.yaml,metadata/binary/section/entropy::large-rwx-upx1-section;metadata/binary/section/label::empty-rwx-upx0;metadata/binary/section/label::upx-section;metadata/binary/resource/size::minimal-resources;metadata/binary/code/complexity::low-function-count-marker;objectives/anti-static/obfuscation/binary-metrics/imports::import-count-under-40;objectives/command-and-control/dropper/execution/windows-loader/;metadata/package/versioning/scheme::pe-version-resource;metadata/signed/platform/,"""""","{""arch"": null, ""for"": [""pe""], ""platforms"": [""windows""]}"
loader,objectives/command-and-control/dropper/execution/loader::upx-giant-writable-entry-dynamic-loader,composite,hostile,Giant RWX UPX PE with writable entry and dynamic resolution,objectives/command-and-control/dropper/execution/loader/windows-fake-upx-memory-wrapper.yaml,metadata/binary/section/entropy::large-rwx-upx1-section;metadata/binary/section/label::empty-rwx-upx0;metadata/binary/section/header::pe-entry-in-writable-section;objectives/anti-static/obfuscation/payload/import::minimal-pe-dynamic-load;micro-behaviors/mem/protect/modify::virtual-protect;metadata/package/versioning/scheme::pe-version-resource;metadata/signed/platform/;metadata/signed/certificate/signature::pe-signature-verified;metadata/signed/certificate/signature::pe-signature-verified-kv;well-known/tool/development/toolchain/cygwin::cygwin-distribution-context;objectives/anti-static/pack/upx::upx-magic-bytes,"""""","{""arch"": null, ""for"": [""pe""], ""platforms"": [""windows""]}"
loader,objectives/command-and-control/dropper/execution/loader::fake-upx-threaded-memory-loader,composite,hostile,Fake UPX threaded in-memory loader,objectives/command-and-control/dropper/execution/loader/windows-fake-upx-memory-wrapper.yaml,metadata/binary/section/entropy::large-rwx-upx1-section;metadata/binary/section/label::empty-rwx-upx0;metadata/binary/section/label::upx-section;metadata/binary/resource/size::minimal-resources;metadata/binary/code/complexity::low-function-count-marker;objectives/anti-static/obfuscation/binary-metrics/imports::import-count-under-40;micro-behaviors/process/create/thread::create-thread;micro-behaviors/time/timing/delay::sleep-dup;micro-behaviors/dylib/load/runtime::load-library-ex-a;micro-behaviors/dylib/load/runtime::load-library-ex-w;micro-behaviors/mem/protect/modify::virtual-free;objectives/command-and-control/dropper/execution/windows-loader/;metadata/package/versioning/scheme::pe-version-resource;metadata/signed/platform/,"""""","{""arch"": null, ""for"": [""pe""], ""platforms"": [""windows""]}"
loader,objectives/command-and-control/dropper/execution/loader::scrambled-upx-giant-memory-loader,composite,hostile,Magic-stripped UPX giant RWX in-memory loader,objectives/command-and-control/dropper/execution/loader/windows-fake-upx-memory-wrapper.yaml,metadata/binary/section/entropy::large-rwx-upx1-section;metadata/binary/section/label::empty-rwx-upx0;objectives/anti-static/pack/upx::scrambled-upx-header;micro-behaviors/mem/protect/modify::virtual-protect;objectives/anti-static/pack/runtime::pe-import-count-under-10;objectives/anti-static/pack/upx::upx-magic-bytes;metadata/signed/platform/;metadata/signed/developer/;metadata/package/versioning/scheme::pe-version-resource,"""""","{""arch"": null, ""for"": [""pe""], ""platforms"": [""windows""]}"
loader,objectives/command-and-control/dropper/execution/loader::scrambled-upx-overlay-api-loader,composite,hostile,Magic-stripped UPX loader with encrypted overlay and API resolution,objectives/command-and-control/dropper/execution/loader/windows-fake-upx-memory-wrapper.yaml,objectives/anti-static/pack/upx::scrambled-upx-header;metadata/binary/layout/overlay::high-entropy-overlay;micro-behaviors/os/module/load::get-proc-address-import;micro-behaviors/mem/protect/modify::virtual-protect;objectives/anti-static/pack/runtime::pe-import-count-under-10;objectives/anti-static/pack/upx::upx-magic-bytes;metadata/signed/platform/;metadata/signed/developer/;metadata/package/versioning/scheme::pe-version-resource,"""""","{""arch"": null, ""for"": [""pe""], ""platforms"": [""windows""]}"
loader,objectives/command-and-control/dropper/execution/loader::compact-fake-upx-memory-wrapper,composite,suspicious,Compact fake UPX wrapper with memory-loader layout,objectives/command-and-control/dropper/execution/loader/windows-fake-upx-memory-wrapper.yaml,metadata/binary/section/entropy::compact-rwx-upx1-section;metadata/binary/section/label::empty-rwx-upx0;metadata/binary/section/label::upx-section;objectives/anti-static/pack/polymorphic::unusual-entry-point-section;metadata/binary/code/complexity::single-complex-function;objectives/anti-static/obfuscation/binary-metrics/imports::import-count-under-40;micro-behaviors/mem/protect/modify::virtual-protect;micro-behaviors/os/module/load::get-proc-address-import;micro-behaviors/dylib/load/runtime::load-library-a;objectives/command-and-control/dropper/execution/windows-loader/;metadata/package/versioning/scheme::pe-version-resource;metadata/signed/platform/,"""""","{""arch"": null, ""for"": [""pe""], ""platforms"": [""windows""]}"
loader,objectives/command-and-control/dropper/execution/loader::compact-fake-upx-memory-loader,composite,hostile,Compact fake UPX in-memory loader,objectives/command-and-control/dropper/execution/loader/windows-fake-upx-memory-wrapper.yaml,metadata/binary/section/entropy::compact-rwx-upx1-section;metadata/binary/section/label::empty-rwx-upx0;metadata/binary/section/label::upx-section;objectives/anti-static/pack/polymorphic::unusual-entry-point-section;metadata/binary/code/complexity::single-complex-function;objectives/anti-static/obfuscation/binary-metrics/imports::import-count-under-40;micro-behaviors/mem/protect/modify::virtual-protect;micro-behaviors/os/module/load::get-proc-address-import;micro-behaviors/dylib/load/runtime::load-library-a;metadata/binary/layout/overlay::has-overlay;objectives/command-and-control/dropper/execution/windows-loader/;metadata/package/versioning/scheme::pe-version-resource;metadata/signed/platform/,"""""","{""arch"": null, ""for"": [""pe""], ""platforms"": [""windows""]}"
loader,objectives/command-and-control/dropper/execution/loader::upx-windowsupdate-masquerade-loader,composite,hostile,UPX masquerade loader stages WindowsUpdate path,objectives/command-and-control/dropper/execution/loader/windows-fake-upx-memory-wrapper.yaml,metadata/binary/section/entropy::compact-rwx-upx1-section;objectives/anti-static/obfuscation/payload/import::minimal-pe-dynamic-load;objectives/evasion/masquerade/identity/mimicry::non-microsoft-windowsupdate-path;objectives/anti-static/obfuscation/encoding/content::encoded-mozilla-ua;micro-behaviors/dylib/load/runtime::load-library-a-string-no-import;metadata/binary/section/ratio::dominant-section;metadata/package/versioning/scheme::pe-version-resource;metadata/signed/platform/,"""""","{""arch"": null, ""for"": [""pe""], ""platforms"": [""windows""]}"
loader,objectives/command-and-control/dropper/execution/loader::upx-encrypted-overlay-module-loader,composite,hostile,UPX encrypted overlay resolves modules,objectives/command-and-control/dropper/execution/loader/windows-fake-upx-memory-wrapper.yaml,metadata/binary/section/entropy::compact-rwx-upx1-section;objectives/anti-static/obfuscation/binary-metrics/shape::binary-encrypted-overlay;objectives/anti-static/obfuscation/payload/import::minimal-pe-dynamic-load;micro-behaviors/dylib/load/runtime::load-library-a-string-no-import;micro-behaviors/process/enumerate/snapshot::dynamic-toolhelp-enumerator;xor-base64-encoded-payload;objectives/anti-static/obfuscation/binary-metrics/shape::high-entropy-overlay,"""""","{""arch"": null, ""for"": [""pe""], ""platforms"": [""windows""]}"
loader,objectives/command-and-control/dropper/execution/loader::upx-dominant-overlay-apihash-loader,composite,hostile,UPX dominant overlay hashes APIs,objectives/command-and-control/dropper/execution/loader/windows-fake-upx-memory-wrapper.yaml,metadata/binary/section/entropy::compact-rwx-upx1-section;objectives/anti-static/obfuscation/imports::pe-api-hashing-indicator-single;objectives/anti-static/obfuscation/binary-metrics/shape::high-entropy-overlay;objectives/anti-static/obfuscation/binary-metrics/shape::binary-encrypted-overlay;objectives/anti-static/obfuscation/payload/import::minimal-pe-dynamic-load;micro-behaviors/process/enumerate/snapshot::dynamic-toolhelp-enumerator;micro-behaviors/dylib/load/runtime::load-library-a-string-no-import,"""""","{""arch"": null, ""for"": [""pe""], ""platforms"": [""windows""]}"
loader,objectives/command-and-control/dropper/execution/loader::xor-base64-encoded-payload,composite,suspicious,XOR and base64 encoded payload content,objectives/command-and-control/dropper/execution/loader/windows-fake-upx-memory-wrapper.yaml,metadata/lang/encoded/xor/;metadata/lang/encoded/base64/,"""""","{""arch"": null, ""for"": [""pe""], ""platforms"": [""windows""]}"
loader,objectives/command-and-control/dropper/execution/loader::fake-upx-pyinstaller-temp-loader,composite,hostile,Fake UPX PyInstaller temp loader,objectives/command-and-control/dropper/execution/loader/windows-fake-upx-memory-wrapper.yaml,objectives/anti-static/pack/upx::fake-upx-invalid-import-wrapper;micro-behaviors/fs/temp/pyinstaller::onefile-temp-bootstrap;micro-behaviors/os/module/load::get-proc-address-import;micro-behaviors/dylib/load/runtime::load-library-ex-w;micro-behaviors/mem/protect/modify::virtual-protect-text-pe;metadata/signed/platform/;metadata/package/versioning/scheme::pe-version-resource,"""""","{""arch"": null, ""for"": [""pe""], ""platforms"": [""windows""]}"
loader,objectives/command-and-control/dropper/execution/loader::fake-upx-pyinstaller-memory-loader,composite,hostile,Fake UPX PyInstaller memory loader,objectives/command-and-control/dropper/execution/loader/windows-fake-upx-memory-wrapper.yaml,objectives/anti-static/pack/upx::fake-upx-invalid-import-wrapper;micro-behaviors/fs/temp/pyinstaller::onefile-temp-bootstrap;micro-behaviors/os/module/load::get-proc-address-import;micro-behaviors/mem/protect/modify::virtual-protect-text-pe;micro-behaviors/dylib/load/runtime::load-library-ex-w;micro-behaviors/dylib/load/runtime::load-library-a-string-no-import;metadata/signed/platform/;metadata/package/versioning/scheme::pe-version-resource,"""""","{""arch"": null, ""for"": [""pe""], ""platforms"": [""windows""]}"
loader,objectives/command-and-control/dropper/execution/loader::packed-rwx-process-cleanup-loader,composite,hostile,Packed RWX loader with process launch and file cleanup,objectives/command-and-control/dropper/execution/loader/windows-packed-rwx-process.yaml,objectives/anti-static/pack/section-anomaly::rwx-writable-entry-payload;micro-behaviors/process/create/spawn::create-process-a;micro-behaviors/process/create/exec::shell-execute-a;micro-behaviors/fs/delete/file/library::deletefile-a;metadata/binary/layout/checksum::pe-checksum-mismatch;micro-behaviors/communications/ipc/message::local-atom-table-readback;metadata/signed/platform/,"""""","{""arch"": null, ""for"": [""pe"", ""dll""], ""platforms"": [""windows""]}"
loader,objectives/command-and-control/dropper/execution/loader::resource-temp-command-process-loader,composite,hostile,Resource payload stages a temporary command process,objectives/command-and-control/dropper/execution/loader/windows-resource-process-loader.yaml,micro-behaviors/process/interpreter/shell::encoded-cmd-exe-reference;micro-behaviors/data/embedded/payload/resource::find-resource-any;micro-behaviors/data/embedded/payload/resource::load-resource;micro-behaviors/process/create/spawn::create-process-a;micro-behaviors/fs/temp/directory::get-temp-path-name;micro-behaviors/fs/write/file/handle::write-file;micro-behaviors/fs/delete/file/library::deletefile-a;micro-behaviors/fs/delete/file/library::deletefile-w;metadata/signed/platform/;metadata/binary/installer/family/,"""""","{""arch"": null, ""for"": [""pe""], ""platforms"": [""windows""]}"
loader,objectives/command-and-control/dropper/execution/loader::encrypted-resource-overlay-process-loader,composite,hostile,PE extracts resource data and executes it from an obfuscated overlay,objectives/command-and-control/dropper/execution/loader/windows-resource-process-loader.yaml,micro-behaviors/data/embedded/payload/resource::find-resource-any;micro-behaviors/data/embedded/payload/resource::load-resource;micro-behaviors/data/embedded/payload/resource::sizeof-resource;micro-behaviors/data/embedded/payload/resource::lock-resource;micro-behaviors/process/create/spawn::create-process-a;micro-behaviors/mem/alloc/executable::executable-allocation-indicator;metadata/binary/layout/overlay::large-overlay-1mb;objectives/anti-analysis/debugger-detect/check::is-debugger-present-symbol;metadata/binary/installer/builder::advanced-installer-bootstrapper,"""""","{""arch"": null, ""for"": [""pe""], ""platforms"": [""windows""]}"
markup,objectives/command-and-control/dropper/execution/markup::hidden-powershell-base64-variable,atomic,suspicious,Hidden PowerShell base64 variable,objectives/command-and-control/dropper/execution/markup/html.yaml,,"{""regex"": ""COPYbase64Text\\s*=\\s*['\\\""][A-Za-z0-9+/=]{80,}"", ""type"": ""text""}","{""arch"": null, ""for"": [""html""], ""platforms"": [""windows"", ""unix""]}"
markup,objectives/command-and-control/dropper/execution/markup::encoded-hidden-powershell-variable,atomic,suspicious,Encoded hidden PowerShell blob,objectives/command-and-control/dropper/execution/markup/html.yaml,,"{""substr"": ""Q09QWWJhc2U2NFRleHQgPSAnY0c5M1pYSnphR1ZzYkNBdGR5QnRhVzVwSUMx"", ""type"": ""text""}","{""arch"": null, ""for"": [""html""], ""platforms"": [""windows"", ""unix""]}"
markup,objectives/command-and-control/dropper/execution/markup::powershell-mini-window,atomic,suspicious,Minimized PowerShell launcher window,objectives/command-and-control/dropper/execution/markup/html.yaml,,"{""encoding"": ""base64"", ""substr"": ""powershell -w mini"", ""type"": ""encoded""}","{""arch"": null, ""for"": [""html""], ""platforms"": [""windows""]}"
markup,objectives/command-and-control/dropper/execution/markup::iwr-temp-ps1-download,atomic,suspicious,PowerShell iwr download to TEMP,objectives/command-and-control/dropper/execution/markup/html.yaml,,"{""encoding"": ""base64"", ""regex"": ""iwr [^\\n]{0,80}-OutFile [^\\n]{0,40}\\$env:TEMP\\\\[^\\n]{0,40}\\.ps1"", ""type"": ""encoded""}","{""arch"": null, ""for"": [""html""], ""platforms"": [""windows""]}"
markup,objectives/command-and-control/dropper/execution/markup::powershell-followon-script-exec,atomic,suspicious,PowerShell runs TEMP ps1 script,objectives/command-and-control/dropper/execution/markup/html.yaml,,"{""encoding"": ""base64"", ""regex"": ""&\\s*\""\\$env:TEMP\\\\[^\""]{0,40}\\.ps1\"""", ""type"": ""encoded""}","{""arch"": null, ""for"": [""html""], ""platforms"": [""windows""]}"
markup,objectives/command-and-control/dropper/execution/markup::connectivity-delay-ping,atomic,suspicious,Ping-based delay before download,objectives/command-and-control/dropper/execution/markup/html.yaml,,"{""encoding"": ""base64"", ""substr"": ""ping google.com -n 4"", ""type"": ""encoded""}","{""arch"": null, ""for"": [""html""], ""platforms"": [""windows""]}"
markup,objectives/command-and-control/dropper/execution/markup::encoded-command-b64-prefix,atomic,suspicious,Encoded PowerShell command blob prefix,objectives/command-and-control/dropper/execution/markup/html.yaml,,"{""substr"": ""Y0c5M1pYSnphR1ZzYkNBdGR5QnRhVzVwSUMxaklIQnBibWNnWjI5dloyeGxMbU52YlNBdGJpQTBP"", ""type"": ""text""}","{""arch"": null, ""for"": [""html""], ""platforms"": [""windows"", ""unix""]}"
markup,objectives/command-and-control/dropper/execution/markup::encoded-state-key-a,atomic,suspicious,Encoded site repair state key,objectives/command-and-control/dropper/execution/markup/html.yaml,,"{""encoding"": ""xor"", ""substr"": ""site_repair_state"", ""type"": ""encoded""}","{""arch"": null, ""for"": [""html""], ""platforms"": [""windows"", ""unix""]}"
markup,objectives/command-and-control/dropper/execution/markup::encoded-state-key-b,atomic,suspicious,Encoded browser download state key,objectives/command-and-control/dropper/execution/markup/html.yaml,,"{""encoding"": ""xor"", ""substr"": ""bw-downloaded"", ""type"": ""encoded""}","{""arch"": null, ""for"": [""html""], ""platforms"": [""windows"", ""unix""]}"
markup,objectives/command-and-control/dropper/execution/markup::encoded-theme-browser,atomic,suspicious,Encoded browser theme stage map,objectives/command-and-control/dropper/execution/markup/html.yaml,,"{""encoding"": ""xor"", ""substr"": ""browser:'v1.js'"", ""type"": ""encoded""}","{""arch"": null, ""for"": [""html""], ""platforms"": [""windows"", ""unix""]}"
markup,objectives/command-and-control/dropper/execution/markup::encoded-theme-font,atomic,suspicious,Encoded font theme stage map,objectives/command-and-control/dropper/execution/markup/html.yaml,,"{""encoding"": ""xor"", ""substr"": ""font:'v2.js'"", ""type"": ""encoded""}","{""arch"": null, ""for"": [""html""], ""platforms"": [""windows"", ""unix""]}"
markup,objectives/command-and-control/dropper/execution/markup::encoded-theme-recaptcha,atomic,suspicious,Encoded recaptcha theme stage map,objectives/command-and-control/dropper/execution/markup/html.yaml,,"{""encoding"": ""xor"", ""substr"": ""recaptcha:'v3.js'"", ""type"": ""encoded""}","{""arch"": null, ""for"": [""html""], ""platforms"": [""windows"", ""unix""]}"
markup,objectives/command-and-control/dropper/execution/markup::encoded-theme-bsod,atomic,suspicious,Encoded bsod theme stage map,objectives/command-and-control/dropper/execution/markup/html.yaml,,"{""encoding"": ""xor"", ""substr"": ""bsod:'v4.js'"", ""type"": ""encoded""}","{""arch"": null, ""for"": [""html""], ""platforms"": [""windows"", ""unix""]}"
markup,objectives/command-and-control/dropper/execution/markup::encoded-theme-cloudflare,atomic,suspicious,Encoded cloudflare theme stage map,objectives/command-and-control/dropper/execution/markup/html.yaml,,"{""encoding"": ""xor"", ""substr"": ""cloudflare:'v6.js'"", ""type"": ""encoded""}","{""arch"": null, ""for"": [""html""], ""platforms"": [""windows"", ""unix""]}"
markup,objectives/command-and-control/dropper/execution/markup::encoded-secondary-script-loader,atomic,suspicious,Encoded dynamic injection for cf.js stage,objectives/command-and-control/dropper/execution/markup/html.yaml,,"{""encoding"": ""xor"", ""regex"": ""createElement\\(['\""]script['\""]\\)[\\s\\S]{0,220}cf\\.js\\?v=1[\\s\\S]{0,220}appendChild"", ""type"": ""encoded""}","{""arch"": null, ""for"": [""html""], ""platforms"": [""windows"", ""unix""]}"
markup,objectives/command-and-control/dropper/execution/markup::encoded-fallback-c2-domain,atomic,suspicious,Encoded fallback C2 domain,objectives/command-and-control/dropper/execution/markup/html.yaml,,"{""encoding"": ""xor"", ""substr"": ""cloudflare-check.cfd"", ""type"": ""encoded""}","{""arch"": null, ""for"": [""html""], ""platforms"": [""windows"", ""unix""]}"
markup,objectives/command-and-control/dropper/execution/markup::encoded-api-crypto-a,atomic,suspicious,Encoded AES-GCM API wrapper,objectives/command-and-control/dropper/execution/markup/html.yaml,,"{""encoding"": ""xor"", ""substr"": ""AES-GCM"", ""type"": ""encoded""}","{""arch"": null, ""for"": [""html""], ""platforms"": [""windows"", ""unix""]}"
markup,objectives/command-and-control/dropper/execution/markup::encoded-api-crypto-b,atomic,suspicious,Encoded RC4 API wrapper,objectives/command-and-control/dropper/execution/markup/html.yaml,,"{""encoding"": ""xor"", ""substr"": ""rc4("", ""type"": ""encoded""}","{""arch"": null, ""for"": [""html""], ""platforms"": [""windows"", ""unix""]}"
markup,objectives/command-and-control/dropper/execution/markup::encoded-api-crypto-c,atomic,suspicious,Encoded subtle decrypt wrapper,objectives/command-and-control/dropper/execution/markup/html.yaml,,"{""encoding"": ""xor"", ""substr"": ""crypto.subtle.decrypt"", ""type"": ""encoded""}","{""arch"": null, ""for"": [""html""], ""platforms"": [""windows"", ""unix""]}"
markup,objectives/command-and-control/dropper/execution/markup::encoded-localstorage-get,atomic,suspicious,Encoded localStorage getItem gate,objectives/command-and-control/dropper/execution/markup/html.yaml,,"{""encoding"": ""xor"", ""substr"": ""localStorage.getItem(LEGACY_STORAGE_KEY)"", ""type"": ""encoded""}","{""arch"": null, ""for"": [""html""], ""platforms"": [""windows"", ""unix""]}"
markup,objectives/command-and-control/dropper/execution/markup::encoded-localstorage-set,atomic,suspicious,Encoded localStorage setItem gate,objectives/command-and-control/dropper/execution/markup/html.yaml,,"{""encoding"": ""xor"", ""substr"": ""localStorage.setItem(LOCAL_STORAGE_KEY,legacy)"", ""type"": ""encoded""}","{""arch"": null, ""for"": [""html""], ""platforms"": [""windows"", ""unix""]}"
markup,objectives/command-and-control/dropper/execution/markup::encoded-localstorage-remove,atomic,suspicious,Encoded localStorage removeItem gate,objectives/command-and-control/dropper/execution/markup/html.yaml,,"{""encoding"": ""xor"", ""substr"": ""localStorage.removeItem(LEGACY_STORAGE_KEY)"", ""type"": ""encoded""}","{""arch"": null, ""for"": [""html""], ""platforms"": [""windows"", ""unix""]}"
markup,objectives/command-and-control/dropper/execution/markup::encoded-browser-state-keys,composite,suspicious,Encoded browser state keys,objectives/command-and-control/dropper/execution/markup/html.yaml,encoded-state-key-a;encoded-state-key-b,"""""","{""arch"": null, ""for"": [""html""], ""platforms"": [""windows"", ""unix""]}"
markup,objectives/command-and-control/dropper/execution/markup::encoded-multi-theme-mode-map,composite,suspicious,Encoded lure theme mode map,objectives/command-and-control/dropper/execution/markup/html.yaml,encoded-theme-browser;encoded-theme-font;encoded-theme-recaptcha;encoded-theme-bsod;encoded-theme-cloudflare,"""""","{""arch"": null, ""for"": [""html""], ""platforms"": [""windows"", ""unix""]}"
markup,objectives/command-and-control/dropper/execution/markup::encoded-api-crypto-wrapper,composite,suspicious,Encoded API crypto wrapper,objectives/command-and-control/dropper/execution/markup/html.yaml,encoded-api-crypto-a;encoded-api-crypto-b;encoded-api-crypto-c,"""""","{""arch"": null, ""for"": [""html""], ""platforms"": [""windows"", ""unix""]}"
markup,objectives/command-and-control/dropper/execution/markup::encoded-localstorage-gating,composite,suspicious,Encoded localStorage migration gate,objectives/command-and-control/dropper/execution/markup/html.yaml,encoded-localstorage-get;encoded-localstorage-set;encoded-localstorage-remove,"""""","{""arch"": null, ""for"": [""html""], ""platforms"": [""windows"", ""unix""]}"
markup,objectives/command-and-control/dropper/execution/markup::browser-blockchain-stage-loader,composite,hostile,Polygon contract staging URL loader,objectives/command-and-control/dropper/execution/markup/html.yaml,objectives/command-and-control/infrastructure/blockchain/multi-chain::smart-contract-c2-dead-drop-b64xor255;encoded-secondary-script-loader;encoded-browser-state-keys;encoded-localstorage-gating;encoded-api-crypto-wrapper;encoded-fallback-c2-domain;encoded-multi-theme-mode-map,"""""","{""arch"": null, ""for"": [""html""], ""platforms"": [""windows"", ""unix""]}"
markup,objectives/command-and-control/dropper/execution/markup::fake-cloudflare-blockchain-loader,composite,hostile,Blockchain-resolved Cloudflare stage dropper,objectives/command-and-control/dropper/execution/markup/html.yaml,objectives/credential-access/phishing/captcha::cloudflare-turnstile;browser-blockchain-stage-loader;objectives/anti-static/obfuscation/syntax::html-xor-self-decoding-loader,"""""","{""arch"": null, ""for"": [""html""], ""platforms"": [""windows"", ""unix""]}"
markup,objectives/command-and-control/dropper/execution/markup::clipboard-powershell-temp-dropper,composite,hostile,Clipboard PowerShell TEMP dropper,objectives/command-and-control/dropper/execution/markup/html.yaml,encoded-hidden-powershell-variable;encoded-command-b64-prefix;objectives/execution/lure/clipboard/page::clipboard-copy-command-lure;powershell-mini-window;connectivity-delay-ping;objectives/execution/lure/clipboard/page::fake-cloudflare-windows-clipboard-execution,"""""","{""arch"": null, ""for"": [""html""], ""platforms"": [""windows""]}"
masquerade-loader,objectives/command-and-control/dropper/execution/masquerade-loader::laomaotao-packed-admin-dropper,composite,hostile,LaoMaoTao masquerade with embedded downloader,objectives/command-and-control/dropper/execution/masquerade-loader/laomaotao.yaml,objectives/evasion/masquerade/identity/fabricated::laomaotao-boot-tool-masquerade;metadata/binary/layout/embedded::pe-embedded;micro-behaviors/os/privilege/manifest::admin-manifest;micro-behaviors/communications/ftp/client::wininet-ftp-api;micro-behaviors/communications/http/client/urlmon::url-download-to-file-str;micro-behaviors/network/interface::get-adapters-info;metadata/binary/section/label::upx-section;objectives/anti-static/pack/detect::aspack-marker,"""""","{""arch"": null, ""for"": [""pe""], ""platforms"": [""windows""]}"
masquerade-loader,objectives/command-and-control/dropper/execution/masquerade-loader::sqlite-proxy-encrypted-overlay-loader,composite,hostile,SQLite proxy DLL encrypted overlay loader,objectives/command-and-control/dropper/execution/masquerade-loader/sqlite-proxy-loader.yaml,metadata/binary/symbols/exports::sqlite-api-with-private-wrapper-exports;metadata/binary/layout/overlay::overlay-dominates-80pct;micro-behaviors/crypto/symmetric/aes/cng::bcrypt-aes-cbc;micro-behaviors/crypto/symmetric/aes/cng::bcrypt-decrypt-api;metadata/binary/layout/tls::pe-multiple-tls-callbacks;micro-behaviors/os/sysinfo/hardware::gpu-vendor-enumeration;well-known/lib/data/sqlite/;metadata/signed/platform/,"""""","{""arch"": null, ""for"": [""pe"", ""dll""], ""platforms"": [""windows""]}"
masquerade-loader,objectives/command-and-control/dropper/execution/masquerade-loader::sqlite-proxy-native-injection-loader,composite,hostile,SQLite proxy DLL native injection loader,objectives/command-and-control/dropper/execution/masquerade-loader/sqlite-proxy-loader.yaml,metadata/binary/symbols/exports::sqlite-api-with-private-wrapper-exports;micro-behaviors/os/syscall/raw::nt-write-ssn;micro-behaviors/os/syscall/raw::nt-protect-ssn;micro-behaviors/mem/alloc/virtual::nt-allocate-virtual-memory-api;metadata/binary/layout/tls::pe-multiple-tls-callbacks;metadata/binary/layout/overlay::overlay-dominates-80pct;micro-behaviors/os/sysinfo/hardware::gpu-vendor-enumeration;well-known/lib/data/sqlite/;metadata/signed/platform/,"""""","{""arch"": null, ""for"": [""pe"", ""dll""], ""platforms"": [""windows""]}"
masquerade-loader,objectives/command-and-control/dropper/execution/masquerade-loader::7zip-branded-self-reading-memory-dropper,composite,hostile,Unsigned 7-Zip-branded PE decodes its overlay into executable memory,objectives/command-and-control/dropper/execution/masquerade-loader/windows-7zip-uninstaller-overlay.yaml,metadata/file/string/application-name::pe-product-name-7zip;metadata/signed/trust-level::unsigned-missing-signature-record;objectives/anti-static/obfuscation/payload/self-read::pe-overlay-self-extractor;objectives/evasion/process/injection/shellcode::rwx-memcpy-injection;metadata/signed/platform/;metadata/binary/installer/family/;objectives/impact/infect/binary/rewrite::parasitic-text-loader-overlay-host,"""""","{""arch"": null, ""for"": [""pe""], ""platforms"": [""windows""]}"
masquerade-loader,objectives/command-and-control/dropper/execution/masquerade-loader::7zip-uninstaller-overlay-wrapper,composite,suspicious,7-Zip uninstaller overlay wrapper,objectives/command-and-control/dropper/execution/masquerade-loader/windows-7zip-uninstaller-overlay.yaml,metadata/binary/installer/sfx::7zip-uninstaller-profile;metadata/binary/installer/sfx::7zip-sfx-runtime;metadata/binary/layout/ratio::overlay-over-90pct;micro-behaviors/fs/temp/directory::get-temp-path-name;micro-behaviors/fs/file/copy::copyfile-w;micro-behaviors/process/create/spawn::create-process-w;micro-behaviors/os/privilege/manifest::require-administrator,"""""","{""arch"": null, ""for"": [""pe""], ""platforms"": [""windows""]}"
masquerade-loader,objectives/command-and-control/dropper/execution/masquerade-loader::7zip-uninstaller-embedded-decoy,composite,suspicious,Packed wrapper with embedded 7-Zip uninstaller decoy,objectives/command-and-control/dropper/execution/masquerade-loader/windows-7zip-uninstaller-overlay.yaml,metadata/file/string/application-name::tool-identity-7zip;metadata/binary/layout/embedded::pe-embedded;metadata/file/string/application-name::official-7zip-dll-reference;objectives/anti-static/pack/detect::aspack-marker;objectives/anti-static/obfuscation/payload/import::minimal-pe-dynamic-load;metadata/binary/section/ratio::overlay-over-20pct-pe,"""""","{""arch"": null, ""for"": [""pe""], ""platforms"": [""windows""]}"
masquerade-loader,objectives/command-and-control/dropper/execution/masquerade-loader::7zip-uninstaller-download-loader,composite,hostile,7-Zip decoy downloads staged loader,objectives/command-and-control/dropper/execution/masquerade-loader/windows-7zip-uninstaller-overlay.yaml,7zip-uninstaller-embedded-decoy;micro-behaviors/communications/http/client/urlmon::url-download-to-file-str;objectives/evasion/masquerade/identity/mimicry::non-microsoft-windowsupdate-path;objectives/anti-static/obfuscation/payload/import::minimal-pe-dynamic-load;micro-behaviors/dylib/load/runtime::load-library-a-string-no-import;objectives/anti-static/pack/detect::aspack-marker;micro-behaviors/os/privilege/manifest::require-administrator,"""""","{""arch"": null, ""for"": [""pe""], ""platforms"": [""windows""]}"
masquerade-loader,objectives/command-and-control/dropper/execution/masquerade-loader::7zip-uninstaller-embedded-dropper,composite,hostile,Packed 7-Zip uninstaller decoy dropper,objectives/command-and-control/dropper/execution/masquerade-loader/windows-7zip-uninstaller-overlay.yaml,metadata/file/string/application-name::tool-identity-7zip;metadata/binary/layout/embedded::pe-embedded;micro-behaviors/process/create/spawn::create-process-w;metadata/file/string/application-name::official-7zip-dll-reference;objectives/anti-static/pack/detect::aspack-marker;objectives/anti-static/obfuscation/payload/import::minimal-pe-dynamic-load;metadata/binary/installer/sfx/,"""""","{""arch"": null, ""for"": [""pe""], ""platforms"": [""windows""]}"
masquerade-loader,objectives/command-and-control/dropper/execution/masquerade-loader::7zip-uninstaller-embedded-c2-loader,composite,hostile,Packed 7-Zip decoy with C2 endpoint,objectives/command-and-control/dropper/execution/masquerade-loader/windows-7zip-uninstaller-overlay.yaml,metadata/file/string/application-name::tool-identity-7zip;metadata/binary/layout/embedded::pe-embedded;micro-behaviors/communications/ip/endpoint::external-ipv4-port-data-literal;objectives/anti-static/pack/detect::aspack-marker;objectives/anti-static/obfuscation/payload/import::minimal-pe-dynamic-load;metadata/binary/section/ratio::overlay-over-20pct-pe,"""""","{""arch"": null, ""for"": [""pe""], ""platforms"": [""windows""]}"
masquerade-loader,objectives/command-and-control/dropper/execution/masquerade-loader::7zip-uninstaller-java-stage-dropper,composite,hostile,7-Zip uninstaller with Java stage,objectives/command-and-control/dropper/execution/masquerade-loader/windows-7zip-uninstaller-overlay.yaml,objectives/command-and-control/dropper/execution/masquerade-loader::7zip-uninstaller-overlay-wrapper;micro-behaviors/os/privilege/manifest::require-administrator;metadata/vendor/string::java-platform-string;micro-behaviors/data/runtime/keywords;micro-behaviors/dylib/lookup::get-proc-address;micro-behaviors/os/registry/access::registry-query-value-api,"""""","{""arch"": null, ""for"": [""pe""], ""platforms"": [""windows""]}"
masquerade-loader,objectives/command-and-control/dropper/execution/masquerade-loader::mozilla-webapprt-7zip-overlay-dropper,composite,hostile,Mozilla WebAppRT 7-Zip overlay dropper,objectives/command-and-control/dropper/execution/masquerade-loader/windows-7zip-uninstaller-overlay.yaml,objectives/command-and-control/dropper/staging/signed-bundle::mozilla-webapprt-host;metadata/signed/unknown::mozilla-corporation;metadata/binary/installer/sfx::7zip-uninstaller-overlay-profile;metadata/binary/layout/embedded::pe-embedded;micro-behaviors/process/create/spawn::create-process-w;micro-behaviors/fs/temp/directory::get-temp-path-name;micro-behaviors/os/privilege/manifest::msi-embedded-require-administrator;micro-behaviors/os/registry/access::reg-open-key-ex-w-symbol;objectives/anti-static/obfuscation/payload/self-read::self-read-file-import-chain,"""""","{""arch"": null, ""for"": [""pe""], ""platforms"": [""windows""]}"
masquerade-loader,objectives/command-and-control/dropper/execution/masquerade-loader::com-scripted-persistent-dropper,composite,hostile,COM-scripted native dropper with persistence and execution,objectives/command-and-control/dropper/execution/masquerade-loader/windows-com-ie.yaml,micro-behaviors/os/com/invoke::ole-initialize;micro-behaviors/os/com/invoke::co-create-instance;micro-behaviors/fs/file/open::file-create-win;micro-behaviors/fs/write/file/handle::write-file;micro-behaviors/process/create/spawn::create-process-w;micro-behaviors/os/registry/access::registry-write-api-chain;micro-behaviors/os/registry/access::registry-transacted-api-name-chain;objectives/evasion/indicator-removal/timestamps::timestomp-with-file-copy;micro-behaviors/os/privilege/manifest::admin-manifest;micro-behaviors/communications/http/client/wininet::wininet-http-api-cluster;micro-behaviors/communications/http/message::content-range-bytes-format;metadata/signed/unknown::tencent-technologyshenzhen-company-limited;well-known/app/utility/siw::siw-family-identity;well-known/app/system/miktex::miktex-setup-wizard,"""""","{""arch"": null, ""for"": [""pe""], ""platforms"": [""windows""]}"
masquerade-loader,objectives/command-and-control/dropper/execution/masquerade-loader::browser-com-wininet-stager,composite,hostile,Browser COM WinInet stager with payload handoff,objectives/command-and-control/dropper/execution/masquerade-loader/windows-com-ie.yaml,micro-behaviors/os/com/automation::activex-browser-host;micro-behaviors/os/com/invoke::co-create-instance;micro-behaviors/communications/http/client/wininet::wininet-http-flow;micro-behaviors/process/create/system::shell-execute-ex-a;micro-behaviors/os/com/invoke::co-initialize;micro-behaviors/os/com/invoke::ole-initialize;micro-behaviors/os/registry/access::registry-write-api-chain;micro-behaviors/communications/http/client/wininet::wininet-cache-cleanup-after-fetch;objectives/anti-static/obfuscation/payload/self-read::self-read-file-chain;objectives/evasion/self-delete/file/script::slash-c-del-fragment;well-known/app/system/miktex::miktex-setup-wizard,"""""","{""arch"": null, ""for"": [""pe""], ""platforms"": [""windows""]}"
masquerade-loader,objectives/command-and-control/dropper/execution/masquerade-loader::elevated-com-dropper-profile,composite,suspicious,Elevated COM dropper profile with anti-analysis,objectives/command-and-control/dropper/execution/masquerade-loader/windows-com-ie.yaml,micro-behaviors/os/com/invoke::ole-initialize;micro-behaviors/os/com/invoke::co-create-instance;micro-behaviors/process/create/spawn::create-process-w;objectives/anti-analysis/debugger-detect/check::is-debugger-present;micro-behaviors/ui/window/probe::get-desktop-window;micro-behaviors/os/privilege/manifest::admin-manifest;metadata/binary/section/layout::encrypted-rdata-installer-stub-layout;metadata/binary/layout/entropy::high-entropy-data;metadata/binary/installer/family/;well-known/tool/sysadmin/universal-extractor::universal-extractor-updater;well-known/app/utility/installer::uniextract-installer;metadata/signed/platform/;metadata/signed/unknown::tencent-technologyshenzhen-company-limited;well-known/tool/sysadmin/winrar/;well-known/app/system/miktex::miktex-setup-wizard,"""""","{""arch"": null, ""for"": [""pe""], ""platforms"": [""windows""]}"
masquerade-loader,objectives/command-and-control/dropper/execution/masquerade-loader::mixed-endpoint-timer-loader,composite,hostile,Mixed-endpoint timer-gated Windows loader,objectives/command-and-control/dropper/execution/masquerade-loader/windows-endpoint-timer-loader.yaml,objectives/command-and-control/infrastructure/ip-port::embedded-ipv4-endpoint-pair;micro-behaviors/communications/ip/endpoint::private-ipv4-port-10-binary;micro-behaviors/os/module/load::dynamic-self-resolution-imports;micro-behaviors/time/schedule/waitable::create-and-set-waitable-timer;objectives/anti-analysis/debugger-detect/check::debugger-check-with-guards;micro-behaviors/mem/protect/modify::virtual-protect;metadata/binary/debug::pdb-random-basename;micro-behaviors/os/env/modify::set-environment-variable-wide;metadata/signed/platform/;metadata/binary/vendor::microsoft-corp-versioninfo,"""""","{""arch"": null, ""for"": [""pe""], ""platforms"": [""windows""]}"
masquerade-loader,objectives/command-and-control/dropper/execution/masquerade-loader::randomized-pdb-bootstrap-loader,composite,suspicious,Randomized PDB bootstrap loader profile,objectives/command-and-control/dropper/execution/masquerade-loader/windows-endpoint-timer-loader.yaml,metadata/binary/debug::pdb-random-basename;metadata/binary/framework::mscoree-name;objectives/anti-analysis/timing/evasion::waitable-timer-sleep-mask;objectives/command-and-control/infrastructure/ip-port::embedded-ipv4-endpoint-pair;objectives/anti-analysis/debugger-detect/check::is-debugger-present-symbol;micro-behaviors/os/env/modify::set-environment-variable-wide;metadata/signed/platform/,"""""","{""arch"": null, ""for"": [""pe""], ""platforms"": [""windows""]}"
masquerade-loader,objectives/command-and-control/dropper/execution/masquerade-loader::oracle-java-onenote-stage-cluster,composite,suspicious,Oracle Java wrapper with OneNote stage markers,objectives/command-and-control/dropper/execution/masquerade-loader/windows-oracle-onenote-wrapper.yaml,metadata/signed/unknown::oracle-america;metadata/binary/layout/ratio::multiple-pe-embedded;metadata/binary/section/ratio::pe-largest-section-under-ten-percent;objectives/evasion/masquerade/identity/mimicry::onenotem-filename;metadata/binary/layout/ratio::mavinject32-name-loose;objectives/evasion/masquerade/identity/fabricated::office-onenote-options-other-policy;metadata/binary/layout/overlay::jar-manifest-marker,"""""","{""arch"": null, ""for"": [""pe""], ""platforms"": [""windows""]}"
masquerade-loader,objectives/command-and-control/dropper/execution/masquerade-loader::oracle-java-onenote-com-loader,composite,hostile,Oracle Java wrapper drops OneNote COM loader,objectives/command-and-control/dropper/execution/masquerade-loader/windows-oracle-onenote-wrapper.yaml,objectives/command-and-control/dropper/execution/masquerade-loader::oracle-java-onenote-stage-cluster;metadata/binary/layout/ratio::mavinject32-name-loose;objectives/evasion/masquerade/identity/mimicry::onenotem-filename;objectives/evasion/masquerade/identity/fabricated::office-onenote-options-other-policy;metadata/binary/layout/overlay::jar-manifest-marker;metadata/vendor/string::java-platform-string,"""""","{""arch"": null, ""for"": [""pe""], ""platforms"": [""windows""]}"
masquerade-loader,objectives/command-and-control/dropper/execution/masquerade-loader::firseria-packed-loader,composite,hostile,Firseria-signed packed loader geometry,objectives/command-and-control/dropper/execution/masquerade-loader/windows-signed-masquerade-loader.yaml,metadata/signed/unknown::firseria;metadata/binary/layout/overlay::has-overlay;objectives/anti-static/obfuscation/binary-metrics/sparse-imports::import-count-under-80;metadata/binary/section/header::five-section-pe;objectives/evasion/masquerade/versioninfo::lowercase-underscore-internal-name;micro-behaviors/os/module/load::dynamic-self-resolution-imports;objectives/anti-static/obfuscation/payload/self-read::self-read-file-chain;objectives/anti-static/pack/entropy::high-entropy-data-section;objectives/anti-static/obfuscation/payload/section::loader-encrypted-dot-data;objectives/anti-static/obfuscation/payload/section::packed-loader-low-code-to-data-ratio,"""""","{""arch"": null, ""for"": [""pe""], ""platforms"": [""windows""]}"
masquerade-loader,objectives/command-and-control/dropper/execution/masquerade-loader::signed-update-masquerade-loader,composite,hostile,Signed updater masquerade loader cluster,objectives/command-and-control/dropper/execution/masquerade-loader/windows-signed-masquerade-loader.yaml,objectives/evasion/masquerade/cert::qihu-signed-windows-updater-masquerade;objectives/persistence/login/startup/registry::windows-error-reporting-run-key;objectives/command-and-control/infrastructure/ip-port::embedded-ipv4-endpoint-pair;micro-behaviors/communications/ip/endpoint::private-ipv4-port-10-binary;micro-behaviors/mem/protect/modify::getprocaddr-memory-loader-primitives;metadata/binary/debug::project161-visualstudio-pdb;objectives/anti-analysis/debugger-detect/check::is-debugger-present-symbol;micro-behaviors/time/timing/delay::query-performance-counter,"""""","{""arch"": null, ""for"": [""pe""], ""platforms"": [""windows""]}"
masquerade-loader,objectives/command-and-control/dropper/execution/masquerade-loader::signed-office-bundle-dropper,composite,hostile,Signed wrapper with embedded PE stages,objectives/command-and-control/dropper/execution/masquerade-loader/windows-signed-masquerade-loader.yaml,metadata/signed/unknown::maksim-moisiuk;metadata/signed/certificate/identity::open-source-developer-leaf-subject;metadata/binary/layout/embedded::pe-embedded;metadata/binary/layout/overlay::has-overlay;objectives/persistence/system/registry/com-hijack::clsid-registry-path;micro-behaviors/os/wsh/file::create-shortcut;micro-behaviors/process/create/spawn::create-process-w,"""""","{""arch"": null, ""for"": [""pe""], ""platforms"": [""windows""]}"
masquerade-loader,objectives/command-and-control/dropper/execution/masquerade-loader::signed-office-bundle-masquerade,composite,suspicious,Signed PE bundle with staged execution,objectives/command-and-control/dropper/execution/masquerade-loader/windows-signed-masquerade-loader.yaml,metadata/signed/unknown::maksim-moisiuk;metadata/signed/certificate/identity::open-source-developer-leaf-subject;metadata/binary/layout/embedded::pe-embedded;metadata/binary/layout/overlay::has-overlay;objectives/persistence/system/registry/com-hijack::clsid-registry-path;micro-behaviors/os/wsh/file::create-shortcut;micro-behaviors/process/create/spawn::create-process-w,"""""","{""arch"": null, ""for"": [""pe""], ""platforms"": [""windows""]}"
masquerade-loader,objectives/command-and-control/dropper/execution/masquerade-loader::mozilla-office-sync-dropper,composite,hostile,Mozilla signed Office sync dropper,objectives/command-and-control/dropper/execution/masquerade-loader/windows-signed-masquerade-loader.yaml,metadata/signed/unknown::mozilla-corporation;metadata/binary/layout/embedded::pe-embedded;metadata/vendor/string::java-platform-string;micro-behaviors/communications/http/client/urlmon::url-download-to-file-str;objectives/persistence/login/startup/registry::software-run-key,"""""","{""arch"": null, ""for"": [""pe""], ""platforms"": [""windows""]}"
masquerade-loader,objectives/command-and-control/dropper/execution/masquerade-loader::mozilla-firefox-resource-stage-wrapper,composite,hostile,Mozilla signed Firefox wrapper with PE stage,objectives/command-and-control/dropper/execution/masquerade-loader/windows-signed-masquerade-loader.yaml,metadata/signed/unknown::mozilla-corporation;well-known/app/communication/thunderbird::legacy-firefox-bootstrap;metadata/binary/layout/embedded::pe-embedded;objectives/anti-analysis/debugger-detect/check::signed-firefox-wrapper-anti-analysis,"""""","{""arch"": null, ""for"": [""pe""], ""platforms"": [""windows""]}"
masquerade-loader,objectives/command-and-control/dropper/execution/masquerade-loader::verisign-brand-signed-zip-launcher,composite,hostile,Signed PE masquerading as VeriSign installer with ZIP loader payload,objectives/command-and-control/dropper/execution/masquerade-loader/windows-signed-masquerade-loader.yaml,objectives/evasion/masquerade/brand/installer::verisign-installer-version-resource-decoy;well-known/lib/format/minizip::zip-in-data-launcher-name-profile;metadata/binary/layout/checksum::pe-checksum-mismatch;metadata/signed/platform/,"""""","{""arch"": null, ""for"": [""pe""], ""platforms"": [""windows""]}"
masquerade-loader,objectives/command-and-control/dropper/execution/masquerade-loader::verisign-brand-encrypted-loader,composite,hostile,PE masquerading as VeriSign installer carries encrypted loader payload,objectives/command-and-control/dropper/execution/masquerade-loader/windows-signed-masquerade-loader.yaml,objectives/evasion/masquerade/brand/installer::verisign-installer-version-resource-decoy;objectives/anti-static/obfuscation/payload/section::encrypted-loader-data-geometry;micro-behaviors/data/embedded/payload/archive::zip-locals-in-data-pe;metadata/binary/layout/checksum::pe-checksum-mismatch;objectives/anti-analysis/debugger-detect/check::is-debugger-present-symbol;metadata/signed/platform/,"""""","{""arch"": null, ""for"": [""pe""], ""platforms"": [""windows""]}"
masquerade-loader,objectives/command-and-control/dropper/execution/masquerade-loader::telegram-taggant-loader,composite,hostile,Telegram desktop decoy packed loader,objectives/command-and-control/dropper/execution/masquerade-loader/windows-telegram-taggant-loader.yaml,objectives/evasion/masquerade/version-resource/telegram::telegram-desktop-version-resource;objectives/anti-static/pack/taggant::taggant-section;objectives/anti-static/pack/taggant::paired-lowercase-sections;metadata/binary/symbols/imports::single-import-raw;objectives/anti-static/obfuscation/binary-metrics/shape::many-wx-sections;objectives/evasion/indicator-removal/timestamps::timestamp-anomaly;metadata/binary/layout/ratio::overlay-size-metrics;metadata/signed/trust-level::signer-evidence-present;metadata/signed/platform/,"""""","{""arch"": null, ""for"": [""pe""], ""platforms"": [""windows""]}"
masquerade-loader,objectives/command-and-control/dropper/execution/masquerade-loader::unsigned-fake-version-loader,composite,hostile,Unsigned fake-version C2 loader,objectives/command-and-control/dropper/execution/masquerade-loader/windows-unsigned-masquerade-loader.yaml,objectives/evasion/masquerade/versioninfo::networked-fake-version-resource;objectives/command-and-control/infrastructure/ip-port::mixed-ipv4-endpoint-cluster;micro-behaviors/mem/protect/modify::getprocaddr-memory-loader-primitives;objectives/anti-analysis/debugger-detect/check::is-debugger-present-symbol;micro-behaviors/os/exception/error-handling::set-unhandled-exception-filter-import;micro-behaviors/process/debug/event::output-debug-string,"""""","{""arch"": null, ""for"": [""pe""], ""platforms"": [""windows""]}"
masquerade-loader,objectives/command-and-control/dropper/execution/masquerade-loader::unsigned-fake-version-locale-loader,composite,hostile,Unsigned fake-version locale-gated loader,objectives/command-and-control/dropper/execution/masquerade-loader/windows-unsigned-masquerade-loader.yaml,objectives/evasion/masquerade/versioninfo::dotted-quad-version-pair;objectives/discovery/system/locale::locale-and-environment-profiling-windows-loader;metadata/binary/section/entropy::elevated-text-entropy-section;metadata/binary/code/complexity::low-function-count-marker;micro-behaviors/process/debug/event::output-debug-string;metadata/binary/debug::pdb-numbered-path;micro-behaviors/process/terminate/kill::terminate-process;metadata/signed/platform;metadata/signed/certificate;metadata/signed/developer;well-known/app/ai/trae::aha-sandbox-pdb,"""""","{""arch"": null, ""for"": [""pe""], ""platforms"": [""windows""]}"
masquerade-loader,objectives/command-and-control/dropper/execution/masquerade-loader::unsigned-fake-version-loader-anti-analysis,composite,suspicious,Fake-version loader with anti-analysis,objectives/command-and-control/dropper/execution/masquerade-loader/windows-unsigned-masquerade-loader.yaml,objectives/evasion/masquerade/versioninfo::networked-fake-version-resource;objectives/anti-analysis/debugger-detect/check::is-debugger-present-symbol;micro-behaviors/os/exception/error-handling::set-unhandled-exception-filter-import;micro-behaviors/time/timing/delay::sleep-dup;micro-behaviors/process/debug/event::output-debug-string;micro-behaviors/time/query::get-tick-count;metadata/binary/resource/size::resource-heavy-rsrc;metadata/binary/symbols/count::many-imports,"""""","{""arch"": null, ""for"": [""pe""], ""platforms"": [""windows""]}"
msi,objectives/command-and-control/dropper/execution/msi::msi-edge-install-path,atomic,notable,MSI installs to Edge Application path,objectives/command-and-control/dropper/execution/msi/msi-edge-trojan.yaml,,"{""substr"": ""\\Microsoft\\Edge\\Application\\msedge_proxy.exe"", ""type"": ""text""}","{""arch"": null, ""for"": [""oledoc""], ""platforms"": [""windows""]}"
msi,objectives/command-and-control/dropper/execution/msi::msi-edge-proxy-trojan,composite,hostile,MSI trojan fronted by Edge proxy app,objectives/command-and-control/dropper/execution/msi/msi-edge-trojan.yaml,objectives/execution/lolbin/os::msi-edge-proxy-app;metadata/binary/installer/database::msi-persistence-libraries;micro-behaviors/os/wsh/file::create-shortcut;metadata/binary/installer/database::msi-anti-tamper,"""""","{""arch"": null, ""for"": [""oledoc""], ""platforms"": [""windows""]}"
msi,objectives/command-and-control/dropper/execution/msi::msi-lolbin-persistence-combo,composite,suspicious,MSI with LOLBin launch and scheduler,objectives/command-and-control/dropper/execution/msi/msi-edge-trojan.yaml,objectives/execution/lolbin/os::msi-edge-proxy-app;metadata/binary/installer/database::embedded-taskscheduler-dll;metadata/binary/installer/database::embedded-wmi-dll,"""""","{""arch"": null, ""for"": [""oledoc""], ""platforms"": [""windows""]}"
msi,objectives/command-and-control/dropper/execution/msi::chrome-updater-msi-identity,atomic,notable,MSI claims Chrome updater identity,objectives/command-and-control/dropper/execution/msi/msi.yaml,,"{""exact"": ""ChromeUpdate"", ""path"": ""office.subject"", ""type"": ""value""}","{""arch"": null, ""for"": [""oledoc"", ""msi""], ""platforms"": [""windows""]}"
msi,objectives/command-and-control/dropper/execution/msi::installfolder-wscript-launcher,atomic,suspicious,MSI launches installed VBS,objectives/command-and-control/dropper/execution/msi/msi.yaml,,"{""regex"": ""wscript\\.exe\\s+\""\\[INSTALLFOLDER\\].{0,200}\\.vbs\"""", ""type"": ""text""}","{""arch"": null, ""for"": [""oledoc"", ""msi""], ""platforms"": [""windows""]}"
msi,objectives/command-and-control/dropper/execution/msi::installfolder-powershell-payload,atomic,suspicious,MSI references installed PS1,objectives/command-and-control/dropper/execution/msi/msi.yaml,,"{""regex"": ""\\[INSTALLFOLDER\\].{0,200}\\.ps1"", ""type"": ""text""}","{""arch"": null, ""for"": [""oledoc"", ""msi""], ""platforms"": [""windows""]}"
msi,objectives/command-and-control/dropper/execution/msi::embedded-script-filenames,atomic,notable,MSI embeds named script stages,objectives/command-and-control/dropper/execution/msi/msi.yaml,,"{""regex"": ""(?i)\\b(november_block25\\.vbs|charlie_script48\\.ps1)\\b"", ""type"": ""text""}","{""arch"": null, ""for"": [""oledoc"", ""msi""], ""platforms"": [""windows""]}"
msi,objectives/command-and-control/dropper/execution/msi::embedded-vbs-stage,atomic,suspicious,MSI references VBS stage,objectives/command-and-control/dropper/execution/msi/msi.yaml,metadata/lang/locale::gettext-po-catalog,"{""regex"": ""(?i)\\.vbs\\b"", ""type"": ""text""}","{""arch"": null, ""for"": [""oledoc"", ""msi""], ""platforms"": [""windows""]}"
msi,objectives/command-and-control/dropper/execution/msi::embedded-ps1-stage,atomic,notable,MSI references PS1 stage,objectives/command-and-control/dropper/execution/msi/msi.yaml,metadata/lang/locale::gettext-po-catalog,"{""regex"": ""(?i)\\.ps1\\b"", ""type"": ""text""}","{""arch"": null, ""for"": [""oledoc"", ""msi""], ""platforms"": [""windows""]}"
msi,objectives/command-and-control/dropper/execution/msi::wscript-vbs-file-vbscript,atomic,suspicious,MSI runs VBS through WScript,objectives/command-and-control/dropper/execution/msi/msi.yaml,,"{""regex"": ""(?i)wscript\\.exe\\s+//B\\s+//?E:vbscript\\s+\""[\\w.-]{6,}\\.vbs\"""", ""type"": ""text""}","{""arch"": null, ""for"": [""oledoc"", ""msi""], ""platforms"": [""windows""]}"
msi,objectives/command-and-control/dropper/execution/msi::wscript-extensionless-vbscript,atomic,suspicious,MSI runs extensionless VBScript,objectives/command-and-control/dropper/execution/msi/msi.yaml,,"{""regex"": ""wscript\\.exe\\s+//B\\s+/e:vbscript\\s+\""[A-Za-z0-9_-]{6,}\"""", ""type"": ""text""}","{""arch"": null, ""for"": [""oledoc"", ""msi""], ""platforms"": [""windows""]}"
msi,objectives/command-and-control/dropper/execution/msi::randomized-vbs-install-names,atomic,suspicious,MSI installs randomized VBS names,objectives/command-and-control/dropper/execution/msi/msi.yaml,,"{""regex"": ""(?i)[A-Za-z0-9_-]{6,}\\|[A-Za-z0-9_-]{6,}\\.vbs"", ""type"": ""text""}","{""arch"": null, ""for"": [""oledoc"", ""msi""], ""platforms"": [""windows""]}"
msi,objectives/command-and-control/dropper/execution/msi::localappdata-random-directory,atomic,notable,MSI uses randomized LocalAppData directory,objectives/command-and-control/dropper/execution/msi/msi.yaml,,"{""regex"": ""(?i)LocalAppDataFolder.{0,120}[A-Za-z0-9_-]{6,}\\|[A-Za-z0-9_-]{8,24}"", ""type"": ""raw""}","{""arch"": null, ""for"": [""oledoc"", ""msi""], ""platforms"": [""windows""]}"
msi,objectives/command-and-control/dropper/execution/msi::msi-vbs-localappdata-exe-path,atomic,suspicious,MSI VBS builds LocalAppData EXE path,objectives/command-and-control/dropper/execution/msi/msi.yaml,,"{""regex"": ""%LOCALAPPDATA%\""\\).{0,160}\\\\[A-Za-z0-9]{8,24}\\\\[A-Za-z0-9]{8,16}\\.exe"", ""type"": ""text""}","{""arch"": null, ""for"": [""oledoc"", ""msi""], ""platforms"": [""windows""]}"
msi,objectives/command-and-control/dropper/execution/msi::msi-vbs-hidden-shell-run,atomic,suspicious,MSI VBS runs process hidden,objectives/command-and-control/dropper/execution/msi/msi.yaml,,"{""regex"": ""\\.Run\\s+[A-Za-z0-9_]{6,},0,False"", ""type"": ""text""}","{""arch"": null, ""for"": [""oledoc"", ""msi""], ""platforms"": [""windows""]}"
msi,objectives/command-and-control/dropper/execution/msi::msi-vbs-hidden-command-run,atomic,suspicious,MSI VBS runs PowerShell hidden,objectives/command-and-control/dropper/execution/msi/msi.yaml,,"{""regex"": ""(?i)\\.Run\\s+\""powershell.{1,240},\\s*0,\\s*False"", ""type"": ""text""}","{""arch"": null, ""for"": [""oledoc"", ""msi""], ""platforms"": [""windows""]}"
msi,objectives/command-and-control/dropper/execution/msi::msi-powershell-irm-iex-pipeline,atomic,suspicious,MSI PowerShell IRM eval pipeline,objectives/command-and-control/dropper/execution/msi/msi.yaml,,"{""regex"": ""(?i)powershell\\s+\""\""?irm\\s+[a-z0-9][a-z0-9.-]*\\.[a-z]{2,}\\|iex"", ""type"": ""text""}","{""arch"": null, ""for"": [""oledoc"", ""msi""], ""platforms"": [""windows""]}"
msi,objectives/command-and-control/dropper/execution/msi::msi-vbs-sleep-before-exec,atomic,notable,MSI VBS sleeps before execution,objectives/command-and-control/dropper/execution/msi/msi.yaml,,"{""regex"": ""WScript\\.Sleep\\s+[1-9][0-9]{3,5}"", ""type"": ""text""}","{""arch"": null, ""for"": [""oledoc"", ""msi""], ""platforms"": [""windows""]}"
msi,objectives/command-and-control/dropper/execution/msi::msi-defender-exclusion-powershell,atomic,suspicious,MSI PowerShell adds Defender exclusion,objectives/command-and-control/dropper/execution/msi/msi.yaml,,"{""regex"": ""(?i)Add-MpPrefer`?ence.{0,80}-Exclusion(Path|Process)"", ""type"": ""text""}","{""arch"": null, ""for"": [""oledoc"", ""msi""], ""platforms"": [""windows""]}"
msi,objectives/command-and-control/dropper/execution/msi::msi-webclient-payload-download,atomic,suspicious,MSI PowerShell downloads staged payload,objectives/command-and-control/dropper/execution/msi/msi.yaml,,"{""regex"": ""(?i)Net\\.WebClient.{0,80}\\.Download(File|Data)\\("", ""type"": ""text""}","{""arch"": null, ""for"": [""oledoc"", ""msi""], ""platforms"": [""windows""]}"
msi,objectives/command-and-control/dropper/execution/msi::msi-disguised-stage-url,atomic,notable,MSI downloads disguised payload URL,objectives/command-and-control/dropper/execution/msi/msi.yaml,,"{""regex"": ""(?i)https://[A-Za-z0-9.-]{4,80}/[^\""']{1,80}\\.(png|jar)"", ""type"": ""text""}","{""arch"": null, ""for"": [""oledoc"", ""msi""], ""platforms"": [""windows""]}"
msi,objectives/command-and-control/dropper/execution/msi::msi-conhost-hidden-powershell,atomic,suspicious,MSI schedules headless PowerShell,objectives/command-and-control/dropper/execution/msi/msi.yaml,,"{""regex"": ""(?i)conhost\\.exe.{0,40}--headless.{0,40}powershell\\.exe"", ""type"": ""text""}","{""arch"": null, ""for"": [""oledoc"", ""msi""], ""platforms"": [""windows""]}"
msi,objectives/command-and-control/dropper/execution/msi::msi-scheduledtask-logon,atomic,suspicious,MSI registers logon scheduled task,objectives/command-and-control/dropper/execution/msi/msi.yaml,,"{""regex"": ""(?i)New-ScheduledTaskTrigger\\s+-AtLogOn"", ""type"": ""text""}","{""arch"": null, ""for"": [""oledoc"", ""msi""], ""platforms"": [""windows""]}"
msi,objectives/command-and-control/dropper/execution/msi::msi-aes-reflective-loader,atomic,suspicious,MSI embeds PBKDF AES loader,objectives/command-and-control/dropper/execution/msi/msi.yaml,,"{""substr"": ""Rfc2898DeriveBytes"", ""type"": ""text""}","{""arch"": null, ""for"": [""oledoc"", ""msi""], ""platforms"": [""windows""]}"
msi,objectives/command-and-control/dropper/execution/msi::msi-gzip-decompress-stage,atomic,suspicious,MSI contains GZip stage decompressor,objectives/command-and-control/dropper/execution/msi/msi.yaml,,"{""regex"": ""(?i)(System\\.)?IO\\.Compression\\.GZipStream"", ""type"": ""text""}","{""arch"": null, ""for"": [""oledoc"", ""msi""], ""platforms"": [""windows""]}"
msi,objectives/command-and-control/dropper/execution/msi::msi-reflective-assembly-load,atomic,suspicious,MSI embeds reflective assembly load,objectives/command-and-control/dropper/execution/msi/msi.yaml,,"{""regex"": ""(?i)Reflection\\.Assembly.{0,24}::Load\\("", ""type"": ""text""}","{""arch"": null, ""for"": [""oledoc"", ""msi""], ""platforms"": [""windows""]}"
msi,objectives/command-and-control/dropper/execution/msi::msi-reflective-entrypoint-invoke,atomic,suspicious,MSI invokes reflected assembly entrypoint,objectives/command-and-control/dropper/execution/msi/msi.yaml,,"{""regex"": ""(?i)(EntryPoint|GetMethod).{0,80}\\.Invoke\\("", ""type"": ""text""}","{""arch"": null, ""for"": [""oledoc"", ""msi""], ""platforms"": [""windows""]}"
msi,objectives/command-and-control/dropper/execution/msi::msi-powershell-exe-raw,atomic,component,MSI embeds PowerShell executable text,objectives/command-and-control/dropper/execution/msi/msi.yaml,,"{""regex"": ""(?i)powershell(\\.exe)?"", ""type"": ""text""}","{""arch"": null, ""for"": [""oledoc"", ""msi""], ""platforms"": [""windows""]}"
msi,objectives/command-and-control/dropper/execution/msi::msi-hidden-window-raw,atomic,notable,MSI embeds hidden window flag,objectives/command-and-control/dropper/execution/msi/msi.yaml,,"{""regex"": ""(?i)(WindowStyle\\s+Hidden|-w\\s+h|-w\\s+hidden)"", ""type"": ""text""}","{""arch"": null, ""for"": [""oledoc"", ""msi""], ""platforms"": [""windows""]}"
msi,objectives/command-and-control/dropper/execution/msi::msi-encoded-command-raw,atomic,notable,MSI embeds encoded command flag,objectives/command-and-control/dropper/execution/msi/msi.yaml,,"{""regex"": ""(?i)([-/](EncodedCommand|enc)\\b|(powershell|pwsh)(\\.exe)?.{0,80}[-/]e\\b)"", ""type"": ""raw""}","{""arch"": null, ""for"": [""oledoc"", ""msi""], ""platforms"": [""windows""]}"
msi,objectives/command-and-control/dropper/execution/msi::msi-systeminfo-json-beacon,atomic,suspicious,MSI beacons antivirus metadata,objectives/command-and-control/dropper/execution/msi/msi.yaml,,"{""regex"": ""(?i)AntiVirusProduct.{0,240}ConvertTo-Json"", ""type"": ""text""}","{""arch"": null, ""for"": [""oledoc"", ""msi""], ""platforms"": [""windows""]}"
msi,objectives/command-and-control/dropper/execution/msi::msi-batch-vbs-launcher-files,atomic,suspicious,MSI stages BAT with VBS launcher,objectives/command-and-control/dropper/execution/msi/msi.yaml,,"{""regex"": ""(?i)\\.bat\\|[A-Za-z0-9_]+\\.bat.{0,120}\\.vbs\\|[A-Za-z0-9_]+\\.vbs"", ""type"": ""text""}","{""arch"": null, ""for"": [""oledoc"", ""msi""], ""platforms"": [""windows""]}"
msi,objectives/command-and-control/dropper/execution/msi::msi-localappdata-wscript-bat,atomic,suspicious,MSI installs WScript-named BAT,objectives/command-and-control/dropper/execution/msi/msi.yaml,,"{""regex"": ""(?i)LocalAppDataFolder.{0,160}wscript_[0-9]{3,6}\\.bat"", ""type"": ""text""}","{""arch"": null, ""for"": [""oledoc"", ""msi""], ""platforms"": [""windows""]}"
msi,objectives/command-and-control/dropper/execution/msi::msi-explorer-folder-vbs-target,atomic,notable,MSI uses Windows explorer directory,objectives/command-and-control/dropper/execution/msi/msi.yaml,,"{""regex"": ""\\[WindowsFolder\\]explorer\\.exe.{0,120}\\.vbs"", ""type"": ""text""}","{""arch"": null, ""for"": [""oledoc"", ""msi""], ""platforms"": [""windows""]}"
msi,objectives/command-and-control/dropper/execution/msi::msi-generated-ca-dll,atomic,notable,MSI embeds generated custom-action DLL,objectives/command-and-control/dropper/execution/msi/msi.yaml,,"{""regex"": ""msi_ca_[0-9]{8,12}\\.dll"", ""type"": ""text""}","{""arch"": null, ""for"": [""oledoc"", ""msi""], ""platforms"": [""windows""]}"
msi,objectives/command-and-control/dropper/execution/msi::msi-userprofile-desktop-stage,atomic,suspicious,MSI payload references user desktop,objectives/command-and-control/dropper/execution/msi/msi.yaml,,"{""regex"": ""USERPROFILE.{0,32}\\\\Desktop\\\\"", ""type"": ""text""}","{""arch"": null, ""for"": [""oledoc"", ""msi""], ""platforms"": [""windows""]}"
msi,objectives/command-and-control/dropper/execution/msi::msi-sideload-target-cryptbase-raw,atomic,notable,MSI references cryptbase.dll sideload target,objectives/command-and-control/dropper/execution/msi/msi.yaml,,"{""substr"": ""cryptbase.dll"", ""type"": ""text""}","{""arch"": null, ""for"": [""oledoc"", ""msi""], ""platforms"": [""windows""]}"
msi,objectives/command-and-control/dropper/execution/msi::msi-sideload-target-version-raw,atomic,component,MSI references version.dll sideload target,objectives/command-and-control/dropper/execution/msi/msi.yaml,,"{""substr"": ""version.dll"", ""type"": ""text""}","{""arch"": null, ""for"": [""oledoc"", ""msi""], ""platforms"": [""windows""]}"
msi,objectives/command-and-control/dropper/execution/msi::msi-exe2msi-winrar-sfx-profile,atomic,suspicious,MSI exe2msi WinRAR SFX profile,objectives/command-and-control/dropper/execution/msi/msi.yaml,,"{""source"": ""rule msi_exe2msi_winrar_sfx_profile {\n  strings:\n    $title = \""exe2msiSetupPackage\"" ascii wide\n    $author = \""QwertyLab\"" ascii wide\n    $sfx = \""WinRAR SFX module\"" ascii wide\n    $path = \""Path=C:\\\\Program Files (x86)\"" ascii wide\n    $setup = \""Setup=\"" ascii wide\n    $silent = \""Silent=1\"" ascii wide\n    $overwrite = \""Overwrite=1\"" ascii wide\n  condition:\n    uint32(0) == 0xe011cfd0 and\n    $title and $author and $sfx and $path and\n    #setup >= 2 and $silent and $overwrite\n}\n"", ""type"": ""yara""}","{""arch"": null, ""for"": [""oledoc"", ""msi""], ""platforms"": [""windows""]}"
msi,objectives/command-and-control/dropper/execution/msi::msi-sfx-sideload-targets-yara,atomic,notable,MSI SFX sideload target pair,objectives/command-and-control/dropper/execution/msi/msi.yaml,,"{""source"": ""rule msi_sfx_sideload_targets {\n  strings:\n    $version = \""version.dll\"" ascii wide\n    $cryptbase = \""cryptbase.dll\"" ascii wide\n  condition:\n    uint32(0) == 0xe011cfd0 and $version and $cryptbase\n}\n"", ""type"": ""yara""}","{""arch"": null, ""for"": [""oledoc"", ""msi""], ""platforms"": [""windows""]}"
msi,objectives/command-and-control/dropper/execution/msi::msi-powershell-table-implant,composite,suspicious,MSI table combines PowerShell and renamed file targets,objectives/command-and-control/dropper/execution/msi/msi.yaml,metadata/package/files/msi::msi-installation-database-title;metadata/binary/installer/database::msi-file-table-source-target-alias;metadata/binary/installer/database::msi-powershell-executable-raw;metadata/package/files/msi::ole-security-flag,"""""","{""arch"": null, ""for"": [""msi""], ""platforms"": [""windows""]}"
msi,objectives/command-and-control/dropper/execution/msi::msi-hidden-batch-archive-dropper,composite,hostile,MSI hides a batch launcher for an archived payload,objectives/command-and-control/dropper/execution/msi/msi.yaml,micro-behaviors/process/create/shell/wsh::msi-wscript-shell-run-call;micro-behaviors/process/create/shell/wsh::msi-hidden-programdata-batch-arguments;metadata/binary/installer/database::msi-rar-unrar-file-pair;metadata/binary/installer/database::msi-multiple-batch-files,"""""","{""arch"": null, ""for"": [""oledoc""], ""platforms"": [""windows""]}"
msi,objectives/command-and-control/dropper/execution/msi::chrome-updater-ntuser-cabinet-dropper,composite,hostile,Chrome updater MSI carries ntuser payload,objectives/command-and-control/dropper/execution/msi/msi.yaml,chrome-updater-msi-identity;metadata/binary/installer/database::msi-ntuser-member-raw;metadata/binary/installer/database::embedded-disk1-cab-raw,"""""","{""arch"": null, ""for"": [""oledoc"", ""msi""], ""platforms"": [""windows""]}"
msi,objectives/command-and-control/dropper/execution/msi::embedded-script-filename-pair,composite,suspicious,MSI embeds both stage names,objectives/command-and-control/dropper/execution/msi/msi.yaml,embedded-vbs-stage;embedded-ps1-stage,"""""","{""arch"": null, ""for"": [""oledoc"", ""msi""], ""platforms"": [""windows""]}"
msi,objectives/command-and-control/dropper/execution/msi::msi-randomized-userland-payload-stage,composite,suspicious,MSI stages randomized userland payloads,objectives/command-and-control/dropper/execution/msi/msi.yaml,metadata/binary/installer/database::msi-localappdata-install-root;metadata/binary/installer/database::msi-file-table-source-target-alias;randomized-vbs-install-names;localappdata-random-directory,"""""","{""arch"": null, ""for"": [""oledoc"", ""msi""], ""platforms"": [""windows""]}"
msi,objectives/command-and-control/dropper/execution/msi::msi-localappdata-vbs-exe-launcher,composite,hostile,MSI launches randomized userland EXE via VBS,objectives/command-and-control/dropper/execution/msi/msi.yaml,msi-randomized-userland-payload-stage;wscript-vbs-file-vbscript,"""""","{""arch"": null, ""for"": [""oledoc"", ""msi""], ""platforms"": [""windows""]}"
msi,objectives/command-and-control/dropper/execution/msi::chromeseqx-inno-dropper-chain,composite,hostile,ChromeSeqx helper launches staged Inno payload,objectives/command-and-control/dropper/execution/msi/msi.yaml,metadata/package/files/msi::msi-installation-database-title;metadata/binary/installer/database::dual-embedded-pe-streams;metadata/binary/installer/database::embedded-disk1-cab-raw;micro-behaviors/process/create/installer::advanced-installer-elevated-embedded-exe-launch;metadata/binary/installer/database::chromeseqx-oooo-pair;metadata/binary/installer/builder::ai-custom-action-dll-raw;metadata/binary/installer/builder::packaging-tool-banner-raw,"""""","{""arch"": null, ""for"": [""oledoc"", ""msi""], ""platforms"": [""windows""]}"
msi,objectives/command-and-control/dropper/execution/msi::msi-script-launcher,composite,suspicious,MSI launches staged script payload,objectives/command-and-control/dropper/execution/msi/msi.yaml,metadata/binary/installer/database::script-payload-cabinet;embedded-script-filenames;installfolder-wscript-launcher,"""""","{""arch"": null, ""for"": [""oledoc"", ""msi""], ""platforms"": [""windows""]}"
msi,objectives/command-and-control/dropper/execution/msi::msi-vbs-powershell-chain,composite,suspicious,MSI stages a VBS launcher for a PowerShell payload,objectives/command-and-control/dropper/execution/msi/msi.yaml,embedded-script-filename-pair;installfolder-wscript-launcher;installfolder-powershell-payload,"""""","{""arch"": null, ""for"": [""oledoc"", ""msi""], ""platforms"": [""windows""]}"
msi,objectives/command-and-control/dropper/execution/msi::msi-script-dropper-persistence,composite,hostile,MSI dropper with Run persistence,objectives/command-and-control/dropper/execution/msi/msi.yaml,msi-vbs-powershell-chain;micro-behaviors/os/registry/keys::currentversion-run;objectives/persistence/login/startup/registry::script-style-run-value,"""""","{""arch"": null, ""for"": [""oledoc""], ""platforms"": [""windows""]}"
msi,objectives/command-and-control/dropper/execution/msi::msi-wscript-userland-dropper,composite,hostile,MSI WScript staged payload dropper,objectives/command-and-control/dropper/execution/msi/msi.yaml,metadata/package/files/msi::msi-installation-database-title;metadata/binary/installer/database::embedded-mscf-cabinet;metadata/binary/installer/database::msi-localappdata-install-root;metadata/binary/installer/database::wscript-vbscript-custom-action-raw;wscript-extensionless-vbscript;localappdata-random-directory;metadata/binary/installer/database::msi-file-table-source-target-alias,"""""","{""arch"": null, ""for"": [""oledoc"", ""msi""], ""platforms"": [""windows""]}"
msi,objectives/command-and-control/dropper/execution/msi::msi-localappdata-vbs-exe-dropper,composite,hostile,MSI LocalAppData VBS EXE dropper,objectives/command-and-control/dropper/execution/msi/msi.yaml,metadata/package/files/msi::msi-installation-database-title;metadata/binary/installer/database::embedded-mscf-cabinet;metadata/binary/installer/database::msi-localappdata-install-root;metadata/binary/installer/database::msi-file-table-source-target-alias;msi-vbs-localappdata-exe-path;msi-vbs-hidden-shell-run;metadata/binary/installer/database::wscript-vbscript-custom-action-raw;wscript-vbs-file-vbscript;wscript-extensionless-vbscript,"""""","{""arch"": null, ""for"": [""oledoc"", ""msi""], ""platforms"": [""windows""]}"
msi,objectives/command-and-control/dropper/execution/msi::msi-extensionless-vbs-hidden-exe,composite,hostile,MSI extensionless VBS hidden EXE launcher,objectives/command-and-control/dropper/execution/msi/msi.yaml,metadata/package/files/msi::msi-installation-database-title;metadata/binary/installer/database::wscript-vbscript-custom-action-raw;wscript-extensionless-vbscript;msi-vbs-localappdata-exe-path;msi-vbs-hidden-shell-run;metadata/binary/installer/database::msi-file-table-source-target-alias;msi-vbs-sleep-before-exec;metadata/binary/installer/database::random-software-installed-marker-raw,"""""","{""arch"": null, ""for"": [""oledoc"", ""msi""], ""platforms"": [""windows""]}"
msi,objectives/command-and-control/dropper/execution/msi::msi-hidden-powershell-irm-eval,composite,hostile,MSI hidden PowerShell IRM eval,objectives/command-and-control/dropper/execution/msi/msi.yaml,metadata/package/files/msi::msi-installation-database-title;micro-behaviors/process/create/shell/wsh::msi-wscript-shell-run-call;msi-vbs-hidden-command-run;msi-powershell-irm-iex-pipeline,"""""","{""arch"": null, ""for"": [""oledoc""], ""platforms"": [""windows""]}"
msi,objectives/command-and-control/dropper/execution/msi::msi-hidden-encoded-powershell-custom-action,composite,hostile,MSI custom action launches hidden encoded PowerShell with policy bypass,objectives/command-and-control/dropper/execution/msi/msi.yaml,metadata/package/files/msi::msi-installation-database-title;micro-behaviors/process/create/shell/wsh::msi-wscript-shell-run-call;micro-behaviors/process/create/shell/lang::powershell-keyword;micro-behaviors/process/create/hidden::encodedcommand-invocation;micro-behaviors/process/create/hidden::powershell-hidden-window;objectives/execution/interpreter/script/wsh::execution-policy-bypass-short-flag,"""""","{""arch"": null, ""for"": [""oledoc""], ""platforms"": [""windows""]}"
msi,objectives/command-and-control/dropper/execution/msi::advanced-installer-powershell-loader,composite,hostile,Advanced Installer PowerShell payload loader,objectives/command-and-control/dropper/execution/msi/msi.yaml,metadata/binary/installer/builder::ai-powershell-launcher-dll-raw;metadata/binary/installer/builder::ai-custom-action-dll-raw;msi-webclient-payload-download;msi-aes-reflective-loader;msi-reflective-assembly-load;msi-conhost-hidden-powershell;msi-scheduledtask-logon,"""""","{""arch"": null, ""for"": [""oledoc""], ""platforms"": [""windows""]}"
msi,objectives/command-and-control/dropper/execution/msi::msi-defender-bypass-persistent-loader,composite,hostile,MSI disables Defender and persists loader,objectives/command-and-control/dropper/execution/msi/msi.yaml,metadata/binary/installer/builder::ai-powershell-launcher-dll-raw;msi-webclient-payload-download;msi-aes-reflective-loader;msi-reflective-assembly-load;msi-defender-exclusion-powershell;msi-scheduledtask-logon,"""""","{""arch"": null, ""for"": [""oledoc""], ""platforms"": [""windows""]}"
msi,objectives/command-and-control/dropper/execution/msi::msi-encrypted-reflective-stage-loader,composite,hostile,MSI encrypted reflective stage loader,objectives/command-and-control/dropper/execution/msi/msi.yaml,metadata/package/files/msi::msi-installation-database-title;msi-aes-reflective-loader;msi-gzip-decompress-stage;msi-reflective-assembly-load;msi-reflective-entrypoint-invoke;msi-hidden-encoded-powershell;metadata/binary/installer/builder::ai-powershell-launcher-dll-raw,"""""","{""arch"": null, ""for"": [""oledoc"", ""msi""], ""platforms"": [""windows""]}"
msi,objectives/command-and-control/dropper/execution/msi::msi-hidden-encoded-powershell,composite,suspicious,MSI embeds hidden encoded PowerShell,objectives/command-and-control/dropper/execution/msi/msi.yaml,msi-powershell-exe-raw;msi-hidden-window-raw;msi-encoded-command-raw,"""""","{""arch"": null, ""for"": [""oledoc"", ""msi""], ""platforms"": [""windows""]}"
msi,objectives/command-and-control/dropper/execution/msi::msi-defender-wsh-amsi-bypass,composite,hostile,MSI disables Defender and WSH AMSI,objectives/command-and-control/dropper/execution/msi/msi.yaml,metadata/binary/installer/builder::ai-powershell-launcher-dll-raw;msi-defender-exclusion-powershell;objectives/evasion/anti-av/platform/defender::windows-script-amsi-disable-registry,"""""","{""arch"": null, ""for"": [""oledoc""], ""platforms"": [""windows""]}"
msi,objectives/command-and-control/dropper/execution/msi::msi-localappdata-wscript-batch-dropper,composite,hostile,MSI stages WScript-launched batch dropper,objectives/command-and-control/dropper/execution/msi/msi.yaml,metadata/package/files/msi::msi-installation-database-title;metadata/binary/installer/database::embedded-mscf-cabinet;metadata/binary/installer/database::msi-localappdata-install-root;msi-batch-vbs-launcher-files;msi-localappdata-wscript-bat;msi-explorer-folder-vbs-target,"""""","{""arch"": null, ""for"": [""oledoc"", ""msi""], ""platforms"": [""windows""]}"
msi,objectives/command-and-control/dropper/execution/msi::msi-custom-action-hollowing-dropper,composite,hostile,MSI custom-action process hollowing dropper,objectives/command-and-control/dropper/execution/msi/msi.yaml,metadata/binary/installer/database::python-msi-library;msi-generated-ca-dll;micro-behaviors/process/create/embedded::msi-embedded-create-process-a;micro-behaviors/process/inject/runtime/thread-context::msi-embedded-set-thread-context;micro-behaviors/process/inject/runtime/call::msi-embedded-write-process-memory;micro-behaviors/mem/protect/modify::msi-embedded-virtual-alloc-ex;micro-behaviors/process/inject/runtime/thread-context::msi-embedded-get-thread-context;micro-behaviors/process/inject/runtime/thread-context::msi-embedded-resume-thread;msi-userprofile-desktop-stage;objectives/evasion/masquerade/identity/fabricated::visual-cpp-kingston-msi-masquerade;micro-behaviors/os/wsh/file::shortcut-arguments,"""""","{""arch"": null, ""for"": [""oledoc"", ""msi""], ""platforms"": [""windows""]}"
msi,objectives/command-and-control/dropper/execution/msi::msi-sideload-target-pair,composite,suspicious,MSI references common sideload DLL targets,objectives/command-and-control/dropper/execution/msi/msi.yaml,msi-sideload-target-cryptbase-raw;msi-sideload-target-version-raw,"""""","{""arch"": null, ""for"": [""oledoc"", ""msi""], ""platforms"": [""windows""]}"
msi,objectives/command-and-control/dropper/execution/msi::msi-exe2msi-winrar-sfx-stager,composite,suspicious,exe2msi wrapper stages WinRAR SFX,objectives/command-and-control/dropper/execution/msi/msi.yaml,metadata/binary/installer/database::exe2msi-wrapper-package;metadata/binary/installer/sfx::winrar-sfx-silent-setup-script;metadata/binary/installer/sfx::winrar-sfx-program-files-x86-path,"""""","{""arch"": null, ""for"": [""oledoc""], ""platforms"": [""windows""]}"
msi,objectives/command-and-control/dropper/execution/msi::msi-winrar-sfx-sideload-stager,composite,hostile,MSI WinRAR SFX stages sideload payloads,objectives/command-and-control/dropper/execution/msi/msi.yaml,msi-exe2msi-winrar-sfx-profile;msi-sfx-sideload-targets-yara,"""""","{""arch"": null, ""for"": [""oledoc"", ""msi""], ""platforms"": [""windows""]}"
msi,objectives/command-and-control/dropper/execution/msi::msi-resource-backed-hollowing-loader,composite,hostile,MSI resource-backed hollowing loader,objectives/command-and-control/dropper/execution/msi/msi.yaml,msi-custom-action-hollowing-dropper;micro-behaviors/data/embedded/payload/resource::msi-embedded-resource-loader-apis;micro-behaviors/dylib/load/runtime::msi-embedded-load-library-a;micro-behaviors/dylib/lookup::msi-embedded-get-proc-address,"""""","{""arch"": null, ""for"": [""oledoc""], ""platforms"": [""windows""]}"
msi,objectives/command-and-control/dropper/execution/msi::msi-hidden-script-downloader,composite,hostile,MSI hides policy-bypassed PowerShell that downloads a script,objectives/command-and-control/dropper/execution/msi/msi.yaml,metadata/package/files/msi::ole2-installer-kind;micro-behaviors/process/create/hidden::powershell-hidden-bypass-encoded-command;objectives/command-and-control/dropper/execution/msi::msi-webclient-payload-download,"""""","{""arch"": null, ""for"": [""oledoc""], ""platforms"": [""windows""]}"
msi,objectives/command-and-control/dropper/execution/msi::msi-renamed-msbuild-project-loader,composite,hostile,MSI launches a renamed MSBuild project loader from LocalAppData,objectives/command-and-control/dropper/execution/msi/msi.yaml,metadata/binary/installer/custom-action::msi-renamed-msbuild-project-runner;metadata/binary/installer/custom-action::msi-csproj-file-table-alias;metadata/binary/installer/database::msi-localappdata-install-root;metadata/binary/installer/database::msi-file-table-source-target-alias,"""""","{""arch"": null, ""for"": [""oledoc""], ""platforms"": [""windows""]}"
msi,objectives/command-and-control/dropper/execution/msi::localappdata-node-script-dropper,composite,hostile,MSI launches a randomized Node script chain from LocalAppData,objectives/command-and-control/dropper/execution/msi/randomized-node-loader.yaml,metadata/binary/installer/database::cmd-randomized-script-custom-action;metadata/binary/installer/database::randomized-data-js-alias-pair;metadata/binary/installer/database::randomized-cmd-file-alias;metadata/binary/installer/database::node-manifest-config-pair;metadata/binary/installer/database::node-notice-changelog-pair;metadata/binary/installer/database::randomized-executable-file-alias;metadata/binary/installer/database::msi-localappdata-install-root;metadata/binary/installer/database::embedded-mscf-cabinet,"""""","{""arch"": null, ""for"": [""oledoc""], ""platforms"": [""windows""]}"
native,objectives/command-and-control/dropper/execution/native::payload-container-type,atomic,notable,Go binary defines a PayloadContainer type,objectives/command-and-control/dropper/execution/native/go.yaml,,"{""substr"": "".PayloadContainer"", ""type"": ""text""}","{""arch"": null, ""for"": [""pe"", ""elf"", ""macho""], ""platforms"": [""windows"", ""linux"", ""macos""]}"
native,objectives/command-and-control/dropper/execution/native::compressed-payload-dropper,composite,hostile,"Go payload container is Zstandard-decoded, written to disk, and executed",objectives/command-and-control/dropper/execution/native/go.yaml,payload-container-type;micro-behaviors/data/compress/zstd::go-zstd-decoder-pclntab;micro-behaviors/fs/write/file/handle::native-binary-write-file-text;micro-behaviors/process/create/system::go-os-exec-pclntab,"""""","{""arch"": null, ""for"": [""pe"", ""elf"", ""macho""], ""platforms"": [""windows"", ""linux"", ""macos""]}"
native,objectives/command-and-control/dropper/execution/native::staged-native-loader-with-command-shell,composite,hostile,Native staged PE loader with WinHTTP and cmd.exe /c,objectives/command-and-control/dropper/execution/native/native-staged-shell.yaml,objectives/command-and-control/dropper/staging/memory::capi-inline-pe-memory-loader;micro-behaviors/communications/http/client/winhttp::winhttp-downloader-flow-text;micro-behaviors/process/create/shell/script-host::cmd-exe-c-command;micro-behaviors/process/create/shell/spawn::system-fn;metadata/signed/platform/;metadata/binary/installer/family/;well-known/app/;well-known/lib/;well-known/tool/,"""""","{""arch"": null, ""for"": [""pe"", ""dll""], ""platforms"": [""windows""]}"
network-stage,objectives/command-and-control/dropper/execution/network-stage::call-arg-node-string,atomic,component,Call with node string arg,objectives/command-and-control/dropper/execution/network-stage/node-fetch.yaml,,"{""arg"": {""exact"": ""node"", ""kind"": ""string""}, ""kind"": ""call"", ""substr"": ""node"", ""type"": ""symbol""}","{""arch"": null, ""for"": [""javascript"", ""typescript""], ""platforms"": [""unix"", ""windows""]}"
network-stage,objectives/command-and-control/dropper/execution/network-stage::random-temp-filename,atomic,suspicious,Random/unusual temp filename,objectives/command-and-control/dropper/execution/network-stage/node-fetch.yaml,,"{""regex"": ""tmppppp|temp[0-9a-f]{8}|rand[0-9]+\\.js"", ""type"": ""string_literal""}","{""arch"": null, ""for"": [""javascript"", ""typescript""], ""platforms"": [""unix"", ""windows""]}"
network-stage,objectives/command-and-control/dropper/execution/network-stage::xor-array-string-decoder,atomic,suspicious,XOR hex-array string constants,objectives/command-and-control/dropper/execution/network-stage/node-fetch.yaml,metadata/package/testing/;metadata/build/recognized-contexts::benign-build-tooling-context,"{""substr"": ""(\\b(const|let|var)\\s+|,)\\s*[A-Za-z_$][\\w$]*\\s*=\\s*\\[(0x[0-"", ""type"": ""text""}","{""arch"": null, ""for"": [""javascript"", ""typescript""], ""platforms"": [""unix"", ""windows""]}"
network-stage,objectives/command-and-control/dropper/execution/network-stage::bom-temp-write,atomic,suspicious,BOM temp script write,objectives/command-and-control/dropper/execution/network-stage/node-fetch.yaml,,"{""regex"": ""\\[[^\\]]{1,80}\\]\\s*\\([^,]{1,160},\\s*['\""]\\\\uFEFF['\""]\\s*\\+"", ""type"": ""text""}","{""arch"": null, ""for"": [""javascript"", ""typescript""], ""platforms"": [""unix"", ""windows""]}"
network-stage,objectives/command-and-control/dropper/execution/network-stage::timeout-bracket-delete,atomic,notable,setTimeout bracketed call,objectives/command-and-control/dropper/execution/network-stage/node-fetch.yaml,metadata/build/;well-known/lib/web/jquery/;metadata/file/extension/identity::type-stub-basename;metadata/file/format/structured::sourcemap,"{""regex"": ""setTimeout[\\s\\S]{0,500}\\[[^\\]]{1,80}\\]\\s*\\("", ""type"": ""text""}","{""arch"": null, ""for"": [""javascript"", ""typescript""], ""platforms"": [""unix"", ""windows""]}"
network-stage,objectives/command-and-control/dropper/execution/network-stage::dynamic-new-archive,atomic,notable,JavaScript archive constructor call,objectives/command-and-control/dropper/execution/network-stage/node-fetch.yaml,,"{""regex"": ""new\\s+(AdmZip|JSZip|ZipArchive|ZipFile)\\s*\\("", ""type"": ""text""}","{""arch"": null, ""for"": [""javascript"", ""typescript""], ""platforms"": [""unix"", ""windows""]}"
network-stage,objectives/command-and-control/dropper/execution/network-stage::auto-retry-helper,atomic,notable,Auto-retry helper self-spawn,objectives/command-and-control/dropper/execution/network-stage/node-fetch.yaml,,"{""substr"": ""function buildAutoRetryScript"", ""type"": ""text""}","{""arch"": null, ""for"": [""javascript"", ""typescript""], ""platforms"": [""unix"", ""windows""]}"
network-stage,objectives/command-and-control/dropper/execution/network-stage::obfuscated-detached-network-stage,composite,hostile,Obfuscated Node code detaches a hidden runtime stage,objectives/command-and-control/dropper/execution/network-stage/node-fetch.yaml,micro-behaviors/process/create/minified-spawn::node-obfuscated-detached-stdio-options;micro-behaviors/process/create/spawn::windowshide-obfuscated-true;objectives/anti-static/obfuscation/string/dynamic::arithmetic-decoder-wrapper-call;micro-behaviors/os/module/dynamic-load::node-computed-require-call;metadata/package/testing/,"""""","{""arch"": null, ""for"": [""javascript"", ""typescript""], ""platforms"": [""unix"", ""windows""]}"
network-stage,objectives/command-and-control/dropper/execution/network-stage::wallet-targeted-obfuscated-process-dropper,composite,hostile,Obfuscated JavaScript targets wallets and exits via process control,objectives/command-and-control/dropper/execution/network-stage/node-fetch.yaml,well-known/app/browser-extension/wallets::wallet-extension-id-cluster;micro-behaviors/process/exit/terminate::process-exit;objectives/anti-static/obfuscation/obfuscator/js-obfuscator::hex-name-mangling-with-string-table-rotation;well-known/app/browser-extension/metamask::crx-member;well-known/app/browser-extension/metamask::official-manifest;well-known/app/browser-extension/metamask::lavamoat-webpack;well-known/app/browser-extension/lastpass::crx-member,"""""","{""arch"": null, ""for"": [""javascript"", ""typescript""], ""platforms"": [""unix"", ""windows""]}"
network-stage,objectives/command-and-control/dropper/execution/network-stage::npm-postinstall-staged-native-launch,composite,hostile,npm package launches a native stage after remote install-time staging,objectives/command-and-control/dropper/execution/network-stage/node-fetch.yaml,objectives/supply-chain/install-hook/scripts/declaration::postinstall-hook-declaration;same-file-remote-native-stage;micro-behaviors/os/package-manager/publish::npm-native-binary-wrapper;well-known/app/publishing/decocms/;metadata/package/files/dependency::node-modules-path,"""""","{""arch"": null, ""for"": [""javascript"", ""typescript"", ""npm"", ""tar"", ""package.json""], ""platforms"": [""unix"", ""windows""]}"
network-stage,objectives/command-and-control/dropper/execution/network-stage::same-file-remote-native-stage,composite,suspicious,"JavaScript fetches, enables, and launches a native stage",objectives/command-and-control/dropper/execution/network-stage/node-fetch.yaml,micro-behaviors/communications/http/request/client::js-fetch-call;micro-behaviors/fs/write/file/full::node-write-file-sync-call;micro-behaviors/fs/chmod/executable/mode::node-chmod-exec-mode-755;micro-behaviors/process/create/spawn::spawn-call;metadata/package/testing/,"""""","{""arch"": null, ""for"": [""javascript"", ""typescript""], ""platforms"": [""unix"", ""windows""]}"
network-stage,objectives/command-and-control/dropper/execution/network-stage::spawn-node,composite,notable,Spawn node inline or temp stage,objectives/command-and-control/dropper/execution/network-stage/node-fetch.yaml,micro-behaviors/process/create/spawn::spawn-call;call-arg-node-string;micro-behaviors/process/create/inline-script::spawn-node-eval;micro-behaviors/process/create/inline-script::spawn-node-eval-var;micro-behaviors/fs/path/temp::js-path-under-tmp;metadata/package/testing/;metadata/build/bundler/asset::js-large-module-bundle,"""""","{""arch"": null, ""for"": [""javascript"", ""typescript""], ""platforms"": [""unix"", ""windows""]}"
network-stage,objectives/command-and-control/dropper/execution/network-stage::date-temp-write-delete,composite,suspicious,Dated temp write-delete,objectives/command-and-control/dropper/execution/network-stage/node-fetch.yaml,micro-behaviors/data/control-flow/dispatch::js-computed-date-method-call;bom-temp-write;timeout-bracket-delete,"""""","{""arch"": null, ""for"": [""javascript"", ""typescript""], ""platforms"": [""unix"", ""windows""]}"
network-stage,objectives/command-and-control/dropper/execution/network-stage::admzip-extract-spawn-exit,composite,suspicious,AdmZip extract-spawn-exit,objectives/command-and-control/dropper/execution/network-stage/node-fetch.yaml,dynamic-new-archive;objectives/anti-static/obfuscation/syntax::obfuscated-true-call-argument;micro-behaviors/process/exit/terminate::process-exit;micro-behaviors/data/archive/library::adm-zip-lib,"""""","{""arch"": null, ""for"": [""javascript"", ""typescript""], ""platforms"": [""unix"", ""windows""]}"
network-stage,objectives/command-and-control/dropper/execution/network-stage::zip-extract-walk-detached-exe,composite,hostile,Zip extract then detached exe launch,objectives/command-and-control/dropper/execution/network-stage/node-fetch.yaml,micro-behaviors/data/archive/extract/zip::js-zip-extract-all-to;micro-behaviors/fs/enumerate/directory::node-extname-exe-walk;micro-behaviors/process/create/spawn::detached-true,"""""","{""arch"": null, ""for"": [""javascript"", ""typescript""], ""platforms"": [""unix"", ""windows""]}"
network-stage,objectives/command-and-control/dropper/execution/network-stage::temp-js-stage-and-run,composite,suspicious,Writes a JavaScript file under tmp and launches it,objectives/command-and-control/dropper/execution/network-stage/node-fetch.yaml,micro-behaviors/fs/path/temp::js-path-under-tmp;micro-behaviors/fs/write/file/full::js-file-write;random-temp-filename;micro-behaviors/process/create/exec::node-process-launch-call;well-known/app/ai/gateway/neurolink::benign-archive-context;well-known/tool/development/agent/anthropic-claude-agent/;well-known/app/infrastructure/pulumi::pulumi-source-tree;well-known/lib/web/stx::stacksjs-stx-framework-context,"""""","{""arch"": null, ""for"": [""javascript"", ""typescript""], ""platforms"": [""unix"", ""windows""]}"
network-stage,objectives/command-and-control/dropper/execution/network-stage::fetch-write-exec,composite,suspicious,Fetch and write then execute,objectives/command-and-control/dropper/execution/network-stage/node-fetch.yaml,micro-behaviors/communications/http/request/client::js-fetch-call;micro-behaviors/fs/write/file/full::js-file-write;micro-behaviors/process/create/system::js-execfile-call;micro-behaviors/process/create/variable-spawn::spawn-variable-program;auto-retry-helper;well-known/lib/testing/;well-known/tool/detection/codetotal::codetotal-local-docker-runner;well-known/app/infrastructure/netlify::official-js-github-release-bootstrap;well-known/lib/platform/browser-automation/;micro-behaviors/communications/http/url/path::loopback-http-target,"""""","{""arch"": null, ""for"": [""javascript"", ""typescript""], ""platforms"": [""unix"", ""windows""]}"
network-stage,objectives/command-and-control/dropper/execution/network-stage::fetch-write-exec-delete,composite,notable,Nearby JavaScript fetch/write/execute/delete sequence,objectives/command-and-control/dropper/execution/network-stage/node-fetch.yaml,micro-behaviors/communications/http/request/client::js-fetch-call;micro-behaviors/fs/write/file/full::js-file-write;micro-behaviors/fs/delete/file/;micro-behaviors/process/create/system::js-execfile-call;micro-behaviors/process/create/variable-spawn::spawn-variable-program;well-known/tool/development/agent/anthropic-claude-agent/;well-known/app/infrastructure/pulumi::pulumi-source-tree,"""""","{""arch"": null, ""for"": [""javascript"", ""typescript""], ""platforms"": [""unix"", ""windows""]}"
network-stage,objectives/command-and-control/dropper/execution/network-stage::package-temp-response-exec-delete,composite,hostile,Package fetches and executes a deleted temp response,objectives/command-and-control/dropper/execution/network-stage/node-fetch.yaml,micro-behaviors/communications/http/request/client::js-fetch-call;micro-behaviors/fs/write/file/full::node-write-file-promise;micro-behaviors/process/create/shell/bridge::js-exec;micro-behaviors/fs/delete/file/library::node-fs-promises-unlink;micro-behaviors/fs/path/temp::node-os-tmpdir;metadata/package/entrypoint::pkg-main-field;metadata/package/testing/;well-known/tool/detection/,"""""","{""arch"": null, ""for"": [""javascript"", ""typescript"", ""npm"", ""tar"", ""package.json""], ""platforms"": [""unix"", ""windows""]}"
network-stage,objectives/command-and-control/dropper/execution/network-stage::obfuscated-exe-download-hidden-detached-spawn,composite,hostile,Obfuscated download launches hidden detached executable,objectives/command-and-control/dropper/execution/network-stage/node-fetch.yaml,micro-behaviors/process/create/variable-spawn::spawn-destination-variable;micro-behaviors/process/create/spawn::windowshide-obfuscated-true;micro-behaviors/process/daemonize/detach::detached-obfuscated-true;micro-behaviors/communications/http/download/url::executable-url-reference;micro-behaviors/communications/http/request/computed::js-computed-http-object-call;micro-behaviors/communications/http/download/handler::node-url-destination-download-call;metadata/package/testing/,"""""","{""arch"": null, ""for"": [""javascript"", ""typescript""], ""platforms"": [""unix"", ""windows""]}"
network-stage,objectives/command-and-control/dropper/execution/network-stage::windows-system-directory-fetch-write-exec,composite,hostile,"Fetches an executable, writes it under Windows System32, and executes it",objectives/command-and-control/dropper/execution/network-stage/node-fetch.yaml,fetch-write-exec;micro-behaviors/fs/path/system::javascript-windows-system32;micro-behaviors/communications/http/download/url::executable-url-reference-a,"""""","{""arch"": null, ""for"": [""javascript"", ""typescript""], ""platforms"": [""unix"", ""windows""]}"
network-stage,objectives/command-and-control/dropper/execution/network-stage::obfuscated-node-hidden-stage-exec,composite,hostile,Obfuscated Node hidden stage execution,objectives/command-and-control/dropper/execution/network-stage/node-fetch.yaml,objectives/anti-static/obfuscation/eval/require::require-hex;micro-behaviors/process/create/spawn::windowshide-obfuscated-true;micro-behaviors/process/create/minified-spawn::node-obfuscated-detached-stdio-options;micro-behaviors/process/create/spawn::windowshide-obfuscated-expression;micro-behaviors/process/create/spawn::detached-true,"""""","{""arch"": null, ""for"": [""javascript"", ""typescript""], ""platforms"": [""unix"", ""windows""]}"
network-stage,objectives/command-and-control/dropper/execution/network-stage::obfuscated-detached-node-loader,composite,hostile,Obfuscated Node loader with detached hidden execution,objectives/command-and-control/dropper/execution/network-stage/node-fetch.yaml,micro-behaviors/os/module/dynamic-load::node-computed-require-call;micro-behaviors/crypto/symmetric/xor/loop::xor-modulo-key-loop;micro-behaviors/process/interpreter/eval/compile::function-ctor-call-expr-arg;micro-behaviors/process/create/spawn::windowshide-obfuscated-true;micro-behaviors/process/create/minified-spawn::node-obfuscated-detached-stdio-options;metadata/package/testing/,"""""","{""arch"": null, ""for"": [""javascript"", ""typescript""], ""platforms"": [""unix"", ""windows""]}"
network-stage,objectives/command-and-control/dropper/execution/network-stage::obfuscated-node-staged-loader,composite,hostile,Obfuscated Node staged payload loader,objectives/command-and-control/dropper/execution/network-stage/node-fetch.yaml,micro-behaviors/os/module/dynamic-load::node-dynamic-require-call;micro-behaviors/data/control-flow/dispatch::buffer-computed-method-chain;xor-array-string-decoder;micro-behaviors/process/create/spawn::windowshide-obfuscated-true;micro-behaviors/process/create/spawn::windowshide-obfuscated-expression;micro-behaviors/process/create/minified-spawn::node-obfuscated-detached-stdio-options;metadata/package/testing/,"""""","{""arch"": null, ""for"": [""javascript"", ""typescript""], ""platforms"": [""unix"", ""windows""]}"
network-stage,objectives/command-and-control/dropper/execution/network-stage::obfuscated-node-hidden-stage-scaffold,composite,hostile,Obfuscated Node hidden staged loader,objectives/command-and-control/dropper/execution/network-stage/node-fetch.yaml,objectives/anti-static/obfuscation/obfuscator/js-obfuscator::decoder-loop-keyword-triad;micro-behaviors/process/create/spawn::windowshide-obfuscated-expression;micro-behaviors/data/control-flow/error-handling::from-str-empty-catch;micro-behaviors/process/exit/terminate::process-on-exit;metadata/lang/javascript-features::js-comma-sequence-count-5;metadata/package/testing/;metadata/build/bundler/asset::js-large-module-bundle,"""""","{""arch"": null, ""for"": [""javascript"", ""typescript""], ""platforms"": [""unix"", ""windows""]}"
network-stage,objectives/command-and-control/dropper/execution/network-stage::obfuscated-node-hidden-stage-downloader,composite,hostile,Obfuscated Node hidden stage downloader,objectives/command-and-control/dropper/execution/network-stage/node-fetch.yaml,obfuscated-node-hidden-stage-scaffold;micro-behaviors/process/create/spawn::windowshide-option;objectives/anti-static/obfuscation/obfuscator/js-obfuscator::advanced-array-shuffling;metadata/package/testing/,"""""","{""arch"": null, ""for"": [""javascript"", ""typescript""], ""platforms"": [""unix"", ""windows""]}"
network-stage,objectives/command-and-control/dropper/execution/network-stage::obfuscated-node-archive-downloader-installer,composite,hostile,Obfuscated Node archive downloader and detached installer,objectives/command-and-control/dropper/execution/network-stage/node-fetch.yaml,micro-behaviors/process/create/shell/bridge::child-process-destructure-require;date-temp-write-delete;admzip-extract-spawn-exit;metadata/package/testing/;metadata/build/bundler/asset::js-large-module-bundle,"""""","{""arch"": null, ""for"": [""javascript"", ""typescript""], ""platforms"": [""unix"", ""windows""]}"
network-stage,objectives/command-and-control/dropper/execution/network-stage::obfuscated-detached-host-fingerprint-stage,composite,hostile,Obfuscated detached child fingerprints the host,objectives/command-and-control/dropper/execution/network-stage/node-fetch.yaml,objectives/anti-static/obfuscation/obfuscator/js-obfuscator::push-shift-bracket-pattern;micro-behaviors/process/create/minified-spawn::node-obfuscated-detached-stdio-options;micro-behaviors/process/create/spawn::windowshide-obfuscated-true;micro-behaviors/os/module/dynamic-load::node-computed-require-call;micro-behaviors/network/interface::node-mac-address-property;metadata/package/testing/,"""""","{""arch"": null, ""for"": [""javascript"", ""typescript""], ""platforms"": [""unix"", ""windows""]}"
nezha-dropper,objectives/command-and-control/dropper/execution/nezha-dropper::nezha-agent-deployment-clues,composite,suspicious,"Nezha Axios, write, chmod, detach clues",objectives/command-and-control/dropper/execution/nezha-dropper/javascript.yaml,micro-behaviors/communications/http/lib/axios::axios;micro-behaviors/fs/write/file/stream::create-write-stream;micro-behaviors/fs/chmod/executable/mode::node-chmod-make-executable;micro-behaviors/process/create/background::detached-background-command;well-known/app/system/nezha::nezha-v1-config-template;well-known/app/system/nezha::nezha-v0-stealth-flags;micro-behaviors/communications/http/url/domain::ssss-nyc-mn,"""""","{""arch"": null, ""for"": [""typescript""], ""platforms"": [""unix"", ""windows""]}"
nezha-dropper,objectives/command-and-control/dropper/execution/nezha-dropper::nezha-npm-file-write-clues,composite,suspicious,Nezha deployment with npm-named file write,objectives/command-and-control/dropper/execution/nezha-dropper/javascript.yaml,nezha-agent-deployment-clues;micro-behaviors/fs/write/file/npm-masquerade::write-binary-as-npm,"""""","{""arch"": null, ""for"": [""javascript"", ""typescript""], ""platforms"": [""unix"", ""windows""]}"
nezha-dropper,objectives/command-and-control/dropper/execution/nezha-dropper::nezha-npm-write-exec-unlink-clues,composite,suspicious,"Nezha npm write, launch, unlink clues",objectives/command-and-control/dropper/execution/nezha-dropper/javascript.yaml,nezha-agent-deployment-clues;micro-behaviors/fs/write/file/npm-masquerade::exec-local-npm-binary;micro-behaviors/fs/delete/file/library::fs-unlink,"""""","{""arch"": null, ""for"": [""javascript"", ""typescript""], ""platforms"": [""unix"", ""windows""]}"
payload,objectives/command-and-control/dropper/execution/payload::ftp-script-binary-reconstruction-dropper,composite,hostile,FTP local-command script reconstructs and launches an executable,objectives/command-and-control/dropper/execution/payload/ftp-script.yaml,micro-behaviors/communications/ftp/control::ftp-local-shell-command-sequence;micro-behaviors/process/create/launch::ftp-script-starts-executable;micro-behaviors/fs/file/copy::cmd-binary-file-concatenation;micro-behaviors/fs/file/copy::ftp-local-binary-file-concatenation,"""""","{""arch"": null, ""for"": [""text"", ""batch"", ""cmd""], ""platforms"": [""windows""]}"
payload,objectives/command-and-control/dropper/execution/payload::payload-extraction-function,atomic,notable,Payload extraction function name fragment,objectives/command-and-control/dropper/execution/payload/javascript.yaml,,"{""exact"": ""extractPayload"", ""kind"": ""function"", ""type"": ""symbol""}","{""arch"": null, ""for"": [""javascript""], ""platforms"": [""windows""]}"
payload,objectives/command-and-control/dropper/execution/payload::executable-output-path,atomic,notable,Executable output path identifier,objectives/command-and-control/dropper/execution/payload/javascript.yaml,,"{""regex"": ""(?i)\\\\b(outputFile|payloadFile)\\\\b|\\\\b(executablePath|exePath)\\\\b"", ""type"": ""text""}","{""arch"": null, ""for"": [""javascript""], ""platforms"": [""windows""]}"
payload,objectives/command-and-control/dropper/execution/payload::executable-output-extension,atomic,component,Windows executable filename extension,objectives/command-and-control/dropper/execution/payload/javascript.yaml,,"{""regex"": ""(?i)\\\\.exe\\\\b"", ""type"": ""text""}","{""arch"": null, ""for"": [""javascript""], ""platforms"": [""windows""]}"
payload,objectives/command-and-control/dropper/execution/payload::execute-payload-symbol,atomic,component,Electron execute-payload symbol,objectives/command-and-control/dropper/execution/payload/javascript.yaml,,"{""exact"": ""executePayload"", ""type"": ""symbol""}","{""arch"": null, ""for"": [""javascript"", ""typescript""], ""platforms"": [""windows"", ""unix""]}"
payload,objectives/command-and-control/dropper/execution/payload::process-one-payload-symbol,atomic,component,Electron process-one-payload symbol,objectives/command-and-control/dropper/execution/payload/javascript.yaml,,"{""exact"": ""processOnePayload"", ""type"": ""symbol""}","{""arch"": null, ""for"": [""javascript"", ""typescript""], ""platforms"": [""windows"", ""unix""]}"
payload,objectives/command-and-control/dropper/execution/payload::executable-output-process-correlation,composite,notable,Executable output path with process API,objectives/command-and-control/dropper/execution/payload/javascript.yaml,executable-output-path;executable-output-extension;micro-behaviors/fs/write/file/full::node-write-file-sync-call;micro-behaviors/fs/write/file/full::write-file-async;micro-behaviors/fs/write/file/stream::create-write-stream;micro-behaviors/process/create/system::js-execfile-call;micro-behaviors/process/create/spawn::spawn-call;well-known/lib/web/nextjs/,"""""","{""arch"": null, ""for"": [""javascript""], ""platforms"": [""windows""]}"
payload,objectives/command-and-control/dropper/execution/payload::encrypted-executable-payload-extraction,composite,hostile,AES-CBC encrypted executable payload extraction,objectives/command-and-control/dropper/execution/payload/javascript.yaml,micro-behaviors/crypto/symmetric/aes/runtime-library::createDecipheriv;micro-behaviors/data/decode/custom::decrypt-payload-function-name;payload-extraction-function;executable-output-process-correlation;metadata/package/testing/,"""""","{""arch"": null, ""for"": [""javascript""], ""platforms"": [""windows""]}"
payload,objectives/command-and-control/dropper/execution/payload::obfuscated-electron-update-loader,composite,hostile,Obfuscated Electron update loader,objectives/command-and-control/dropper/execution/payload/javascript.yaml,micro-behaviors/os/module/dynamic-load::node-computed-child-process-binding;micro-behaviors/data/archive/extract/asar::computed-asar-method-call;micro-behaviors/process/create/shell/bridge::js-execsync;micro-behaviors/communications/http/request/client::axios-direct-call;micro-behaviors/process/terminate/command::js-taskkill-force-command;metadata/package/testing/,"""""","{""arch"": null, ""for"": [""javascript""], ""platforms"": [""windows""]}"
payload,objectives/command-and-control/dropper/execution/payload::jsonkeeper-worker-payload-dropper,composite,hostile,JSONKeeper worker payload dropper,objectives/command-and-control/dropper/execution/payload/node-worker.yaml,objectives/command-and-control/infrastructure/paste::jsonkeeper;micro-behaviors/communications/http/request/client::js-fetch-call;objectives/supply-chain/trojanized/library/remote-eval::response-data-payload-field;micro-behaviors/communications/ipc/message::postmessage-call;micro-behaviors/data/control-flow/module-exec::assigned-async-function-iife,"""""","{""arch"": null, ""for"": [""javascript""], ""platforms"": [""unix"", ""windows""]}"
payload,objectives/command-and-control/dropper/execution/payload::cp-execute,atomic,suspicious,Shell copies a file then executes it,objectives/command-and-control/dropper/execution/payload/traits.yaml,well-known/tool/offensive/nmap::nmap-source-tree,"{""regex"": ""(?m)(^|[;&\""'])\\s*cp\\s+[^\\n]{0,80}(&&|;)\\s*exec\\b"", ""type"": ""text""}","{""arch"": null, ""for"": [""python"", ""shell""], ""platforms"": [""windows"", ""unix""]}"
payload,objectives/command-and-control/dropper/execution/payload::gcc-compile-execute,atomic,suspicious,GCC compile followed by payload execution,objectives/command-and-control/dropper/execution/payload/traits.yaml,well-known/lib/platform/wine::wine-source-tree;well-known/tool/reverse-engineering/radare2::radare2-release-source-tree;well-known/tool/reverse-engineering/radare2::radare2-go-module-source-path;well-known/tool/offensive/bingo/;metadata/package/testing/harness/runtime::benchmark-task-agent-record,"{""regex"": ""(?i)\\bgcc\\b[^;\\n]{0,120}&&\\s*(exec\\s+)?[./][A-Za-z0-9_./-]+"", ""type"": ""string_literal""}","{""arch"": null, ""for"": [""python"", ""shell""], ""platforms"": [""windows"", ""unix""]}"
payload,objectives/command-and-control/dropper/execution/payload::compiler-payload-build-gcc,atomic,suspicious,Compiler builds payload (gcc/g++),objectives/command-and-control/dropper/execution/payload/traits.yaml,,"{""regex"": ""\\b(gcc|g\\+\\+)\\b.{0,15}\\.(c|cpp|o).{0,15}exec"", ""type"": ""string_literal""}","{""arch"": null, ""for"": [""python"", ""shell""], ""platforms"": [""windows"", ""unix""]}"
payload,objectives/command-and-control/dropper/execution/payload::compiler-payload-build-clang,atomic,suspicious,Compiler builds payload (clang/cc),objectives/command-and-control/dropper/execution/payload/traits.yaml,,"{""regex"": ""\\b(clang|cc)\\b.{0,15}\\.(c|cpp|o).{0,15}exec"", ""type"": ""string_literal""}","{""arch"": null, ""for"": [""python"", ""shell""], ""platforms"": [""windows"", ""unix""]}"
payload,objectives/command-and-control/dropper/execution/payload::preexec-function,atomic,suspicious,preexec_fn=os.setpgrp process isolation,objectives/command-and-control/dropper/execution/payload/traits.yaml,,"{""substr"": ""preexec_fn=os.setpgrp"", ""type"": ""string_literal""}","{""arch"": null, ""for"": [""python"", ""shell""], ""platforms"": [""windows"", ""unix""]}"
payload,objectives/command-and-control/dropper/execution/payload::hidden-dir-before-exec,atomic,component,Hidden directory path before exec,objectives/command-and-control/dropper/execution/payload/traits.yaml,well-known/tool/detection/skill-scanner::source-context,"{""regex"": ""(?i)(^|[\\\\/])\\.[\\w-]{1,32}[\\\\/][\\w.-][^'\""\\n]{0,60}\\bexec\\b"", ""type"": ""string_literal""}","{""arch"": null, ""for"": [""python"", ""shell""], ""platforms"": [""windows"", ""unix""]}"
payload,objectives/command-and-control/dropper/execution/payload::exec-before-hidden-dir,atomic,component,exec before hidden directory path,objectives/command-and-control/dropper/execution/payload/traits.yaml,,"{""regex"": ""(?i)\\bexec\\b[^'\""\\n]{0,60}[\\\\/]\\.[\\w-]{1,32}[\\\\/]"", ""type"": ""string_literal""}","{""arch"": null, ""for"": [""python"", ""shell""], ""platforms"": [""windows"", ""unix""]}"
payload,objectives/command-and-control/dropper/execution/payload::detached-process-exec,atomic,suspicious,Detached process execution,objectives/command-and-control/dropper/execution/payload/traits.yaml,,"{""regex"": ""DETACHED_PROCESS.{0,20}exec|exec.{0,20}DETACHED_PROCESS"", ""type"": ""string_literal""}","{""arch"": null, ""for"": [""python"", ""shell""], ""platforms"": [""windows"", ""unix""]}"
payload,objectives/command-and-control/dropper/execution/payload::devnull-redirect,atomic,notable,stdout/stderr to DEVNULL,objectives/command-and-control/dropper/execution/payload/traits.yaml,,"{""regex"": ""DEVNULL.{0,20}stdout|stdout=.{0,20}DEVNULL"", ""type"": ""string_literal""}","{""arch"": null, ""for"": [""python"", ""shell""], ""platforms"": [""windows"", ""unix""]}"
payload,objectives/command-and-control/dropper/execution/payload::hidden-dir-execution,composite,suspicious,Execute from hidden directory,objectives/command-and-control/dropper/execution/payload/traits.yaml,hidden-dir-before-exec;exec-before-hidden-dir;metadata/package/testing/;well-known/app/finance/bitcoin-core::bitcoin-core-test-context;metadata/file/format/structured::sourcemap;well-known/lib/ai/scikit-learn;well-known/lib/platform/psutil/;well-known/tool/detection/skill-scanner::source-context;well-known/app/utility/cmdchamp/;metadata/file/extension/identity::markdown-file-basename,"""""","{""arch"": null, ""for"": [""python"", ""shell""], ""platforms"": [""windows"", ""unix""]}"
payload,objectives/command-and-control/dropper/execution/payload::compiler-execution,composite,suspicious,Compile and execute payload,objectives/command-and-control/dropper/execution/payload/traits.yaml,gcc-compile-execute;compiler-payload-build-gcc;compiler-payload-build-clang,"""""","{""arch"": null, ""for"": [""python"", ""shell""], ""platforms"": [""windows"", ""unix""]}"
payload,objectives/command-and-control/dropper/execution/payload::stealth-execution,composite,suspicious,Stealth payload execution,objectives/command-and-control/dropper/execution/payload/traits.yaml,preexec-function;detached-process-exec;devnull-redirect;hidden-dir-execution,"""""","{""arch"": null, ""for"": [""python""], ""platforms"": [""windows"", ""unix""]}"
payload,objectives/command-and-control/dropper/execution/payload::macos-encoded-launchagent-payload-stager,composite,hostile,Encoded macOS LaunchAgent payload stager,objectives/command-and-control/dropper/execution/payload/traits.yaml,micro-behaviors/os/service/launchagent::shell-launchagent-plist-write;micro-behaviors/process/create/script/osascript::osascript-exec;micro-behaviors/data/encode/payload::shell-base64-payload-literal;micro-behaviors/data/decode/base64::base64-d-cmd;micro-behaviors/communications/http/url/encoded::base64-decoded-http-url,"""""","{""arch"": null, ""for"": [""shell""], ""platforms"": [""macos""]}"
payload,objectives/command-and-control/dropper/execution/payload::windows-dropper-pattern,composite,hostile,Windows dropper with decode and execute,objectives/command-and-control/dropper/execution/payload/windows.yaml,micro-behaviors/process/create/launch::windows-startfile-exec;objectives/anti-static/obfuscation/control-flow/logic::b64decode-exec;micro-behaviors/process/interpreter/eval/direct::exec-builtin;micro-behaviors/fs/path/temp/;well-known/lib/ai/unsloth::unsloth-package-context,"""""","{""arch"": null, ""for"": [""python""], ""platforms"": [""linux"", ""macos"", ""windows"", ""unix"", ""android"", ""ios""]}"
persistence,objectives/command-and-control/dropper/execution/persistence::node-http-temp-exec-autorun-profile,composite,suspicious,Node HTTP temp-exec and autorun clues,objectives/command-and-control/dropper/execution/persistence/javascript.yaml,micro-behaviors/communications/http/download/handler::node-http-stream-to-file;objectives/command-and-control/dropper/node-bootstrap::exec-downloaded-raw;objectives/persistence/login/registry/autostart::currentversion-run-key-path;objectives/persistence/login/xdg::xdg-persistence;objectives/persistence/system/launchd/interpreter::launchd-js-runatload-installer;metadata/package/testing/;well-known/app/ai/coding-agent/pixcode::benign-runtime-context;well-known/app/ai/coding-agent/pixcode::benign-archive-context,"""""","{""arch"": null, ""for"": [""javascript"", ""typescript""], ""platforms"": [""linux"", ""macos"", ""windows""]}"
pipe,objectives/command-and-control/dropper/execution/pipe::dex-wget-http-url,atomic,notable,DEX embeds a wget HTTP URL,objectives/command-and-control/dropper/execution/pipe/android.yaml,,"{""substr"": ""wget http://"", ""type"": ""text""}","{""arch"": null, ""for"": [""dex""], ""platforms"": [""android""]}"
pipe,objectives/command-and-control/dropper/execution/pipe::dex-busybox-wget,atomic,notable,DEX falls back to busybox wget,objectives/command-and-control/dropper/execution/pipe/android.yaml,,"{""substr"": ""busybox wget"", ""type"": ""text""}","{""arch"": null, ""for"": [""dex""], ""platforms"": [""android""]}"
pipe,objectives/command-and-control/dropper/execution/pipe::dex-toybox-wget,atomic,notable,DEX falls back to toybox wget,objectives/command-and-control/dropper/execution/pipe/android.yaml,,"{""substr"": ""toybox wget"", ""type"": ""text""}","{""arch"": null, ""for"": [""dex""], ""platforms"": [""android""]}"
pipe,objectives/command-and-control/dropper/execution/pipe::android-boot-wget-ip-dropper,composite,hostile,Boot receiver wgets a payload from HTTP,objectives/command-and-control/dropper/execution/pipe/android.yaml,micro-behaviors/os/service/daemon::android-boot-completed-action;dex-wget-http-url,"""""","{""arch"": null, ""for"": [""dex""], ""platforms"": [""android""]}"
pipe,objectives/command-and-control/dropper/execution/pipe::android-busybox-toybox-wget-dropper,composite,hostile,DEX wgets via busybox and toybox fallbacks,objectives/command-and-control/dropper/execution/pipe/android.yaml,dex-wget-http-url;dex-busybox-wget;dex-toybox-wget,"""""","{""arch"": null, ""for"": [""dex""], ""platforms"": [""android""]}"
pipe,objectives/command-and-control/dropper/execution/pipe::android-boot-busybox-wget-dropper,composite,hostile,Boot receiver falls back to busybox wget,objectives/command-and-control/dropper/execution/pipe/android.yaml,micro-behaviors/os/service/daemon::android-boot-completed-action;dex-busybox-wget,"""""","{""arch"": null, ""for"": [""dex""], ""platforms"": [""android""]}"
pipe,objectives/command-and-control/dropper/execution/pipe::nc-remote-stream-pipe-shell,atomic,suspicious,netcat stream piped into shell,objectives/command-and-control/dropper/execution/pipe/netcat.yaml,,"{""regex"": ""\\b(nc|ncat|netcat)\\b\\s+[-\\w.]{1,80}\\s+\\d{2,5}\\s*\\|\\s*(/usr/bin/|/bin/)?(ba)?sh\\b"", ""type"": ""text""}","{""arch"": null, ""for"": [""shell"", ""text"", ""python"", ""javascript"", ""typescript""], ""platforms"": [""unix""]}"
pipe,objectives/command-and-control/dropper/execution/pipe::shell-appended-payload-extract,atomic,suspicious,Shell extracts an appended payload,objectives/command-and-control/dropper/execution/pipe/shell.yaml,,"{""regex"": ""(?m)sed\\s+-n[^\\n#]{0,180}\\$\\{?(0|BASH_SOURCE)[^\\n#]{0,120}tail\\s+(-n\\s*)?\\+"", ""type"": ""text""}","{""arch"": null, ""for"": [""shell""], ""platforms"": [""unix""]}"
pipe,objectives/command-and-control/dropper/execution/pipe::curl-pipe-rclone-installer,atomic,notable,rclone installer piped to bash,objectives/command-and-control/dropper/execution/pipe/shell.yaml,,"{""regex"": ""https://rclone\\.org/install\\.sh\\s*\\|\\s*bash\\b"", ""type"": ""text""}","{""arch"": null, ""for"": [""shell"", ""python"", ""javascript"", ""typescript"", ""ruby"", ""go"", ""rust"", ""dockerfile""], ""platforms"": [""unix""]}"
pipe,objectives/command-and-control/dropper/execution/pipe::curl-pipe-install-sh-url,atomic,notable,Remote install.sh URL in shell pipe,objectives/command-and-control/dropper/execution/pipe/shell.yaml,,"{""regex"": ""(curl|wget)(\\.exe)?\\s+[^\\n|]{0,160}/install\\.sh[^\\n|]{0,80}\\|"", ""type"": ""text""}","{""arch"": null, ""for"": [""shell"", ""python"", ""javascript"", ""typescript"", ""ruby"", ""go"", ""rust""], ""platforms"": [""unix""]}"
pipe,objectives/command-and-control/dropper/execution/pipe::printf-wget-pipe-bash-loader,atomic,suspicious,printf-built wget pipe bash loader,objectives/command-and-control/dropper/execution/pipe/shell.yaml,,"{""regex"": ""printf\\s+[\""'][\\s\\S]{0,320}\\bwget\\b[\\s\\S]{0,240}\\|\\s*bash\\b"", ""type"": ""text""}","{""arch"": null, ""for"": [""shell""], ""platforms"": [""unix""]}"
pipe,objectives/command-and-control/dropper/execution/pipe::random-sleep-fetch-loop,atomic,suspicious,randomized sleep fetch loop,objectives/command-and-control/dropper/execution/pipe/shell.yaml,,"{""regex"": ""while\\s+true\\s*;?\\s*do[\\s\\S]{0,160}sleep\\s+\\$\\(\\(\\s*RANDOM\\s*%[\\s\\S]{0,260}\\bwget\\b"", ""type"": ""text""}","{""arch"": null, ""for"": [""shell""], ""platforms"": [""unix""]}"
pipe,objectives/command-and-control/dropper/execution/pipe::miner-hijack-config,atomic,suspicious,Hijacking other miner configurations,objectives/command-and-control/dropper/execution/pipe/shell.yaml,,"{""substr"": ""kill_list.patterns"", ""type"": ""text""}","{""arch"": null, ""for"": [""shell""], ""platforms"": [""unix""]}"
pipe,objectives/command-and-control/dropper/execution/pipe::miner-config-poisoning,atomic,suspicious,Poisoning other miner configurations,objectives/command-and-control/dropper/execution/pipe/shell.yaml,,"{""substr"": ""hijacked_${_hhex}"", ""type"": ""text""}","{""arch"": null, ""for"": [""shell""], ""platforms"": [""unix""]}"
pipe,objectives/command-and-control/dropper/execution/pipe::python-inline-socket-listener,atomic,suspicious,Inline Python background socket listener,objectives/command-and-control/dropper/execution/pipe/shell.yaml,,"{""regex"": ""python3?\\s+-c\\s+[\""'].{0,50}socket\\.socket.{0,50}bind.{0,50}listen.{0,50}os\\.fork"", ""type"": ""text""}","{""arch"": null, ""for"": [""shell""], ""platforms"": [""unix""]}"
pipe,objectives/command-and-control/dropper/execution/pipe::nodesource-setup-url,atomic,notable,NodeSource Node.js setup script URL,objectives/command-and-control/dropper/execution/pipe/shell.yaml,,"{""substr"": ""deb.nodesource.com/setup_"", ""type"": ""text""}","{""arch"": null, ""for"": [""shell""], ""platforms"": [""unix""]}"
pipe,objectives/command-and-control/dropper/execution/pipe::recognized-toolchain-bootstrap-context,composite,exception,Recognized toolchain bootstrap installer context,objectives/command-and-control/dropper/execution/pipe/shell.yaml,well-known/tool/packaging/ghcup::ghcup-bootstrap-pipe;well-known/tool/development/cli/dev-cli/npm-toolchain::npm-install-script-path;well-known/app/system/omarchy::source-tree;well-known/tool/packaging/chsrc::chsrc-source-installer-context;well-known/app/infrastructure/kubeblocks::build-tool-installer-context;well-known/tool/sysadmin/kubernetes/bootstrap::kubernetes-shell-bootstrap;well-known/tool/sysadmin/kubernetes/k3d::k3d-install-sh-pipe,"""""","{""arch"": null, ""for"": [""shell""], ""platforms"": [""unix""]}"
pipe,objectives/command-and-control/dropper/execution/pipe::curl-pipe-obvious-installer,composite,notable,Remote install.sh piped into shell,objectives/command-and-control/dropper/execution/pipe/shell.yaml,curl-pipe-install-sh-url;micro-behaviors/data/runtime/keywords::pipe-to-shell;micro-behaviors/os/package-manager/installer-script::installer-script;metadata/file/extension/identity::markdown-file-basename;well-known/tool/development/aube::aube-lifecycle-scanner-source;well-known/app/ai/coding-agent/vtcode::install-script-url;well-known/app/ai/coding-agent/vtcode::vtcode-agent-package;recognized-official-install-script,"""""","{""arch"": null, ""for"": [""shell"", ""python"", ""javascript"", ""typescript"", ""ruby"", ""go"", ""rust""], ""platforms"": [""unix""]}"
pipe,objectives/command-and-control/dropper/execution/pipe::recognized-official-install-script,composite,exception,Recognized official CLI install context,objectives/command-and-control/dropper/execution/pipe/shell.yaml,well-known/tool/development/cli/dotenvx::dotenvx-install-script-url;well-known/tool/development/cli/abra::abra-install-script-url;well-known/app/ai/coding-agent/opencode::opencode-install-script-url;well-known/tool/development/vscode-extension/snowflake::coco-cli-terminal-install-command,"""""","{""arch"": null, ""for"": [""python"", ""javascript"", ""typescript"", ""ruby"", ""go"", ""rust"", ""shell""], ""platforms"": [""unix""]}"
pipe,objectives/command-and-control/dropper/execution/pipe::process-api-call,composite,component,Process API invocation,objectives/command-and-control/dropper/execution/pipe/shell.yaml,micro-behaviors/process/create/exec;micro-behaviors/process/create/system::system-process-call,"""""","{""arch"": null, ""for"": [""python"", ""javascript"", ""typescript"", ""go"", ""rust""], ""platforms"": [""unix""]}"
pipe,objectives/command-and-control/dropper/execution/pipe::process-curl-pipe-shell-call,composite,component,Process API occurs near shell pipeline,objectives/command-and-control/dropper/execution/pipe/shell.yaml,process-api-call;micro-behaviors/process/create/shell/pipeline::curl-pipe-shell-text,"""""","{""arch"": null, ""for"": [""python"", ""javascript"", ""typescript"", ""go"", ""rust""], ""platforms"": [""unix""]}"
pipe,objectives/command-and-control/dropper/execution/pipe::spawned-curl-pipe-shell-rce,composite,hostile,Spawned curl-pipe-shell remote code execution,objectives/command-and-control/dropper/execution/pipe/shell.yaml,micro-behaviors/process/create/shell/pipeline::curl-pipe-shell-text;process-curl-pipe-shell-call;micro-behaviors/process/create/shell/pipeline::ruby-system-fetch-shell-pipeline;micro-behaviors/os/package-manager/publish/;micro-behaviors/os/package-manager/installer-script/;metadata/build/bundler/asset::js-dist-asset-bundle;metadata/build/bundler/asset::js-large-module-bundle;metadata/package/testing/presence/path::benign-testdata-directory-path;recognized-official-install-script;micro-behaviors/process/create/shell/pipeline::illustrative-evil-host-pipe,"""""","{""arch"": null, ""for"": [""python"", ""javascript"", ""typescript"", ""ruby"", ""go"", ""rust""], ""platforms"": [""unix""]}"
pipe,objectives/command-and-control/dropper/execution/pipe::hostile-miner-hijack,composite,suspicious,Known hostile miner hijacking behavior,objectives/command-and-control/dropper/execution/pipe/shell.yaml,miner-hijack-config;miner-config-poisoning,"""""","{""arch"": null, ""for"": [""shell""], ""platforms"": [""unix""]}"
pipe,objectives/command-and-control/dropper/execution/pipe::xmr-miner-config-hijack,composite,hostile,Monero miner configuration hijack chain,objectives/command-and-control/dropper/execution/pipe/shell.yaml,miner-hijack-config;miner-config-poisoning;micro-behaviors/communications/http/url/domain::xmr-host-with-port;micro-behaviors/communications/socket/tcp::stratum-port-3333,"""""","{""arch"": null, ""for"": [""shell""], ""platforms"": [""unix""]}"
pipe,objectives/command-and-control/dropper/execution/pipe::evasive-xmr-config-poisoner,composite,hostile,Evasive Monero miner config poisoner,objectives/command-and-control/dropper/execution/pipe/shell.yaml,xmr-miner-config-hijack;objectives/evasion/indicator-removal/history::histfile-devnull,"""""","{""arch"": null, ""for"": [""shell""], ""platforms"": [""unix""]}"
pipe,objectives/command-and-control/dropper/execution/pipe::shell-fetch-exec-bash,composite,hostile,Shell script downloads and executes via pipe to bash,objectives/command-and-control/dropper/execution/pipe/shell.yaml,micro-behaviors/process/create/shell/spawn::bash-exec;micro-behaviors/data/runtime/keywords::pipe-to-shell;micro-behaviors/communications/http/download/wget::wget-silent-stdout;recognized-toolchain-bootstrap-context;metadata/build/archive::source-archive-member;metadata/build/docker::dockerfile-basename;well-known/lib/ai/inspect-evals::eval-corpus-context,"""""","{""arch"": null, ""for"": [""shell""], ""platforms"": [""unix""]}"
pipe,objectives/command-and-control/dropper/execution/pipe::shell-fetch-exec-wget,composite,hostile,Shell script downloads via wget and executes via pipe,objectives/command-and-control/dropper/execution/pipe/shell.yaml,micro-behaviors/communications/http/download/wget::wget-silent-stdout;micro-behaviors/data/runtime/keywords::pipe-to-shell;micro-behaviors/process/create/shell/spawn::bash-exec;micro-behaviors/process/interpreter/shell::bin-sh;metadata/build/archive::source-archive-member;well-known/tool/packaging/chsrc::chsrc-source-installer-context;well-known/app/infrastructure/kubeblocks::build-tool-installer-context;metadata/build/docker::dockerfile-basename;well-known/tool/sysadmin/kubernetes/bootstrap::kubernetes-shell-bootstrap,"""""","{""arch"": null, ""for"": [""shell""], ""platforms"": [""unix""]}"
pipe,objectives/command-and-control/dropper/execution/pipe::generated-wget-bash-loop-loader,composite,hostile,Generated wget bash loop loader,objectives/command-and-control/dropper/execution/pipe/shell.yaml,printf-wget-pipe-bash-loader;random-sleep-fetch-loop;micro-behaviors/process/create/local-exec::world-writable-local-path-exec;micro-behaviors/process/create/local-exec::execute-dot-slash-literal;micro-behaviors/fs/delete/directory::shell-recursive-delete;objectives/evasion/indicator-removal/logs::history-c;micro-behaviors/process/daemonize/detach::background-ampersand-hidden,"""""","{""arch"": null, ""for"": [""shell""], ""platforms"": [""unix""]}"
pipe,objectives/command-and-control/dropper/execution/pipe::curl-pipe-shell-from-raw-ip,composite,hostile,Remote script piped to shell from a raw IP,objectives/command-and-control/dropper/execution/pipe/shell.yaml,micro-behaviors/process/create/shell/pipeline::curl-pipe-shell-text;micro-behaviors/communications/ip/literal::http-ip-url;metadata/package/testing/,"""""","{""arch"": null, ""for"": [""shell"", ""python"", ""javascript"", ""typescript"", ""ruby"", ""go"", ""rust""], ""platforms"": [""unix""]}"
pipe,objectives/command-and-control/dropper/execution/pipe::makeself-hidden-base64-loader,composite,hostile,Hidden temporary base64 payload loader,objectives/command-and-control/dropper/execution/pipe/shell.yaml,micro-behaviors/data/decode/command::base64-decode-to-file;micro-behaviors/process/create/local-exec::hidden-tmp-background-exec;micro-behaviors/process/daemonize/detach::nohup-hidden-output;micro-behaviors/data/encode/base64::base64-encode-command,"""""","{""arch"": null, ""for"": [""shell""], ""platforms"": [""unix""]}"
pipe,objectives/command-and-control/dropper/execution/pipe::shell-os-gated-pipe-loader,composite,hostile,OS-gated curl pipe shell loader,objectives/command-and-control/dropper/execution/pipe/shell.yaml,objectives/command-and-control/dropper/delivery/pipe::curl-pipe-shell;micro-behaviors/os/sysinfo/platform/arch::sh-uname-fingerprint;micro-behaviors/communications/http/download/shell::fetch-command-with-var;metadata/build/archive::source-archive-member;recognized-toolchain-bootstrap-context;micro-behaviors/process/create/shell/pipeline::documented-curl-pipe-usage,"""""","{""arch"": null, ""for"": [""shell""], ""platforms"": [""unix""]}"
pipe,objectives/command-and-control/dropper/execution/pipe::shell-rot13-eval-loader,composite,hostile,Shell decodes text before dynamic execution,objectives/command-and-control/dropper/execution/pipe/shell.yaml,micro-behaviors/data/string/replace::shell-echo-tr-transform;micro-behaviors/process/interpreter/eval/direct::shell-evaluates-variable-command;micro-behaviors/process/create/shell/command-string::sh-c-exec,"""""","{""arch"": null, ""for"": [""shell""], ""platforms"": [""unix""]}"
platform-branch,objectives/command-and-control/dropper/execution/platform-branch::hash-input-startswith-prefix,atomic,suspicious,Hash input starts with a fixed prefix,objectives/command-and-control/dropper/execution/platform-branch/traits.yaml,,"{""regex"": ""(hash|digest)[A-Za-z0-9_$]*\\.startsWith\\(\""[0-9A-Fa-f]{5,}\""\\)"", ""type"": ""text""}","{""arch"": null, ""for"": [""javascript"", ""typescript""], ""platforms"": [""windows"", ""unix""]}"
platform-branch,objectives/command-and-control/dropper/execution/platform-branch::checksum-input-startswith-prefix,atomic,suspicious,Checksum input starts with a fixed prefix,objectives/command-and-control/dropper/execution/platform-branch/traits.yaml,,"{""regex"": ""(checksum|fingerprint)[A-Za-z0-9_$]*\\.startsWith\\(\""[0-9A-Fa-f]{5,}\""\\)"", ""type"": ""text""}","{""arch"": null, ""for"": [""javascript"", ""typescript""], ""platforms"": [""windows"", ""unix""]}"
platform-branch,objectives/command-and-control/dropper/execution/platform-branch::python-hash-input-prefix,atomic,suspicious,Python hash input starts with a prefix,objectives/command-and-control/dropper/execution/platform-branch/traits.yaml,,"{""regex"": ""(hash|digest)[A-Za-z0-9_]*\\.startswith\\(\""[0-9A-Fa-f]{5,}\""\\)"", ""type"": ""text""}","{""arch"": null, ""for"": [""python""], ""platforms"": [""windows"", ""unix""]}"
platform-branch,objectives/command-and-control/dropper/execution/platform-branch::hash-prefixed-input-gate,composite,suspicious,Hash-like input prefix gate,objectives/command-and-control/dropper/execution/platform-branch/traits.yaml,hash-input-startswith-prefix;checksum-input-startswith-prefix,"""""","{""arch"": null, ""for"": [""javascript"", ""typescript""], ""platforms"": [""windows"", ""unix""]}"
platform-branch,objectives/command-and-control/dropper/execution/platform-branch::platform-branched-dropper,composite,suspicious,Platform-branched payload dropper,objectives/command-and-control/dropper/execution/platform-branch/traits.yaml,micro-behaviors/os/sysinfo/platform/branch::multi-platform-branch;micro-behaviors/process/create/shell/bridge::child-process-require;micro-behaviors/communications/http/download/;micro-behaviors/process/create/shell/bridge::execSync-call;micro-behaviors/process/create/shell/bridge::js-exec;micro-behaviors/process/create/spawn::spawn-call;metadata/package/testing/harness/runtime/;metadata/package/testing/presence/fixture::test-filename-pattern;objectives/command-and-control/dropper/node-bootstrap/;well-known/lib/ai/;well-known/lib/development/launch-editor::launch-editor-guess-context;well-known/lib/platform/arch::arch-library-context;well-known/lib/runtime/scripted/napi-rs::napi-rs-generated-loader-context,"""""","{""arch"": null, ""for"": [""javascript"", ""typescript""], ""platforms"": [""windows"", ""unix""]}"
platform-branch,objectives/command-and-control/dropper/execution/platform-branch::platform-branched-remote-config-shell-stage,composite,hostile,Platform branch drives shell execution from remote config,objectives/command-and-control/dropper/execution/platform-branch/traits.yaml,micro-behaviors/os/sysinfo/platform/branch::node-os-platform-alias-branch;micro-behaviors/communications/http/url/domain::js-remote-host-url;micro-behaviors/process/interpreter/eval/direct::evaluate-helper-identifier-call;micro-behaviors/process/create/shell/bridge::js-stream-end-exec-call,"""""","{""arch"": null, ""for"": [""javascript"", ""typescript""], ""platforms"": [""windows"", ""unix""]}"
platform-branch,objectives/command-and-control/dropper/execution/platform-branch::platform-branched-supply-chain-dropper,composite,hostile,Supply chain platform-branched dropper,objectives/command-and-control/dropper/execution/platform-branch/traits.yaml,platform-branched-dropper;objectives/evasion/self-delete/file/script::node-self-delete;objectives/evasion/self-delete/file/script::manifest-swap;metadata/package/scripts/lifecycle::install-hooks,"""""","{""arch"": null, ""for"": [""javascript"", ""typescript""], ""platforms"": [""windows"", ""unix""]}"
platform-branch,objectives/command-and-control/dropper/execution/platform-branch::npm-platform-alias-install-dropper,composite,hostile,Npm cross-platform install dropper,objectives/command-and-control/dropper/execution/platform-branch/traits.yaml,micro-behaviors/os/sysinfo/platform/branch::node-os-platform-alias-branch;micro-behaviors/process/create/shell/bridge::child-process-require;objectives/supply-chain/install-hook/scripts/declaration::postinstall-hook-declaration;objectives/evasion/self-delete/file/script::unlink-filename;objectives/evasion/self-delete/file/script::unlink-package-json;objectives/evasion/self-delete/file/script::rename-package-md,"""""","{""arch"": null, ""for"": [""javascript"", ""typescript"", ""package.json"", ""npm""], ""platforms"": [""windows"", ""unix""]}"
platform-branch,objectives/command-and-control/dropper/execution/platform-branch::js-platform-branch-remote-stage-cleanup,composite,suspicious,"Script branches on platform, fetches remotely, and self-cleans",objectives/command-and-control/dropper/execution/platform-branch/traits.yaml,micro-behaviors/os/sysinfo/platform/branch::node-os-platform-alias-branch;micro-behaviors/process/create/shell/bridge::child-process-require;micro-behaviors/communications/http/url/domain::js-remote-host-url;objectives/evasion/self-delete/file/script,"""""","{""arch"": null, ""for"": [""javascript"", ""typescript""], ""platforms"": [""windows"", ""unix""]}"
platform-branch,objectives/command-and-control/dropper/execution/platform-branch::npm-install-hook-remote-stage-cleanup,composite,hostile,Npm hook stages platform payload and self-cleans,objectives/command-and-control/dropper/execution/platform-branch/traits.yaml,objectives/supply-chain/install-hook/scripts/declaration::postinstall-hook-declaration;js-platform-branch-remote-stage-cleanup;well-known/tool/development/editor/vscodium::archive-context,"""""","{""arch"": null, ""for"": [""javascript"", ""typescript"", ""json"", ""package.json"", ""npm""], ""platforms"": [""windows"", ""unix""]}"
platform-branch,objectives/command-and-control/dropper/execution/platform-branch::hash-gated-second-stage-download-execute,composite,hostile,Hash-gated remote second-stage download and execution,objectives/command-and-control/dropper/execution/platform-branch/traits.yaml,hash-prefixed-input-gate;micro-behaviors/communications/http/request/client::https-get;micro-behaviors/process/create/system::js-execfile-call,"""""","{""arch"": null, ""for"": [""javascript"", ""typescript""], ""platforms"": [""windows"", ""unix""]}"
platform-branch,objectives/command-and-control/dropper/execution/platform-branch::cross-platform-layered-stage-dropper,composite,hostile,Cross-platform downloader executes a Base64/XOR staged payload,objectives/command-and-control/dropper/execution/platform-branch/traits.yaml,micro-behaviors/os/sysinfo/platform/branch::multi-platform-branch;micro-behaviors/data/decode/base64::buffer-from-base64;micro-behaviors/crypto/symmetric/xor/loop::xor-modulo-key-loop;micro-behaviors/communications/http/request/client::https-get;micro-behaviors/fs/write/file/full::node-write-file-sync;micro-behaviors/process/create/system::js-execfile-call,"""""","{""arch"": null, ""for"": [""javascript"", ""typescript""], ""platforms"": [""windows"", ""unix""]}"
platform-branch,objectives/command-and-control/dropper/execution/platform-branch::python-hash-gated-platform-stage,composite,hostile,Python hash-gated platform stage,objectives/command-and-control/dropper/execution/platform-branch/traits.yaml,python-hash-input-prefix;micro-behaviors/os/sysinfo/platform/branch::python-platform-branch;micro-behaviors/communications/http/lib/requests::requests-get;micro-behaviors/fs/file/open::write-append-create-mode;micro-behaviors/process/create/subprocess::process-execution,"""""","{""arch"": null, ""for"": [""python""], ""platforms"": [""windows"", ""unix""]}"
reflective,objectives/command-and-control/dropper/execution/reflective::batch-saps-self-relaunch,atomic,notable,PowerShell relaunches batch itself,objectives/command-and-control/dropper/execution/reflective/batch-dotnet.yaml,,"{""substr"": ""saps '%~f0' 's'"", ""type"": ""text""}","{""arch"": null, ""for"": [""batch""], ""platforms"": [""windows""]}"
reflective,objectives/command-and-control/dropper/execution/reflective::batch-runas-hidden-window,atomic,notable,RunAs hidden window launch,objectives/command-and-control/dropper/execution/reflective/batch-dotnet.yaml,,"{""regex"": ""(?i)-Verb\\s+RunAs.{0,48}-(Wi|WindowStyle)\\s+Hidden"", ""type"": ""text""}","{""arch"": null, ""for"": [""batch""], ""platforms"": [""windows""]}"
reflective,objectives/command-and-control/dropper/execution/reflective::batch-self-path-env-stash,atomic,component,Batch path stashed in env,objectives/command-and-control/dropper/execution/reflective/batch-dotnet.yaml,,"{""regex"": ""(?i)set\\s+\""[A-Za-z0-9_]{3,}=%~f0\"""", ""type"": ""text""}","{""arch"": null, ""for"": [""batch""], ""platforms"": [""windows""]}"
reflective,objectives/command-and-control/dropper/execution/reflective::ps-readalllines-call,atomic,notable,PowerShell reads all script lines,objectives/command-and-control/dropper/execution/reflective/batch-dotnet.yaml,,"{""substr"": ""ReadAllLines"", ""type"": ""text""}","{""arch"": null, ""for"": [""batch""], ""platforms"": [""windows""]}"
reflective,objectives/command-and-control/dropper/execution/reflective::ps-final-line-index,atomic,notable,PowerShell selects final line,objectives/command-and-control/dropper/execution/reflective/batch-dotnet.yaml,,"{""regex"": ""(?i)\\$[A-Za-z0-9_]{3,}\\[\\$[A-Za-z0-9_]{3,}\\.Length\\s*-\\s*1\\]"", ""type"": ""text""}","{""arch"": null, ""for"": [""batch""], ""platforms"": [""windows""]}"
reflective,objectives/command-and-control/dropper/execution/reflective::ps-aesmanaged-fragment,atomic,notable,Fragmented AesManaged class name,objectives/command-and-control/dropper/execution/reflective/batch-dotnet.yaml,,"{""substr"": ""'.Ae' + 'sMa' + 'nag' + 'ed'"", ""type"": ""text""}","{""arch"": null, ""for"": [""batch""], ""platforms"": [""windows""]}"
reflective,objectives/command-and-control/dropper/execution/reflective::ps-createdecryptor-fragment,atomic,notable,Fragmented CreateDecryptor method,objectives/command-and-control/dropper/execution/reflective/batch-dotnet.yaml,,"{""substr"": ""'Cr' + 'eat' + 'eDe' + 'cry' + 'ptor'"", ""type"": ""text""}","{""arch"": null, ""for"": [""batch""], ""platforms"": [""windows""]}"
reflective,objectives/command-and-control/dropper/execution/reflective::ps-transformfinalblock-fragment,atomic,notable,Fragmented TransformFinalBlock method,objectives/command-and-control/dropper/execution/reflective/batch-dotnet.yaml,,"{""substr"": ""'Tr' + 'ans' + 'for' + 'mFi' + 'nal' + 'Blo' + 'ck'"", ""type"": ""text""}","{""arch"": null, ""for"": [""batch""], ""platforms"": [""windows""]}"
reflective,objectives/command-and-control/dropper/execution/reflective::ps-gzipstream-fragment,atomic,notable,Fragmented GZipStream class name,objectives/command-and-control/dropper/execution/reflective/batch-dotnet.yaml,,"{""substr"": ""'.GZ' + 'ipS' + 'tre' + 'am'"", ""type"": ""text""}","{""arch"": null, ""for"": [""batch""], ""platforms"": [""windows""]}"
reflective,objectives/command-and-control/dropper/execution/reflective::ps-gzip-copyto,atomic,notable,GZip stream copies bytes,objectives/command-and-control/dropper/execution/reflective/batch-dotnet.yaml,,"{""substr"": "".CopyTo("", ""type"": ""text""}","{""arch"": null, ""for"": [""batch""], ""platforms"": [""windows""]}"
reflective,objectives/command-and-control/dropper/execution/reflective::ps-reflection-assembly-fragment,atomic,notable,Fragmented Reflection.Assembly name,objectives/command-and-control/dropper/execution/reflective/batch-dotnet.yaml,,"{""substr"": ""'.As' + 'se' + 'mb' + 'ly'"", ""type"": ""text""}","{""arch"": null, ""for"": [""batch""], ""platforms"": [""windows""]}"
reflective,objectives/command-and-control/dropper/execution/reflective::ps-load-byte-array,atomic,notable,Assembly loads byte array,objectives/command-and-control/dropper/execution/reflective/batch-dotnet.yaml,,"{""regex"": ""(?i)::\\$[A-Za-z0-9_]{3,}\\(\\[byte\\[\\]\\]\\$"", ""type"": ""text""}","{""arch"": null, ""for"": [""batch""], ""platforms"": [""windows""]}"
reflective,objectives/command-and-control/dropper/execution/reflective::ps-entrypoint-fragment,atomic,notable,Fragmented EntryPoint property,objectives/command-and-control/dropper/execution/reflective/batch-dotnet.yaml,,"{""substr"": ""'En' + 'try' + 'Po' + 'int'"", ""type"": ""text""}","{""arch"": null, ""for"": [""batch""], ""platforms"": [""windows""]}"
reflective,objectives/command-and-control/dropper/execution/reflective::ps-invoke-fragment,atomic,notable,Fragmented Invoke method,objectives/command-and-control/dropper/execution/reflective/batch-dotnet.yaml,,"{""substr"": ""'In' + 'vo' + 'ke'"", ""type"": ""text""}","{""arch"": null, ""for"": [""batch""], ""platforms"": [""windows""]}"
reflective,objectives/command-and-control/dropper/execution/reflective::ps-entrypoint-variable-call,atomic,notable,EntryPoint invoked through variable,objectives/command-and-control/dropper/execution/reflective/batch-dotnet.yaml,,"{""regex"": ""(?i)\\$[A-Za-z0-9_]{3,}\\.\\$[A-Za-z0-9_]{3,}\\(\\$null"", ""type"": ""text""}","{""arch"": null, ""for"": [""batch""], ""platforms"": [""windows""]}"
reflective,objectives/command-and-control/dropper/execution/reflective::ps-tochararray-stage,atomic,notable,Payload split into characters,objectives/command-and-control/dropper/execution/reflective/batch-dotnet.yaml,,"{""substr"": "".ToCharArray()"", ""type"": ""text""}","{""arch"": null, ""for"": [""batch""], ""platforms"": [""windows""]}"
reflective,objectives/command-and-control/dropper/execution/reflective::ps-array-reverse-stage,atomic,notable,Payload character array reversed,objectives/command-and-control/dropper/execution/reflective/batch-dotnet.yaml,,"{""substr"": ""[Array]::Reverse"", ""type"": ""text""}","{""arch"": null, ""for"": [""batch""], ""platforms"": [""windows""]}"
reflective,objectives/command-and-control/dropper/execution/reflective::encoded-ps-aes-managed,atomic,notable,Base64-embedded PowerShell AES implementation,objectives/command-and-control/dropper/execution/reflective/batch-dotnet.yaml,,"{""encoding"": ""base64"", ""substr"": ""AesManaged"", ""type"": ""encoded""}","{""arch"": null, ""for"": [""batch"", ""data""], ""platforms"": [""windows""]}"
reflective,objectives/command-and-control/dropper/execution/reflective::encoded-ps-gzip-stream,atomic,notable,Base64-embedded PowerShell GZip decompression,objectives/command-and-control/dropper/execution/reflective/batch-dotnet.yaml,,"{""encoding"": ""base64"", ""substr"": ""GZipStream"", ""type"": ""encoded""}","{""arch"": null, ""for"": [""batch"", ""data""], ""platforms"": [""windows""]}"
reflective,objectives/command-and-control/dropper/execution/reflective::encoded-ps-reflective-assembly-load,atomic,notable,Base64-embedded reflective .NET assembly load,objectives/command-and-control/dropper/execution/reflective/batch-dotnet.yaml,,"{""encoding"": ""base64"", ""regex"": ""(?i)Reflection\\.Assembly.{0,80}::Load"", ""type"": ""encoded""}","{""arch"": null, ""for"": [""batch"", ""data""], ""platforms"": [""windows""]}"
reflective,objectives/command-and-control/dropper/execution/reflective::encoded-ps-entrypoint-invoke,atomic,notable,Base64-embedded .NET entry point invocation,objectives/command-and-control/dropper/execution/reflective/batch-dotnet.yaml,,"{""encoding"": ""base64"", ""regex"": ""(?i)EntryPoint.{0,40}Invoke"", ""type"": ""encoded""}","{""arch"": null, ""for"": [""batch"", ""data""], ""platforms"": [""windows""]}"
reflective,objectives/command-and-control/dropper/execution/reflective::batch-hidden-runas-self-relaunch,composite,suspicious,Hidden elevated batch relaunch,objectives/command-and-control/dropper/execution/reflective/batch-dotnet.yaml,batch-saps-self-relaunch;batch-runas-hidden-window,"""""","{""arch"": null, ""for"": [""batch""], ""platforms"": [""windows""]}"
reflective,objectives/command-and-control/dropper/execution/reflective::batch-self-lastline-payload,composite,component,Batch reads final payload line,objectives/command-and-control/dropper/execution/reflective/batch-dotnet.yaml,batch-self-path-env-stash;ps-readalllines-call;ps-final-line-index,"""""","{""arch"": null, ""for"": [""batch""], ""platforms"": [""windows""]}"
reflective,objectives/command-and-control/dropper/execution/reflective::ps-aes-decryptor-stage,composite,component,PowerShell AES decryptor stage,objectives/command-and-control/dropper/execution/reflective/batch-dotnet.yaml,ps-aesmanaged-fragment;ps-createdecryptor-fragment;ps-transformfinalblock-fragment,"""""","{""arch"": null, ""for"": [""batch""], ""platforms"": [""windows""]}"
reflective,objectives/command-and-control/dropper/execution/reflective::ps-gzip-decompress-stage,composite,component,PowerShell GZip decompress stage,objectives/command-and-control/dropper/execution/reflective/batch-dotnet.yaml,ps-gzipstream-fragment;ps-gzip-copyto,"""""","{""arch"": null, ""for"": [""batch""], ""platforms"": [""windows""]}"
reflective,objectives/command-and-control/dropper/execution/reflective::ps-byte-array-assembly-load,composite,component,Byte array assembly load,objectives/command-and-control/dropper/execution/reflective/batch-dotnet.yaml,ps-reflection-assembly-fragment;ps-load-byte-array,"""""","{""arch"": null, ""for"": [""batch""], ""platforms"": [""windows""]}"
reflective,objectives/command-and-control/dropper/execution/reflective::ps-entrypoint-indirect-invoke,composite,component,Indirect EntryPoint invocation,objectives/command-and-control/dropper/execution/reflective/batch-dotnet.yaml,ps-entrypoint-fragment;ps-invoke-fragment;ps-entrypoint-variable-call,"""""","{""arch"": null, ""for"": [""batch""], ""platforms"": [""windows""]}"
reflective,objectives/command-and-control/dropper/execution/reflective::ps-reversed-base64-stage,composite,component,Reversed Base64 stage payload,objectives/command-and-control/dropper/execution/reflective/batch-dotnet.yaml,ps-tochararray-stage;ps-array-reverse-stage;micro-behaviors/data/decode/base64::dotnet-frombase64string-text,"""""","{""arch"": null, ""for"": [""batch""], ""platforms"": [""windows""]}"
reflective,objectives/command-and-control/dropper/execution/reflective::batch-encrypted-reflective-dotnet-loader,composite,hostile,Batch encrypted reflective .NET loader,objectives/command-and-control/dropper/execution/reflective/batch-dotnet.yaml,batch-self-lastline-payload;ps-aes-decryptor-stage;ps-gzip-decompress-stage;ps-byte-array-assembly-load;ps-entrypoint-indirect-invoke;batch-hidden-runas-self-relaunch;ps-reversed-base64-stage;objectives/anti-static/obfuscation/string/fragmentation::batch-extreme-line-bloat;micro-behaviors/process/create/shell/command-flag::powershell-command-launch,"""""","{""arch"": null, ""for"": [""batch""], ""platforms"": [""windows""]}"
reflective,objectives/command-and-control/dropper/execution/reflective::batch-base64-encrypted-reflective-dotnet-loader,composite,hostile,Batch Base64 carrier decrypts and reflectively runs .NET,objectives/command-and-control/dropper/execution/reflective/batch-dotnet.yaml,encoded-ps-aes-managed;encoded-ps-gzip-stream;encoded-ps-reflective-assembly-load;encoded-ps-entrypoint-invoke,"""""","{""arch"": null, ""for"": [""batch"", ""data""], ""platforms"": [""windows""]}"
reflective,objectives/command-and-control/dropper/execution/reflective::batch-elevated-encrypted-dotnet-stage,composite,hostile,Elevated encrypted .NET stage loader,objectives/command-and-control/dropper/execution/reflective/batch-dotnet.yaml,batch-hidden-runas-self-relaunch;objectives/evasion/security-bypass/policy/execution::bypass-execution-policy;ps-aes-decryptor-stage;ps-gzip-decompress-stage;ps-byte-array-assembly-load;ps-entrypoint-indirect-invoke;batch-self-lastline-payload;objectives/anti-static/obfuscation/string/fragmentation::batch-extreme-line-bloat,"""""","{""arch"": null, ""for"": [""batch""], ""platforms"": [""windows""]}"
reflective,objectives/command-and-control/dropper/execution/reflective::batch-strip-executed-crypter,composite,hostile,Batch crypter executes stripped commands over an embedded blob,objectives/command-and-control/dropper/execution/reflective/batch-strip-crypter.yaml,micro-behaviors/process/create/shell/batch::batch-call-strip-execute;micro-behaviors/fs/file/copy::batch-copy-stripped-source;metadata/file/line::batch-line-over-100000;metadata/file/data-blob::batch-file-entropy-above-five,"""""","{""arch"": null, ""for"": [""batch""], ""platforms"": [""windows""]}"
resource,objectives/command-and-control/dropper/execution/resource::firseria-resource-payload-execution,composite,hostile,Firseria Installer v2 extracts resources and launches the staged payload,objectives/command-and-control/dropper/execution/resource/firseria.yaml,well-known/unwanted/firseria::firseria-installer-v2-identity;objectives/anti-static/obfuscation/payload/encrypted::dominant-high-entropy-resources;micro-behaviors/data/embedded/payload/resource::pe-resource-full-extraction;micro-behaviors/fs/temp/directory::get-temp-path-name;micro-behaviors/process/create/shellexec::shell-executeex-call,"""""","{""arch"": null, ""for"": [""pe""], ""platforms"": [""windows""]}"
resource,objectives/command-and-control/dropper/execution/resource::rsrc-on-demand-route-helper-name,atomic,notable,OnDemand route helper resource DLL,objectives/command-and-control/dropper/execution/resource/pe-resource-loader.yaml,,"{""exact"": ""OnDemandConnRouteHelper.DLL"", ""section"": "".rsrc"", ""type"": ""text""}","{""arch"": null, ""for"": [""pe""], ""platforms"": [""windows""]}"
resource,objectives/command-and-control/dropper/execution/resource::rsrc-startupscan-dll-name,atomic,notable,Startupscan resource DLL,objectives/command-and-control/dropper/execution/resource/pe-resource-loader.yaml,,"{""exact"": ""startupscan.dll"", ""section"": "".rsrc"", ""type"": ""text""}","{""arch"": null, ""for"": [""pe""], ""platforms"": [""windows""]}"
resource,objectives/command-and-control/dropper/execution/resource::rsrc-ztdnsapi-dll-name,atomic,notable,ZTDNSAPI resource DLL,objectives/command-and-control/dropper/execution/resource/pe-resource-loader.yaml,,"{""exact"": ""ZTDNSAPI.dll"", ""section"": "".rsrc"", ""type"": ""text""}","{""arch"": null, ""for"": [""pe""], ""platforms"": [""windows""]}"
resource,objectives/command-and-control/dropper/execution/resource::rsrc-deviceassociation-dll-name,atomic,notable,Device association resource DLL,objectives/command-and-control/dropper/execution/resource/pe-resource-loader.yaml,,"{""exact"": ""deviceassociation.dll"", ""section"": "".rsrc"", ""type"": ""text""}","{""arch"": null, ""for"": [""pe""], ""platforms"": [""windows""]}"
resource,objectives/command-and-control/dropper/execution/resource::rsrc-security-integrity-dll-name,atomic,notable,Security integrity resource DLL,objectives/command-and-control/dropper/execution/resource/pe-resource-loader.yaml,,"{""exact"": ""Windows.Security.Integrity.dll"", ""section"": "".rsrc"", ""type"": ""text""}","{""arch"": null, ""for"": [""pe""], ""platforms"": [""windows""]}"
resource,objectives/command-and-control/dropper/execution/resource::springfield-armory-version-string,atomic,notable,Springfield Armory version claim,objectives/command-and-control/dropper/execution/resource/pe-resource-loader.yaml,,"{""exact"": ""Springfield Armory, Inc."", ""section"": "".rsrc"", ""type"": ""text""}","{""arch"": null, ""for"": [""pe""], ""platforms"": [""windows""]}"
resource,objectives/command-and-control/dropper/execution/resource::tr-configuration-service-string,atomic,notable,Tr Configuration Service claim,objectives/command-and-control/dropper/execution/resource/pe-resource-loader.yaml,,"{""exact"": ""Tr Configuration Service"", ""section"": "".rsrc"", ""type"": ""text""}","{""arch"": null, ""for"": [""pe""], ""platforms"": [""windows""]}"
resource,objectives/command-and-control/dropper/execution/resource::tjertier6-resource-name,atomic,notable,TJERTIER6 encrypted resource name,objectives/command-and-control/dropper/execution/resource/pe-resource-loader.yaml,,"{""section"": "".rsrc"", ""type"": ""text"", ""word"": ""TJERTIER6""}","{""arch"": null, ""for"": [""pe""], ""platforms"": [""windows""]}"
resource,objectives/command-and-control/dropper/execution/resource::tke5rhiwr-form-resource,atomic,notable,TKE5RHIWR Delphi form resource,objectives/command-and-control/dropper/execution/resource/pe-resource-loader.yaml,,"{""section"": "".rsrc"", ""type"": ""text"", ""word"": ""TKE5RHIWR""}","{""arch"": null, ""for"": [""pe""], ""platforms"": [""windows""]}"
resource,objectives/command-and-control/dropper/execution/resource::tke5rhiwr-form-create-caption,atomic,notable,TKE5RHIWR decoy form caption,objectives/command-and-control/dropper/execution/resource/pe-resource-loader.yaml,,"{""exact"": ""3rqefdas"", ""section"": "".rsrc"", ""type"": ""text""}","{""arch"": null, ""for"": [""pe""], ""platforms"": [""windows""]}"
resource,objectives/command-and-control/dropper/execution/resource::tjertier6-interleaved-resource-header,atomic,notable,TJERTIER6 interleaved resource header,objectives/command-and-control/dropper/execution/resource/pe-resource-loader.yaml,,"{""pattern"": ""00 F0 03 00 [16] 08 79 95 08 08 79 95 08"", ""section"": "".rsrc"", ""type"": ""hex""}","{""arch"": null, ""for"": [""pe""], ""platforms"": [""windows""]}"
resource,objectives/command-and-control/dropper/execution/resource::importless-aliased-resource-resolver,composite,hostile,Importless x64 export resolver stages a dominant packed resource,objectives/command-and-control/dropper/execution/resource/pe-resource-loader.yaml,objectives/anti-static/obfuscation/imports::x64-pe-export-resolver-with-aliased-stubs;objectives/anti-static/obfuscation/payload/encrypted::dominant-high-entropy-resources;metadata/signed/platform/;metadata/binary/installer/family/,"""""","{""arch"": null, ""for"": [""pe""], ""platforms"": [""windows""]}"
resource,objectives/command-and-control/dropper/execution/resource::windows-component-resource-name-cluster,composite,component,Windows component DLL resource cluster,objectives/command-and-control/dropper/execution/resource/pe-resource-loader.yaml,rsrc-on-demand-route-helper-name;rsrc-startupscan-dll-name;rsrc-ztdnsapi-dll-name;rsrc-deviceassociation-dll-name;rsrc-security-integrity-dll-name,"""""","{""arch"": null, ""for"": [""pe""], ""platforms"": [""windows""]}"
resource,objectives/command-and-control/dropper/execution/resource::springfield-configuration-version-claim,composite,component,Springfield configuration version claim,objectives/command-and-control/dropper/execution/resource/pe-resource-loader.yaml,springfield-armory-version-string;tr-configuration-service-string,"""""","{""arch"": null, ""for"": [""pe""], ""platforms"": [""windows""]}"
resource,objectives/command-and-control/dropper/execution/resource::windows-component-resource-carrier,composite,suspicious,PE carries Windows component resources,objectives/command-and-control/dropper/execution/resource/pe-resource-loader.yaml,micro-behaviors/data/embedded/payload/resource::pe-magic-in-rsrc-multiple;windows-component-resource-name-cluster;metadata/signed/trust-level::unsigned;metadata/binary/resource/;metadata/binary/installer/family/,"""""","{""arch"": null, ""for"": [""pe""], ""platforms"": [""windows""]}"
resource,objectives/command-and-control/dropper/execution/resource::pe-resource-delphi-application-marker,composite,notable,Delphi application resource marker,objectives/command-and-control/dropper/execution/resource/pe-resource-loader.yaml,metadata/lang/compiler/managed::delphi;metadata/package/versioning/scheme::pe-version-resource;metadata/binary/code/complexity::many-functions,"""""","{""arch"": null, ""for"": [""pe""], ""platforms"": [""windows""]}"
resource,objectives/command-and-control/dropper/execution/resource::delphi-encrypted-resource-memory-loader,composite,suspicious,Delphi encrypted resource memory loader,objectives/command-and-control/dropper/execution/resource/pe-resource-loader.yaml,metadata/lang/compiler/managed::delphi;objectives/anti-static/obfuscation/payload/encrypted::high-entropy-rsrc;micro-behaviors/data/embedded/payload/resource::pe-resource-full-extraction;micro-behaviors/mem/protect/modify::virtual-alloc;micro-behaviors/os/module/load::dynamic-self-resolution-imports;micro-behaviors/os/module/load::get-proc-address-import;micro-behaviors/data/embedded/payload/resource::pe-magic-in-rsrc;metadata/binary/installer/family/;metadata/binary/installer/script/;metadata/signed/platform/;well-known/tool/reverse-engineering/;well-known/app/infrastructure/atlantis/,"""""","{""arch"": null, ""for"": [""pe""], ""platforms"": [""windows""]}"
resource,objectives/command-and-control/dropper/execution/resource::unsigned-delphi-resource-memory-loader,composite,suspicious,Unsigned Delphi resource memory loader,objectives/command-and-control/dropper/execution/resource/pe-resource-loader.yaml,delphi-encrypted-resource-memory-loader;metadata/signed/trust-level::unsigned;metadata/binary/resource/size::oversized-rsrc;objectives/evasion/indicator-removal/timestamps::timestamp-anomaly;objectives/evasion/indicator-removal/timestamps::header-timestamp-pre-2000;metadata/binary/installer/family/;metadata/binary/installer/script/;metadata/signed/platform/,"""""","{""arch"": null, ""for"": [""pe""], ""platforms"": [""windows""]}"
resource,objectives/command-and-control/dropper/execution/resource::delphi-resource-loader-winsock-loop,composite,suspicious,Delphi resource loader with Winsock loop,objectives/command-and-control/dropper/execution/resource/pe-resource-loader.yaml,unsigned-delphi-resource-memory-loader;micro-behaviors/communications/socket/multiplex::winsock-event-loop-text;micro-behaviors/communications/socket/multiplex::wsa-create-event;micro-behaviors/communications/ip/resolve::resolve-gethostbyname-import;micro-behaviors/os/module/load::dynamic-self-resolution-imports;metadata/binary/installer/family/;metadata/signed/platform/;metadata/binary/vendor/;well-known/app/browser/internet-explorer/,"""""","{""arch"": null, ""for"": [""pe""], ""platforms"": [""windows""]}"
resource,objectives/command-and-control/dropper/execution/resource::delphi-resource-loader-screen-input,composite,suspicious,Delphi resource loader with screen input capture,objectives/command-and-control/dropper/execution/resource/pe-resource-loader.yaml,unsigned-delphi-resource-memory-loader;micro-behaviors/hardware/display/screen::gdi-dib-bitmap-transfer-primitives;micro-behaviors/ui/window/hook::windows-hook-lifecycle;objectives/anti-analysis/sandbox-detect/tool-references::user-interaction-trigger-cluster;objectives/anti-analysis/timing/evasion::ui-timer-keypoll-gate;micro-behaviors/hardware/input/keyboard/poll::polling-keylogger-api-cluster;well-known/tool/sysadmin/sandboxie/;well-known/lib/runtime/native-platform/slint/;metadata/signed/platform/,"""""","{""arch"": null, ""for"": [""pe""], ""platforms"": [""windows""]}"
resource,objectives/command-and-control/dropper/execution/resource::delphi-resource-loader-surveillance-c2,composite,hostile,Delphi encrypted loader with surveillance C2,objectives/command-and-control/dropper/execution/resource/pe-resource-loader.yaml,delphi-resource-loader-winsock-loop;delphi-resource-loader-screen-input;micro-behaviors/os/module/load::dynamic-self-resolution-imports;metadata/binary/installer/family/;metadata/signed/platform/,"""""","{""arch"": null, ""for"": [""pe""], ""platforms"": [""windows""]}"
resource,objectives/command-and-control/dropper/execution/resource::delphi-resource-loader-screen-network-stage,composite,hostile,Delphi resource stage captures screen over network,objectives/command-and-control/dropper/execution/resource/pe-resource-loader.yaml,unsigned-delphi-resource-memory-loader;micro-behaviors/hardware/display/screen::gdi-dib-bitmap-transfer-primitives;micro-behaviors/communications/socket/multiplex::winsock-event-loop-text;micro-behaviors/data/embedded/payload/resource::pe-resource-full-extraction;micro-behaviors/os/module/load::dynamic-self-resolution-imports;micro-behaviors/mem/protect/modify::virtual-alloc;well-known/tool/sysadmin/sandboxie/;metadata/signed/platform/,"""""","{""arch"": null, ""for"": [""pe""], ""platforms"": [""windows""]}"
resource,objectives/command-and-control/dropper/execution/resource::delphi-resource-loader-input-network-stage,composite,hostile,Delphi resource stage monitors input over network,objectives/command-and-control/dropper/execution/resource/pe-resource-loader.yaml,unsigned-delphi-resource-memory-loader;micro-behaviors/ui/window/hook::windows-hook-lifecycle;micro-behaviors/communications/socket/multiplex::winsock-event-loop-text;objectives/anti-analysis/sandbox-detect/tool-references::user-interaction-trigger-cluster;micro-behaviors/hardware/input/keyboard/poll::polling-keylogger-api-cluster;objectives/anti-analysis/timing/evasion::ui-timer-keypoll-gate;micro-behaviors/os/module/load::dynamic-self-resolution-imports;metadata/signed/platform/,"""""","{""arch"": null, ""for"": [""pe""], ""platforms"": [""windows""]}"
resource,objectives/command-and-control/dropper/execution/resource::tjertier6-delphi-resource-loader,composite,hostile,TJERTIER6 Delphi encrypted loader,objectives/command-and-control/dropper/execution/resource/pe-resource-loader.yaml,tjertier6-resource-name;tke5rhiwr-form-resource;tke5rhiwr-form-create-caption;tjertier6-interleaved-resource-header;metadata/lang/compiler/managed::delphi;micro-behaviors/data/embedded/payload/resource::pe-resource-full-extraction;objectives/anti-static/obfuscation/payload/encrypted::high-entropy-rsrc;micro-behaviors/mem/protect/modify::virtual-alloc,"""""","{""arch"": null, ""for"": [""pe""], ""platforms"": [""windows""]}"
resource,objectives/command-and-control/dropper/execution/resource::pe-rsrc-entry-stub,composite,suspicious,Resource entry stub with dynamic loader,objectives/command-and-control/dropper/execution/resource/pe-resource-loader.yaml,metadata/binary/section/permission::dominant-high-entropy-rsrc-section;metadata/binary/section/permission::executable-rsrc-section;objectives/anti-static/pack/polymorphic::unusual-entry-point-section;objectives/anti-static/obfuscation/payload/import::minimal-pe-dynamic-load;objectives/anti-static/obfuscation/payload/import::extreme-minimal-imports;micro-behaviors/os/module/load::get-proc-address-import;micro-behaviors/dylib/load/runtime::load-library-a;objectives/anti-static/obfuscation/payload/encrypted::high-entropy-rsrc;metadata/binary/installer/family/;metadata/binary/installer/script/;metadata/binary/resource/;metadata/signed/platform/;metadata/binary/vendor::is-microsoft-named,"""""","{""arch"": null, ""for"": [""pe""], ""platforms"": [""windows""]}"
resource,objectives/command-and-control/dropper/execution/resource::unsigned-dominant-rwx-resource-loader,composite,hostile,Unsigned dominant RWX resource loader,objectives/command-and-control/dropper/execution/resource/pe-resource-loader.yaml,objectives/anti-static/obfuscation/payload/encrypted::dominant-high-entropy-resources;metadata/binary/section/permission::executable-rsrc-section;metadata/hardening/memory::wx-section;metadata/signed/trust-level::unsigned;metadata/binary/installer/family/;metadata/binary/installer/script/,"""""","{""arch"": null, ""for"": [""pe""], ""platforms"": [""windows""]}"
resource,objectives/command-and-control/dropper/execution/resource::admin-rsrc-entry-crypt-loader,composite,hostile,Admin-required crypt loader entering RWX resource section,objectives/command-and-control/dropper/execution/resource/pe-resource-loader.yaml,metadata/build/manifest::pe-requires-admin;metadata/binary/section/permission::executable-rsrc-section;metadata/binary/section/header::pe-entry-in-writable-section;objectives/anti-static/pack/runtime::pe-import-count-under-10;micro-behaviors/mem/protect/modify::virtual-protect;micro-behaviors/dylib/load/runtime::load-library-a;micro-behaviors/os/module/load::get-proc-address-import;metadata/signed/platform/;metadata/signed/developer/;metadata/binary/section/label::upx-section,"""""","{""arch"": null, ""for"": [""pe""], ""platforms"": [""windows""]}"
resource,objectives/command-and-control/dropper/execution/resource::pe-rsrc-overlay-stage-loader,composite,hostile,Resource stub with overlay stage loader,objectives/command-and-control/dropper/execution/resource/pe-resource-loader.yaml,metadata/binary/section/permission::dominant-high-entropy-rsrc-section;metadata/binary/section/permission::executable-rsrc-section;objectives/anti-static/pack/polymorphic::unusual-entry-point-section;metadata/binary/layout/overlay::overlay-dominates-third;objectives/anti-static/pack/detect::upx-marker;objectives/anti-static/obfuscation/payload/import::extreme-minimal-imports;objectives/anti-static/obfuscation/payload/import::minimal-pe-dynamic-load;micro-behaviors/os/module/load::get-proc-address-import;micro-behaviors/dylib/load/runtime::load-library-a;objectives/anti-static/obfuscation/binary-metrics/shape::large-overlay;metadata/binary/installer/family/;metadata/binary/installer/script/;metadata/binary/resource/;metadata/signed/platform/;metadata/binary/vendor::is-microsoft-named,"""""","{""arch"": null, ""for"": [""pe""], ""platforms"": [""windows""]}"
resource,objectives/command-and-control/dropper/execution/resource::pe-resource-payload-loader,composite,hostile,PE resource loader with API hashing,objectives/command-and-control/dropper/execution/resource/pe-resource-loader.yaml,metadata/binary/section/permission::dominant-high-entropy-rsrc-section;objectives/anti-static/obfuscation/imports::hash-based-obfuscation;metadata/binary/code/complexity::no-functions;objectives/anti-static/obfuscation/payload/encrypted::high-entropy-rsrc;metadata/binary/vendor::microsoft-corp-versioninfo;metadata/binary/vendor::is-microsoft-named,"""""","{""arch"": null, ""for"": [""pe""], ""platforms"": [""windows""]}"
resource,objectives/command-and-control/dropper/execution/resource::pe-resource-encrypted-stub,composite,suspicious,PE stub with encrypted resource payload,objectives/command-and-control/dropper/execution/resource/pe-resource-loader.yaml,metadata/binary/section/permission::dominant-high-entropy-rsrc-section;metadata/binary/code/complexity::no-functions;objectives/anti-static/obfuscation/payload/encrypted::high-entropy-rsrc;objectives/anti-static/obfuscation/imports::pe-export-walk-primitive;objectives/anti-static/obfuscation/imports::hash-primitive;micro-behaviors/os/api-resolution/manual::peb-access-x64,"""""","{""arch"": null, ""for"": [""pe""], ""platforms"": [""windows""]}"
resource,objectives/command-and-control/dropper/execution/resource::pe-resource-syscall-loader,composite,hostile,Resource loader with indirect syscalls,objectives/command-and-control/dropper/execution/resource/pe-resource-loader.yaml,metadata/binary/section/permission::dominant-high-entropy-rsrc-section;objectives/anti-static/obfuscation/imports::pe-export-walk-primitive;objectives/evasion/anti-av/syscall::indirect-syscall-gate;objectives/evasion/anti-av/syscall::windows-direct-syscalls;metadata/binary/vendor::is-microsoft-named,"""""","{""arch"": null, ""for"": [""pe""], ""platforms"": [""windows""]}"
resource,objectives/command-and-control/dropper/execution/resource::api-hashed-component-resource-loader,composite,hostile,API-hashed Windows component resource loader,objectives/command-and-control/dropper/execution/resource/pe-resource-loader.yaml,micro-behaviors/data/embedded/payload/resource::pe-magic-in-rsrc-multiple;objectives/anti-static/obfuscation/imports::custom-multiplicative-55a31-api-resolution;metadata/signed/trust-level::unsigned;windows-component-resource-name-cluster;springfield-configuration-version-claim;metadata/binary/symbols/exports::internal-security-export-masquerade;micro-behaviors/fs/temp/directory::get-temp-path-name;micro-behaviors/fs/write/file/handle::write-file;metadata/binary/resource/;metadata/binary/installer/family/,"""""","{""arch"": null, ""for"": [""pe""], ""platforms"": [""windows""]}"
resource,objectives/command-and-control/dropper/execution/resource::pe-resource-api-loader-camouflage,composite,suspicious,Resource API loader with camouflage,objectives/command-and-control/dropper/execution/resource/pe-resource-loader.yaml,micro-behaviors/data/embedded/payload/resource::find-resource-w;micro-behaviors/data/embedded/payload/resource::load-resource;micro-behaviors/data/embedded/payload/resource::lock-resource;micro-behaviors/data/embedded/payload/resource::sizeof-resource;objectives/anti-static/obfuscation/payload/camouflage::text-section-payload-camouflage;objectives/anti-static/obfuscation/payload/camouflage::dictionary-padding-entropy-camouflage;metadata/binary/symbols/count::recovered-function-count-under-10;metadata/binary/installer/family/;metadata/signed/platform/;metadata/binary/vendor/;well-known/app/browser/internet-explorer/,"""""","{""arch"": null, ""for"": [""pe""], ""platforms"": [""windows""]}"
resource,objectives/command-and-control/dropper/execution/resource::signed-multistage-resource-carrier,composite,suspicious,Signed PE with multistage resource and process-launch markers,objectives/command-and-control/dropper/execution/resource/pe-resource-loader.yaml,metadata/binary/layout/checksum::signed-pe-checksum-mismatch;metadata/binary/layout/ratio::multiple-pe-embedded;micro-behaviors/process/create/sudo::create-process-as-user;metadata/binary/installer/family/;metadata/binary/installer/script/;metadata/binary/framework/,"""""","{""arch"": null, ""for"": [""pe""], ""platforms"": [""windows""]}"
resource,objectives/command-and-control/dropper/execution/resource::pe-png-pixel-stego-loader,composite,suspicious,Resource PNG pixel steganography loader markers,objectives/command-and-control/dropper/execution/resource/pe-resource-loader.yaml,micro-behaviors/data/embedded/payload/resource::pe-resource-full-extraction;metadata/binary/resource/embedded-media::png-and-manifest-rsrc;micro-behaviors/data/encode/image/gdiplus::startup;micro-behaviors/data/encode/image/gdiplus::bitmap-stream-pixel-readback;micro-behaviors/os/module/load::get-proc-address-import;micro-behaviors/os/module/load::get-current-process;micro-behaviors/os/module/load::free-library;metadata/binary/installer/family::known-benign-installer;micro-behaviors/fs/write/file/resource::update-resource-any;metadata/signed/platform/;metadata/binary/vendor::is-microsoft-named,"""""","{""arch"": null, ""for"": [""pe""], ""platforms"": [""windows""]}"
resource,objectives/command-and-control/dropper/execution/resource::pe-resource-api-loader-ansi,composite,suspicious,PE resource loader via ANSI resource APIs,objectives/command-and-control/dropper/execution/resource/pe-resource-loader.yaml,micro-behaviors/data/embedded/payload/resource::find-resource-a;micro-behaviors/data/embedded/payload/resource::load-resource;micro-behaviors/data/embedded/payload/resource::lock-resource;micro-behaviors/data/embedded/payload/resource::sizeof-resource;metadata/binary/section/permission::dominant-high-entropy-rsrc-section;metadata/binary/section/permission::major-high-entropy-rsrc-section;objectives/anti-static/obfuscation/payload/encrypted::high-entropy-rsrc;metadata/binary/code/complexity::no-functions;metadata/binary/resource/size::large-rsrc-section;metadata/binary/installer/family/;metadata/signed/platform/;metadata/binary/vendor::is-microsoft-named;metadata/file/string/application-name::tool-identity-putty;well-known/tool/reverse-engineering/;well-known/app/infrastructure/atlantis/;well-known/app/system/iobit::iobit-signed-component-context,"""""","{""arch"": null, ""for"": [""pe""], ""platforms"": [""windows""]}"
resource,objectives/command-and-control/dropper/execution/resource::native-rsrc-rwx-memory-loader,composite,hostile,Native resource API RWX loader,objectives/command-and-control/dropper/execution/resource/pe-resource-loader.yaml,micro-behaviors/data/embedded/payload/resource::native-resource-api-resolution;micro-behaviors/mem/alloc/executable::executable-allocation-indicator;metadata/signed/trust-level::unsigned;metadata/binary/resource/size::oversized-rsrc;metadata/binary/resource/size::large-null-rsrc;metadata/binary/layout/entropy::high-overall-entropy-70;metadata/binary/header/malformed::malformed-pe-structure;metadata/signed/platform/;metadata/binary/installer/family/;metadata/binary/vendor::is-microsoft-named,"""""","{""arch"": null, ""for"": [""pe""], ""platforms"": [""windows""]}"
resource,objectives/command-and-control/dropper/execution/resource::resource-extract-rwx-callable-buffer,composite,hostile,Resource extraction into RWX buffer,objectives/command-and-control/dropper/execution/resource/pe-resource-loader.yaml,micro-behaviors/data/embedded/payload/resource::pe-resource-full-extraction;micro-behaviors/mem/alloc/executable::executable-allocation-indicator;metadata/signed/trust-level::unsigned;metadata/binary/layout/entropy::high-overall-entropy-70;metadata/binary/header/malformed::malformed-pe-structure;metadata/binary/resource/size::large-null-rsrc;metadata/binary/resource/size::oversized-low-entropy-rsrc;metadata/signed/platform/;metadata/binary/installer/family/;metadata/binary/installer/script/;metadata/binary/vendor::is-microsoft-named,"""""","{""arch"": null, ""for"": [""pe""], ""platforms"": [""windows""]}"
resource,objectives/command-and-control/dropper/execution/resource::nuitka-resource-extraction-loader,composite,hostile,Nuitka one-file resource extraction loader,objectives/command-and-control/dropper/execution/resource/pe-resource-loader.yaml,objectives/command-and-control/dropper/execution/windows-loader::nuitka-packed-process-loader;micro-behaviors/data/embedded/payload/resource::pe-resource-full-extraction;metadata/binary/resource/size::oversized-low-entropy-rsrc;metadata/signed/platform/;metadata/binary/framework/;metadata/binary/installer/family/,"""""","{""arch"": null, ""for"": [""pe""], ""platforms"": [""windows""]}"
resource,objectives/command-and-control/dropper/execution/resource::efs-gated-native-resource-loader,composite,hostile,EFS gated native resource loader,objectives/command-and-control/dropper/execution/resource/pe-resource-loader.yaml,objectives/impact/degrade/system/file::efs-encrypt-windows-setup-state;micro-behaviors/data/embedded/payload/resource::native-resource-api-resolution;metadata/signed/trust-level::unsigned;micro-behaviors/data/embedded/payload/resource::fragmented-native-resource-resolution;micro-behaviors/mem/alloc/executable::executable-allocation-indicator;metadata/binary/header/malformed::malformed-pe-structure;objectives/anti-static/pack/runtime::unpacking-api-pattern;metadata/signed/platform/;metadata/binary/installer/family/,"""""","{""arch"": null, ""for"": [""pe""], ""platforms"": [""windows""]}"
resource,objectives/command-and-control/dropper/execution/resource::efs-gated-resource-extraction-loader,composite,hostile,EFS gated resource extraction loader,objectives/command-and-control/dropper/execution/resource/pe-resource-loader.yaml,objectives/impact/degrade/system/file::efs-encrypt-windows-setup-state;micro-behaviors/data/embedded/payload/resource::pe-resource-full-extraction;metadata/signed/trust-level::unsigned;micro-behaviors/data/embedded/payload/resource::native-resource-api-resolution;metadata/binary/header/malformed::malformed-pe-structure;metadata/binary/layout/entropy::high-overall-entropy-70;objectives/anti-static/pack/runtime::unpacking-api-pattern;metadata/signed/platform/;metadata/binary/installer/family/,"""""","{""arch"": null, ""for"": [""pe""], ""platforms"": [""windows""]}"
resource,objectives/command-and-control/dropper/execution/resource::mfc-template-resource-rwx-loader,composite,suspicious,MFC template resource RWX loader,objectives/command-and-control/dropper/execution/resource/pe-resource-loader.yaml,metadata/package/versioning/scheme::pe-mfc-template-description;micro-behaviors/data/embedded/payload/resource::native-resource-api-resolution;micro-behaviors/mem/alloc/executable::executable-allocation-indicator;metadata/binary/header/malformed::malformed-pe-structure;metadata/binary/resource/size::large-null-rsrc;metadata/signed/trust-level::unsigned;metadata/signed/platform/;metadata/binary/installer/family/,"""""","{""arch"": null, ""for"": [""pe""], ""platforms"": [""windows""]}"
resource,objectives/command-and-control/dropper/execution/resource::pe-resource-com-loader,composite,suspicious,Resource loader with COM WMI setup,objectives/command-and-control/dropper/execution/resource/pe-resource-loader.yaml,micro-behaviors/data/embedded/payload/resource::find-resource-a;micro-behaviors/data/embedded/payload/resource::load-resource;micro-behaviors/data/embedded/payload/resource::lock-resource;micro-behaviors/data/embedded/payload/resource::sizeof-resource;micro-behaviors/os/com/invoke::wmi-com-proxy-setup;metadata/binary/section/permission::major-high-entropy-rsrc-section;objectives/anti-static/obfuscation/payload/encrypted::high-entropy-rsrc;objectives/discovery/system/fingerprint/hardware::wmi-host-profile-queries;objectives/anti-static/obfuscation/payload/self-read::self-read-overlay-access;objectives/anti-analysis/debugger-detect/check::is-debugger-present-symbol;metadata/binary/installer/family/;metadata/signed/platform/;well-known/app/system/iobit::iobit-signed-component-context;metadata/package/tooling::cpuz-binary,"""""","{""arch"": null, ""for"": [""pe""], ""platforms"": [""windows""]}"
resource,objectives/command-and-control/dropper/execution/resource::native-api-hashed-resource-injection,composite,hostile,Unsigned PE extracts a resource while staging native memory injection,objectives/command-and-control/dropper/execution/resource/pe-resource-loader.yaml,micro-behaviors/data/embedded/payload/resource::find-resource-any;micro-behaviors/data/embedded/payload/resource::load-resource;micro-behaviors/data/embedded/payload/resource::lock-resource;micro-behaviors/os/api-resolution/hash-based::multiplicative-hash-loop;micro-behaviors/os/syscall/raw::nt-write-ssn;micro-behaviors/os/syscall/raw::nt-create-thread-ssn;micro-behaviors/mem/protect/modify::virtual-protect;metadata/signed/platform/;well-known/tool/reverse-engineering/,"""""","{""arch"": null, ""for"": [""pe""], ""platforms"": [""windows""]}"
resource,objectives/command-and-control/dropper/execution/resource::resource-memory-loader-with-endpoint,composite,hostile,Resource loader stages executable memory with endpoint data,objectives/command-and-control/dropper/execution/resource/unsigned-native-resource-loader.yaml,micro-behaviors/data/embedded/payload/resource::pe-resource-load-lock-chain;micro-behaviors/mem/alloc/executable::executable-allocation-indicator;micro-behaviors/communications/ip/literal::external-ipv4-pe-resource-string;metadata/binary/installer/family/;metadata/binary/installer/script/;metadata/lang/compiler/managed/;metadata/binary/installer/builder::advanced-installer-bootstrapper;well-known/tool/reverse-engineering/;well-known/app/utility/glary-utilities::glarysoft-signed-component-context;well-known/app/utility/lunatranslator::lunatranslator-hook-context,"""""","{""arch"": null, ""for"": [""pe""], ""platforms"": [""windows""]}"
resource,objectives/command-and-control/dropper/execution/resource::resource-loader-with-runtime-decoder,composite,hostile,Resource loader combines runtime decoding and memory execution,objectives/command-and-control/dropper/execution/resource/unsigned-native-resource-loader.yaml,micro-behaviors/data/embedded/payload/resource::pe-resource-load-lock-chain;micro-behaviors/data/string/case::ascii-case-fold-lookup-table;micro-behaviors/mem/alloc/executable::executable-allocation-indicator;micro-behaviors/process/create/thread::create-thread;metadata/binary/installer/family/;metadata/binary/installer/script/;metadata/lang/compiler/managed/;metadata/binary/installer/builder::advanced-installer-bootstrapper;well-known/app/utility/glary-utilities::glarysoft-signed-component-context;well-known/app/utility/lunatranslator::lunatranslator-hook-context,"""""","{""arch"": null, ""for"": [""pe""], ""platforms"": [""windows""]}"
resource,objectives/command-and-control/dropper/execution/resource::resource-anti-debug-memory-loader,composite,hostile,Resource anti-debug memory loader,objectives/command-and-control/dropper/execution/resource/unsigned-native-resource-loader.yaml,metadata/signed/trust-level::unsigned;micro-behaviors/data/embedded/payload/resource::pe-resource-full-extraction;micro-behaviors/process/debug/detect::is-debugger-present-import;micro-behaviors/mem/query/info::virtualquery;micro-behaviors/mem/protect/modify::virtual-protect;well-known/lib/runtime/managed/mono::managed-runtime-native-library;well-known/lib/native/pywin32::pywin32-binding-module;metadata/signed/platform/;metadata/binary/installer/;metadata/binary/framework/;well-known/app/;well-known/tool/,"""""","{""arch"": null, ""for"": [""pe""], ""platforms"": [""windows""]}"
resource,objectives/command-and-control/dropper/execution/resource::unsigned-manual-pe-resource-loader,composite,hostile,Unsigned PE manually parses opaque resources behind an anti-debug gate,objectives/command-and-control/dropper/execution/resource/unsigned-native-resource-loader.yaml,metadata/signed/trust-level::unsigned-missing-signature-record;metadata/binary/resource/size::oversized-low-entropy-rsrc;micro-behaviors/data/embedded/payload/header::x64-manual-pe-header-walk;micro-behaviors/process/debug/detect::is-debugger-present-import;micro-behaviors/fs/write/file/handle::write-file,"""""","{""arch"": null, ""for"": [""pe""], ""platforms"": [""windows""]}"
resource,objectives/command-and-control/dropper/execution/resource::unsigned-pe-resource-dropper,composite,hostile,Unsigned PE extracts embedded PE from resource section,objectives/command-and-control/dropper/execution/resource/unsigned-native-resource-loader.yaml,metadata/signed/trust-level::unsigned-missing-signature-record;micro-behaviors/data/embedded/payload/resource::pe-magic-in-rsrc;micro-behaviors/data/embedded/payload/resource::find-resource-any;micro-behaviors/fs/delete/file/library::deletefile-a;micro-behaviors/dylib/load/runtime::load-library-a;micro-behaviors/dylib/load/runtime::load-library-ex-a;metadata/binary/installer/;metadata/signed/platform/;well-known/tool/;well-known/app/;well-known/lib/,"""""","{""arch"": null, ""for"": [""pe""], ""platforms"": [""windows""]}"
runtime-eval,objectives/command-and-control/dropper/execution/runtime-eval::js-remote-deno-run-all-permissions,atomic,suspicious,JavaScript runs remote Deno with -A,objectives/command-and-control/dropper/execution/runtime-eval/deno.yaml,,"{""regex"": ""(?i)\\bdeno\\s+run\\s+-A\\s+(https?://|data:)"", ""type"": ""text""}","{""arch"": null, ""for"": [""javascript""], ""platforms"": [""windows""]}"
runtime-eval,objectives/command-and-control/dropper/execution/runtime-eval::ps-deno-run-remote-all-permissions,atomic,suspicious,PowerShell runs remote Deno with -A,objectives/command-and-control/dropper/execution/runtime-eval/deno.yaml,,"{""regex"": ""(?i)\\bdeno(\\.exe)?\\b.{0,80}\\brun\\b.{0,40}\\b-A\\b.{0,80}https?://"", ""type"": ""text""}","{""arch"": null, ""for"": [""powershell"", ""batch"", ""text""], ""platforms"": [""windows""]}"
runtime-eval,objectives/command-and-control/dropper/execution/runtime-eval::ps-scoop-bootstrap-irm-iex,atomic,suspicious,PowerShell bootstraps Scoop via irm|iex,objectives/command-and-control/dropper/execution/runtime-eval/deno.yaml,,"{""regex"": ""(?i)\\birm\\b[^\\r\\n]{0,40}get\\.scoop\\.sh[^\\r\\n]{0,40}\\|\\s*iex\\b"", ""type"": ""text""}","{""arch"": null, ""for"": [""powershell"", ""batch"", ""text""], ""platforms"": [""windows""]}"
runtime-eval,objectives/command-and-control/dropper/execution/runtime-eval::ps-deno-install-script,atomic,suspicious,PowerShell downloads Deno installer,objectives/command-and-control/dropper/execution/runtime-eval/deno.yaml,,"{""regex"": ""(?i)\\birm\\b.{0,80}https://deno\\.land/install\\.ps1"", ""type"": ""text""}","{""arch"": null, ""for"": [""powershell""], ""platforms"": [""windows""]}"
runtime-eval,objectives/command-and-control/dropper/execution/runtime-eval::ps-deno-runtime-path,atomic,suspicious,PowerShell references Deno runtime,objectives/command-and-control/dropper/execution/runtime-eval/deno.yaml,,"{""regex"": ""(?i)\\$env:USERPROFILE\\\\\\.deno\\\\bin\\\\deno\\.exe"", ""type"": ""text""}","{""arch"": null, ""for"": [""powershell""], ""platforms"": [""windows""]}"
runtime-eval,objectives/command-and-control/dropper/execution/runtime-eval::ps-deno-data-uri-exec,atomic,suspicious,PowerShell runs Deno data URI,objectives/command-and-control/dropper/execution/runtime-eval/deno.yaml,,"{""regex"": ""(?is)\\.deno\\\\bin\\\\deno\\.exe.{0,80}-A.{0,120}data:application/javascript;base64,"", ""type"": ""text""}","{""arch"": null, ""for"": [""powershell""], ""platforms"": [""windows""]}"
runtime-eval,objectives/command-and-control/dropper/execution/runtime-eval::curl-deno-land-zip-fetch,atomic,suspicious,curl downloads Deno release zip,objectives/command-and-control/dropper/execution/runtime-eval/deno.yaml,,"{""regex"": ""(?i)\\bcurl(\\.exe)?\\b.{0,160}dl\\.deno\\.land/.{0,100}deno-[A-Za-z0-9._-]{1,80}\\.zip"", ""type"": ""text""}","{""arch"": null, ""for"": [""powershell"", ""batch"", ""vbs""], ""platforms"": [""windows""]}"
runtime-eval,objectives/command-and-control/dropper/execution/runtime-eval::tar-extract-deno-zip,atomic,suspicious,tar extracts Deno zip archive,objectives/command-and-control/dropper/execution/runtime-eval/deno.yaml,,"{""regex"": ""(?i)\\btar(\\.exe)?\\b.{0,60}\\bxf\\b.{0,100}deno\\.zip"", ""type"": ""text""}","{""arch"": null, ""for"": [""powershell"", ""batch"", ""vbs""], ""platforms"": [""windows""]}"
runtime-eval,objectives/command-and-control/dropper/execution/runtime-eval::localappdata-serial-stage-path,atomic,notable,LocalAppData Serial staging path,objectives/command-and-control/dropper/execution/runtime-eval/deno.yaml,,"{""regex"": ""(?i)(%LOCALAPPDATA%|\\\\AppData\\\\Local)\\\\Serial\\\\"", ""type"": ""text""}","{""arch"": null, ""for"": [""powershell"", ""batch"", ""vbs"", ""text""], ""platforms"": [""windows""]}"
runtime-eval,objectives/command-and-control/dropper/execution/runtime-eval::encoded-deno-username-env,atomic,notable,Encoded Deno username environment lookup,objectives/command-and-control/dropper/execution/runtime-eval/deno.yaml,,"{""encoding"": ""base64"", ""substr"": ""Deno.env.get(\""USERNAME\"")"", ""type"": ""encoded""}","{""arch"": null, ""for"": [""powershell""], ""platforms"": [""windows""]}"
runtime-eval,objectives/command-and-control/dropper/execution/runtime-eval::encoded-deno-hostname-call,atomic,notable,Encoded Deno hostname lookup,objectives/command-and-control/dropper/execution/runtime-eval/deno.yaml,,"{""encoding"": ""base64"", ""substr"": ""Deno.hostname()"", ""type"": ""encoded""}","{""arch"": null, ""for"": [""powershell""], ""platforms"": [""windows""]}"
runtime-eval,objectives/command-and-control/dropper/execution/runtime-eval::encoded-deno-system-memory,atomic,notable,Encoded Deno memory fingerprinting,objectives/command-and-control/dropper/execution/runtime-eval/deno.yaml,,"{""encoding"": ""base64"", ""substr"": ""Deno.systemMemoryInfo()"", ""type"": ""encoded""}","{""arch"": null, ""for"": [""powershell""], ""platforms"": [""windows""]}"
runtime-eval,objectives/command-and-control/dropper/execution/runtime-eval::encoded-deno-osrelease,atomic,notable,Encoded Deno OS release lookup,objectives/command-and-control/dropper/execution/runtime-eval/deno.yaml,,"{""encoding"": ""base64"", ""substr"": ""Deno.osRelease()"", ""type"": ""encoded""}","{""arch"": null, ""for"": [""powershell""], ""platforms"": [""windows""]}"
runtime-eval,objectives/command-and-control/dropper/execution/runtime-eval::encoded-deno-mutex-bind,atomic,suspicious,Encoded Deno localhost bind mutex,objectives/command-and-control/dropper/execution/runtime-eval/deno.yaml,,"{""encoding"": ""base64"", ""regex"": ""Deno\\.listen\\(\\{port:(n|\\d{4,5}),hostname:\""127\\.0\\.0\\.1\"",transport:\""tcp\""\\}"", ""type"": ""encoded""}","{""arch"": null, ""for"": [""powershell""], ""platforms"": [""windows""]}"
runtime-eval,objectives/command-and-control/dropper/execution/runtime-eval::encoded-deno-health-check,atomic,suspicious,Encoded Deno C2 health check,objectives/command-and-control/dropper/execution/runtime-eval/deno.yaml,,"{""encoding"": ""base64"", ""regex"": ""(?s)Promise\\.any\\(.{0,220}/health.{0,220}Promise\\.race"", ""type"": ""encoded""}","{""arch"": null, ""for"": [""powershell""], ""platforms"": [""windows""]}"
runtime-eval,objectives/command-and-control/dropper/execution/runtime-eval::encoded-deno-jwt-stage-fetch,atomic,suspicious,Encoded Deno JWT stage fetch,objectives/command-and-control/dropper/execution/runtime-eval/deno.yaml,,"{""encoding"": ""base64"", ""regex"": ""/mv2/[A-Za-z0-9_-]+\\.[A-Za-z0-9_-]+\\.[A-Za-z0-9_-]+/"", ""type"": ""encoded""}","{""arch"": null, ""for"": [""powershell""], ""platforms"": [""windows""]}"
runtime-eval,objectives/command-and-control/dropper/execution/runtime-eval::encoded-deno-fileless-import,atomic,suspicious,Encoded Deno fileless JS import,objectives/command-and-control/dropper/execution/runtime-eval/deno.yaml,,"{""encoding"": ""base64"", ""substr"": ""import(\""data:application/javascript;base64,\""+btoa"", ""type"": ""encoded""}","{""arch"": null, ""for"": [""powershell""], ""platforms"": [""windows""]}"
runtime-eval,objectives/command-and-control/dropper/execution/runtime-eval::deno-username-env,atomic,notable,Deno username environment lookup,objectives/command-and-control/dropper/execution/runtime-eval/deno.yaml,,"{""substr"": ""Deno.env.get(\""USERNAME\"")"", ""type"": ""text""}","{""arch"": null, ""for"": [""javascript""], ""platforms"": [""windows""]}"
runtime-eval,objectives/command-and-control/dropper/execution/runtime-eval::deno-hostname-call,atomic,notable,Deno hostname lookup,objectives/command-and-control/dropper/execution/runtime-eval/deno.yaml,,"{""substr"": ""Deno.hostname()"", ""type"": ""text""}","{""arch"": null, ""for"": [""javascript""], ""platforms"": [""windows""]}"
runtime-eval,objectives/command-and-control/dropper/execution/runtime-eval::deno-system-memory,atomic,notable,Deno memory fingerprinting,objectives/command-and-control/dropper/execution/runtime-eval/deno.yaml,,"{""substr"": ""Deno.systemMemoryInfo()"", ""type"": ""text""}","{""arch"": null, ""for"": [""javascript""], ""platforms"": [""windows""]}"
runtime-eval,objectives/command-and-control/dropper/execution/runtime-eval::deno-osrelease,atomic,notable,Deno OS release lookup,objectives/command-and-control/dropper/execution/runtime-eval/deno.yaml,,"{""substr"": ""Deno.osRelease()"", ""type"": ""text""}","{""arch"": null, ""for"": [""javascript""], ""platforms"": [""windows""]}"
runtime-eval,objectives/command-and-control/dropper/execution/runtime-eval::deno-mutex-bind,atomic,suspicious,Deno localhost bind mutex,objectives/command-and-control/dropper/execution/runtime-eval/deno.yaml,,"{""regex"": ""Deno\\.listen\\(\\{port:(n|\\d{4,5}),hostname:\""127\\.0\\.0\\.1\"",transport:\""tcp\""\\}"", ""type"": ""text""}","{""arch"": null, ""for"": [""javascript""], ""platforms"": [""windows""]}"
runtime-eval,objectives/command-and-control/dropper/execution/runtime-eval::deno-health-check,atomic,suspicious,Deno C2 health check,objectives/command-and-control/dropper/execution/runtime-eval/deno.yaml,,"{""regex"": ""(?s)Promise\\.any\\(.{0,220}/health.{0,220}Promise\\.race"", ""type"": ""text""}","{""arch"": null, ""for"": [""javascript""], ""platforms"": [""windows""]}"
runtime-eval,objectives/command-and-control/dropper/execution/runtime-eval::deno-jwt-stage-fetch,atomic,suspicious,Deno JWT stage fetch,objectives/command-and-control/dropper/execution/runtime-eval/deno.yaml,,"{""regex"": ""/mv2/[A-Za-z0-9_-]+\\.[A-Za-z0-9_-]+\\.[A-Za-z0-9_-]+/"", ""type"": ""text""}","{""arch"": null, ""for"": [""javascript""], ""platforms"": [""windows""]}"
runtime-eval,objectives/command-and-control/dropper/execution/runtime-eval::deno-fileless-import,atomic,suspicious,Deno fileless JS import,objectives/command-and-control/dropper/execution/runtime-eval/deno.yaml,,"{""substr"": ""import(\""data:application/javascript;base64,\""+btoa"", ""type"": ""text""}","{""arch"": null, ""for"": [""javascript""], ""platforms"": [""windows""]}"
runtime-eval,objectives/command-and-control/dropper/execution/runtime-eval::encoded-deno-host-fingerprint,composite,suspicious,Encoded Deno host fingerprinting,objectives/command-and-control/dropper/execution/runtime-eval/deno.yaml,encoded-deno-username-env;encoded-deno-hostname-call;encoded-deno-system-memory;encoded-deno-osrelease,"""""","{""arch"": null, ""for"": [""powershell""], ""platforms"": [""windows""]}"
runtime-eval,objectives/command-and-control/dropper/execution/runtime-eval::deno-host-fingerprint,composite,suspicious,Deno host fingerprinting,objectives/command-and-control/dropper/execution/runtime-eval/deno.yaml,deno-username-env;deno-hostname-call;deno-system-memory;deno-osrelease,"""""","{""arch"": null, ""for"": [""javascript""], ""platforms"": [""windows""]}"
runtime-eval,objectives/command-and-control/dropper/execution/runtime-eval::ps-deno-bootstrap,composite,suspicious,PowerShell bootstraps Deno runtime,objectives/command-and-control/dropper/execution/runtime-eval/deno.yaml,ps-deno-install-script;ps-deno-runtime-path,"""""","{""arch"": null, ""for"": [""powershell""], ""platforms"": [""windows""]}"
runtime-eval,objectives/command-and-control/dropper/execution/runtime-eval::ps-fileless-deno-loader,composite,hostile,PowerShell launches fileless Deno loader,objectives/command-and-control/dropper/execution/runtime-eval/deno.yaml,ps-deno-runtime-path;ps-deno-data-uri-exec,"""""","{""arch"": null, ""for"": [""powershell""], ""platforms"": [""windows""]}"
runtime-eval,objectives/command-and-control/dropper/execution/runtime-eval::encoded-deno-c2-loader,composite,hostile,Encoded Deno C2 loader,objectives/command-and-control/dropper/execution/runtime-eval/deno.yaml,encoded-deno-host-fingerprint;encoded-deno-mutex-bind;encoded-deno-health-check;encoded-deno-jwt-stage-fetch;encoded-deno-fileless-import,"""""","{""arch"": null, ""for"": [""powershell""], ""platforms"": [""windows""]}"
runtime-eval,objectives/command-and-control/dropper/execution/runtime-eval::deno-c2-loader,composite,hostile,Deno in-memory C2 loader,objectives/command-and-control/dropper/execution/runtime-eval/deno.yaml,deno-host-fingerprint;deno-mutex-bind;deno-health-check;deno-jwt-stage-fetch;deno-fileless-import,"""""","{""arch"": null, ""for"": [""javascript""], ""platforms"": [""windows""]}"
runtime-eval,objectives/command-and-control/dropper/execution/runtime-eval::deno-mutex-health-jwt-stage,composite,hostile,Deno mutex with health and JWT staging,objectives/command-and-control/dropper/execution/runtime-eval/deno.yaml,deno-mutex-bind;deno-health-check;deno-jwt-stage-fetch,"""""","{""arch"": null, ""for"": [""javascript""], ""platforms"": [""windows""]}"
runtime-eval,objectives/command-and-control/dropper/execution/runtime-eval::curl-tar-deno-byor-stage,composite,hostile,curl and tar stage Deno BYOR runtime,objectives/command-and-control/dropper/execution/runtime-eval/deno.yaml,curl-deno-land-zip-fetch;tar-extract-deno-zip;ps-deno-runtime-path,"""""","{""arch"": null, ""for"": [""powershell""], ""platforms"": [""windows""]}"
runtime-eval,objectives/command-and-control/dropper/execution/runtime-eval::curl-tar-fileless-deno-chain,composite,hostile,curl/tar Deno stage launches fileless data URI,objectives/command-and-control/dropper/execution/runtime-eval/deno.yaml,curl-tar-deno-byor-stage;ps-deno-data-uri-exec,"""""","{""arch"": null, ""for"": [""powershell""], ""platforms"": [""windows""]}"
runtime-eval,objectives/command-and-control/dropper/execution/runtime-eval::ps-scoop-winget-deno-remote-c2,composite,hostile,Scoop/winget bootstrap then Deno remote -A C2,objectives/command-and-control/dropper/execution/runtime-eval/deno.yaml,ps-scoop-bootstrap-irm-iex;ps-deno-run-remote-all-permissions;micro-behaviors/process/create/hidden::powershell-windowstyle-hidden-option;objectives/command-and-control/dropper/execution/fileless::ps-irm-pipeline-eval;micro-behaviors/communications/ip/literal::http-ip-url,"""""","{""arch"": null, ""for"": [""powershell"", ""batch"", ""text""], ""platforms"": [""windows""]}"
runtime-eval,objectives/command-and-control/dropper/execution/runtime-eval::vbs-serial-hidden-powershell-launcher,composite,suspicious,VBS launches hidden PowerShell from Serial stage path,objectives/command-and-control/dropper/execution/runtime-eval/deno.yaml,localappdata-serial-stage-path;micro-behaviors/process/create/shell/command-flag::powershell-flagged-command-line;micro-behaviors/process/create/shell/wsh::wscript-shell-hidden-run;micro-behaviors/process/create/shell/wsh::wscript-shell-run;micro-behaviors/os/com/automation::wscript-shell-literal,"""""","{""arch"": null, ""for"": [""vbs""], ""platforms"": [""windows""]}"
self-extract,objectives/command-and-control/dropper/execution/self-extract::ahk-fileinstall-executable,atomic,notable,AutoHotkey FileInstall of an exe payload,objectives/command-and-control/dropper/execution/self-extract/autohotkey.yaml,,"{""regex"": ""(?i)FileInstall\\s*,\\s*[^,\\n]{0,120}\\.(exe|msi|scr|bat)\\b"", ""type"": ""text""}","{""arch"": null, ""for"": [""pe""], ""platforms"": [""windows""]}"
self-extract,objectives/command-and-control/dropper/execution/self-extract::ahk-runtime-marker,atomic,component,AutoHotkey runtime version marker,objectives/command-and-control/dropper/execution/self-extract/autohotkey.yaml,,"{""regex"": ""(?i)\\bAutoHotkey(_?U)?\\s+v[0-9]"", ""type"": ""text""}","{""arch"": null, ""for"": [""pe""], ""platforms"": [""windows""]}"
self-extract,objectives/command-and-control/dropper/execution/self-extract::ahk-run-cmd-syntax,atomic,notable,AutoHotkey Run/RunWait command syntax,objectives/command-and-control/dropper/execution/self-extract/autohotkey.yaml,metadata/binary/section/name::bun-section-name;metadata/lang/compiler/systems::rust-binary,"{""regex"": ""(?im)^[ \\t]*Run(Wait)?[ \\t]*,"", ""type"": ""text""}","{""arch"": null, ""for"": [""pe""], ""platforms"": [""windows""]}"
self-extract,objectives/command-and-control/dropper/execution/self-extract::ahk-temp-path,atomic,notable,AutoHotkey A_Temp directory reference,objectives/command-and-control/dropper/execution/self-extract/autohotkey.yaml,,"{""type"": ""text"", ""word"": ""A_Temp""}","{""arch"": null, ""for"": [""pe""], ""platforms"": [""windows""]}"
self-extract,objectives/command-and-control/dropper/execution/self-extract::ahk-embedded-ole2,atomic,notable,Embedded OLE2/CFBF (MSI) compound-file payload,objectives/command-and-control/dropper/execution/self-extract/autohotkey.yaml,,"{""pattern"": ""D0 CF 11 E0 A1 B1 1A E1"", ""section"": "".rsrc"", ""type"": ""hex""}","{""arch"": null, ""for"": [""pe""], ""platforms"": [""windows""]}"
self-extract,objectives/command-and-control/dropper/execution/self-extract::ahk-run-cmd,composite,notable,AutoHotkey Run/RunWait command,objectives/command-and-control/dropper/execution/self-extract/autohotkey.yaml,ahk-runtime-marker;ahk-run-cmd-syntax,"""""","{""arch"": null, ""for"": [""pe""], ""platforms"": [""windows""]}"
self-extract,objectives/command-and-control/dropper/execution/self-extract::autohotkey-masquerade-fileinstall-dropper,composite,hostile,Renamed AutoHotkey wrapper drops and runs an embedded executable,objectives/command-and-control/dropper/execution/self-extract/autohotkey.yaml,objectives/evasion/masquerade/wrapper::renamed-autohotkey;ahk-fileinstall-executable;ahk-run-cmd,"""""","{""arch"": null, ""for"": [""pe""], ""platforms"": [""windows""]}"
self-extract,objectives/command-and-control/dropper/execution/self-extract::autohotkey-embedded-compound-dropper,composite,hostile,AutoHotkey embeds and executes an OLE2/MSI installer payload,objectives/command-and-control/dropper/execution/self-extract/autohotkey.yaml,ahk-fileinstall-executable;ahk-run-cmd;ahk-embedded-ole2,"""""","{""arch"": null, ""for"": [""pe""], ""platforms"": [""windows""]}"
self-extract,objectives/command-and-control/dropper/execution/self-extract::autohotkey-temp-fileinstall-execute,composite,hostile,AutoHotkey FileInstall drops an executable to temp and runs it,objectives/command-and-control/dropper/execution/self-extract/autohotkey.yaml,ahk-fileinstall-executable;ahk-run-cmd;ahk-temp-path,"""""","{""arch"": null, ""for"": [""pe""], ""platforms"": [""windows""]}"
self-extract,objectives/command-and-control/dropper/execution/self-extract::local-hidden-tool-launch,atomic,suspicious,Hidden local tool launch template,objectives/command-and-control/dropper/execution/self-extract/c-source.yaml,,"{""regex"": ""\""\\./\\.[A-Za-z0-9_-]+\\s+%s\\s+>>\\s+[A-Za-z0-9_.-]+\\s*&\"""", ""type"": ""text""}","{""arch"": null, ""for"": [""c""], ""platforms"": [""unix"", ""android"", ""ios""]}"
self-extract,objectives/command-and-control/dropper/execution/self-extract::background-log-redirect,atomic,component,Background log redirection shell,objectives/command-and-control/dropper/execution/self-extract/c-source.yaml,,"{""regex"": "">>\\s*[A-Za-z/][A-Za-z0-9_./-]*\\s*&"", ""type"": ""text""}","{""arch"": null, ""for"": [""c""], ""platforms"": [""unix"", ""android"", ""ios""]}"
self-extract,objectives/command-and-control/dropper/execution/self-extract::back-orifice-installer-comment,atomic,suspicious,Back Orifice installer wrapper,objectives/command-and-control/dropper/execution/self-extract/c-source.yaml,,"{""regex"": ""Back Orifice.{0,24}installer"", ""type"": ""text""}","{""arch"": null, ""for"": [""c"", ""cpp""], ""platforms"": [""windows""]}"
self-extract,objectives/command-and-control/dropper/execution/self-extract::fixed-offset-self-extract,atomic,suspicious,Fixed offset self extraction,objectives/command-and-control/dropper/execution/self-extract/c-source.yaml,,"{""regex"": ""fseek\\s*\\(\\s*input\\s*,\\s*FIRST_OFFSET\\s*,\\s*SEEK_SET\\s*\\)"", ""type"": ""text""}","{""arch"": null, ""for"": [""c"", ""cpp""], ""platforms"": [""windows""]}"
self-extract,objectives/command-and-control/dropper/execution/self-extract::second-payload-seek,atomic,suspicious,Second embedded payload seek,objectives/command-and-control/dropper/execution/self-extract/c-source.yaml,,"{""regex"": ""fileNumber==1|fseek\\s*\\(\\s*input\\s*,\\s*len\\s*,\\s*SEEK_CUR\\s*\\)"", ""type"": ""text""}","{""arch"": null, ""for"": [""c"", ""cpp""], ""platforms"": [""windows""]}"
self-extract,objectives/command-and-control/dropper/execution/self-extract::visible-decoy-showdefault,atomic,notable,Visible decoy process launch,objectives/command-and-control/dropper/execution/self-extract/c-source.yaml,metadata/lang/source/,"{""type"": ""text"", ""word"": ""SW_SHOWDEFAULT""}","{""arch"": null, ""for"": [""c"", ""cpp""], ""platforms"": [""windows""]}"
self-extract,objectives/command-and-control/dropper/execution/self-extract::detached-process-flag,atomic,notable,Detached hidden installer launch,objectives/command-and-control/dropper/execution/self-extract/c-source.yaml,,"{""type"": ""text"", ""word"": ""DETACHED_PROCESS""}","{""arch"": null, ""for"": [""c"", ""cpp""], ""platforms"": [""windows""]}"
self-extract,objectives/command-and-control/dropper/execution/self-extract::background-probe-launch-source,composite,suspicious,Background shell handoff to local tool,objectives/command-and-control/dropper/execution/self-extract/c-source.yaml,local-hidden-tool-launch;micro-behaviors/process/create/shell/spawn::system-fn;background-log-redirect,"""""","{""arch"": null, ""for"": [""c""], ""platforms"": [""unix"", ""android"", ""ios""]}"
self-extract,objectives/command-and-control/dropper/execution/self-extract::fixed-offset-self-extract-dropper,composite,suspicious,Fixed offset self-extracting dropper,objectives/command-and-control/dropper/execution/self-extract/c-source.yaml,micro-behaviors/fs/read/self::commandline-self-read;fixed-offset-self-extract;second-payload-seek;back-orifice-installer-comment,"""""","{""arch"": null, ""for"": [""c"", ""cpp""], ""platforms"": [""windows""]}"
self-extract,objectives/command-and-control/dropper/execution/self-extract::hidden-installer-decoy-dropper,composite,hostile,Hidden installer plus decoy dropper,objectives/command-and-control/dropper/execution/self-extract/c-source.yaml,fixed-offset-self-extract-dropper;objectives/evasion/process/hidden/window::hidden-process-create;detached-process-flag;back-orifice-installer-comment;visible-decoy-showdefault,"""""","{""arch"": null, ""for"": [""c"", ""cpp""], ""platforms"": [""windows""]}"
self-extract,objectives/command-and-control/dropper/execution/self-extract::iexpress-autoit-script-payload,atomic,suspicious,IExpress cabinet launches AutoIt script payload,objectives/command-and-control/dropper/execution/self-extract/iexpress-autoit.yaml,,"{""regex"": ""(?i)\""AutoIt3\\.exe\""\\s+[^\\r\\n\""]{1,80}\\.a3x\\b"", ""type"": ""text""}","{""arch"": null, ""for"": [""pe""], ""platforms"": [""windows""]}"
self-extract,objectives/command-and-control/dropper/execution/self-extract::iexpress-autoit-packed-dropper,composite,hostile,IExpress wrapper launches a packed AutoIt payload,objectives/command-and-control/dropper/execution/self-extract/iexpress-autoit.yaml,iexpress-autoit-script-payload;metadata/binary/installer/sfx::wextract-tool;metadata/lang/compiled::autoit-script-resource-entry;metadata/lang/compiled::autoit-runtime-resource-entry;metadata/file/data-blob::peak-region-cipher-entropy;metadata/file/data-blob::concealed-payload-mass-8k;metadata/signed/trust-level::unsigned-missing-signature-record,"""""","{""arch"": null, ""for"": [""pe""], ""platforms"": [""windows""]}"
self-extract,objectives/command-and-control/dropper/execution/self-extract::iexpress-autoit-persistence-dropper,composite,hostile,IExpress AutoIt payload with persistence,objectives/command-and-control/dropper/execution/self-extract/iexpress-autoit.yaml,iexpress-autoit-script-payload;metadata/binary/installer/sfx::wextract-tool;metadata/lang/compiled::autoit-script-resource-entry;objectives/persistence/login/registry/autostart::currentversion-run-key-path;objectives/persistence/system/registry/session-manager::boot-rename-persistence;metadata/signed/platform/,"""""","{""arch"": null, ""for"": [""pe""], ""platforms"": [""windows""]}"
self-extract,objectives/command-and-control/dropper/execution/self-extract::msi-embedded-iexpress-autoit-dropper,composite,hostile,Masqueraded MSI stages AutoIt payload,objectives/command-and-control/dropper/execution/self-extract/msi-wrapper.yaml,micro-behaviors/process/create/exec::autoit-a3x-command;metadata/file/profile/identity::iexpress-wextract-manifest-embedded;metadata/binary/installer/database::msi-wrapper-application;metadata/binary/installer/database::internet-explorer-wrapper-title,"""""","{""arch"": null, ""for"": null, ""platforms"": [""windows""]}"
self-extract,objectives/command-and-control/dropper/execution/self-extract::self-copy-and-launch-from-system-directory,composite,hostile,Copies its image to Windows System and launches it,objectives/command-and-control/dropper/execution/self-extract/native-self-copy.yaml,micro-behaviors/process/info/current::get-module-filename;micro-behaviors/fs/file/open::open;micro-behaviors/fs/read/file/handle::c-fread;micro-behaviors/fs/file/binary::file-position-api;micro-behaviors/fs/file/binary::binary-read-write-ops;micro-behaviors/fs/path/system::windows-system-directory;micro-behaviors/process/create/spawn::create-process-w;metadata/signed/platform/;metadata/binary/installer/family/;metadata/binary/framework/,"""""","{""arch"": null, ""for"": [""pe"", ""dll""], ""platforms"": [""windows""]}"
shell-chain,objectives/command-and-control/dropper/execution/shell-chain::batch-set-pow-fragment,atomic,component,Batch sets PowerShell prefix fragment,objectives/command-and-control/dropper/execution/shell-chain/batch.yaml,,"{""regex"": ""(?i)\\bset\\s+\\w+=pow\\b"", ""type"": ""text""}","{""arch"": null, ""for"": [""batch""], ""platforms"": [""windows""]}"
shell-chain,objectives/command-and-control/dropper/execution/shell-chain::batch-set-ershell-fragment,atomic,component,Batch sets PowerShell suffix fragment,objectives/command-and-control/dropper/execution/shell-chain/batch.yaml,,"{""regex"": ""(?i)\\bset\\s+\\w+=.{0,16}ershell\\b"", ""type"": ""text""}","{""arch"": null, ""for"": [""batch""], ""platforms"": [""windows""]}"
shell-chain,objectives/command-and-control/dropper/execution/shell-chain::syswow64-powershell-path,atomic,notable,SysWOW64 PowerShell executable path,objectives/command-and-control/dropper/execution/shell-chain/batch.yaml,,"{""substr"": ""SysWOW64\\WindowsPowerShell\\v1.0\\powershell.exe"", ""type"": ""text""}","{""arch"": null, ""for"": [""batch""], ""platforms"": [""windows""]}"
shell-chain,objectives/command-and-control/dropper/execution/shell-chain::batch-encoded-command-flag,atomic,notable,Batch encoded command flag,objectives/command-and-control/dropper/execution/shell-chain/batch.yaml,,"{""regex"": ""(?i)-(EncodedCommand|enc|e)\\b"", ""type"": ""text""}","{""arch"": null, ""for"": [""batch""], ""platforms"": [""windows""]}"
shell-chain,objectives/command-and-control/dropper/execution/shell-chain::batch-split-syswow64-encoded-powershell,composite,suspicious,Batch fragments SysWOW64 encoded PowerShell,objectives/command-and-control/dropper/execution/shell-chain/batch.yaml,batch-set-pow-fragment;batch-set-ershell-fragment;syswow64-powershell-path;batch-encoded-command-flag,"""""","{""arch"": null, ""for"": [""batch""], ""platforms"": [""windows""]}"
shell-chain,objectives/command-and-control/dropper/execution/shell-chain::security-bypass-dropper,composite,hostile,Dropper with security tool bypass,objectives/command-and-control/dropper/execution/shell-chain/batch.yaml,objectives/evasion/anti-av/platform/defender::bypass;micro-behaviors/communications/http/download/cli::batch-download-tool-group;micro-behaviors/process/create/shell/batch::batch-process-command-group,"""""","{""arch"": null, ""for"": [""batch""], ""platforms"": [""windows"", ""linux"", ""unix"", ""macos"", ""android"", ""ios""]}"
shell-chain,objectives/command-and-control/dropper/execution/shell-chain::defender-exclusion-dropper,composite,hostile,Dropper with Defender exclusion,objectives/command-and-control/dropper/execution/shell-chain/batch.yaml,micro-behaviors/os/security/defender::defender-exclusion-command;micro-behaviors/communications/http/download/webclient::downloadfile-method-name-batch;micro-behaviors/process/create/shell/batch::batch-process-command-group,"""""","{""arch"": null, ""for"": [""batch""], ""platforms"": [""windows"", ""linux"", ""unix"", ""macos"", ""android"", ""ios""]}"
shell-chain,objectives/command-and-control/dropper/execution/shell-chain::ps-cradle-security-bypass,composite,hostile,PowerShell cradle with security bypass,objectives/command-and-control/dropper/execution/shell-chain/batch.yaml,objectives/evasion/anti-av/platform/defender::bypass;micro-behaviors/communications/http/lib/invoke-webrequest::invoke-webrequest;micro-behaviors/process/create/shell/batch::batch-process-command-group,"""""","{""arch"": null, ""for"": [""batch""], ""platforms"": [""windows"", ""linux"", ""unix"", ""macos"", ""android"", ""ios""]}"
shell-chain,objectives/command-and-control/dropper/execution/shell-chain::uac-bypass-dropper,composite,hostile,UAC bypass dropper,objectives/command-and-control/dropper/execution/shell-chain/batch.yaml,micro-behaviors/os/privilege/elevation::runas-verb;micro-behaviors/communications/http/download/cli::batch-download-tool-group;micro-behaviors/process/create/shell/batch::batch-process-command-group,"""""","{""arch"": null, ""for"": [""batch""], ""platforms"": [""windows"", ""linux"", ""unix"", ""macos"", ""android"", ""ios""]}"
shell-chain,objectives/command-and-control/dropper/execution/shell-chain::av-aware-dropper,composite,hostile,AV-aware dropper with bypass,objectives/command-and-control/dropper/execution/shell-chain/batch.yaml,objectives/evasion/anti-av/platform/defender::tasklist-av-check;objectives/evasion/anti-av/platform/defender::bypass;micro-behaviors/communications/http/download/cli::batch-download-tool-group;micro-behaviors/process/create/shell/batch::batch-process-command-group,"""""","{""arch"": null, ""for"": [""batch""], ""platforms"": [""windows"", ""linux"", ""unix"", ""macos"", ""android"", ""ios""]}"
shell-chain,objectives/command-and-control/dropper/execution/shell-chain::malwarebytes-bypass-dropper,composite,hostile,Malwarebytes bypass dropper,objectives/command-and-control/dropper/execution/shell-chain/batch.yaml,objectives/evasion/anti-av/platform/defender::malwarebytes-stop-service;micro-behaviors/communications/http/download/cli::batch-download-tool-group;micro-behaviors/process/create/shell/batch::batch-process-command-group,"""""","{""arch"": null, ""for"": [""batch""], ""platforms"": [""windows"", ""linux"", ""unix"", ""macos"", ""android"", ""ios""]}"
shell-chain,objectives/command-and-control/dropper/execution/shell-chain::mshta-obfuscated-dropper,composite,hostile,MSHTA dropper with obfuscated IP,objectives/command-and-control/dropper/execution/shell-chain/batch.yaml,objectives/execution/interpreter/script/mshta::mshta-remote-url;objectives/anti-static/obfuscation/encoding/ip-notation::hex-octal-ip-in-url,"""""","{""arch"": null, ""for"": [""batch"", ""shell"", ""powershell""], ""platforms"": [""windows"", ""linux"", ""unix"", ""macos"", ""android"", ""ios""]}"
shell-chain,objectives/command-and-control/dropper/execution/shell-chain::obfuscated-powershell-loader,composite,hostile,Obfuscated PowerShell loader in batch,objectives/command-and-control/dropper/execution/shell-chain/batch.yaml,objectives/anti-static/obfuscation/string/concat::batch-heavy-obfuscation;micro-behaviors/process/create/shell/lang::powershell-executable-reference;objectives/evasion/indicator-removal/cleanup::motw-removal-stream,"""""","{""arch"": null, ""for"": [""batch""], ""platforms"": [""windows"", ""linux"", ""unix"", ""macos"", ""android"", ""ios""]}"
shell-chain,objectives/command-and-control/dropper/execution/shell-chain::mshta-package-to-encoded-powershell,composite,hostile,MSHTA package launches encoded PowerShell,objectives/command-and-control/dropper/execution/shell-chain/batch.yaml,objectives/execution/interpreter/script/mshta::mshta-remote-package-url;batch-split-syswow64-encoded-powershell,"""""","{""arch"": null, ""for"": [""batch""], ""platforms"": [""windows""]}"
shell-chain,objectives/command-and-control/dropper/execution/shell-chain::obfuscated-shell-dropper,composite,suspicious,Obfuscated shell dropper with cleanup,objectives/command-and-control/dropper/execution/shell-chain/daemonized.yaml,metadata/signed/trust-level::adhoc;micro-behaviors/process/create/shell/spawn::system-fn;micro-behaviors/fs/read/file/handle::fscanf;micro-behaviors/fs/delete/file/library::delete-comp;objectives/command-and-control/dropper/staging/memory::curl-osascript;micro-behaviors/crypto/symmetric/xor/loop::repeating-key-buffer-decode;metadata/binary/section/entropy::high-entropy-const-region;well-known/lib/runtime/scripted/cpython::cpython-macos-runtime-library,"""""","{""arch"": null, ""for"": [""macho""], ""platforms"": [""macos""]}"
shell-chain,objectives/command-and-control/dropper/execution/shell-chain::daemonized-shell-dropper,composite,suspicious,Daemonized shell dropper with cleanup,objectives/command-and-control/dropper/execution/shell-chain/daemonized.yaml,metadata/signed/trust-level::adhoc;micro-behaviors/process/create/shell/spawn::system-fn;micro-behaviors/fs/read/file/handle::fscanf;micro-behaviors/fs/delete/file/library::delete-comp;micro-behaviors/process/daemonize/detach::fork-new-session;objectives/command-and-control/dropper/staging/memory::curl-osascript;well-known/lib/runtime/scripted/cpython::cpython-macos-runtime-library,"""""","{""arch"": null, ""for"": [""macho""], ""platforms"": [""macos""]}"
shell-chain,objectives/command-and-control/dropper/execution/shell-chain::sparse-daemon-shell-dropper,composite,hostile,String-sparse daemonized shell dropper,objectives/command-and-control/dropper/execution/shell-chain/daemonized.yaml,daemonized-shell-dropper;metadata/file/string/count::binary-strings-at-most-50,"""""","{""arch"": null, ""for"": [""macho""], ""platforms"": [""macos""]}"
shell-chain,objectives/command-and-control/dropper/execution/shell-chain::env-large-unicode-stage,atomic,suspicious,WSH env item stores encoded stage,objectives/command-and-control/dropper/execution/shell-chain/env-stage.yaml,,"{""regex"": ""[A-Za-z_$][A-Za-z0-9_$]{2,}\\(\\s*[\""'][A-Za-z0-9]{8,24}[\""']\\s*\\)\\s*=\\s*\""[^\""]{400,}\"""", ""type"": ""text""}","{""arch"": null, ""for"": [""javascript"", ""vbs""], ""platforms"": [""windows""]}"
shell-chain,objectives/command-and-control/dropper/execution/shell-chain::iex-env-variable,atomic,suspicious,Invoke-Expression from env variable,objectives/command-and-control/dropper/execution/shell-chain/env-stage.yaml,,"{""regex"": ""(?i)iex.{0,40}\\$e.{0,8}nv:.{0,32}[A-Za-z0-9]{6,24}"", ""type"": ""text""}","{""arch"": null, ""for"": [""javascript"", ""text"", ""data""], ""platforms"": [""windows""]}"
shell-chain,objectives/command-and-control/dropper/execution/shell-chain::invoke-expression-env-variable,atomic,suspicious,Invoke-Expression evaluates environment variable,objectives/command-and-control/dropper/execution/shell-chain/env-stage.yaml,,"{""not"": [{""substr"": ""$env:CIBW_""}], ""regex"": ""(?i)\\bInvoke-Expression\\s+\\$env:[A-Za-z_][A-Za-z0-9_]*\\b"", ""type"": ""text""}","{""arch"": null, ""for"": [""javascript"", ""html"", ""vbs"", ""powershell"", ""text"", ""data""], ""platforms"": [""windows""]}"
shell-chain,objectives/command-and-control/dropper/execution/shell-chain::iex-env-variable-split,atomic,suspicious,Split-join Invoke-Expression from env variable,objectives/command-and-control/dropper/execution/shell-chain/env-stage.yaml,,"{""regex"": ""[\""']i[\""'].{0,24}[\""']ex [\""'].{0,24}[\""']\\$env:[\""']"", ""type"": ""text""}","{""arch"": null, ""for"": [""javascript"", ""text"", ""data""], ""platforms"": [""windows""]}"
shell-chain,objectives/command-and-control/dropper/execution/shell-chain::iex-env-variable-fragment,atomic,suspicious,Fragmented Invoke-Expression env variable,objectives/command-and-control/dropper/execution/shell-chain/env-stage.yaml,,"{""exact"": ""x $en"", ""type"": ""string_literal""}","{""arch"": null, ""for"": [""javascript"", ""text"", ""data""], ""platforms"": [""windows""]}"
shell-chain,objectives/command-and-control/dropper/execution/shell-chain::iex-env-variable-fragment-ex-env,atomic,notable,Fragmented Invoke-Expression env variable,objectives/command-and-control/dropper/execution/shell-chain/env-stage.yaml,,"{""exact"": ""ex $e"", ""type"": ""string_literal""}","{""arch"": null, ""for"": [""javascript"", ""text"", ""data""], ""platforms"": [""windows""]}"
shell-chain,objectives/command-and-control/dropper/execution/shell-chain::env-loader-variable-fragment,atomic,notable,Loader environment variable fragment,objectives/command-and-control/dropper/execution/shell-chain/env-stage.yaml,,"{""exact"": ""env:dU"", ""type"": ""string_literal""}","{""arch"": null, ""for"": [""javascript"", ""text"", ""data""], ""platforms"": [""windows""]}"
shell-chain,objectives/command-and-control/dropper/execution/shell-chain::iex-env-variable-fragmented,atomic,suspicious,Fragmented Invoke-Expression env variable,objectives/command-and-control/dropper/execution/shell-chain/env-stage.yaml,,"{""regex"": ""[\""']iex \\$[\""'].{0,32}[\""']env:[\""']"", ""type"": ""text""}","{""arch"": null, ""for"": [""javascript"", ""text"", ""data""], ""platforms"": [""windows""]}"
shell-chain,objectives/command-and-control/dropper/execution/shell-chain::conhost-powershell-split-join,atomic,suspicious,Split-join conhost powershell launcher,objectives/command-and-control/dropper/execution/shell-chain/env-stage.yaml,,"{""regex"": ""[\""']con[\""'].{0,24}[\""']host[\""'].{0,120}[\""']s p[\""'].{0,24}[\""']ower[\""']"", ""type"": ""text""}","{""arch"": null, ""for"": [""javascript"", ""text"", ""data""], ""platforms"": [""windows""]}"
shell-chain,objectives/command-and-control/dropper/execution/shell-chain::conhost-powershell-split-join-sharded,atomic,suspicious,Split-join conhost powershell launcher,objectives/command-and-control/dropper/execution/shell-chain/env-stage.yaml,,"{""regex"": ""[\""']con[\""'].{0,24}[\""']host\\.[\""'].{0,80}[\""']shel[\""'].{0,24}[\""']l\\.e[\""']"", ""type"": ""text""}","{""arch"": null, ""for"": [""javascript"", ""text"", ""data""], ""platforms"": [""windows""]}"
shell-chain,objectives/command-and-control/dropper/execution/shell-chain::conhost-name-fragment,atomic,notable,Fragmented conhost executable name,objectives/command-and-control/dropper/execution/shell-chain/env-stage.yaml,,"{""exact"": ""conho"", ""type"": ""string_literal""}","{""arch"": null, ""for"": [""javascript"", ""text"", ""data""], ""platforms"": [""windows""]}"
shell-chain,objectives/command-and-control/dropper/execution/shell-chain::powershell-name-fragment,atomic,component,Fragmented PowerShell executable name,objectives/command-and-control/dropper/execution/shell-chain/env-stage.yaml,,"{""exact"": ""l.ex"", ""type"": ""string_literal""}","{""arch"": null, ""for"": [""javascript"", ""text"", ""data""], ""platforms"": [""windows""]}"
shell-chain,objectives/command-and-control/dropper/execution/shell-chain::cmd-powershell-split-join,atomic,suspicious,Split-join cmd slash-c powershell launcher,objectives/command-and-control/dropper/execution/shell-chain/env-stage.yaml,,"{""regex"": ""[\""']cm[\""'].{0,24}[\""']d /[\""'].{0,40}[\""']c po[\""'].{0,24}[\""']wersh[\""'].{0,24}[\""']ell"", ""type"": ""text""}","{""arch"": null, ""for"": [""javascript"", ""text"", ""data""], ""platforms"": [""windows""]}"
shell-chain,objectives/command-and-control/dropper/execution/shell-chain::powershell-bypass-flags-split-join,atomic,suspicious,Split-join PS noninteractive bypass flags,objectives/command-and-control/dropper/execution/shell-chain/env-stage.yaml,,"{""regex"": ""[\""']w H -[\""'].{0,24}[\""']NO[\""'].{0,24}[\""']P -[\""']"", ""type"": ""text""}","{""arch"": null, ""for"": [""javascript"", ""text"", ""data""], ""platforms"": [""windows""]}"
shell-chain,objectives/command-and-control/dropper/execution/shell-chain::powershell-bypass-flags-lower-split,atomic,suspicious,Split-join PowerShell bypass flags,objectives/command-and-control/dropper/execution/shell-chain/env-stage.yaml,,"{""regex"": ""[\""']h -no[\""'].{0,24}[\""']P [\""'].{0,48}[\""']p byp[\""'].{0,24}[\""']ass "", ""type"": ""text""}","{""arch"": null, ""for"": [""javascript"", ""text"", ""data""], ""platforms"": [""windows""]}"
shell-chain,objectives/command-and-control/dropper/execution/shell-chain::powershell-bypass-flag-fragment,atomic,suspicious,Fragmented PowerShell bypass flag,objectives/command-and-control/dropper/execution/shell-chain/env-stage.yaml,,"{""exact"": ""YPAsS"", ""type"": ""string_literal""}","{""arch"": null, ""for"": [""javascript"", ""text"", ""data""], ""platforms"": [""windows""]}"
shell-chain,objectives/command-and-control/dropper/execution/shell-chain::powershell-hidden-noni-fragments,atomic,suspicious,Fragmented hidden noninteractive PS flags,objectives/command-and-control/dropper/execution/shell-chain/env-stage.yaml,,"{""regex"": ""[\""']-W H[\""'].{0,80}[\""']-nonI[\""']"", ""type"": ""text""}","{""arch"": null, ""for"": [""javascript"", ""text"", ""data""], ""platforms"": [""windows""]}"
shell-chain,objectives/command-and-control/dropper/execution/shell-chain::cjk-byte-shift-minus-19968,atomic,notable,CJK character byte shift constant,objectives/command-and-control/dropper/execution/shell-chain/env-stage.yaml,,"{""regex"": ""[\""']-19[\""'].{0,24}[\""']968[\""']"", ""type"": ""text""}","{""arch"": null, ""for"": [""javascript"", ""text"", ""data""], ""platforms"": [""windows""]}"
shell-chain,objectives/command-and-control/dropper/execution/shell-chain::cjk-byte-shift-minus-fragment,atomic,component,CJK character byte shift fragment,objectives/command-and-control/dropper/execution/shell-chain/env-stage.yaml,,"{""exact"": ""968)}"", ""type"": ""string_literal""}","{""arch"": null, ""for"": [""javascript"", ""text"", ""data""], ""platforms"": [""windows""]}"
shell-chain,objectives/command-and-control/dropper/execution/shell-chain::cjk-byte-shift-minus-1996-fragment,atomic,component,CJK byte shift minus fragment,objectives/command-and-control/dropper/execution/shell-chain/env-stage.yaml,,"{""exact"": ""-1996"", ""type"": ""string_literal""}","{""arch"": null, ""for"": [""javascript"", ""text"", ""data""], ""platforms"": [""windows""]}"
shell-chain,objectives/command-and-control/dropper/execution/shell-chain::powershell-aesmanaged-split,atomic,component,Split-join PowerShell AesManaged usage,objectives/command-and-control/dropper/execution/shell-chain/env-stage.yaml,,"{""regex"": ""[\""']Aes[\""'].{0,24}[\""']Manag[\""'].{0,24}[\""']ed"", ""type"": ""text""}","{""arch"": null, ""for"": [""javascript"", ""text"", ""data""], ""platforms"": [""windows""]}"
shell-chain,objectives/command-and-control/dropper/execution/shell-chain::powershell-aesmanaged-sharded,atomic,component,Sharded PowerShell AesManaged usage,objectives/command-and-control/dropper/execution/shell-chain/env-stage.yaml,,"{""regex"": ""[\""']\\.A[\""'].{0,24}[\""']esMa[\""'].{0,24}[\""']naged[\""']"", ""type"": ""text""}","{""arch"": null, ""for"": [""javascript"", ""text"", ""data""], ""platforms"": [""windows""]}"
shell-chain,objectives/command-and-control/dropper/execution/shell-chain::powershell-aesmanaged-fragment,atomic,notable,Fragmented PowerShell AesManaged usage,objectives/command-and-control/dropper/execution/shell-chain/env-stage.yaml,,"{""exact"": ""sMana"", ""type"": ""string_literal""}","{""arch"": null, ""for"": [""javascript"", ""text"", ""data""], ""platforms"": [""windows""]}"
shell-chain,objectives/command-and-control/dropper/execution/shell-chain::powershell-aes-namespace-fragment,atomic,component,Fragmented PowerShell AES namespace,objectives/command-and-control/dropper/execution/shell-chain/env-stage.yaml,,"{""exact"": ""y.Ae"", ""type"": ""string_literal""}","{""arch"": null, ""for"": [""javascript"", ""text"", ""data""], ""platforms"": [""windows""]}"
shell-chain,objectives/command-and-control/dropper/execution/shell-chain::powershell-gzipstream-split,atomic,component,Split-join PowerShell GZipStream usage,objectives/command-and-control/dropper/execution/shell-chain/env-stage.yaml,,"{""regex"": ""[\""']\\.GZi[\""'].{0,24}[\""']pS[\""'].{0,24}[\""']tre[\""']"", ""type"": ""text""}","{""arch"": null, ""for"": [""javascript"", ""text"", ""data""], ""platforms"": [""windows""]}"
shell-chain,objectives/command-and-control/dropper/execution/shell-chain::powershell-gzipstream-sharded,atomic,notable,Sharded PowerShell GZipStream usage,objectives/command-and-control/dropper/execution/shell-chain/env-stage.yaml,,"{""regex"": ""[\""']GZi[\""'].{0,24}[\""']pStre[\""'].{0,24}[\""']am\\("", ""type"": ""text""}","{""arch"": null, ""for"": [""javascript"", ""text"", ""data""], ""platforms"": [""windows""]}"
shell-chain,objectives/command-and-control/dropper/execution/shell-chain::powershell-gzipstream-fragment,atomic,component,Fragmented PowerShell GZipStream usage,objectives/command-and-control/dropper/execution/shell-chain/env-stage.yaml,,"{""exact"": ""ipSt"", ""type"": ""string_literal""}","{""arch"": null, ""for"": [""javascript"", ""text"", ""data""], ""platforms"": [""windows""]}"
shell-chain,objectives/command-and-control/dropper/execution/shell-chain::powershell-gzipstream-fragmented,atomic,component,Fragmented PowerShell GZipStream usage,objectives/command-and-control/dropper/execution/shell-chain/env-stage.yaml,,"{""regex"": ""[\""']GZipS[\""'].{0,40}[\""']Compre[\""']"", ""type"": ""text""}","{""arch"": null, ""for"": [""javascript"", ""text"", ""data""], ""platforms"": [""windows""]}"
shell-chain,objectives/command-and-control/dropper/execution/shell-chain::powershell-gzip-mode-fragment,atomic,component,Fragmented GZip decompress mode,objectives/command-and-control/dropper/execution/shell-chain/env-stage.yaml,,"{""exact"": ""Deco"", ""type"": ""string_literal""}","{""arch"": null, ""for"": [""javascript"", ""text"", ""data""], ""platforms"": [""windows""]}"
shell-chain,objectives/command-and-control/dropper/execution/shell-chain::powershell-assembly-load-split,atomic,notable,Split-join PowerShell assembly load,objectives/command-and-control/dropper/execution/shell-chain/env-stage.yaml,,"{""regex"": ""[\""']mbly\\][\""'].{0,24}[\""']::[\""'].{0,24}[\""']Load[\""']"", ""type"": ""text""}","{""arch"": null, ""for"": [""javascript"", ""text"", ""data""], ""platforms"": [""windows""]}"
shell-chain,objectives/command-and-control/dropper/execution/shell-chain::powershell-assembly-fragment,atomic,notable,Fragmented PowerShell assembly reference,objectives/command-and-control/dropper/execution/shell-chain/env-stage.yaml,,"{""exact"": ""embly"", ""type"": ""string_literal""}","{""arch"": null, ""for"": [""javascript"", ""text"", ""data""], ""platforms"": [""windows""]}"
shell-chain,objectives/command-and-control/dropper/execution/shell-chain::powershell-assembly-load-fragment,atomic,component,Fragmented PowerShell assembly load,objectives/command-and-control/dropper/execution/shell-chain/env-stage.yaml,,"{""exact"": ""Load"", ""type"": ""symbol""}","{""arch"": null, ""for"": [""javascript"", ""text"", ""data""], ""platforms"": [""windows""]}"
shell-chain,objectives/command-and-control/dropper/execution/shell-chain::powershell-assembly-load-fragmented,atomic,notable,Fragmented PowerShell assembly load,objectives/command-and-control/dropper/execution/shell-chain/env-stage.yaml,,"{""regex"": ""[\""']As[\""'].{0,40}[\""']semb[\""'].{0,80}Load\\("", ""type"": ""text""}","{""arch"": null, ""for"": [""javascript"", ""text"", ""data""], ""platforms"": [""windows""]}"
shell-chain,objectives/command-and-control/dropper/execution/shell-chain::powershell-assembly-load-sharded,atomic,notable,Sharded PowerShell assembly load,objectives/command-and-control/dropper/execution/shell-chain/env-stage.yaml,,"{""regex"": ""[\""']Ass[\""'].{0,24}[\""']embly[\""'].{0,48}[\""']ad\\("", ""type"": ""text""}","{""arch"": null, ""for"": [""javascript"", ""text"", ""data""], ""platforms"": [""windows""]}"
shell-chain,objectives/command-and-control/dropper/execution/shell-chain::powershell-entrypoint-invoke-fragment,atomic,component,Fragmented EntryPoint Invoke call,objectives/command-and-control/dropper/execution/shell-chain/env-stage.yaml,,"{""exact"": ""voke"", ""type"": ""string_literal""}","{""arch"": null, ""for"": [""javascript"", ""text"", ""data""], ""platforms"": [""windows""]}"
shell-chain,objectives/command-and-control/dropper/execution/shell-chain::powershell-entrypoint-invoke-fragmented,atomic,notable,Fragmented EntryPoint Invoke call,objectives/command-and-control/dropper/execution/shell-chain/env-stage.yaml,,"{""regex"": ""Entry[\""'].{0,40}[\""']Po[\""'].{0,40}[\""']Invok[\""']"", ""type"": ""text""}","{""arch"": null, ""for"": [""javascript"", ""text"", ""data""], ""platforms"": [""windows""]}"
shell-chain,objectives/command-and-control/dropper/execution/shell-chain::powershell-entrypoint-invoke-sharded,atomic,notable,Sharded EntryPoint Invoke call,objectives/command-and-control/dropper/execution/shell-chain/env-stage.yaml,,"{""regex"": ""[\""']Ent[\""'].{0,24}[\""']ryP[\""'].{0,48}[\""']vo[\""'].{0,24}[\""']ke\\("", ""type"": ""text""}","{""arch"": null, ""for"": [""javascript"", ""text"", ""data""], ""platforms"": [""windows""]}"
shell-chain,objectives/command-and-control/dropper/execution/shell-chain::wsh-embedded-blob-environment-loader,composite,hostile,WSH stages embedded blobs through process environment and launches hidden,objectives/command-and-control/dropper/execution/shell-chain/env-stage.yaml,micro-behaviors/data/encode/payload::large-base64-string-literals;micro-behaviors/fs/write/file/stream::js-savetofile-dynamic-path-mode-2;micro-behaviors/os/env/read::wsh-process-environment;micro-behaviors/data/decode/custom::js-multi-charcode-decoder;micro-behaviors/data/string/concat::massive-concatenation-chain;micro-behaviors/process/create/shell/wsh::wscript-shell-hidden-run,"""""","{""arch"": null, ""for"": [""javascript""], ""platforms"": [""windows""]}"
shell-chain,objectives/command-and-control/dropper/execution/shell-chain::vbs-environment-array-reflective-loader,composite,hostile,VBScript stages an encoded environment payload through hidden PowerShell,objectives/command-and-control/dropper/execution/shell-chain/env-stage.yaml,env-large-unicode-stage;micro-behaviors/process/create/shell/wsh::wsh-run-hidden-async-statement;objectives/anti-static/obfuscation/string/fragmentation::script-host-line-bloat;micro-behaviors/process/interpreter/eval/direct::vbs-executeglobal;micro-behaviors/data/encode/char-code::array-payload-reconstruction;micro-behaviors/process/interpreter/eval/direct::vbs-eval-function,"""""","{""arch"": null, ""for"": [""vbs""], ""platforms"": [""windows""]}"
shell-chain,objectives/command-and-control/dropper/execution/shell-chain::obfuscated-wsh-env-wmi-powershell-loader,composite,hostile,Obfuscated WSH environment-staged WMI PowerShell loader,objectives/command-and-control/dropper/execution/shell-chain/env-stage.yaml,obfuscated-wsh-expandenv-reader;objectives/execution/wmi::wmi-getobject-hidden-process-create;micro-behaviors/data/string/replace::repeated-split-join-removal,"""""","{""arch"": null, ""for"": [""javascript""], ""platforms"": [""windows""]}"
shell-chain,objectives/command-and-control/dropper/execution/shell-chain::iex-env-variable-fragments,composite,suspicious,Fragmented Invoke-Expression env variable,objectives/command-and-control/dropper/execution/shell-chain/env-stage.yaml,iex-env-variable-fragment;iex-env-variable-fragment-ex-env,"""""","{""arch"": null, ""for"": [""javascript"", ""text"", ""data""], ""platforms"": [""windows""]}"
shell-chain,objectives/command-and-control/dropper/execution/shell-chain::obfuscated-wsh-env-stager,composite,suspicious,Obfuscated WSH environment stager,objectives/command-and-control/dropper/execution/shell-chain/env-stage.yaml,micro-behaviors/data/string/concat::join-empty-separator-call;micro-behaviors/os/env/read::wsh-process-environment;micro-behaviors/os/env/modify::env-dynamic-assignment;env-large-unicode-stage;micro-behaviors/process/info/selfpath::wscript-scriptfullname,"""""","{""arch"": null, ""for"": [""javascript""], ""platforms"": [""windows""]}"
shell-chain,objectives/command-and-control/dropper/execution/shell-chain::obfuscated-wsh-env-stager-split,composite,suspicious,Obfuscated WSH environment stager,objectives/command-and-control/dropper/execution/shell-chain/env-stage.yaml,micro-behaviors/data/string/concat::join-empty-separator-call;micro-behaviors/os/env/read::wsh-process-environment-split;micro-behaviors/os/env/modify::env-dynamic-assignment;env-large-unicode-stage;micro-behaviors/process/info/selfpath::wscript-scriptfullname,"""""","{""arch"": null, ""for"": [""javascript""], ""platforms"": [""windows""]}"
shell-chain,objectives/command-and-control/dropper/execution/shell-chain::obfuscated-wsh-env-stager-split-proce,composite,suspicious,Obfuscated WSH environment stager,objectives/command-and-control/dropper/execution/shell-chain/env-stage.yaml,micro-behaviors/data/string/concat::array-join-empty-separator-text;micro-behaviors/os/env/read::wsh-process-environment-split;micro-behaviors/os/env/modify::env-dynamic-assignment;env-large-unicode-stage;micro-behaviors/process/info/selfpath::wscript-scriptfullname,"""""","{""arch"": null, ""for"": [""javascript""], ""platforms"": [""windows""]}"
shell-chain,objectives/command-and-control/dropper/execution/shell-chain::obfuscated-wsh-expandenv-reader,composite,suspicious,Obfuscated WSH environment staging,objectives/command-and-control/dropper/execution/shell-chain/env-stage.yaml,micro-behaviors/process/interpreter/jscript::activex-object;micro-behaviors/os/env/read::expandenv-random-variable;micro-behaviors/os/env/read::env-item-random-variable;metadata/package/testing/presence/harness::test-directory-path;well-known/lib/native/onetbb::source-context,"""""","{""arch"": null, ""for"": [""javascript""], ""platforms"": [""windows""]}"
shell-chain,objectives/command-and-control/dropper/execution/shell-chain::wmi-hidden-env-stage-launcher,composite,hostile,Hidden WMI launches env-staged payload,objectives/command-and-control/dropper/execution/shell-chain/env-stage.yaml,obfuscated-wsh-expandenv-reader;objectives/execution/wmi::wmi-hidden-startup-process;micro-behaviors/data/string/replace::repeated-split-join-removal,"""""","{""arch"": null, ""for"": [""javascript""], ""platforms"": [""windows""]}"
shell-chain,objectives/command-and-control/dropper/execution/shell-chain::wsh-env-staged-shellexecute-loader,composite,hostile,WSH env-staged ShellExecute loader,objectives/command-and-control/dropper/execution/shell-chain/env-stage.yaml,env-large-unicode-stage;micro-behaviors/os/env/read::wsh-environment-symbol;micro-behaviors/process/create/shell/wsh::shellexecute-method-call;metadata/file/invisible-unicode::source-non-ascii-ratio-40;micro-behaviors/process/info/selfpath::wscript-scriptfullname;micro-behaviors/os/env/modify::env-dynamic-assignment;metadata/file/line::source-lines-over-1000;objectives/anti-static/obfuscation/code-metrics/identifiers::low-identifier-reuse,"""""","{""arch"": null, ""for"": [""javascript""], ""platforms"": [""windows""]}"
shell-chain,objectives/command-and-control/dropper/execution/shell-chain::shell-application-headless-powershell,composite,hostile,Shell.Application launches headless PowerShell,objectives/command-and-control/dropper/execution/shell-chain/env-stage.yaml,objectives/execution/interpreter/scripting/host::shell-application-split-join;micro-behaviors/process/create/shell/wsh::shellexecute-method-call;micro-behaviors/process/create/hidden::conhost-headless;micro-behaviors/process/create/hidden::conhost-headless-split-join;conhost-powershell-split-join;objectives/execution/activex/com::activex-shell-app-execute,"""""","{""arch"": null, ""for"": [""javascript""], ""platforms"": [""windows""]}"
shell-chain,objectives/command-and-control/dropper/execution/shell-chain::shell-application-powershell-policy-bypass,composite,hostile,Shell.Application launches obfuscated PowerShell bypass chain,objectives/command-and-control/dropper/execution/shell-chain/env-stage.yaml,objectives/execution/interpreter/scripting/host::shell-application-split-join;micro-behaviors/process/create/shell/wsh::shellexecute-method-call;powershell-bypass-flags-split-join;conhost-powershell-split-join;objectives/execution/activex/com::activex-shell-app-execute,"""""","{""arch"": null, ""for"": [""javascript""], ""platforms"": [""windows""]}"
shell-chain,objectives/command-and-control/dropper/execution/shell-chain::shell-application-powershell-policy-bypass-sharded,composite,hostile,Shell.Application launches obfuscated PowerShell bypass chain,objectives/command-and-control/dropper/execution/shell-chain/env-stage.yaml,objectives/execution/interpreter/scripting/host::shell-application-split-join-sharded;micro-behaviors/process/create/shell/wsh::shellexecute-method-call;powershell-bypass-flags-lower-split;conhost-powershell-split-join-sharded;objectives/execution/activex/com::activex-shell-app-execute,"""""","{""arch"": null, ""for"": [""javascript""], ""platforms"": [""windows""]}"
shell-chain,objectives/command-and-control/dropper/execution/shell-chain::wscript-shell-run-powershell-bypass,composite,hostile,WScript.Shell Run launches obfuscated PowerShell bypass chain,objectives/command-and-control/dropper/execution/shell-chain/env-stage.yaml,micro-behaviors/process/create/shell/wsh::wscript-shell-run;powershell-bypass-flags-split-join;objectives/execution/interpreter/scripting/host::wscript-shell-split-join;micro-behaviors/os/env/read::wsh-environment-symbol;cmd-powershell-split-join;conhost-powershell-split-join;micro-behaviors/process/create/hidden::conhost-name-split-join,"""""","{""arch"": null, ""for"": [""javascript""], ""platforms"": [""windows""]}"
shell-chain,objectives/command-and-control/dropper/execution/shell-chain::wscript-shell-exec-powershell-bypass,composite,hostile,WScript.Shell Exec launches obfuscated PowerShell bypass chain,objectives/command-and-control/dropper/execution/shell-chain/env-stage.yaml,objectives/execution/interpreter/scripting/host::exec-invocation-patterns;powershell-bypass-flags-split-join;objectives/execution/interpreter/scripting/host::wscript-shell-split-join;micro-behaviors/os/env/read::wsh-environment-symbol;cmd-powershell-split-join;conhost-powershell-split-join;micro-behaviors/process/create/hidden::conhost-name-split-join,"""""","{""arch"": null, ""for"": [""javascript""], ""platforms"": [""windows""]}"
shell-chain,objectives/command-and-control/dropper/execution/shell-chain::env-expand-run-launcher,composite,hostile,WScript.Shell launches PowerShell from staged environment variable,objectives/command-and-control/dropper/execution/shell-chain/env-stage.yaml,obfuscated-wsh-env-stager;obfuscated-wsh-expandenv-reader;micro-behaviors/process/create/shell/wsh::wscript-shell-run;wscript-shell-run-powershell-bypass;cmd-powershell-split-join;conhost-powershell-split-join;micro-behaviors/process/create/hidden::conhost-name-split-join,"""""","{""arch"": null, ""for"": [""javascript""], ""platforms"": [""windows""]}"
shell-chain,objectives/command-and-control/dropper/execution/shell-chain::env-iex-headless-launcher,composite,hostile,Headless PowerShell evals env payload,objectives/command-and-control/dropper/execution/shell-chain/env-stage.yaml,iex-env-variable;env-large-unicode-stage;micro-behaviors/os/env/read::wsh-process-environment;micro-behaviors/os/env/modify::env-dynamic-assignment;shell-application-headless-powershell;shell-application-powershell-policy-bypass;wscript-shell-run-powershell-bypass;wscript-shell-exec-powershell-bypass;conhost-powershell-split-join;powershell-bypass-flags-split-join,"""""","{""arch"": null, ""for"": [""javascript""], ""platforms"": [""windows""]}"
shell-chain,objectives/command-and-control/dropper/execution/shell-chain::env-iex-headless-launcher-split,composite,hostile,Headless PowerShell evals env payload,objectives/command-and-control/dropper/execution/shell-chain/env-stage.yaml,iex-env-variable-fragment;env-large-unicode-stage;micro-behaviors/os/env/read::wsh-process-environment-split;micro-behaviors/os/env/modify::env-dynamic-assignment;shell-application-headless-powershell;shell-application-powershell-policy-bypass;wscript-shell-run-powershell-bypass;wscript-shell-exec-powershell-bypass;conhost-name-fragment;conhost-powershell-split-join;powershell-hidden-noni-fragments;powershell-bypass-flag-fragment;powershell-bypass-flags-split-join,"""""","{""arch"": null, ""for"": [""javascript""], ""platforms"": [""windows""]}"
shell-chain,objectives/command-and-control/dropper/execution/shell-chain::env-iex-headless-launcher-proce,composite,hostile,Headless PowerShell evals env payload,objectives/command-and-control/dropper/execution/shell-chain/env-stage.yaml,iex-env-variable-fragment-ex-env;env-large-unicode-stage;micro-behaviors/os/env/read::wsh-process-environment-split;micro-behaviors/os/env/modify::env-dynamic-assignment;shell-application-powershell-policy-bypass-sharded;conhost-powershell-split-join-sharded;powershell-bypass-flags-lower-split,"""""","{""arch"": null, ""for"": [""javascript""], ""platforms"": [""windows""]}"
shell-chain,objectives/command-and-control/dropper/execution/shell-chain::env-cjk-dotnet-reflective-loader,composite,hostile,Environment-staged CJK reflective .NET loader,objectives/command-and-control/dropper/execution/shell-chain/env-stage.yaml,env-large-unicode-stage;iex-env-variable-fragment;micro-behaviors/os/env/read::wsh-process-environment-split;cjk-byte-shift-constant;env-loader-variable-fragment;cjk-byte-shift-minus-19968;powershell-aesmanaged-split;powershell-aesmanaged-fragment;powershell-aes-namespace-fragment;powershell-gzipstream-split;powershell-gzipstream-fragment;powershell-gzipstream-fragmented;powershell-gzip-mode-fragment;powershell-assembly-load-split;powershell-assembly-fragment;powershell-assembly-load-fragment;powershell-assembly-load-fragmented;powershell-entrypoint-invoke-fragment;powershell-entrypoint-invoke-fragmented;micro-behaviors/process/create/shell/wsh::shellexecute-method-call;conhost-name-fragment;powershell-name-fragment;conhost-powershell-split-join;powershell-hidden-noni-fragments;powershell-bypass-flag-fragment;powershell-bypass-flags-split-join,"""""","{""arch"": null, ""for"": [""javascript""], ""platforms"": [""windows""]}"
shell-chain,objectives/command-and-control/dropper/execution/shell-chain::env-cjk-dotnet-reflective-loader-sharded,composite,hostile,Environment-staged CJK reflective .NET loader,objectives/command-and-control/dropper/execution/shell-chain/env-stage.yaml,env-large-unicode-stage;iex-env-variable-fragment-ex-env;micro-behaviors/os/env/read::wsh-process-environment-split;cjk-byte-shift-constant;powershell-aesmanaged-sharded;powershell-gzipstream-sharded;powershell-assembly-fragment;powershell-assembly-load-sharded;powershell-entrypoint-invoke-sharded;micro-behaviors/process/create/shell/wsh::shellexecute-method-call;conhost-powershell-split-join-sharded;powershell-bypass-flags-lower-split,"""""","{""arch"": null, ""for"": [""javascript""], ""platforms"": [""windows""]}"
shell-chain,objectives/command-and-control/dropper/execution/shell-chain::cjk-byte-shift-constant,composite,component,CJK byte-shift decoder constant,objectives/command-and-control/dropper/execution/shell-chain/env-stage.yaml,cjk-byte-shift-minus-19968;cjk-byte-shift-minus-fragment;cjk-byte-shift-minus-1996-fragment,"""""","{""arch"": null, ""for"": [""javascript"", ""text"", ""data""], ""platforms"": [""windows""]}"
shell-chain,objectives/command-and-control/dropper/execution/shell-chain::ps-base64-gcm-mshta-dropper,composite,hostile,PowerShell base64 GCM MSHTA dropper,objectives/command-and-control/dropper/execution/shell-chain/powershell.yaml,micro-behaviors/data/decode/base64::from-base64-string-concat;objectives/execution/interpreter/eval/invoke::call-operator-gcm-wildcard-iex;objectives/anti-static/obfuscation/string/encoding::powershell-mshta-url-fragments,"""""","{""arch"": null, ""for"": [""powershell""], ""platforms"": [""windows"", ""linux"", ""unix"", ""macos"", ""android"", ""ios""]}"
shell-chain,objectives/command-and-control/dropper/execution/shell-chain::obfuscated-dropper,composite,suspicious,Obfuscated PowerShell dropper,objectives/command-and-control/dropper/execution/shell-chain/powershell.yaml,micro-behaviors/process/interpreter/eval/direct::powershell-expression-eval;micro-behaviors/process/create/shell/lang::powershell-executable-reference;objectives/anti-static/obfuscation/string/concat::ps-chararray-obfuscation,"""""","{""arch"": null, ""for"": [""batch""], ""platforms"": [""windows"", ""linux"", ""unix"", ""macos"", ""android"", ""ios""]}"
shell-chain,objectives/command-and-control/dropper/execution/shell-chain::evasive-dropper,composite,hostile,Evasive PowerShell dropper,objectives/command-and-control/dropper/execution/shell-chain/powershell.yaml,objectives/evasion/security-bypass/policy/execution::bypass-execution-policy;micro-behaviors/process/interpreter/eval/direct::powershell-expression-eval;micro-behaviors/process/create/shell/lang::powershell-executable-reference;objectives/anti-static/obfuscation/string/concat::ps-chararray-obfuscation;micro-behaviors/communications/http/lib/invoke-webrequest::invoke-webrequest,"""""","{""arch"": null, ""for"": [""batch""], ""platforms"": [""windows"", ""linux"", ""unix"", ""macos"", ""android"", ""ios""]}"
shell-chain,objectives/command-and-control/dropper/execution/shell-chain::dropper-with-cleanup-comp,composite,hostile,Dropper with anti-forensics,objectives/command-and-control/dropper/execution/shell-chain/powershell.yaml,objectives/evasion/self-delete/file/script::script-file-delete-del;micro-behaviors/process/create/shell/lang::powershell-executable-reference;micro-behaviors/process/interpreter/eval/direct::powershell-expression-eval;micro-behaviors/communications/http/lib/invoke-webrequest::invoke-webrequest;micro-behaviors/communications/http/lib/invoke-webrequest::download,"""""","{""arch"": null, ""for"": [""batch""], ""platforms"": [""windows"", ""linux"", ""unix"", ""macos"", ""android"", ""ios""]}"
shell-chain,objectives/command-and-control/dropper/execution/shell-chain::daemonized-remote-script-loader,composite,hostile,Detached authenticated remote script loader,objectives/command-and-control/dropper/execution/shell-chain/remote-daemon.yaml,micro-behaviors/process/daemonize/detach::fork-new-session;micro-behaviors/process/create/shell/;objectives/command-and-control/dropper/staging/memory::curl-osascript;micro-behaviors/communications/http/curl::curl-api-key-header;metadata/binary/section/prose::tiny-cstring-section;micro-behaviors/process/create/shell/timing::excessive-popen;objectives/anti-static/obfuscation/payload/section::high-entropy-data-section;metadata/signed/platform::apple;metadata/lang/compiler/systems::go-version-string;metadata/lang/compiler/systems::go-binary,"""""","{""arch"": null, ""for"": [""macho""], ""platforms"": [""macos""]}"
shell-chain,objectives/command-and-control/dropper/execution/shell-chain::encoded-daemon-script-loader,composite,hostile,Encoded detached remote script loader,objectives/command-and-control/dropper/execution/shell-chain/remote-daemon.yaml,objectives/command-and-control/dropper/execution/shell-chain::daemonized-remote-script-loader;objectives/anti-static/obfuscation/encoding/xor::xor-decode-loop;objectives/anti-static/obfuscation/encoding/xor::string-decrypt;objectives/anti-static/obfuscation/payload/section::encrypted-payload-section;objectives/anti-static/obfuscation/payload/section::high-entropy-data-section;micro-behaviors/crypto/symmetric/xor/loop::repeating-key-buffer-decode;metadata/signed/platform::apple;metadata/signed/developer;metadata/lang/compiler/systems/;well-known/tool/reverse-engineering/frida/;well-known/lib/runtime/native-platform/slint/,"""""","{""arch"": null, ""for"": [""macho""], ""platforms"": [""macos""]}"
shell-chain,objectives/command-and-control/dropper/execution/shell-chain::encoded-shell-daemon-loader,composite,hostile,Detached loader with encoded shell content,objectives/command-and-control/dropper/execution/shell-chain/remote-daemon.yaml,objectives/command-and-control/dropper/execution/shell-chain::daemonized-remote-script-loader;objectives/anti-static/obfuscation/encoding/shell::encoded-shell-pattern;objectives/anti-static/obfuscation/payload/section::encrypted-payload-section,"""""","{""arch"": null, ""for"": [""macho""], ""platforms"": [""macos""]}"
shell-chain,objectives/command-and-control/dropper/execution/shell-chain::generic-named-daemon-script-loader,composite,hostile,Generic-named detached remote script loader,objectives/command-and-control/dropper/execution/shell-chain/remote-daemon.yaml,objectives/command-and-control/dropper/execution/shell-chain::daemonized-remote-script-loader;objectives/evasion/masquerade/naming/placeholder::suspicious-generic-naming,"""""","{""arch"": null, ""for"": [""macho""], ""platforms"": [""macos""]}"
shell-chain,objectives/command-and-control/dropper/execution/shell-chain::vbs-wmi-process-create,atomic,notable,VBScript WMI process launcher,objectives/command-and-control/dropper/execution/shell-chain/scheduled-cloud.yaml,,"{""regex"": ""(?is)Win32_Process.{0,400}\\.Create\\b\\s*(\\(|[\""']|\\w)"", ""type"": ""text""}","{""arch"": null, ""for"": [""vbs""], ""platforms"": [""windows""]}"
shell-chain,objectives/command-and-control/dropper/execution/shell-chain::vbs-scheduled-task-com,atomic,notable,VBScript scheduled task COM,objectives/command-and-control/dropper/execution/shell-chain/scheduled-cloud.yaml,,"{""regex"": ""(?i)(Schedule\\.Service|schtasks)"", ""type"": ""text""}","{""arch"": null, ""for"": [""vbs""], ""platforms"": [""windows""]}"
shell-chain,objectives/command-and-control/dropper/execution/shell-chain::vbs-hidden-powershell-iex,atomic,suspicious,Hidden PowerShell IEX launch,objectives/command-and-control/dropper/execution/shell-chain/scheduled-cloud.yaml,metadata/file/string/corpus::hashed-text-record,"{""regex"": ""(?is)powershell.{0,120}(-windowstyle\\s+hidden|-w\\s+hidden).{0,120}IEX"", ""type"": ""text""}","{""arch"": null, ""for"": [""vbs""], ""platforms"": [""windows""]}"
shell-chain,objectives/command-and-control/dropper/execution/shell-chain::vbs-appdata-stage-path,atomic,component,APPDATA staging path,objectives/command-and-control/dropper/execution/shell-chain/scheduled-cloud.yaml,,"{""regex"": ""(?i)(%APPDATA%|APPDATA)"", ""type"": ""text""}","{""arch"": null, ""for"": [""vbs""], ""platforms"": [""windows""]}"
shell-chain,objectives/command-and-control/dropper/execution/shell-chain::vbs-wmi-scheduled-cloud-stager,composite,hostile,VBScript scheduled cloud image stager,objectives/command-and-control/dropper/execution/shell-chain/scheduled-cloud.yaml,vbs-wmi-process-create;vbs-scheduled-task-com;vbs-hidden-powershell-iex;objectives/command-and-control/dropper/delivery/http::suspicious-cloud-image-object;vbs-appdata-stage-path;objectives/command-and-control/dropper/delivery/http::short-numeric-image-object;metadata/file/string/corpus::hashed-text-record,"""""","{""arch"": null, ""for"": [""vbs""], ""platforms"": [""windows""]}"
sqlserver,objectives/command-and-control/dropper/execution/sqlserver::sqlserver-enable-clr,atomic,suspicious,SQL Server enables CLR integration,objectives/command-and-control/dropper/execution/sqlserver/traits.yaml,,"{""regex"": ""(?is)sp_configure\\s+['\""]clr\\s+enabled['\""]"", ""type"": ""text""}","{""arch"": null, ""for"": [""text"", ""data""], ""platforms"": [""windows""]}"
sqlserver,objectives/command-and-control/dropper/execution/sqlserver::sqlserver-trustworthy-database,atomic,suspicious,SQL Server enables TRUSTWORTHY database,objectives/command-and-control/dropper/execution/sqlserver/traits.yaml,,"{""regex"": ""(?is)alter\\s+database.{0,160}set\\s+trustworthy\\s+on"", ""type"": ""text""}","{""arch"": null, ""for"": [""text"", ""data""], ""platforms"": [""windows""]}"
sqlserver,objectives/command-and-control/dropper/execution/sqlserver::sqlserver-unsafe-clr-assembly,atomic,suspicious,SQL Server creates unsafe CLR assembly,objectives/command-and-control/dropper/execution/sqlserver/traits.yaml,,"{""regex"": ""(?is)create\\s+assembly.{0,500}permission_set\\s*=\\s*unsafe"", ""type"": ""text""}","{""arch"": null, ""for"": [""text"", ""data""], ""platforms"": [""windows""]}"
sqlserver,objectives/command-and-control/dropper/execution/sqlserver::sqlserver-external-clr-procedure,atomic,suspicious,SQL Server exposes external CLR procedure,objectives/command-and-control/dropper/execution/sqlserver/traits.yaml,,"{""regex"": ""(?is)create\\s+procedure.{0,500}as\\s+external\\s+name"", ""type"": ""text""}","{""arch"": null, ""for"": [""text"", ""data""], ""platforms"": [""windows""]}"
sqlserver,objectives/command-and-control/dropper/execution/sqlserver::sqlserver-enable-xp-cmdshell,atomic,suspicious,SQL Server enables xp_cmdshell,objectives/command-and-control/dropper/execution/sqlserver/traits.yaml,,"{""regex"": ""(?is)sp_configure\\s+['\""]xp_cmdshell['\""]"", ""type"": ""text""}","{""arch"": null, ""for"": [""text"", ""data""], ""platforms"": [""windows""]}"
sqlserver,objectives/command-and-control/dropper/execution/sqlserver::sqlserver-xp-windows-command,atomic,suspicious,xp_cmdshell launches Windows command,objectives/command-and-control/dropper/execution/sqlserver/traits.yaml,well-known/tool/development/toolchain/darling/,"{""regex"": ""(?is)\\bexec(ute)?\\s+xp_cmdshell\\s+[^;\\r\\n]{0,260}\\b(cmd|powershell|wmic)(\\.exe)?\\b"", ""type"": ""text""}","{""arch"": null, ""for"": [""text"", ""data""], ""platforms"": [""windows""]}"
sqlserver,objectives/command-and-control/dropper/execution/sqlserver::sqlserver-enable-ole-automation,atomic,suspicious,SQL Server enables OLE Automation,objectives/command-and-control/dropper/execution/sqlserver/traits.yaml,,"{""regex"": ""(?is)sp_configure\\s+['\""]ole automation procedures['\""]"", ""type"": ""text""}","{""arch"": null, ""for"": [""text"", ""data""], ""platforms"": [""windows""]}"
sqlserver,objectives/command-and-control/dropper/execution/sqlserver::sqlserver-ole-wscript-shell,atomic,suspicious,SQL Server creates WScript.Shell OLE object,objectives/command-and-control/dropper/execution/sqlserver/traits.yaml,,"{""regex"": ""(?is)sp_oacreate\\s+['\""]wscript\\.shell['\""]"", ""type"": ""text""}","{""arch"": null, ""for"": [""text"", ""data""], ""platforms"": [""windows""]}"
sqlserver,objectives/command-and-control/dropper/execution/sqlserver::sqlserver-ole-run-method,atomic,suspicious,SQL Server invokes OLE shell Run method,objectives/command-and-control/dropper/execution/sqlserver/traits.yaml,,"{""regex"": ""(?is)sp_oamethod.{0,160}['\""]run['\""]"", ""type"": ""text""}","{""arch"": null, ""for"": [""text"", ""data""], ""platforms"": [""windows""]}"
sqlserver,objectives/command-and-control/dropper/execution/sqlserver::sqlserver-external-shell-command,atomic,suspicious,SQL Server CLR procedure reaches Windows shell,objectives/command-and-control/dropper/execution/sqlserver/traits.yaml,,"{""regex"": ""(?is)as\\s+external\\s+name.{0,800}(cmd(\\.exe)?|powershell(\\.exe)?|wmic)"", ""type"": ""text""}","{""arch"": null, ""for"": [""text"", ""data""], ""platforms"": [""windows""]}"
sqlserver,objectives/command-and-control/dropper/execution/sqlserver::sqlserver-unsafe-clr-shell,composite,hostile,SQL Server unsafe CLR command shell,objectives/command-and-control/dropper/execution/sqlserver/traits.yaml,sqlserver-enable-clr;sqlserver-trustworthy-database;sqlserver-unsafe-clr-assembly;sqlserver-external-clr-procedure;sqlserver-external-shell-command,"""""","{""arch"": null, ""for"": [""text"", ""data""], ""platforms"": [""windows""]}"
sqlserver,objectives/command-and-control/dropper/execution/sqlserver::sqlserver-xp-cmdshell-payload,composite,hostile,SQL Server enables xp_cmdshell for payload execution,objectives/command-and-control/dropper/execution/sqlserver/traits.yaml,sqlserver-enable-xp-cmdshell;sqlserver-xp-windows-command,"""""","{""arch"": null, ""for"": [""text"", ""data""], ""platforms"": [""windows""]}"
sqlserver,objectives/command-and-control/dropper/execution/sqlserver::sqlserver-ole-shell-execution,composite,hostile,SQL Server OLE Automation launches shell command,objectives/command-and-control/dropper/execution/sqlserver/traits.yaml,sqlserver-enable-ole-automation;sqlserver-ole-wscript-shell;sqlserver-ole-run-method,"""""","{""arch"": null, ""for"": [""text"", ""data""], ""platforms"": [""windows""]}"
stealth-spawn,objectives/command-and-control/dropper/execution/stealth-spawn::obfuscated-deferred-executable-stage,composite,hostile,"Deferred obfuscated Node stage downloads, arms, and launches an executable",objectives/command-and-control/dropper/execution/stealth-spawn/import-time-node.yaml,micro-behaviors/data/encode/char-code::long-numeric-array-literal;micro-behaviors/data/encode/char-code::fromcharcode-call;micro-behaviors/os/module/require::dynamic-import-call-expression;micro-behaviors/communications/http/download/handler::node-http-response-to-file;micro-behaviors/fs/chmod/executable/mode::node-chmod-exec-mode-755;micro-behaviors/process/create/spawn::detached-ignored-unref-spawn;micro-behaviors/data/control-flow/module-exec::async-iife-invoke,"""""","{""arch"": null, ""for"": [""javascript"", ""typescript""], ""platforms"": [""unix"", ""windows""]}"
stealth-spawn,objectives/command-and-control/dropper/execution/stealth-spawn::obfuscated-import-time-executable-stage,composite,hostile,Import-time obfuscated executable stage,objectives/command-and-control/dropper/execution/stealth-spawn/import-time-node.yaml,micro-behaviors/data/control-flow/module-exec::async-iife-invoke;micro-behaviors/data/encode/char-code::fromcharcode-call;micro-behaviors/os/module/require::dynamic-import-call-expression;micro-behaviors/communications/http/download/handler::node-http-response-to-file;micro-behaviors/fs/chmod/executable/mode::node-chmod-exec-mode-755;micro-behaviors/process/create/spawn::indirect-detached-hidden-spawn;micro-behaviors/communications/http/request/evented::node-evented-get-response;micro-behaviors/fs/write/file/full::node-write-file-sync,"""""","{""arch"": null, ""for"": [""javascript"", ""typescript""], ""platforms"": [""unix"", ""windows""]}"
stealth-spawn,objectives/command-and-control/dropper/execution/stealth-spawn::import-time-decrypted-stage,composite,hostile,Library import launches decrypted dependency stage,objectives/command-and-control/dropper/execution/stealth-spawn/import-time-node.yaml,micro-behaviors/crypto/symmetric/decrypt::local-decrypt-helper-import;micro-behaviors/fs/path/construct::node-modules-package-data-path-reference;micro-behaviors/fs/read/file/full::readfilesync-call;micro-behaviors/crypto/symmetric/decrypt::cryptojs-block-cipher-decrypt-call;micro-behaviors/process/create/spawn::detached-true;micro-behaviors/process/create/spawn::stdio-ignore;micro-behaviors/process/daemonize/detach::node-handle-unref-text;micro-behaviors/process/fd/stdio::js-stdin-write,"""""","{""arch"": null, ""for"": [""javascript"", ""typescript""], ""platforms"": [""unix"", ""windows""]}"
stealth-spawn,objectives/command-and-control/dropper/execution/stealth-spawn::bundled-decrypt-stdin-node-stage,composite,hostile,Bundled library decrypts dependency data into detached Node,objectives/command-and-control/dropper/execution/stealth-spawn/import-time-node.yaml,micro-behaviors/fs/path/construct::node-modules-package-data-path-reference;micro-behaviors/fs/read/file/full::readfilesync-call;micro-behaviors/crypto/symmetric/decrypt::cryptojs-block-cipher-decrypt-call;micro-behaviors/process/create/script/file::spawn-node-process;micro-behaviors/process/create/spawn::detached-ignored-unref-spawn;micro-behaviors/process/fd/stdio::js-stdin-write;import-time-detached-node-stage,"""""","{""arch"": null, ""for"": [""javascript"", ""typescript""], ""platforms"": [""unix"", ""windows""]}"
stealth-spawn,objectives/command-and-control/dropper/execution/stealth-spawn::hidden-native-payload-extraction-and-launch,composite,hostile,Hidden native payload extraction and detached launch,objectives/command-and-control/dropper/execution/stealth-spawn/import-time-node.yaml,micro-behaviors/fs/read/file/target::read-adjacent-javascript-file;micro-behaviors/fs/path/construct::local-script-path;micro-behaviors/data/compress/zlib::node-zlib-import;micro-behaviors/data/decompress/gzip::node-gunzip-function;micro-behaviors/fs/temp/directory::os-tmpdir;micro-behaviors/process/create/shell/bridge::child-process-require;micro-behaviors/fs/write/file/full::node-write-file-sync;micro-behaviors/fs/write/file/executable::node-write-file-executable-mode;micro-behaviors/process/create/spawn::detached-ignored-unref-spawn;micro-behaviors/process/daemonize/detach::node-handle-unref-text,"""""","{""arch"": null, ""for"": [""javascript"", ""typescript""], ""platforms"": [""unix"", ""windows""]}"
stealth-spawn,objectives/command-and-control/dropper/execution/stealth-spawn::import-time-detached-node-stage,composite,hostile,Library import-time launches a detached Node stage,objectives/command-and-control/dropper/execution/stealth-spawn/import-time-node.yaml,micro-behaviors/data/control-flow/module-exec::async-iife-invoke;micro-behaviors/process/create/script/file::spawn-node-process;micro-behaviors/process/create/spawn::detached-true;micro-behaviors/process/create/spawn::stdio-ignore;micro-behaviors/process/daemonize/detach::node-handle-unref-text;micro-behaviors/process/fd/stdio::js-stdin-write;micro-behaviors/crypto/symmetric/decrypt::cryptojs-block-cipher-decrypt-call;micro-behaviors/crypto/symmetric/decrypt::cryptojs-block-cipher-decrypt-text;metadata/import/builtin::child-process-import-runtime;metadata/import/builtin::require-child-process,"""""","{""arch"": null, ""for"": [""javascript"", ""typescript""], ""platforms"": [""unix"", ""windows""]}"
stealth-spawn,objectives/command-and-control/dropper/execution/stealth-spawn::import-time-bundled-native-payload-launch,composite,hostile,Library import arms and silently detaches a bundled native payload,objectives/command-and-control/dropper/execution/stealth-spawn/import-time-node.yaml,micro-behaviors/data/control-flow/module-exec::js-async-iife-import-hook;micro-behaviors/fs/path/construct::node-module-relative-path;micro-behaviors/fs/chmod/executable/mode::node-chmod-make-executable;micro-behaviors/process/create/spawn::child-process-creation-api;micro-behaviors/process/create/spawn::detached-true;micro-behaviors/process/create/spawn::stdio-ignore;micro-behaviors/process/fd/stdio::node-child-output-discarded,"""""","{""arch"": null, ""for"": [""javascript"", ""typescript""], ""platforms"": [""unix"", ""windows""]}"
stealth-spawn,objectives/command-and-control/dropper/execution/stealth-spawn::hash-gated-import-time-native-payload,composite,hostile,Import-time native payload launch is gated by a fixed SHA-256 digest,objectives/command-and-control/dropper/execution/stealth-spawn/import-time-node.yaml,import-time-bundled-native-payload-launch;micro-behaviors/crypto/hash/digest::source-fixed-sha256-context,"""""","{""arch"": null, ""for"": [""javascript"", ""typescript""], ""platforms"": [""unix"", ""windows""]}"
stealth-spawn,objectives/command-and-control/dropper/execution/stealth-spawn::import-time-ipfs-detached-node-stage,composite,hostile,Library import launches a detached IPFS JavaScript stage,objectives/command-and-control/dropper/execution/stealth-spawn/import-time-node.yaml,micro-behaviors/process/create/inline-script::spawn-node-eval;objectives/command-and-control/dropper/delivery/blockchain::ipfs-detached-javascript-stage;micro-behaviors/data/control-flow/module-exec::js-synchronous-iife-invoke;micro-behaviors/data/control-flow/module-exec::direct-zero-arg-call,"""""","{""arch"": null, ""for"": [""javascript"", ""typescript""], ""platforms"": [""unix"", ""windows""]}"
stealth-spawn,objectives/command-and-control/dropper/execution/stealth-spawn::import-time-obfuscated-ipfs-detached-node-stage,composite,hostile,Library import launches an obfuscated detached IPFS JavaScript stage,objectives/command-and-control/dropper/execution/stealth-spawn/import-time-node.yaml,micro-behaviors/communications/http/services/ipfs::public-ipfs-gateway-literal;micro-behaviors/process/create/inline-script::spawn-node-eval;objectives/command-and-control/dropper/execution/network-stage::obfuscated-exe-download-hidden-detached-spawn;micro-behaviors/data/control-flow/module-exec::js-synchronous-iife-invoke;micro-behaviors/data/control-flow/module-exec::direct-zero-arg-call,"""""","{""arch"": null, ""for"": [""javascript"", ""typescript""], ""platforms"": [""unix"", ""windows""]}"
stealth-spawn,objectives/command-and-control/dropper/execution/stealth-spawn::import-time-remote-executable-stage,composite,hostile,Library import downloads and detaches an executable stage,objectives/command-and-control/dropper/execution/stealth-spawn/import-time-node.yaml,micro-behaviors/communications/http/request/client::js-fetch-call;micro-behaviors/fs/write/file/full::node-write-file-promise;micro-behaviors/fs/write/file/executable::node-write-file-executable-mode;micro-behaviors/process/create/spawn::detached-ignored-unref-spawn;micro-behaviors/data/control-flow/module-exec::module-leading-promise-chain-call,"""""","{""arch"": null, ""for"": [""javascript"", ""typescript""], ""platforms"": [""unix"", ""windows""]}"
stealth-spawn,objectives/command-and-control/dropper/execution/stealth-spawn::import-time-buffered-native-stage,composite,hostile,Library import stages and detaches a fetched executable,objectives/command-and-control/dropper/execution/stealth-spawn/import-time-node.yaml,micro-behaviors/data/control-flow/module-exec::module-leading-promise-chain-call;micro-behaviors/communications/http/request/client::https-get;micro-behaviors/fs/write/file/full::node-write-file-sync;micro-behaviors/fs/chmod/executable/mode::node-chmod-make-executable;micro-behaviors/process/create/spawn::detached-ignored-unref-spawn;metadata/package/testing/;metadata/build/;metadata/build/recognized-contexts::benign-app-fp-context,"""""","{""arch"": null, ""for"": [""javascript"", ""typescript""], ""platforms"": [""unix"", ""windows""]}"
stealth-spawn,objectives/command-and-control/dropper/execution/stealth-spawn::import-time-streamed-hidden-executable-stage,composite,hostile,Library import streams a remote payload to a hidden executable stage,objectives/command-and-control/dropper/execution/stealth-spawn/import-time-node.yaml,micro-behaviors/communications/http/download/handler::node-http-stream-to-file-text;micro-behaviors/fs/path/temp::hidden-tmp-state-file;micro-behaviors/fs/chmod/executable/mode::node-chmod-exec-mode-755;micro-behaviors/process/create/spawn::detached-ignored-unref-spawn;metadata/package/testing/,"""""","{""arch"": null, ""for"": [""javascript"", ""typescript""], ""platforms"": [""unix"", ""windows""]}"
stealth-spawn,objectives/command-and-control/dropper/execution/stealth-spawn::npm-import-concealed-sidecar-native-stage,composite,hostile,npm entry import conceals a native payload sidecar,objectives/command-and-control/dropper/execution/stealth-spawn/import-time-node.yaml,micro-behaviors/process/create/load/local::cjs-caught-local-require;import-time-buffered-native-stage;metadata/package/testing/,"""""","{""arch"": null, ""for"": [""npm"", ""tar"", ""javascript""], ""platforms"": [""unix"", ""windows""]}"
stealth-spawn,objectives/command-and-control/dropper/execution/stealth-spawn::npm-split-host-import-time-loader,composite,suspicious,npm native stage reconstructs an obfuscated CDN host,objectives/command-and-control/dropper/execution/stealth-spawn/import-time-node.yaml,objectives/anti-static/obfuscation/string/fragmentation::js-inline-array-empty-join;micro-behaviors/process/create/load/local::cjs-caught-local-require;import-time-buffered-native-stage;metadata/package/testing/,"""""","{""arch"": null, ""for"": [""npm"", ""tar"", ""javascript""], ""platforms"": [""unix"", ""windows""]}"
stealth-spawn,objectives/command-and-control/dropper/execution/stealth-spawn::github-raw-batch-url,atomic,suspicious,GitHub raw batch payload URL,objectives/command-and-control/dropper/execution/stealth-spawn/node.yaml,,"{""regex"": ""github\\.com/.{1,40}/.{1,60}/raw/refs/heads/.{1,40}/.{1,80}\\.(bat|cmd)"", ""type"": ""text""}","{""arch"": null, ""for"": [""javascript""], ""platforms"": [""windows"", ""unix""]}"
stealth-spawn,objectives/command-and-control/dropper/execution/stealth-spawn::js-charcode-encoded-program,composite,component,Embedded char-code program,objectives/command-and-control/dropper/execution/stealth-spawn/node.yaml,micro-behaviors/data/encode/char-code::long-numeric-array-literal;micro-behaviors/data/encode/char-code::fromcharcode-call-text,"""""","{""arch"": null, ""for"": [""javascript"", ""typescript""], ""platforms"": [""windows"", ""unix""]}"
stealth-spawn,objectives/command-and-control/dropper/execution/stealth-spawn::js-encoded-node-self-respawn-loader,composite,hostile,Encoded JS loader respawns Node on a decoded program,objectives/command-and-control/dropper/execution/stealth-spawn/node.yaml,micro-behaviors/process/create/spawn::process-execpath-spawn;js-charcode-encoded-program;micro-behaviors/data/decode/base64::long-base64-blob-decode-pair;metadata/build/;metadata/package/testing/;micro-behaviors/process/create/spawn::node-self-respawn,"""""","{""arch"": null, ""for"": [""javascript"", ""typescript""], ""platforms"": [""windows"", ""unix""]}"
stealth-spawn,objectives/command-and-control/dropper/execution/stealth-spawn::js-encoded-dynamic-require-loader,composite,hostile,JS loader requires modules by decoded name,objectives/command-and-control/dropper/execution/stealth-spawn/node.yaml,objectives/anti-static/obfuscation/payload/encoded::js-encoded-require;micro-behaviors/data/encode/char-code::fromcharcode-call-text;micro-behaviors/data/decode/base64::base64-decode-call-text;metadata/build/;metadata/package/testing/,"""""","{""arch"": null, ""for"": [""javascript"", ""typescript""], ""platforms"": [""windows"", ""unix""]}"
stealth-spawn,objectives/command-and-control/dropper/execution/stealth-spawn::js-obfuscated-native-module-loader,composite,hostile,Obfuscated JavaScript loads a native Node module,objectives/command-and-control/dropper/execution/stealth-spawn/node.yaml,metadata/lang/javascript-features::js-obfuscator-while-loop;objectives/anti-static/obfuscation/obfuscator/js-obfuscator::parseint-decoder-loop;metadata/file/literal::push-string-literal;metadata/file/literal::bracketed-shift-string;micro-behaviors/process/create/load/local::cjs-native-node-module-require;metadata/build/;metadata/package/testing/,"""""","{""arch"": null, ""for"": [""javascript"", ""typescript""], ""platforms"": [""windows"", ""unix""]}"
stealth-spawn,objectives/command-and-control/dropper/execution/stealth-spawn::npm-hook-node-self-respawn-loader,composite,hostile,Install hook self-respawns Node on a decoded program,objectives/command-and-control/dropper/execution/stealth-spawn/node.yaml,objectives/supply-chain/install-hook/scripts/encoded-body::lifecycle-node-eval-charcode-program;objectives/supply-chain/install-hook/scripts/encoded-body::manifest-node-execpath-respawn,"""""","{""arch"": null, ""for"": [""package.json""], ""platforms"": [""windows"", ""unix""]}"
stealth-spawn,objectives/command-and-control/dropper/execution/stealth-spawn::temp-payload-staging,composite,component,Temporary payload staging write,objectives/command-and-control/dropper/execution/stealth-spawn/node.yaml,micro-behaviors/fs/temp/directory::os-tmpdir;micro-behaviors/fs/write/file/stream::create-write-stream;micro-behaviors/fs/write/file/executable::node-write-file-executable-mode;micro-behaviors/fs/chmod/modify::node-chmod,"""""","{""arch"": null, ""for"": [""javascript""], ""platforms"": [""windows"", ""unix""]}"
stealth-spawn,objectives/command-and-control/dropper/execution/stealth-spawn::node-payload-retrieval-or-staging,composite,component,"Node retrieval, staging or shell context",objectives/command-and-control/dropper/execution/stealth-spawn/node.yaml,temp-payload-staging;objectives/command-and-control/dropper/execution/network-stage::fetch-write-exec;objectives/command-and-control/dropper/execution/network-stage::fetch-write-exec-delete;micro-behaviors/process/create/shell/bridge::js-ip-write-exec-profile;github-raw-batch-url;micro-behaviors/data/encode/embedded::pe-base64-blob;metadata/file/encoded::gzip-base64-like-literal,"""""","{""arch"": null, ""for"": [""javascript""], ""platforms"": [""windows"", ""unix""]}"
stealth-spawn,objectives/command-and-control/dropper/execution/stealth-spawn::node-dropper,composite,hostile,Node.js dropper spawning payload,objectives/command-and-control/dropper/execution/stealth-spawn/node.yaml,micro-behaviors/process/create/spawn::process-execpath-spawn;micro-behaviors/process/create/spawn::detached-ignored-unref-spawn;node-payload-retrieval-or-staging;micro-behaviors/os/package-manager/runtime-install::node-runtime-install-helper-names;micro-behaviors/process/create/spawn::node-lazy-daemon-spawn;micro-behaviors/process/create/spawn::node-self-respawn;metadata/package/testing/;well-known/tool/development/toolchain/deno::source-archive-context,"""""","{""arch"": null, ""for"": [""javascript""], ""platforms"": [""windows"", ""unix""]}"
stealth-spawn,objectives/command-and-control/dropper/execution/stealth-spawn::supply-chain-dropper,composite,hostile,Supply-chain attack dropper,objectives/command-and-control/dropper/execution/stealth-spawn/node.yaml,micro-behaviors/process/create/shell/bridge::child-process-require;micro-behaviors/process/create/spawn::detached-ignored-unref-spawn;node-payload-retrieval-or-staging;micro-behaviors/os/package-manager/runtime-install::node-runtime-install-helper-names;micro-behaviors/process/create/spawn::node-lazy-daemon-spawn;micro-behaviors/process/create/spawn::node-self-respawn;metadata/package/testing/;well-known/tool/development/toolchain/deno::source-archive-context,"""""","{""arch"": null, ""for"": [""javascript""], ""platforms"": [""windows"", ""unix""]}"
stealth-spawn,objectives/command-and-control/dropper/execution/stealth-spawn::node-embedded-native-stage-loader,composite,hostile,"Reads an adjacent bundle, extracts executable, and launches detached",objectives/command-and-control/dropper/execution/stealth-spawn/node.yaml,micro-behaviors/process/create/shell/bridge::child-process-require;micro-behaviors/fs/read/file/target::read-adjacent-javascript-file;micro-behaviors/fs/path/construct::local-script-path;micro-behaviors/data/compress/zlib::node-zlib-import;micro-behaviors/data/decompress/gzip::node-gunzip-function;micro-behaviors/fs/temp/directory::os-tmpdir;micro-behaviors/fs/write/file/full::node-write-file-sync;micro-behaviors/fs/write/file/executable::node-write-file-executable-mode;micro-behaviors/process/create/spawn::detached-ignored-unref-spawn,"""""","{""arch"": null, ""for"": [""javascript"", ""typescript""], ""platforms"": [""windows"", ""unix""]}"
stealth-spawn,objectives/command-and-control/dropper/execution/stealth-spawn::node-import-time-fetched-executable,composite,hostile,Node import-time writes and detaches fetched executable,objectives/command-and-control/dropper/execution/stealth-spawn/node.yaml,micro-behaviors/data/control-flow/module-exec::js-async-iife-import-hook;micro-behaviors/process/create/shell/bridge::child-process-destructure-require;micro-behaviors/process/create/spawn::detached-ignored-unref-spawn;micro-behaviors/communications/http/request/client::https-get;micro-behaviors/communications/http/download/handler::node-http-response-to-file;micro-behaviors/fs/chmod/executable/mode::node-chmod-make-executable;metadata/package/testing/;metadata/build/;metadata/build/recognized-contexts::benign-app-fp-context,"""""","{""arch"": null, ""for"": [""javascript""], ""platforms"": [""windows"", ""unix""]}"
stealth-spawn,objectives/command-and-control/dropper/execution/stealth-spawn::detached-node-stdin-remote-loader,composite,hostile,Detached Node executes fetched stdin payload,objectives/command-and-control/dropper/execution/stealth-spawn/node.yaml,micro-behaviors/process/create/shell/bridge::child-process-require;micro-behaviors/process/create/script/file::spawn-node-process;micro-behaviors/process/create/spawn::detached-ignored-unref-spawn;micro-behaviors/communications/http/get::axios-get-call;micro-behaviors/data/decode/base64::atob-decode;micro-behaviors/process/fd/stdio::js-stdin-write;metadata/package/testing/,"""""","{""arch"": null, ""for"": [""javascript""], ""platforms"": [""windows"", ""unix""]}"
stealth-spawn,objectives/command-and-control/dropper/execution/stealth-spawn::remote-fetch-detached-python-stdin-loader,composite,hostile,Detached Python executes fetched stdin payload,objectives/command-and-control/dropper/execution/stealth-spawn/node.yaml,micro-behaviors/process/create/shell/bridge::child-process-require;micro-behaviors/process/create/spawn::detached-ignored-unref-spawn;micro-behaviors/communications/http/request/client::js-fetch-call;micro-behaviors/process/fd/stdio::js-stdin-write;micro-behaviors/process/create/shell/interpreter::node-spawn-python-interpreter;metadata/package/testing/,"""""","{""arch"": null, ""for"": [""javascript""], ""platforms"": [""windows"", ""unix""]}"
stealth-spawn,objectives/command-and-control/dropper/execution/stealth-spawn::node-detached-sibling-stage-spawn,composite,hostile,Node detached sibling spawn with payload staging or retrieval,objectives/command-and-control/dropper/execution/stealth-spawn/node.yaml,micro-behaviors/process/create/spawn::detached-ignored-unref-spawn;micro-behaviors/fs/path/construct::local-script-path;node-payload-retrieval-or-staging;micro-behaviors/process/create/shell/bridge::child-process-require;micro-behaviors/process/create/shell/bridge::child-process-destructure-require;micro-behaviors/process/create/spawn::node-lazy-daemon-spawn;metadata/package/testing/;micro-behaviors/os/console/control::chcp-65001-command,"""""","{""arch"": null, ""for"": [""javascript""], ""platforms"": [""windows"", ""unix""]}"
stealth-spawn,objectives/command-and-control/dropper/execution/stealth-spawn::node-stealth-java-sidecar,composite,hostile,Hidden Node launches Java sidecar,objectives/command-and-control/dropper/execution/stealth-spawn/node.yaml,micro-behaviors/process/create/spawn::detached-ignored-unref-spawn;micro-behaviors/process/create/spawn::node-jar-launch-argument;micro-behaviors/process/create/spawn::node-java-process-target;micro-behaviors/fs/path/extension::exe-name-or-extension;micro-behaviors/fs/path/application/bundle::electron-asar-path;metadata/package/testing/,"""""","{""arch"": null, ""for"": [""javascript""], ""platforms"": [""windows"", ""unix""]}"
stealth-spawn,objectives/command-and-control/dropper/execution/stealth-spawn::embedded-pe-stealth-dropper,composite,hostile,Embedded PE dropped and run detached,objectives/command-and-control/dropper/execution/stealth-spawn/node.yaml,micro-behaviors/data/encode/embedded::pe-base64-blob;micro-behaviors/fs/write/file/full::write-file-sync;micro-behaviors/fs/chmod/modify::node-chmod;micro-behaviors/fs/temp/directory::os-tmpdir;micro-behaviors/process/create/spawn::detached-ignored-unref-spawn;micro-behaviors/fs/path/extension::exe-name-or-extension,"""""","{""arch"": null, ""for"": [""javascript""], ""platforms"": [""windows"", ""unix""]}"
stealth-spawn,objectives/command-and-control/dropper/execution/stealth-spawn::hidden-native-download-exec,composite,hostile,Compact hidden native download-and-execute chain,objectives/command-and-control/dropper/execution/stealth-spawn/node.yaml,micro-behaviors/communications/http/download/handler::node-http-stream-to-file;micro-behaviors/process/create/system::js-execfile-call;micro-behaviors/process/create/spawn::windowshide-option;micro-behaviors/data/encode/xor::js-xor-decoder-ast;objectives/command-and-control/dropper/node-bootstrap::base64-buffer;metadata/package/testing/;metadata/build/bundler/runtime::js-webpack-bundle,"""""","{""arch"": null, ""for"": [""javascript"", ""typescript""], ""platforms"": [""windows"", ""unix""]}"
stealth-spawn,objectives/command-and-control/dropper/execution/stealth-spawn::github-temp-shell-stager,composite,hostile,GitHub temp shell stager with detached exec,objectives/command-and-control/dropper/execution/stealth-spawn/node.yaml,micro-behaviors/process/create/shell/bridge::child-process-require;micro-behaviors/process/create/spawn::detached-true;micro-behaviors/process/create/spawn::stdio-ignore;micro-behaviors/fs/chmod/executable/mode::node-chmod-make-executable;micro-behaviors/fs/path/temp::temp-var-tmp;micro-behaviors/communications/http/download/github::github-raw-mutable-fetch;micro-behaviors/communications/http/download/github::github-raw-curl-fetch;micro-behaviors/communications/http/url/github::raw-githubusercontent-script-file,"""""","{""arch"": null, ""for"": [""javascript""], ""platforms"": [""windows"", ""unix""]}"
stealth-spawn,objectives/command-and-control/dropper/execution/stealth-spawn::node-detached-remote-shell-loader,composite,hostile,Detached spawn runs curl-piped-to-shell loader,objectives/command-and-control/dropper/execution/stealth-spawn/node.yaml,micro-behaviors/process/create/spawn::detached-ignored-unref-spawn;micro-behaviors/process/create/shell/pipeline::curl-pipe-shell-text;well-known/app/ai/coding-agent/qwen-code::qwen-code-bundle-text;well-known/app/system/vellum::cli-package-context;well-known/tool/development/ci/github-actions/setup-docker-action/;well-known/app/ai/tool-server/composio::composio-install-url,"""""","{""arch"": null, ""for"": [""javascript"", ""typescript""], ""platforms"": [""windows"", ""unix""]}"
stealth-spawn,objectives/command-and-control/dropper/execution/stealth-spawn::node-detached-remote-javascript-stage,composite,hostile,Detached Node child evaluates fetched JavaScript,objectives/command-and-control/dropper/execution/stealth-spawn/node.yaml,micro-behaviors/process/create/spawn::detached-ignored-unref-spawn;micro-behaviors/process/create/inline-script::node-inline-script-remote-fetch;micro-behaviors/process/create/inline-script::node-inline-script-eval-sink,"""""","{""arch"": null, ""for"": [""javascript"", ""typescript""], ""platforms"": [""windows"", ""unix""]}"
stealth-spawn,objectives/command-and-control/dropper/execution/stealth-spawn::decrypt-to-detached-node-stdin,composite,hostile,Cipher decrypt feeds detached Node via stdin,objectives/command-and-control/dropper/execution/stealth-spawn/node.yaml,micro-behaviors/crypto/symmetric/decrypt::cryptojs-block-cipher-decrypt-text;micro-behaviors/process/create/spawn::detached-ignored-unref-spawn;micro-behaviors/process/fd/stdio::js-stdin-write;micro-behaviors/process/create/script/file::spawn-node-process;micro-behaviors/process/create/spawn::node-interpreter-target;metadata/package/testing/,"""""","{""arch"": null, ""for"": [""javascript""], ""platforms"": [""windows"", ""unix""]}"
stealth-spawn,objectives/command-and-control/dropper/execution/stealth-spawn::obfuscated-concealed-process-import-spawn,composite,hostile,Obfuscated code hides child_process and spawns,objectives/command-and-control/dropper/execution/stealth-spawn/node.yaml,micro-behaviors/os/module/dynamic-load::node-split-literal-require;objectives/anti-static/obfuscation/obfuscator/js-obfuscator::push-shift-bracket-pattern;micro-behaviors/process/create/spawn::stdio-ignore;micro-behaviors/process/create/minified-spawn::windowshide-bang-true;micro-behaviors/process/create/shell/bridge::js-spawnsync;metadata/build/;metadata/package/testing/,"""""","{""arch"": null, ""for"": [""javascript"", ""typescript""], ""platforms"": [""windows"", ""unix""]}"
stealth-spawn,objectives/command-and-control/dropper/execution/stealth-spawn::decrypt-write-dynamic-require-stealth-spawn,composite,hostile,Decrypts to disk then dynamically requires spawn for a hidden child,objectives/command-and-control/dropper/execution/stealth-spawn/node.yaml,micro-behaviors/crypto/symmetric/aes/runtime-library::createDecipheriv;micro-behaviors/fs/write/file/full::node-write-file-sync-call;micro-behaviors/os/module/dynamic-load::node-variable-require-call;micro-behaviors/process/create/minified-spawn::detached-bang-true;micro-behaviors/process/create/minified-spawn::windowshide-bang-true;metadata/package/testing/harness/runtime/;metadata/package/testing/presence/fixture::test-filename-pattern,"""""","{""arch"": null, ""for"": [""javascript"", ""typescript""], ""platforms"": [""windows"", ""unix""]}"
stealth-spawn,objectives/command-and-control/dropper/execution/stealth-spawn::js-fetch-drop-hidden-detached-launch,composite,hostile,Runs a downloaded file hidden and detached,objectives/command-and-control/dropper/execution/stealth-spawn/node.yaml,micro-behaviors/communications/http/url/domain::js-remote-host-url;micro-behaviors/fs/write/file/full::node-write-file-promise-destructured;micro-behaviors/process/create/spawn::detached-ignored-unref-spawn;micro-behaviors/process/create/spawn::windowshide-option;metadata/build/;metadata/package/testing/,"""""","{""arch"": null, ""for"": [""javascript"", ""typescript""], ""platforms"": [""windows"", ""unix""]}"
stealth-spawn,objectives/command-and-control/dropper/execution/stealth-spawn::node-windows-wsh-persistence-remote-dropper,composite,hostile,Node Windows dropper fetches remote payload with logon persistence,objectives/command-and-control/dropper/execution/stealth-spawn/node.yaml,micro-behaviors/communications/http/request/client::node-http-client-scheme-selection;micro-behaviors/fs/write/file/full::node-write-sync-buffer;objectives/persistence/login/startup/registry::logon-script-registry;objectives/persistence/login/startup/shortcut::startup-shortcut-persistence;objectives/evasion/self-delete/file/script::js-conditional-file-cleanup;micro-behaviors/process/create/spawn::detached-ignored-unref-spawn,"""""","{""arch"": null, ""for"": [""javascript"", ""typescript""], ""platforms"": [""windows""]}"
stealth-spawn,objectives/command-and-control/dropper/execution/stealth-spawn::xor-reconstructed-detached-spawn,composite,hostile,XOR-reconstructed payload spawns detached child,objectives/command-and-control/dropper/execution/stealth-spawn/node.yaml,objectives/anti-static/obfuscation/string/reconstruct::js-xor-numeric-array-string-reconstruction;micro-behaviors/process/create/spawn::detached-ignored-unref-spawn,"""""","{""arch"": null, ""for"": [""javascript"", ""typescript""], ""platforms"": [""windows"", ""unix""]}"
stealth-spawn,objectives/command-and-control/dropper/execution/stealth-spawn::node-detached-hidden-spawn,composite,notable,"Node child spawned detached, silent and windowless",objectives/command-and-control/dropper/execution/stealth-spawn/node.yaml,micro-behaviors/process/create/spawn::detached-ignored-unref-spawn;micro-behaviors/process/create/spawn::windowshide-option,"""""","{""arch"": null, ""for"": [""javascript"", ""typescript""], ""platforms"": [""windows"", ""unix""]}"
stealth-spawn,objectives/command-and-control/dropper/execution/stealth-spawn::runtime-method-detached-bundled-stage,composite,hostile,Library method silently detaches a bundled script stage,objectives/command-and-control/dropper/execution/stealth-spawn/runtime-method-node.yaml,micro-behaviors/data/source/prototype::prototype-method-function-assignment;micro-behaviors/fs/path/construct::node-module-relative-path;micro-behaviors/process/create/spawn::process-execpath-spawn;micro-behaviors/process/create/spawn::detached-ignored-unref-spawn;micro-behaviors/data/control-flow/error-handling::empty-catch-block;micro-behaviors/process/create/spawn::node-lazy-daemon-spawn,"""""","{""arch"": null, ""for"": [""javascript"", ""typescript""], ""platforms"": [""unix"", ""windows""]}"
stealth-spawn,objectives/command-and-control/dropper/execution/stealth-spawn::staged-payload-hidden-elevated-launch,composite,hostile,Staged payload launched hidden then elevated,objectives/command-and-control/dropper/execution/stealth-spawn/windows-relaunch.yaml,micro-behaviors/process/create/start-process::start-process-filepath;micro-behaviors/os/privilege/elevation::runas-verb;micro-behaviors/fs/path/application/executable::appdata-exe-path;micro-behaviors/process/create/hidden::start-process-windowstyle-hidden;micro-behaviors/process/create/hidden::powershell-windowstyle-hidden-option;micro-behaviors/process/create/spawn::windowshide-option,"""""","{""arch"": null, ""for"": [""batch"", ""javascript"", ""powershell""], ""platforms"": [""windows""]}"
stego-loader,objectives/command-and-control/dropper/execution/stego-loader::go-image-stego-inmemory-loader,composite,hostile,Go binary decodes a payload from image data and executes it in memory,objectives/command-and-control/dropper/execution/stego-loader/go.yaml,micro-behaviors/data/embedded/payload/image::go-image-decode;micro-behaviors/mem/protect/modify::go-rwx-inmemory-exec;micro-behaviors/data/decode/base64::go-base64-decode-method;micro-behaviors/data/decode/base64::new-decoder,"""""","{""arch"": null, ""for"": [""go""], ""platforms"": [""linux"", ""macos"", ""windows""]}"
stego-loader,objectives/command-and-control/dropper/execution/stego-loader::node-base32-decoder-call,atomic,suspicious,Node decodes an opaque base32 command string,objectives/command-and-control/dropper/execution/stego-loader/portable-source.yaml,,"{""regex"": ""Buffer\\.from\\s*\\([^\\n)]{0,180}[\""']base32[\""']\\s*\\)"", ""type"": ""text""}","{""arch"": null, ""for"": [""javascript"", ""typescript""], ""platforms"": [""linux"", ""macos"", ""windows""]}"
stego-loader,objectives/command-and-control/dropper/execution/stego-loader::rust-downloaded-image-range-script-loader,composite,hostile,Downloaded image slice is decoded and executed,objectives/command-and-control/dropper/execution/stego-loader/portable-source.yaml,micro-behaviors/communications/http/url/path::image-file-url;micro-behaviors/process/create/direct::rust-command-curl-wget;micro-behaviors/process/create/direct::rust-command-powershell;micro-behaviors/data/buffer/carve::encoded-powershell-file-range-to-string;objectives/anti-static/obfuscation/encoding/decode-eval::base64-powershell-iex,"""""","{""arch"": null, ""for"": [""rust""], ""platforms"": [""linux"", ""macos"", ""windows""]}"
stego-loader,objectives/command-and-control/dropper/execution/stego-loader::portable-downloaded-image-range-script-loader,composite,hostile,Downloaded image slice is decoded and executed,objectives/command-and-control/dropper/execution/stego-loader/portable-source.yaml,micro-behaviors/communications/http/url/path::image-file-url;micro-behaviors/data/buffer/carve::encoded-powershell-file-range-to-string;objectives/anti-static/obfuscation/encoding/decode-eval::base64-powershell-iex,"""""","{""arch"": null, ""for"": [""python"", ""javascript"", ""typescript"", ""go"", ""csharp"", ""batch""], ""platforms"": [""linux"", ""macos"", ""windows""]}"
stego-loader,objectives/command-and-control/dropper/execution/stego-loader::zero-width-command-loader,composite,hostile,Hidden zero-width payload reaches command execution,objectives/command-and-control/dropper/execution/stego-loader/portable-source.yaml,micro-behaviors/data/decode/custom::zero-width-command-data-decoder;micro-behaviors/process/create/exec::child-process-execution;micro-behaviors/process/interpreter/eval/direct::js-eval-variable-argument;objectives/command-and-control/dropper/staging/temp::zig-bin-sh-c;micro-behaviors/process/create/shell/command-mode::windows-command-shell-invocation;micro-behaviors/process/create/shell/native::c-popen-variable-input;micro-behaviors/process/create/system::elixir-system-cmd,"""""","{""arch"": null, ""for"": [""scripts"", ""source"", ""class"", ""java_class""], ""platforms"": [""linux"", ""macos"", ""windows""]}"
stego-loader,objectives/command-and-control/dropper/execution/stego-loader::png-lsb-executable-loader,composite,hostile,PNG low bits conceal an executed payload,objectives/command-and-control/dropper/execution/stego-loader/portable-source.yaml,micro-behaviors/data/arithmetic::lsb-bit-mask-source;micro-behaviors/process/create/exec::child-process-execution;micro-behaviors/data/encode/image/pixel/;micro-behaviors/data/decode/base64/;micro-behaviors/data/decompress/;micro-behaviors/fs/write/file/full/;micro-behaviors/fs/chmod/modify/,"""""","{""arch"": null, ""for"": [""scripts"", ""source"", ""class"", ""java_class""], ""platforms"": [""linux"", ""macos"", ""windows""]}"
stego-loader,objectives/command-and-control/dropper/execution/stego-loader::jvm-png-pixel-executable-loader,composite,hostile,JVM image pixels conceal an executed payload,objectives/command-and-control/dropper/execution/stego-loader/portable-source.yaml,micro-behaviors/data/encode/image/pixel::jvm-buffered-image-getrgb-call;micro-behaviors/data/buffer/transfer::bytearrayoutputstream-ref;micro-behaviors/data/decode/base64::java-base64-decoding-bytecode;micro-behaviors/fs/write/file/full::jvm-files-write-bytecode;micro-behaviors/process/create/exec::child-process-execution,"""""","{""arch"": null, ""for"": [""class"", ""java_class""], ""platforms"": [""linux"", ""macos"", ""windows""]}"
stego-loader,objectives/command-and-control/dropper/execution/stego-loader::node-base32-shell-loader,composite,hostile,Node decodes base32 and executes it through a shell,objectives/command-and-control/dropper/execution/stego-loader/portable-source.yaml,node-base32-decoder-call;micro-behaviors/process/create/exec::node-execfile-reference;micro-behaviors/process/create/shell/path::shell-executable-reference,"""""","{""arch"": null, ""for"": [""javascript"", ""typescript"", ""npm"", ""tar"", ""zip"", ""vsix"", ""crx"", ""xpi"", ""asar""], ""platforms"": [""linux"", ""macos"", ""windows""]}"
stego-loader,objectives/command-and-control/dropper/execution/stego-loader::c-octal-hidden-command-loader,composite,hostile,C source hides a command in octal escapes before popen,objectives/command-and-control/dropper/execution/stego-loader/portable-source.yaml,micro-behaviors/data/encode/char-code::c-octal-escape-sequence;micro-behaviors/process/create/shell/native::c-popen-variable-input;micro-behaviors/data/buffer/alloc::c-command-buffer,"""""","{""arch"": null, ""for"": [""c"", ""cpp""], ""platforms"": [""linux"", ""macos"", ""windows""]}"
stego-loader,objectives/command-and-control/dropper/execution/stego-loader::embedded-image-lsb-drop-executor,composite,hostile,Inlined image low bits drop an executed file,objectives/command-and-control/dropper/execution/stego-loader/portable-source.yaml,micro-behaviors/data/embedded/payload/image::embedded-png-source-literal;micro-behaviors/data/arithmetic::lsb-bit-mask-source;micro-behaviors/process/create/;micro-behaviors/fs/write/;micro-behaviors/fs/chmod/;micro-behaviors/fs/path/temp/,"""""","{""arch"": null, ""for"": [""scripts"", ""source"", ""class"", ""java_class""], ""platforms"": [""linux"", ""macos"", ""windows""]}"
stego-loader,objectives/command-and-control/dropper/execution/stego-loader::powershell-trailer-marked-file-range-iex,composite,hostile,Evaluates a script slice from a marker-tagged file,objectives/command-and-control/dropper/execution/stego-loader/trailer.yaml,micro-behaviors/data/embedded/payload/trailer/;micro-behaviors/data/buffer/carve::powershell-file-range-to-string;micro-behaviors/process/interpreter/eval/direct::powershell-iex-call,"""""","{""arch"": null, ""for"": [""powershell""], ""platforms"": [""windows"", ""linux"", ""macos""]}"
stego-loader,objectives/command-and-control/dropper/execution/stego-loader::javascript-trailer-marked-file-range-eval,composite,hostile,Evaluates a script slice from a marker-tagged file,objectives/command-and-control/dropper/execution/stego-loader/trailer.yaml,micro-behaviors/data/embedded/payload/trailer/;micro-behaviors/data/buffer/carve::javascript-file-range-to-string;micro-behaviors/process/interpreter/eval/direct::js-eval-variable-argument;micro-behaviors/process/interpreter/eval/direct::js-eval-call-expression-arg;micro-behaviors/process/interpreter/eval/direct::js-eval-tostring-result;micro-behaviors/process/interpreter/eval/compile/,"""""","{""arch"": null, ""for"": [""javascript"", ""typescript""], ""platforms"": [""windows"", ""linux"", ""macos""]}"
stego-loader,objectives/command-and-control/dropper/execution/stego-loader::python-trailer-marked-file-range-exec,composite,hostile,Executes a script slice from a marker-tagged file,objectives/command-and-control/dropper/execution/stego-loader/trailer.yaml,micro-behaviors/data/embedded/payload/trailer/;micro-behaviors/data/buffer/carve::python-file-range-read;micro-behaviors/process/interpreter/eval/direct::exec-builtin;micro-behaviors/process/interpreter/eval/direct::exec-after-file-read,"""""","{""arch"": null, ""for"": [""python""], ""platforms"": [""windows"", ""linux"", ""macos""]}"
stego-loader,objectives/command-and-control/dropper/execution/stego-loader::powershell-trailer-index-dll-rundll32,composite,hostile,Runs a DLL carved from a file's footer index,objectives/command-and-control/dropper/execution/stego-loader/trailer.yaml,micro-behaviors/data/embedded/payload/trailer::powershell-footer-relative-int-read;micro-behaviors/fs/write/file/full::write-all-bytes;objectives/execution/lolbin/os::rundll32-exe-string;micro-behaviors/data/embedded/payload/trailer::powershell-seek-end-magic-compare;micro-behaviors/data/embedded/payload/trailer::powershell-length-relative-magic-compare,"""""","{""arch"": null, ""for"": [""powershell""], ""platforms"": [""windows"", ""linux"", ""macos""]}"
string-reconstruct,objectives/command-and-control/dropper/execution/string-reconstruct::delayed-expansion-powershell-webclient-download-assembly,atomic,suspicious,Batch rejoins split PowerShell WebClient download and IEX tokens,objectives/command-and-control/dropper/execution/string-reconstruct/batch-powershell.yaml,,"{""regex"": ""(?is)cmd\\d+=Ne[\\s\\S]{0,100}cmd\\d+=w-O[\\s\\S]{0,100}cmd\\d+=bjec[\\s\\S]{0,140}cmd\\d+=t Net\\.W[\\s\\S]{0,180}cmd\\d+=t;IEX[\\s\\S]{0,180}cmd\\d+=ownlo[\\s\\S]{0,220}cmd\\d+=adSt[\\s\\S]{0,220}cmd\\d+=ing\\("", ""type"": ""text""}","{""arch"": null, ""for"": [""batch""], ""platforms"": [""windows""]}"
string-reconstruct,objectives/command-and-control/dropper/execution/string-reconstruct::caret-split-powershell-launch,atomic,component,Caret-split PowerShell launch,objectives/command-and-control/dropper/execution/string-reconstruct/batch-powershell.yaml,,"{""regex"": ""(?i)C\\^M\\^D[^\\r\\n]{0,900}P\\^OW[^\\r\\n]{0,900}RSH"", ""type"": ""text""}","{""arch"": null, ""for"": [""batch""], ""platforms"": [""windows""]}"
string-reconstruct,objectives/command-and-control/dropper/execution/string-reconstruct::obfuscated-powershell-hide-bypass-flags,atomic,suspicious,Obfuscated PowerShell hidden bypass flags,objectives/command-and-control/dropper/execution/string-reconstruct/batch-powershell.yaml,,"{""regex"": ""(?i)-N\\^O\\^P[^\\r\\n]{0,80}-WI\\^N\\^D\\s+HIDD"", ""type"": ""text""}","{""arch"": null, ""for"": [""batch""], ""platforms"": [""windows""]}"
string-reconstruct,objectives/command-and-control/dropper/execution/string-reconstruct::delayed-expansion-downloadstring-fragments,atomic,suspicious,Delayed WebClient DownloadString fragments,objectives/command-and-control/dropper/execution/string-reconstruct/batch-powershell.yaml,well-known/lib/runtime/scripted/node-runtime::bundled-npm-source;well-known/lib/runtime/scripted/node-runtime::install-tools-batch,"{""regex"": ""(?i)(![A-Za-z0-9_]+!|%[A-Za-z0-9_]+%|\\^[A-Za-z]).{0,180}DOWNLO.{1,220}ADSTRING"", ""type"": ""text""}","{""arch"": null, ""for"": [""batch""], ""platforms"": [""windows""]}"
string-reconstruct,objectives/command-and-control/dropper/execution/string-reconstruct::delayed-expansion-iex-newobject-fragments,atomic,suspicious,Delayed-expansion IEX New-Object fragments,objectives/command-and-control/dropper/execution/string-reconstruct/batch-powershell.yaml,,"{""regex"": ""(?i)I[^\\r\\nI]{1,20}X\\(N[^\\r\\nN]{0,30}W-OBJ[^\\r\\nJ]{0,20}CT"", ""type"": ""text""}","{""arch"": null, ""for"": [""batch""], ""platforms"": [""windows""]}"
string-reconstruct,objectives/command-and-control/dropper/execution/string-reconstruct::downloadstring-tail-fragment,atomic,suspicious,Fragmented DownloadString tail,objectives/command-and-control/dropper/execution/string-reconstruct/batch-powershell.yaml,,"{""substr"": ""NT).DOWNLO"", ""type"": ""text""}","{""arch"": null, ""for"": [""batch""], ""platforms"": [""windows""]}"
string-reconstruct,objectives/command-and-control/dropper/execution/string-reconstruct::replace-adstring-fragment,atomic,suspicious,Replace-built DownloadString suffix,objectives/command-and-control/dropper/execution/string-reconstruct/batch-powershell.yaml,,"{""substr"": ""ADSTRING"", ""type"": ""text""}","{""arch"": null, ""for"": [""batch""], ""platforms"": [""windows""]}"
string-reconstruct,objectives/command-and-control/dropper/execution/string-reconstruct::iex-hex-variable-concat,atomic,suspicious,IEX over hex variable concat,objectives/command-and-control/dropper/execution/string-reconstruct/batch-powershell.yaml,,"{""regex"": ""%X\\(\\$[A-F0-9]{24,}"", ""type"": ""text""}","{""arch"": null, ""for"": [""batch""], ""platforms"": [""windows""]}"
string-reconstruct,objectives/command-and-control/dropper/execution/string-reconstruct::fragmented-powershell-gzipstream,atomic,suspicious,Fragmented PowerShell GZipStream,objectives/command-and-control/dropper/execution/string-reconstruct/batch-powershell.yaml,,"{""regex"": ""(?i)\\.GZ?iPstR|GZip(\\s*[\\+\\^]\\s*|%[A-Za-z0-9_!]+%|![A-Za-z0-9_]+!)[\\s\\S]{0,120}Stream"", ""type"": ""text""}","{""arch"": null, ""for"": [""batch""], ""platforms"": [""windows""]}"
string-reconstruct,objectives/command-and-control/dropper/execution/string-reconstruct::fragmented-powershell-memorystream,atomic,suspicious,Fragmented PowerShell MemoryStream,objectives/command-and-control/dropper/execution/string-reconstruct/batch-powershell.yaml,,"{""regex"": ""(?i)Memory(\\s*[\\+\\^]\\s*|%[A-Za-z0-9_!]+%|![A-Za-z0-9_]+!)[\\s\\S]{0,120}Stream"", ""type"": ""text""}","{""arch"": null, ""for"": [""batch""], ""platforms"": [""windows""]}"
string-reconstruct,objectives/command-and-control/dropper/execution/string-reconstruct::fragmented-frombase64string-concat,atomic,suspicious,Fragmented PowerShell FromBase64String,objectives/command-and-control/dropper/execution/string-reconstruct/batch-powershell.yaml,,"{""regex"": ""(?i)(From.{0,16}\\+.{0,16}Base64|Base64.{0,16}\\+.{0,16}String)"", ""type"": ""text""}","{""arch"": null, ""for"": [""batch""], ""platforms"": [""windows""]}"
string-reconstruct,objectives/command-and-control/dropper/execution/string-reconstruct::fragmented-powershell-compression-namespace,atomic,suspicious,Fragmented IO.Compression namespace,objectives/command-and-control/dropper/execution/string-reconstruct/batch-powershell.yaml,well-known/tool/development/cli/batch-scripts::uup-converter-wimlib-batch,"{""regex"": ""(\\[iO\\.CO|System\\s*\\+\\s*[^\\n]{0,40}IO|IO\\s*\\+\\s*[^\\n]{0,40}Compression)"", ""type"": ""text""}","{""arch"": null, ""for"": [""batch""], ""platforms"": [""windows""]}"
string-reconstruct,objectives/command-and-control/dropper/execution/string-reconstruct::batch-long-random-envvar-reassembly,atomic,suspicious,Batch long envvar direct reassembly,objectives/command-and-control/dropper/execution/string-reconstruct/batch-powershell.yaml,,"{""regex"": ""%[A-Za-z]{18,}%[^\\r\\n]{0,8}%[A-Za-z]{18,}%[^\\r\\n]{0,8}%[A-Za-z]{18,}%"", ""type"": ""text""}","{""arch"": null, ""for"": [""batch""], ""platforms"": [""windows""]}"
string-reconstruct,objectives/command-and-control/dropper/execution/string-reconstruct::batch-delayed-expansion-iex-downloadstring-stager,composite,hostile,Batch hides a PowerShell WebClient IEX downloader in split variables,objectives/command-and-control/dropper/execution/string-reconstruct/batch-powershell.yaml,delayed-expansion-powershell-webclient-download-assembly;micro-behaviors/process/interpreter/scripting/batch::delayed-expansion;micro-behaviors/process/interpreter/eval/direct::embedded-powershell-iex-alias;micro-behaviors/process/interpreter/eval/direct::powershell-iex-text,"""""","{""arch"": null, ""for"": [""batch""], ""platforms"": [""windows""]}"
string-reconstruct,objectives/command-and-control/dropper/execution/string-reconstruct::batch-obfuscated-ps-webclient-stage,composite,hostile,Obfuscated batch PowerShell WebClient stager,objectives/command-and-control/dropper/execution/string-reconstruct/batch-powershell.yaml,caret-split-powershell-launch;obfuscated-powershell-hide-bypass-flags;delayed-expansion-downloadstring-fragments;delayed-expansion-iex-newobject-fragments,"""""","{""arch"": null, ""for"": [""batch""], ""platforms"": [""windows""]}"
string-reconstruct,objectives/command-and-control/dropper/execution/string-reconstruct::batch-obfuscated-ps-downloadstring-tail,composite,hostile,Obfuscated batch PowerShell download stager,objectives/command-and-control/dropper/execution/string-reconstruct/batch-powershell.yaml,obfuscated-powershell-hide-bypass-flags;downloadstring-tail-fragment;replace-adstring-fragment;iex-hex-variable-concat,"""""","{""arch"": null, ""for"": [""batch""], ""platforms"": [""windows""]}"
string-reconstruct,objectives/command-and-control/dropper/execution/string-reconstruct::batch-fragmented-ps-gzip-loader,composite,hostile,Fragmented batch PowerShell GZip loader,objectives/command-and-control/dropper/execution/string-reconstruct/batch-powershell.yaml,fragmented-powershell-gzipstream;fragmented-powershell-memorystream;fragmented-frombase64string-concat;fragmented-powershell-compression-namespace;batch-long-random-envvar-reassembly;objectives/anti-static/obfuscation/string/fragmentation::batch-extreme-line-bloat,"""""","{""arch"": null, ""for"": [""batch""], ""platforms"": [""windows""]}"
string-reconstruct,objectives/command-and-control/dropper/execution/string-reconstruct::batch-int-array-gzip-payload-loader,composite,hostile,Batch reconstructs and expands an embedded PowerShell payload,objectives/command-and-control/dropper/execution/string-reconstruct/batch-powershell.yaml,objectives/anti-static/obfuscation/string/concat::ps-join-char;micro-behaviors/data/decompress/gzip::gzip-decompression-stream;metadata/file/line::batch-line-over-100000;objectives/anti-static/obfuscation/string/fragmentation::batch-extreme-line-bloat;micro-behaviors/process/create/shell/lang::powershell-invocation,"""""","{""arch"": null, ""for"": [""batch""], ""platforms"": [""windows""]}"
string-reconstruct,objectives/command-and-control/dropper/execution/string-reconstruct::obfuscated-jscript-bat-dropper,composite,hostile,Obfuscated JScript dropping and executing a batch file,objectives/command-and-control/dropper/execution/string-reconstruct/batch-script.yaml,micro-behaviors/process/create/script/file::batch-script-execution;micro-behaviors/process/interpreter/jscript::adodb-fragment-dodb;objectives/anti-static/obfuscation/string/conceal::js-split-reverse-join;micro-behaviors/data/encode/charset::windows-1251-charset,"""""","{""arch"": null, ""for"": [""javascript"", ""typescript""], ""platforms"": [""linux"", ""macos"", ""windows"", ""unix"", ""android"", ""ios""]}"
string-reconstruct,objectives/command-and-control/dropper/execution/string-reconstruct::batch-shortvar-percent-substring-slicing,atomic,suspicious,Batch short-var percent slicing,objectives/command-and-control/dropper/execution/string-reconstruct/batch-url.yaml,well-known/tool/development/cli/batch-scripts::uup-converter-wimlib-batch,"{""regex"": ""%[^%\\r\\n]{2,12}:~[0-9]+,[0-9]+%"", ""type"": ""text""}","{""arch"": null, ""for"": [""batch""], ""platforms"": [""windows""]}"
string-reconstruct,objectives/command-and-control/dropper/execution/string-reconstruct::batch-dense-percent-slice-operator,atomic,suspicious,Dense batch percent substring slice operators,objectives/command-and-control/dropper/execution/string-reconstruct/batch-url.yaml,,"{""regex"": "":~[0-9]+,1%"", ""type"": ""text""}","{""arch"": null, ""for"": [""batch""], ""platforms"": [""windows""]}"
string-reconstruct,objectives/command-and-control/dropper/execution/string-reconstruct::batch-rouki-obfuscator-marker,atomic,suspicious,Rouki-style batch obfuscator marker,objectives/command-and-control/dropper/execution/string-reconstruct/batch-url.yaml,,"{""regex"": ""(?i)(:Rouki-OBFUSCATOR|__github__\\s*=\\s*github\\.com/rouki)"", ""type"": ""text""}","{""arch"": null, ""for"": [""batch""], ""platforms"": [""windows""]}"
string-reconstruct,objectives/command-and-control/dropper/execution/string-reconstruct::gitlab-upload-exe-url,atomic,suspicious,GitLab project upload EXE URL,objectives/command-and-control/dropper/execution/string-reconstruct/batch-url.yaml,,"{""regex"": ""://gitlab\\.com/-/project/[0-9]+/uploads/[0-9a-f]{16,}/.{1,120}\\.exe"", ""type"": ""text""}","{""arch"": null, ""for"": [""batch""], ""platforms"": [""windows""]}"
string-reconstruct,objectives/command-and-control/dropper/execution/string-reconstruct::batch-substring-gitlab-exe-dropper,composite,hostile,Batch substring-reconstructed GitLab EXE dropper,objectives/command-and-control/dropper/execution/string-reconstruct/batch-url.yaml,gitlab-upload-exe-url;micro-behaviors/os/env/user-paths::temp-env-var;batch-shortvar-percent-substring-slicing;batch-dense-percent-slice-operator,"""""","{""arch"": null, ""for"": [""batch""], ""platforms"": [""windows""]}"
string-reconstruct,objectives/command-and-control/dropper/execution/string-reconstruct::cert-fragment-var,atomic,component,Variable assigned cert fragment,objectives/command-and-control/dropper/execution/string-reconstruct/batch-vbscript.yaml,,"{""regex"": ""[A-Za-z0-9_]{4,}=cert\\b"", ""type"": ""text""}","{""arch"": null, ""for"": [""batch""], ""platforms"": [""windows""]}"
string-reconstruct,objectives/command-and-control/dropper/execution/string-reconstruct::util-fragment-var,atomic,component,Variable assigned util fragment,objectives/command-and-control/dropper/execution/string-reconstruct/batch-vbscript.yaml,,"{""regex"": ""[A-Za-z0-9_]{4,}=util\\b"", ""type"": ""text""}","{""arch"": null, ""for"": [""batch""], ""platforms"": [""windows""]}"
string-reconstruct,objectives/command-and-control/dropper/execution/string-reconstruct::cscript-fragment-var,atomic,notable,Variable assigned cscript fragment,objectives/command-and-control/dropper/execution/string-reconstruct/batch-vbscript.yaml,,"{""regex"": ""[A-Za-z0-9_]{4,}=cscript /"", ""type"": ""text""}","{""arch"": null, ""for"": [""batch""], ""platforms"": [""windows""]}"
string-reconstruct,objectives/command-and-control/dropper/execution/string-reconstruct::nologo-fragment-var,atomic,notable,Variable assigned nologo fragment,objectives/command-and-control/dropper/execution/string-reconstruct/batch-vbscript.yaml,,"{""regex"": ""[A-Za-z0-9_]{4,}=/nologo /"", ""type"": ""text""}","{""arch"": null, ""for"": [""batch""], ""platforms"": [""windows""]}"
string-reconstruct,objectives/command-and-control/dropper/execution/string-reconstruct::vbscript-engine-fragment-var,atomic,notable,Variable assigned VBScript engine fragment,objectives/command-and-control/dropper/execution/string-reconstruct/batch-vbscript.yaml,,"{""regex"": ""[A-Za-z0-9_]{4,}=/e:vbscri"", ""type"": ""text""}","{""arch"": null, ""for"": [""batch""], ""platforms"": [""windows""]}"
string-reconstruct,objectives/command-and-control/dropper/execution/string-reconstruct::vbscript-engine-tail-var,atomic,component,Variable assigned VBScript engine tail,objectives/command-and-control/dropper/execution/string-reconstruct/batch-vbscript.yaml,,"{""regex"": ""[A-Za-z0-9_]{4,}=pt\\b"", ""type"": ""text""}","{""arch"": null, ""for"": [""batch""], ""platforms"": [""windows""]}"
string-reconstruct,objectives/command-and-control/dropper/execution/string-reconstruct::decode-option-in-batch,atomic,notable,Batch contains a decoder option literal,objectives/command-and-control/dropper/execution/string-reconstruct/batch-vbscript.yaml,,"{""type"": ""literal"", ""word"": ""-decode""}","{""arch"": null, ""for"": [""batch""], ""platforms"": [""windows""]}"
string-reconstruct,objectives/command-and-control/dropper/execution/string-reconstruct::del-fragment-d-var,atomic,component,Variable assigned d fragment,objectives/command-and-control/dropper/execution/string-reconstruct/batch-vbscript.yaml,,"{""regex"": ""[A-Za-z0-9_]{4,}=d\\b"", ""type"": ""text""}","{""arch"": null, ""for"": [""batch""], ""platforms"": [""windows""]}"
string-reconstruct,objectives/command-and-control/dropper/execution/string-reconstruct::del-fragment-e-var,atomic,component,Variable assigned e fragment,objectives/command-and-control/dropper/execution/string-reconstruct/batch-vbscript.yaml,,"{""regex"": ""[A-Za-z0-9_]{4,}=e\\b"", ""type"": ""text""}","{""arch"": null, ""for"": [""batch""], ""platforms"": [""windows""]}"
string-reconstruct,objectives/command-and-control/dropper/execution/string-reconstruct::del-fragment-l-var,atomic,component,Variable assigned l fragment,objectives/command-and-control/dropper/execution/string-reconstruct/batch-vbscript.yaml,,"{""regex"": ""[A-Za-z0-9_]{4,}=l\\b"", ""type"": ""text""}","{""arch"": null, ""for"": [""batch""], ""platforms"": [""windows""]}"
string-reconstruct,objectives/command-and-control/dropper/execution/string-reconstruct::batch-vbscript-set-literal,atomic,notable,Batch contains VBScript Set object assign,objectives/command-and-control/dropper/execution/string-reconstruct/batch-vbscript.yaml,,"{""regex"": ""(?i)\\bSet\\s+[A-Za-z]\\w{2,}\\s*=\\s*[\\w.]{0,24}(Create|Get)Object\\b"", ""type"": ""text""}","{""arch"": null, ""for"": [""batch""], ""platforms"": [""windows""]}"
string-reconstruct,objectives/command-and-control/dropper/execution/string-reconstruct::batch-chr-construction,atomic,suspicious,Batch contains dense Chr reconstruction,objectives/command-and-control/dropper/execution/string-reconstruct/batch-vbscript.yaml,,"{""regex"": ""Chr\\([0-9]{2,3}\\)"", ""type"": ""text""}","{""arch"": null, ""for"": [""batch""], ""platforms"": [""windows""]}"
string-reconstruct,objectives/command-and-control/dropper/execution/string-reconstruct::cscript-vbscript-engine,atomic,suspicious,cscript explicit VBScript engine launch,objectives/command-and-control/dropper/execution/string-reconstruct/batch-vbscript.yaml,,"{""regex"": ""(?i)\\bcscript(\\.exe)?\\b[^\\n]{0,120}/e:vbscript\\b"", ""type"": ""text""}","{""arch"": null, ""for"": [""batch""], ""platforms"": [""windows""]}"
string-reconstruct,objectives/command-and-control/dropper/execution/string-reconstruct::batch-wscript-invisible-vbs,atomic,suspicious,Batch launches invisible VBS,objectives/command-and-control/dropper/execution/string-reconstruct/batch-vbscript.yaml,,"{""regex"": ""(?i)\\bwscript(\\.exe)?\\s+\""?invisible\\.vbs\""?"", ""type"": ""text""}","{""arch"": null, ""for"": [""batch""], ""platforms"": [""windows""]}"
string-reconstruct,objectives/command-and-control/dropper/execution/string-reconstruct::batch-max-explorer-documents,atomic,notable,Batch maximizes Documents explorer,objectives/command-and-control/dropper/execution/string-reconstruct/batch-vbscript.yaml,,"{""regex"": ""(?i)\\bstart\\s+/max\\s+explorer\\s+Documents\\b"", ""type"": ""text""}","{""arch"": null, ""for"": [""batch""], ""platforms"": [""windows""]}"
string-reconstruct,objectives/command-and-control/dropper/execution/string-reconstruct::batch-wscript-sleep-literal,atomic,notable,Batch contains embedded WScript.Sleep literal,objectives/command-and-control/dropper/execution/string-reconstruct/batch-vbscript.yaml,,"{""substr"": ""WScript.Sleep"", ""type"": ""text""}","{""arch"": null, ""for"": [""batch""], ""platforms"": [""windows""]}"
string-reconstruct,objectives/command-and-control/dropper/execution/string-reconstruct::batch-hidden-vbs-document-decoy,composite,suspicious,Batch hidden VBS document decoy,objectives/command-and-control/dropper/execution/string-reconstruct/batch-vbscript.yaml,batch-wscript-invisible-vbs;batch-max-explorer-documents,"""""","{""arch"": null, ""for"": [""batch""], ""platforms"": [""windows""]}"
string-reconstruct,objectives/command-and-control/dropper/execution/string-reconstruct::batch-certutil-vbscript-stager,composite,hostile,Batch decodes embedded payload then launches VBScript,objectives/command-and-control/dropper/execution/string-reconstruct/batch-vbscript.yaml,cert-fragment-var;util-fragment-var;decode-option-in-batch;cscript-fragment-var;nologo-fragment-var;vbscript-engine-fragment-var;vbscript-engine-tail-var,"""""","{""arch"": null, ""for"": [""batch""], ""platforms"": [""windows""]}"
string-reconstruct,objectives/command-and-control/dropper/execution/string-reconstruct::batch-decoder-cleanup-stager,composite,hostile,Batch decoder launches staged script then self-deletes,objectives/command-and-control/dropper/execution/string-reconstruct/batch-vbscript.yaml,batch-certutil-vbscript-stager;del-fragment-d-var;del-fragment-e-var;del-fragment-l-var;micro-behaviors/process/info/selfpath::self-path-fragment;micro-behaviors/os/console/io::output-suppression;micro-behaviors/process/interpreter/scripting/batch::delayed-expansion;micro-behaviors/data/encode/char-code::dense-chr-construction,"""""","{""arch"": null, ""for"": [""batch""], ""platforms"": [""windows""]}"
string-reconstruct,objectives/command-and-control/dropper/execution/string-reconstruct::batch-obfuscated-vbscript-loader,composite,hostile,Obfuscated batch embedded VBScript loader,objectives/command-and-control/dropper/execution/string-reconstruct/batch-vbscript.yaml,objectives/anti-static/obfuscation/string/fragmentation::batch-fragmentation-metrics;batch-vbscript-set-literal;batch-wscript-sleep-literal;batch-chr-construction;micro-behaviors/os/console/io::output-suppression,"""""","{""arch"": null, ""for"": [""batch""], ""platforms"": [""windows""]}"
vb6-shell,objectives/command-and-control/dropper/execution/vb6-shell::vb6-mswinsck-near-ocx,atomic,suspicious,VB6 form embeds the Winsock control,objectives/command-and-control/dropper/execution/vb6-shell/windows.yaml,,"{""substr"": ""MSWINSCK"", ""type"": ""text""}","{""arch"": null, ""for"": [""pe"", ""static-lib"", ""dll""], ""platforms"": [""windows""]}"
vb6-shell,objectives/command-and-control/dropper/execution/vb6-shell::vb6-microsoft-update-lure,atomic,suspicious,Claims to install a Microsoft update,objectives/command-and-control/dropper/execution/vb6-shell/windows.yaml,,"{""regex"": ""(?i)Installing Microsoft Update"", ""type"": ""text""}","{""arch"": null, ""for"": [""pe"", ""static-lib"", ""dll""], ""platforms"": [""windows""]}"
vb6-shell,objectives/command-and-control/dropper/execution/vb6-shell::vb6-winsock-update-lure,composite,hostile,Winsock dropper claims a Microsoft update,objectives/command-and-control/dropper/execution/vb6-shell/windows.yaml,vb6-mswinsck-near-ocx;vb6-microsoft-update-lure,"""""","{""arch"": null, ""for"": [""pe"", ""static-lib"", ""dll""], ""platforms"": [""windows""]}"
vb6-shell,objectives/command-and-control/dropper/execution/vb6-shell::vb6-concealed-shell,composite,hostile,VB6 conceals Win32 APIs then shells a payload,objectives/command-and-control/dropper/execution/vb6-shell/windows.yaml,objectives/anti-static/obfuscation/imports::vb6-concealed-win32-apis;micro-behaviors/process/create/macro/office::vb6-shell-execution;metadata/signed/platform/;well-known/lib/runtime/native-platform/vb-richclient::vb-richclient-runtime-library,"""""","{""arch"": null, ""for"": [""pe""], ""platforms"": [""windows""]}"
vb6-shell,objectives/command-and-control/dropper/execution/vb6-shell::vb6-obfuscated-shell,composite,hostile,VB6 obfuscated loader shells a payload,objectives/command-and-control/dropper/execution/vb6-shell/windows.yaml,objectives/anti-static/obfuscation/imports::vb6-obfuscated-runtime-dispatch;micro-behaviors/process/create/macro/office::vb6-shell-execution;metadata/signed/platform/;well-known/lib/runtime/native-platform/vb-richclient::vb-richclient-runtime-library,"""""","{""arch"": null, ""for"": [""pe""], ""platforms"": [""windows""]}"
vb6-shell,objectives/command-and-control/dropper/execution/vb6-shell::vb6-fso-shell,composite,hostile,VB6 FileSystemObject dropper shells a payload,objectives/command-and-control/dropper/execution/vb6-shell/windows.yaml,micro-behaviors/os/com/automation::filesystemobject-progid;micro-behaviors/process/create/macro/office::vb6-shell-execution;metadata/signed/platform/;well-known/lib/runtime/native-platform/vb-richclient::vb-richclient-runtime-library,"""""","{""arch"": null, ""for"": [""pe""], ""platforms"": [""windows""]}"
vb6-shell,objectives/command-and-control/dropper/execution/vb6-shell::vb6-urlmon-ms-claim,composite,hostile,Fake Microsoft VB6 URLMon downloader,objectives/command-and-control/dropper/execution/vb6-shell/windows.yaml,micro-behaviors/communications/http/client/urlmon::url-download-to-file-str;objectives/evasion/masquerade/version-resource/claim::microsoft-company-name-short;metadata/signed/platform/;metadata/binary/vendor::is-microsoft-named;well-known/lib/runtime/native-platform/vb-richclient::vb-richclient-runtime-library,"""""","{""arch"": null, ""for"": [""pe""], ""platforms"": [""windows""]}"
vb6-shell,objectives/command-and-control/dropper/execution/vb6-shell::vb6-concealed-toolhelp,composite,hostile,VB6 conceals Win32 APIs then walks processes,objectives/command-and-control/dropper/execution/vb6-shell/windows.yaml,objectives/anti-static/obfuscation/imports::vb6-concealed-win32-apis;micro-behaviors/process/enumerate/snapshot::dynamic-toolhelp-process-traversal;metadata/signed/platform/;well-known/lib/runtime/native-platform/vb-richclient::vb-richclient-runtime-library,"""""","{""arch"": null, ""for"": [""pe""], ""platforms"": [""windows""]}"
vb6-shell,objectives/command-and-control/dropper/execution/vb6-shell::vb6-concealed-cached-password,composite,hostile,VB6 conceals Win32 APIs then dumps cached passwords,objectives/command-and-control/dropper/execution/vb6-shell/windows.yaml,objectives/anti-static/obfuscation/imports::vb6-concealed-win32-apis;objectives/credential-access/dump/system::cached-password-enumeration-marker;metadata/signed/platform/;well-known/lib/runtime/native-platform/vb-richclient::vb-richclient-runtime-library,"""""","{""arch"": null, ""for"": [""pe""], ""platforms"": [""windows""]}"
vb6-shell,objectives/command-and-control/dropper/execution/vb6-shell::vb6-urlmon-string-cat,composite,hostile,VB6 URLMon downloader builds strings at runtime,objectives/command-and-control/dropper/execution/vb6-shell/windows.yaml,micro-behaviors/communications/http/client/urlmon::url-download-to-file-str;micro-behaviors/data/string/runtime::vb6-string-construction-cat;metadata/signed/platform/;well-known/lib/runtime/native-platform/vb-richclient::vb-richclient-runtime-library,"""""","{""arch"": null, ""for"": [""pe""], ""platforms"": [""windows""]}"
vb6-shell,objectives/command-and-control/dropper/execution/vb6-shell::vb6-filecopy-shell,composite,hostile,VB6 FileCopy dropper shells a payload,objectives/command-and-control/dropper/execution/vb6-shell/windows.yaml,micro-behaviors/fs/file/copy::vb6-rtcfilecopy;micro-behaviors/process/create/macro/office::vb6-shell-execution;metadata/signed/platform/;well-known/lib/runtime/native-platform/vb-richclient::vb-richclient-runtime-library,"""""","{""arch"": null, ""for"": [""pe""], ""platforms"": [""windows""]}"
vb6-shell,objectives/command-and-control/dropper/execution/vb6-shell::vb6-environ-shell,composite,hostile,VB6 shell dropper reads process environment,objectives/command-and-control/dropper/execution/vb6-shell/windows.yaml,micro-behaviors/os/env/read::vb6-environ-var;micro-behaviors/process/create/macro/office::vb6-shell-execution;metadata/signed/platform/;well-known/lib/runtime/native-platform/vb-richclient::vb-richclient-runtime-library,"""""","{""arch"": null, ""for"": [""pe""], ""platforms"": [""windows""]}"
vb6-shell,objectives/command-and-control/dropper/execution/vb6-shell::vb6-winsock-ocx-shell,composite,hostile,VB6 shell dropper embeds MSWINSCK.OCX,objectives/command-and-control/dropper/execution/vb6-shell/windows.yaml,micro-behaviors/communications/socket/mfc::mswinsck-ocx;micro-behaviors/process/create/macro/office::vb6-shell-execution;metadata/signed/platform/;well-known/lib/runtime/native-platform/vb-richclient::vb-richclient-runtime-library,"""""","{""arch"": null, ""for"": [""pe""], ""platforms"": [""windows""]}"
vb6-shell,objectives/command-and-control/dropper/execution/vb6-shell::vb6-smss-drop,composite,hostile,VB6 shell dropper stages beside smss.exe,objectives/command-and-control/dropper/execution/vb6-shell/windows.yaml,micro-behaviors/fs/path/host-process::windows-smss-name;micro-behaviors/process/create/macro/office::vb6-shell-execution;metadata/signed/platform/;well-known/lib/runtime/native-platform/vb-richclient::vb-richclient-runtime-library,"""""","{""arch"": null, ""for"": [""pe""], ""platforms"": [""windows""]}"
vb6-shell,objectives/command-and-control/dropper/execution/vb6-shell::vb6-telnet-runkey,composite,hostile,VB6 Run-key dropper launches telnet to a host,objectives/command-and-control/dropper/execution/vb6-shell/windows.yaml,micro-behaviors/os/registry/keys::currentversion-run;micro-behaviors/communications/socket/telnet::telnet-client-host-port;metadata/signed/platform/;well-known/lib/runtime/native-platform/vb-richclient::vb-richclient-runtime-library,"""""","{""arch"": null, ""for"": [""pe""], ""platforms"": [""windows""]}"
vb6-shell,objectives/command-and-control/dropper/execution/vb6-shell::vb6-few-imports-shell,composite,hostile,Sparse-import VB6 stub shells a payload,objectives/command-and-control/dropper/execution/vb6-shell/windows.yaml,objectives/anti-static/pack/runtime::pe-import-count-under-10;micro-behaviors/process/create/macro/office::vb6-shell-execution;metadata/signed/platform/;well-known/lib/runtime/native-platform/vb-richclient::vb-richclient-runtime-library,"""""","{""arch"": null, ""for"": [""pe""], ""platforms"": [""windows""]}"
vb6-shell,objectives/command-and-control/dropper/execution/vb6-shell::vb6-rundll32-shell,composite,hostile,VB6 shell dropper invokes rundll32,objectives/command-and-control/dropper/execution/vb6-shell/windows.yaml,micro-behaviors/process/create/shell/script-host::rundll32-exec-with-args;micro-behaviors/process/create/macro/office::vb6-shell-execution;metadata/signed/platform/;well-known/lib/runtime/native-platform/vb-richclient::vb-richclient-runtime-library,"""""","{""arch"": null, ""for"": [""pe""], ""platforms"": [""windows""]}"
vb6-shell,objectives/command-and-control/dropper/execution/vb6-shell::vb6-sparse-shell,composite,hostile,Low-string VB6 stub shells a payload,objectives/command-and-control/dropper/execution/vb6-shell/windows.yaml,metadata/binary/section/prose::strings-at-most-40;micro-behaviors/process/create/macro/office::vb6-shell-execution;metadata/signed/platform/;well-known/lib/runtime/native-platform/vb-richclient::vb-richclient-runtime-library,"""""","{""arch"": null, ""for"": [""pe""], ""platforms"": [""windows""]}"
vb6-shell,objectives/command-and-control/dropper/execution/vb6-shell::vb6-shell-telnet,composite,hostile,VB6 shell dropper launches a telnet client,objectives/command-and-control/dropper/execution/vb6-shell/windows.yaml,micro-behaviors/process/create/macro/office::vb6-shell-execution;micro-behaviors/communications/socket/telnet::telnet-client-host-port;metadata/signed/platform/;well-known/lib/runtime/native-platform/vb-richclient::vb-richclient-runtime-library,"""""","{""arch"": null, ""for"": [""pe""], ""platforms"": [""windows""]}"
vb6-shell,objectives/command-and-control/dropper/execution/vb6-shell::vb6-dll-runkey,composite,hostile,VB6 DllFunctionCall stub writes a Run key,objectives/command-and-control/dropper/execution/vb6-shell/windows.yaml,micro-behaviors/dylib/lookup::vb6-dll-function-call;micro-behaviors/os/registry/keys::currentversion-run;metadata/signed/platform/;well-known/lib/runtime/native-platform/vb-richclient::vb-richclient-runtime-library,"""""","{""arch"": null, ""for"": [""pe""], ""platforms"": [""windows""]}"
windows-loader,objectives/command-and-control/dropper/execution/windows-loader::small-loader-executable,atomic,suspicious,Small executable with loader-style filename,objectives/command-and-control/dropper/execution/windows-loader/native.yaml,,"{""regex"": ""(?i)\\b[a-z0-9_-]*loader[a-z0-9._-]*\\.exe\\b"", ""section"": "".text"", ""type"": ""text""}","{""arch"": null, ""for"": [""pe"", ""dll""], ""platforms"": [""windows""]}"
windows-loader,objectives/command-and-control/dropper/execution/windows-loader::pe-dir64-relocation-loop-x64,atomic,notable,PE DIR64 relocation loop,objectives/command-and-control/dropper/execution/windows-loader/native.yaml,,"{""pattern"": ""41 81 E6 00 F0 00 00 66 41 81 FE 00 A0"", ""section"": "".text"", ""type"": ""hex""}","{""arch"": null, ""for"": [""pe""], ""platforms"": [""windows""]}"
windows-loader,objectives/command-and-control/dropper/execution/windows-loader::inno-550-data-in-overlay,atomic,notable,Inno 5.5 data in overlay,objectives/command-and-control/dropper/execution/windows-loader/native.yaml,,"{""offset_range"": [1048576, null], ""pattern"": ""49 6E 6E 6F 20 53 65 74 75 70 20 53 65 74 75 70 20 44 61 74 61 20 28 35 2E 35 2E 30 29"", ""type"": ""hex""}","{""arch"": null, ""for"": [""pe"", ""dll""], ""platforms"": [""windows""]}"
windows-loader,objectives/command-and-control/dropper/execution/windows-loader::recognized-temp-shell-handoff-profile,composite,notable,Recognized temp shell handoff marker,objectives/command-and-control/dropper/execution/windows-loader/native.yaml,metadata/binary/installer/family::known-benign-installer;metadata/binary/installer/script::nsis-error-title;well-known/tool/reverse-engineering/dede::generated-file-banner;metadata/signed/unknown::lenovo-beijing-co.,"""""","{""arch"": null, ""for"": [""pe"", ""dll""], ""platforms"": [""windows""]}"
windows-loader,objectives/command-and-control/dropper/execution/windows-loader::signed-versioned-temp-handoff-profile,composite,notable,Signed versioned temp handoff marker,objectives/command-and-control/dropper/execution/windows-loader/native.yaml,metadata/signed/developer;metadata/package/versioning/scheme::pe-version-resource;metadata/binary/symbols/count::many-imports,"""""","{""arch"": null, ""for"": [""pe"", ""dll""], ""platforms"": [""windows""]}"
windows-loader,objectives/command-and-control/dropper/execution/windows-loader::mingw-thread-message-loader,composite,suspicious,MinGW loader with thread and message queue plumbing,objectives/command-and-control/dropper/execution/windows-loader/native.yaml,micro-behaviors/process/create/thread::create-thread;micro-behaviors/os/message/queue::peek-message-a;micro-behaviors/os/message/queue::post-thread-message-a;metadata/lang/compiler/native::mingw-runtime-marker;metadata/binary/symbols/count::many-exports,"""""","{""arch"": null, ""for"": [""pe"", ""dll""], ""platforms"": [""windows""]}"
windows-loader,objectives/command-and-control/dropper/execution/windows-loader::exception-table-loader-control,composite,suspicious,Small loader with custom exception table control,objectives/command-and-control/dropper/execution/windows-loader/native.yaml,small-loader-executable;micro-behaviors/os/exception/register::rtl-add-function-table;micro-behaviors/os/exception/handler::capture-context;micro-behaviors/os/exception/handler::virtual-unwind;metadata/binary/code/complexity::many-functions,"""""","{""arch"": null, ""for"": [""pe"", ""dll""], ""platforms"": [""windows""]}"
windows-loader,objectives/command-and-control/dropper/execution/windows-loader::exception-registered-memory-loader,composite,suspicious,Memory-executing loader with registered exception table,objectives/command-and-control/dropper/execution/windows-loader/native.yaml,micro-behaviors/mem/protect/modify::virtual-alloc;micro-behaviors/mem/protect/modify::virtual-protect;micro-behaviors/os/exception/register::rtl-add-function-table;metadata/binary/symbols/count::many-exports;metadata/signed/platform/;metadata/lang/compiler/aot::native-runtime-large-file;metadata/lang/compiler/aot::huge-runtime-function-count;well-known/app/ai/coding-agent/anthropic-claude-code::native-windows-package-context;well-known/lib/runtime/scripted/electron::chromium-engine-capability-context;well-known/lib/runtime/scripted/bun-runtime::bun-windows-runtime-binary,"""""","{""arch"": null, ""for"": [""pe"", ""dll""], ""platforms"": [""windows""]}"
windows-loader,objectives/command-and-control/dropper/execution/windows-loader::sparse-encrypted-powershell-reference,composite,hostile,Sparse-import PE with concealed payload and PowerShell reference,objectives/command-and-control/dropper/execution/windows-loader/native.yaml,metadata/binary/symbols/count::max-25-imports;metadata/file/data-blob::low-entropy-binary-with-dense-region;micro-behaviors/process/create/shell/interpreter::powershell-executable-token;micro-behaviors/dylib/load/runtime::load-library-a;micro-behaviors/dylib/lookup::get-proc-address;micro-behaviors/crypto/;micro-behaviors/process/create/shell/;metadata/signed/platform/;metadata/binary/framework/,"""""","{""arch"": null, ""for"": [""pe""], ""platforms"": [""windows""]}"
windows-loader,objectives/command-and-control/dropper/execution/windows-loader::encrypted-bundle-embedded-code-loader,composite,hostile,Encrypted bundle loads embedded code into executable memory and starts a thread,objectives/command-and-control/dropper/execution/windows-loader/native.yaml,micro-behaviors/data/archive/custom::bndl-magic;micro-behaviors/crypto/symmetric/stream/chacha::chacha-salsa-constant;micro-behaviors/data/embedded/payload/header::inline-pe-signature-check;micro-behaviors/mem/alloc/executable::page-execute-readwrite-arg-x64;micro-behaviors/process/threading/create::create-thread-text;metadata/signed/platform/;metadata/binary/framework/,"""""","{""arch"": null, ""for"": [""pe"", ""dll""], ""platforms"": [""windows""]}"
windows-loader,objectives/command-and-control/dropper/execution/windows-loader::sidecar-exception-memory-loader,composite,hostile,Sidecar memory loader,objectives/command-and-control/dropper/execution/windows-loader/native.yaml,micro-behaviors/fs/path/extension::short-bin-sidecar-reference;exception-registered-memory-loader;objectives/anti-static/obfuscation/imports::pe-api-hashing-indicator-single;objectives/anti-static/obfuscation/payload/import::minimal-pe-dynamic-load;objectives/evasion/self-delete/file/script::module-path-delete,"""""","{""arch"": null, ""for"": [""pe"", ""dll""], ""platforms"": [""windows""]}"
windows-loader,objectives/command-and-control/dropper/execution/windows-loader::sparse-api-hash-sidecar-loader,composite,suspicious,Sparse API-hashed sidecar loader markers,objectives/command-and-control/dropper/execution/windows-loader/native.yaml,micro-behaviors/fs/path/extension::short-bin-sidecar-reference;objectives/anti-static/obfuscation/imports::pe-api-hashing-indicator-single;micro-behaviors/os/module/load::dynamic-self-resolution-imports;micro-behaviors/mem/protect/modify::virtual-alloc;micro-behaviors/mem/protect/modify::virtual-protect;micro-behaviors/os/exception/register::rtl-add-function-table;objectives/evasion/self-delete/file/script::module-path-delete;metadata/binary/framework/,"""""","{""arch"": null, ""for"": [""pe"", ""dll""], ""platforms"": [""windows""]}"
windows-loader,objectives/command-and-control/dropper/execution/windows-loader::data-section-rwx-direct-call-loader,composite,hostile,Data section RWX direct-call loader,objectives/command-and-control/dropper/execution/windows-loader/native.yaml,micro-behaviors/mem/protect/modify::virtual-protect;micro-behaviors/mem/protect/modify::virtualprotect-rwx-direct-call-x86;objectives/anti-static/obfuscation/payload/section::high-entropy-dot-data-section;metadata/binary/symbols/exports::single-short-lowercase-export;metadata/binary/header/malformed::pe-entry-in-header;objectives/anti-static/obfuscation/imports::pe-api-hashing-indicator-single;metadata/signed/platform/;metadata/binary/framework/;well-known/lib/runtime/scripted/electron/;metadata/binary/symbols/exports::no-exports,"""""","{""arch"": null, ""for"": [""pe"", ""dll""], ""platforms"": [""windows""]}"
windows-loader,objectives/command-and-control/dropper/execution/windows-loader::self-issued-admin-rwx-memory-loader,composite,hostile,Self-issued admin PE with RWX memory loading and dynamic API resolution,objectives/command-and-control/dropper/execution/windows-loader/native.yaml,metadata/signed/certificate/chain::pe-cert-leaf-self-issued;metadata/build/manifest::pe-requires-admin;metadata/binary/section/header::pe-entry-in-writable-section;metadata/binary/section/permission::pe-multiple-executable-writable-sections;micro-behaviors/mem/protect/modify::virtual-protect;micro-behaviors/os/module/load::get-proc-address-import;micro-behaviors/dylib/load/runtime::load-library-a;metadata/signed/platform/;metadata/binary/installer/family/;metadata/binary/framework/,"""""","{""arch"": null, ""for"": [""pe"", ""dll""], ""platforms"": [""windows""]}"
windows-loader,objectives/command-and-control/dropper/execution/windows-loader::exported-section-decrypt-exec-loader,composite,hostile,Exported section decrypt execute loader,objectives/command-and-control/dropper/execution/windows-loader/native.yaml,objectives/command-and-control/dropper/execution/windows-loader::data-section-rwx-direct-call-loader;objectives/anti-static/obfuscation/name-mangling/export-name::single-randomized-dll-export;micro-behaviors/os/module/load::dynamic-self-resolution-imports;micro-behaviors/process/create/thread::create-thread;objectives/anti-analysis/debugger-detect/check::debugger-check-with-guards;metadata/signed/platform/,"""""","{""arch"": null, ""for"": [""pe"", ""dll""], ""platforms"": [""windows""]}"
windows-loader,objectives/command-and-control/dropper/execution/windows-loader::api-hashed-entry-header-section-loader,composite,hostile,API-hashed entry-header section loader,objectives/command-and-control/dropper/execution/windows-loader/native.yaml,micro-behaviors/mem/protect/modify::virtualprotect-rwx-direct-call-x86;metadata/binary/header/malformed::pe-entry-in-header;objectives/anti-static/obfuscation/imports::pe-api-hashing-indicator-single;objectives/anti-static/obfuscation/payload/section::high-entropy-dot-data-section;metadata/binary/symbols/exports::single-short-lowercase-export;micro-behaviors/os/module/load::dynamic-self-resolution-imports;objectives/anti-analysis/debugger-detect/check::debugger-check-with-guards;metadata/signed/platform/;metadata/binary/framework/;metadata/binary/symbols/exports::no-exports,"""""","{""arch"": null, ""for"": [""pe"", ""dll""], ""platforms"": [""windows""]}"
windows-loader,objectives/command-and-control/dropper/execution/windows-loader::webroot-pdb-section-exec-loader,composite,hostile,Webroot PDB section execution loader,objectives/command-and-control/dropper/execution/windows-loader/native.yaml,micro-behaviors/mem/protect/modify::virtualprotect-rwx-direct-call-x86;metadata/binary/debug::pdb-webroot-loader-project;metadata/binary/header/malformed::pe-entry-in-header;objectives/anti-static/obfuscation/payload/section::high-entropy-dot-data-section;objectives/anti-static/obfuscation/name-mangling/export-name::single-randomized-dll-export;objectives/anti-static/obfuscation/imports::pe-api-hashing-indicator-single;metadata/signed/platform/;metadata/binary/framework/,"""""","{""arch"": null, ""for"": [""pe"", ""dll""], ""platforms"": [""windows""]}"
windows-loader,objectives/command-and-control/dropper/execution/windows-loader::dll-rwx-section-execution-profile,composite,suspicious,DLL RWX section execution profile,objectives/command-and-control/dropper/execution/windows-loader/native.yaml,micro-behaviors/mem/protect/modify::virtualprotect-rwx-stack-arg-x86;micro-behaviors/mem/protect/modify::virtualprotect-rwx-direct-call-x86;metadata/binary/symbols/count::minimal-exports;metadata/signed/platform/;metadata/binary/framework/,"""""","{""arch"": null, ""for"": [""pe"", ""dll""], ""platforms"": [""windows""]}"
windows-loader,objectives/command-and-control/dropper/execution/windows-loader::sparse-overlay-tls-dll-loader,composite,hostile,Sparse-import DLL loader with TLS callbacks and packed overlay,objectives/command-and-control/dropper/execution/windows-loader/native.yaml,objectives/anti-static/pack/runtime::sparse-tls-overlay-packed-dll;metadata/binary/symbols/imports::pe-imports-max-six;metadata/binary/symbols/exports::single-export;metadata/binary/framework::mscoree-name;micro-behaviors/os/module/load::ntdll-dll-string;metadata/signed/platform/;metadata/binary/installer/family/,"""""","{""arch"": null, ""for"": [""pe"", ""dll""], ""platforms"": [""windows""]}"
windows-loader,objectives/command-and-control/dropper/execution/windows-loader::winsock-temp-targeting-profile,composite,suspicious,"PE section, target and TEMP process clues",objectives/command-and-control/dropper/execution/windows-loader/native.yaml,micro-behaviors/fs/write/file/handle::pe-temp-write-process-api-profile;objectives/discovery/process/targeting::toolhelp-enumeration-with-access;objectives/anti-static/obfuscation/payload/section::high-entropy-dot-data-section;micro-behaviors/communications/ip/endpoint::external-ipv4-port-binary;micro-behaviors/os/registry/access::registry-write-api-chain;objectives/anti-analysis/debugger-detect/check::debugger-check-with-guards;metadata/signed/platform/;metadata/binary/installer/family/;metadata/binary/framework/,"""""","{""arch"": null, ""for"": [""pe"", ""dll""], ""platforms"": [""windows""]}"
windows-loader,objectives/command-and-control/dropper/execution/windows-loader::api-hashed-rwx-section-loader,composite,suspicious,API-hashed RWX section loader,objectives/command-and-control/dropper/execution/windows-loader/native.yaml,micro-behaviors/mem/protect/modify::virtualprotect-rwx-direct-call-x86;objectives/anti-static/obfuscation/imports::pe-api-hashing-indicator-single;metadata/binary/header/malformed::pe-entry-in-header;metadata/binary/symbols/exports::single-short-lowercase-export;metadata/binary/debug::pdb-webroot-loader-project;metadata/signed/platform/;metadata/binary/framework/,"""""","{""arch"": null, ""for"": [""pe"", ""dll""], ""platforms"": [""windows""]}"
windows-loader,objectives/command-and-control/dropper/execution/windows-loader::embedded-pe-manual-resolver-loader,composite,hostile,Embedded PE loader with manual resolver,objectives/command-and-control/dropper/execution/windows-loader/native.yaml,metadata/binary/layout/embedded::pe-embedded;objectives/anti-static/obfuscation/imports::manual-getprocaddress;micro-behaviors/process/create/launch::create-process-api-name;micro-behaviors/communications/http/client/urlmon::url-download-to-file-str;micro-behaviors/communications/http/client/wininet::internet-open;micro-behaviors/process/terminate/kill::terminate-process;metadata/signed/platform/;metadata/binary/installer/family/;metadata/binary/framework/,"""""","{""arch"": null, ""for"": [""pe"", ""dll""], ""platforms"": [""windows""]}"
windows-loader,objectives/command-and-control/dropper/execution/windows-loader::sidecar-manual-map-indirect-exec,composite,hostile,Sidecar manual-map indirect execution,objectives/command-and-control/dropper/execution/windows-loader/native.yaml,sidecar-exception-memory-loader;pe-dir64-relocation-loop-x64;micro-behaviors/data/control-flow/dispatch::indirect-call-r13-x64;metadata/signed/platform/;metadata/binary/framework/,"""""","{""arch"": null, ""for"": [""pe"", ""dll""], ""platforms"": [""windows""]}"
windows-loader,objectives/command-and-control/dropper/execution/windows-loader::wintun-embedded-memory-stager,composite,hostile,Wintun-branded embedded indirect memory stager,objectives/command-and-control/dropper/execution/windows-loader/native.yaml,micro-behaviors/os/network/tunnel::wintun-dll-reference;well-known/lib/platform/wintun::wintun-wireguard-company;metadata/binary/layout/embedded::embedded-pe-three-plus;micro-behaviors/mem/protect/modify::virtual-memory-allocation-protection-api-pair;micro-behaviors/data/control-flow/dispatch::indirect-call-r13-x64;micro-behaviors/data/embedded/payload/header::inline-mz-magic-check;micro-behaviors/process/debug/detect::is-debugger-present-import;micro-behaviors/dylib/load/runtime::load-library-ex-a;metadata/signed/platform/;metadata/binary/framework/,"""""","{""arch"": null, ""for"": [""pe"", ""dll""], ""platforms"": [""windows""]}"
windows-loader,objectives/command-and-control/dropper/execution/windows-loader::indirect-wininet-pe-loader,composite,hostile,WinInet indirect embedded-PE loader,objectives/command-and-control/dropper/execution/windows-loader/native.yaml,micro-behaviors/communications/http/client/wininet::dynamic-wininet-api-set--internetopenurla;micro-behaviors/data/embedded/payload/header::inline-pe-signature-check;micro-behaviors/data/control-flow/dispatch::indirect-call-r13-x64;micro-behaviors/mem/alloc/executable::executable-allocation-indicator;micro-behaviors/data/embedded/payload/header::inline-mz-magic-check;metadata/signed/platform/;well-known/tool/reverse-engineering/,"""""","{""arch"": null, ""for"": [""pe"", ""dll""], ""platforms"": [""windows""]}"
windows-loader,objectives/command-and-control/dropper/execution/windows-loader::fabricated-dll-process-memory-loader,composite,hostile,Fabricated DLL process memory loader,objectives/command-and-control/dropper/execution/windows-loader/native.yaml,objectives/evasion/masquerade/debug::pe-stem-differs-from-pdb-stem;metadata/binary/section/header::reloc-overhang-dominant;micro-behaviors/process/create/spawn::child-process-creation-api;micro-behaviors/mem/protect/modify::virtual-protect-ex;objectives/anti-analysis/debugger-detect/check::debugger-api;metadata/binary/symbols/count::minimal-exports;micro-behaviors/process/debug/event::output-debug-string;micro-behaviors/process/terminate/kill::terminate-process;metadata/signed/platform/;metadata/binary/framework/,"""""","{""arch"": null, ""for"": [""pe"", ""dll""], ""platforms"": [""windows""]}"
windows-loader,objectives/command-and-control/dropper/execution/windows-loader::fabricated-debugger-aware-dll-loader,composite,hostile,Fabricated debugger-aware DLL loader,objectives/command-and-control/dropper/execution/windows-loader/native.yaml,fabricated-dll-process-memory-loader;micro-behaviors/process/debug/event::output-debug-string;micro-behaviors/process/terminate/kill::terminate-process;metadata/signed/platform/;metadata/binary/framework/,"""""","{""arch"": null, ""for"": [""pe"", ""dll""], ""platforms"": [""windows""]}"
windows-loader,objectives/command-and-control/dropper/execution/windows-loader::fabricated-pdb-process-spawn-dll-loader,composite,hostile,Fabricated PDB process-spawn DLL loader,objectives/command-and-control/dropper/execution/windows-loader/native.yaml,metadata/binary/debug::pdb-absolute-path;metadata/binary/symbols/count::minimal-exports;metadata/binary/section/header::reloc-overhang-dominant;micro-behaviors/process/create/spawn::child-process-creation-api;micro-behaviors/process/debug/event::output-debug-string;micro-behaviors/fs/enumerate/volume::get-disk-free-space;micro-behaviors/os/env/block::get-environment-strings-wide;objectives/anti-analysis/debugger-detect/check::seh-pointer-probe-anti-debug;metadata/signed/platform/;metadata/binary/vendor/;metadata/binary/framework::dotnet-metadata,"""""","{""arch"": null, ""for"": [""pe"", ""dll""], ""platforms"": [""windows""]}"
windows-loader,objectives/command-and-control/dropper/execution/windows-loader::go-rdata-memory-loader,composite,hostile,Go PE dynamic memory loader,objectives/command-and-control/dropper/execution/windows-loader/native.yaml,metadata/lang/compiler/systems::go-pe-rich-symbols;micro-behaviors/mem/protect/modify::virtual-alloc;micro-behaviors/os/api-resolution/manual::go-syscall-dynamic-api-dispatch;metadata/binary/section/entropy::medium-entropy-rdata-section;objectives/evasion/decoy/strings::go-trading-type-facade;micro-behaviors/os/api-resolution/manual::go-lazyproc-resolution;metadata/binary/symbols/count::import-count-under-80;metadata/signed/platform/;metadata/binary/installer/family/;metadata/lang/compiler/aot::huge-runtime-function-count;micro-behaviors/communications/http/server/listener::listenandserve-call;micro-behaviors/os/service/control/,"""""","{""arch"": null, ""for"": [""pe"", ""dll""], ""platforms"": [""windows""]}"
windows-loader,objectives/command-and-control/dropper/execution/windows-loader::go-opaque-dynamic-win32-rwx-loader,composite,hostile,Opaque Go RWX loader using dynamic Win32 dispatch,objectives/command-and-control/dropper/execution/windows-loader/native.yaml,metadata/lang/compiler/systems::go-buildinfo;metadata/lang/compiler/systems::go-opaque-module-path;micro-behaviors/mem/alloc/executable::go-abi-rwx-reserve-commit-call-x64-any;micro-behaviors/os/api-resolution/manual::go-syscall-dynamic-api-dispatch;micro-behaviors/dylib/load/runtime;metadata/signed/platform/;metadata/binary/installer/family/;well-known/tool/development/,"""""","{""arch"": null, ""for"": [""pe"", ""dll""], ""platforms"": [""windows""]}"
windows-loader,objectives/command-and-control/dropper/execution/windows-loader::self-issued-garbled-go-computed-entry-loader,composite,hostile,Self-issued garbled Go loader dispatches a computed entry point,objectives/command-and-control/dropper/execution/windows-loader/native.yaml,metadata/lang/compiler/systems::go-buildinfo;metadata/lang/compiler/systems::go-opaque-module-path;objectives/anti-static/obfuscation/obfuscator/garble::garble-obfuscated-go;micro-behaviors/os/api-resolution/manual::go-syscall-dynamic-api-dispatch;micro-behaviors/process/inject/runtime/call::go-syscall-computed-entry-dispatch-x64;metadata/signed/certificate/chain::pe-cert-leaf-self-issued;metadata/signed/platform/;metadata/binary/installer/family/;well-known/tool/development/,"""""","{""arch"": null, ""for"": [""pe"", ""dll""], ""platforms"": [""windows""]}"
windows-loader,objectives/command-and-control/dropper/execution/windows-loader::packed-pe-network-memory-loader,composite,hostile,Packed PE network memory loader,objectives/command-and-control/dropper/execution/windows-loader/native.yaml,metadata/file/data-blob::low-entropy-binary-with-dense-region;micro-behaviors/mem/alloc/executable::executable-allocation-indicator;micro-behaviors/communications/ip/endpoint::external-ipv4-port-pe-with-networking;micro-behaviors/process/create/spawn::child-process-creation-api;micro-behaviors/communications/socket/init::connect-api;micro-behaviors/communications/ip/resolve::resolve-getaddrinfo-import;micro-behaviors/crypto/symmetric/stream/chacha::chacha-salsa-constant;metadata/signed/platform/;metadata/binary/installer/family/;well-known/tool/sysadmin/;well-known/tool/development/;well-known/tool/detection/,"""""","{""arch"": null, ""for"": [""pe"", ""dll""], ""platforms"": [""windows""]}"
windows-loader,objectives/command-and-control/dropper/execution/windows-loader::nuitka-packed-process-loader,composite,suspicious,Nuitka packed process loader,objectives/command-and-control/dropper/execution/windows-loader/native.yaml,metadata/lang/compiler/generated::nuitka-onefile-runtime;metadata/binary/section/entropy::high-entropy-rodata;metadata/binary/resource/identity::pe-resource-opaque-token;micro-behaviors/process/create/spawn::child-process-creation-api;metadata/binary/layout/overlay::low-overlay-entropy;metadata/signed/platform/,"""""","{""arch"": null, ""for"": [""pe"", ""dll""], ""platforms"": [""windows""]}"
windows-loader,objectives/command-and-control/dropper/execution/windows-loader::nuitka-packed-process-dropper,composite,hostile,Nuitka packed process-launching dropper,objectives/command-and-control/dropper/execution/windows-loader/native.yaml,nuitka-packed-process-loader;metadata/binary/header/malformed::malformed-pe-structure;metadata/binary/resource/size::oversized-low-entropy-rsrc;micro-behaviors/process/create/launch::create-process-api-name;micro-behaviors/data/embedded/payload/resource::pe-resource-full-extraction;metadata/signed/platform/;metadata/binary/framework/;metadata/binary/installer/family/,"""""","{""arch"": null, ""for"": [""pe"", ""dll""], ""platforms"": [""windows""]}"
windows-loader,objectives/command-and-control/dropper/execution/windows-loader::mingw-nttraceevent-overlay-dll-loader,composite,hostile,MinGW packed DLL loader with NtTraceEvent and overlay payload,objectives/command-and-control/dropper/execution/windows-loader/native.yaml,objectives/anti-analysis/debugger-detect/tls::nttraceevent-reference;metadata/binary/section/label::pe-tls-section;metadata/binary/layout/overlay::low-entropy-large-overlay;metadata/binary/symbols/count::minimal-exports;metadata/binary/section/ratio::large-reloc-section;metadata/binary/code/entropy::high-code-entropy;metadata/signed/platform/;metadata/binary/installer/family/,"""""","{""arch"": null, ""for"": [""pe"", ""dll""], ""platforms"": [""windows""]}"
windows-loader,objectives/command-and-control/dropper/execution/windows-loader::inno-overlay-reboot-installer,composite,suspicious,Inno overlay reboot installer,objectives/command-and-control/dropper/execution/windows-loader/native.yaml,inno-550-data-in-overlay;metadata/binary/layout/ratio::overlay-over-90pct;objectives/impact/system/shutdown::shutdown-privilege-reboot-api;micro-behaviors/process/create/spawn::child-process-creation-api;micro-behaviors/fs/delete/file/library::deletefile-a;micro-behaviors/os/privilege/token::adjust-token-privileges-any;metadata/signed/platform/;well-known/tool/,"""""","{""arch"": null, ""for"": [""pe"", ""dll""], ""platforms"": [""windows""]}"
windows-loader,objectives/command-and-control/dropper/execution/windows-loader::encrypted-inno-privileged-dropper,composite,hostile,Encrypted Inno privileged dropper,objectives/command-and-control/dropper/execution/windows-loader/native.yaml,objectives/anti-static/obfuscation/payload/encrypted::encrypted-inno-overlay-payload;inno-overlay-reboot-installer;micro-behaviors/os/privilege/token::adjust-token-privileges;micro-behaviors/process/create/spawn::child-process-creation-api,"""""","{""arch"": null, ""for"": [""pe"", ""dll""], ""platforms"": [""windows""]}"
windows-loader,objectives/command-and-control/dropper/execution/windows-loader::go-crypter-memory-loader,composite,hostile,Go crypter memory loader,objectives/command-and-control/dropper/execution/windows-loader/native.yaml,metadata/lang/compiler/systems::go-pe-rich-symbols;micro-behaviors/os/api-resolution/manual::go-syscall-dynamic-api-dispatch;micro-behaviors/mem/protect/modify::virtual-alloc;micro-behaviors/crypto/symmetric/aes/library::go-new-cipher-symbol;micro-behaviors/crypto/symmetric/xor/stream::go-xor-encoding--xorkeystream;micro-behaviors/crypto/symmetric/aes/library::go-cfb-stream-itab;metadata/signed/platform/;metadata/binary/installer/family/;well-known/tool/sysadmin/;well-known/tool/development/;well-known/tool/detection/,"""""","{""arch"": null, ""for"": [""pe"", ""dll""], ""platforms"": [""windows""]}"
windows-loader,objectives/command-and-control/dropper/execution/windows-loader::go-crypter-proc-call-loader,composite,hostile,Go crypter Proc.Call loader,objectives/command-and-control/dropper/execution/windows-loader/native.yaml,go-crypter-memory-loader;objectives/evasion/process/injection/shellcode::go-syscall-proc-call;metadata/signed/platform/;metadata/binary/installer/family/;well-known/tool/,"""""","{""arch"": null, ""for"": [""pe"", ""dll""], ""platforms"": [""windows""]}"
windows-loader,objectives/command-and-control/dropper/execution/windows-loader::self-signed-encrypted-memory-loader,composite,suspicious,Self-signed encrypted memory loader,objectives/command-and-control/dropper/execution/windows-loader/native.yaml,metadata/signed/certificate/chain::pe-cert-leaf-self-issued;micro-behaviors/mem/alloc/executable::executable-allocation-indicator;micro-behaviors/crypto/symmetric/stream/chacha::chacha-salsa-constant;metadata/binary/resource/size::oversized-low-entropy-rsrc;metadata/signed/platform/;well-known/tool/,"""""","{""arch"": null, ""for"": [""pe"", ""dll""], ""platforms"": [""windows""]}"
windows-loader,objectives/command-and-control/dropper/execution/windows-loader::self-signed-packed-payload-loader,composite,hostile,Self-signed packed payload loader,objectives/command-and-control/dropper/execution/windows-loader/native.yaml,metadata/signed/certificate/chain::pe-cert-leaf-self-issued;objectives/anti-static/pack/runtime::unpacking-api-pattern;metadata/binary/section/entropy::high-entropy-rdata-section;micro-behaviors/process/create/shell/spawn::win-shellexecute;micro-behaviors/process/terminate/kill::terminate-process;micro-behaviors/fs/delete/file/library::deletefile-a;micro-behaviors/os/privilege/token::get-token-information;metadata/signed/platform/;metadata/binary/installer/family/;well-known/tool/,"""""","{""arch"": null, ""for"": [""pe"", ""dll""], ""platforms"": [""windows""]}"
windows-loader,objectives/command-and-control/dropper/execution/windows-loader::self-signed-packed-process-loader,composite,hostile,Self-signed packed process-control loader,objectives/command-and-control/dropper/execution/windows-loader/native.yaml,self-signed-packed-payload-loader;micro-behaviors/process/create/shell/spawn::win-shellexecute;micro-behaviors/process/terminate/kill::terminate-process,"""""","{""arch"": null, ""for"": [""pe"", ""dll""], ""platforms"": [""windows""]}"
windows-loader,objectives/command-and-control/dropper/execution/windows-loader::djb2-process-enumerating-injection-loader,composite,suspicious,DJB2 process-enumerating injection loader,objectives/command-and-control/dropper/execution/windows-loader/native.yaml,objectives/anti-static/obfuscation/imports::djb2-api-resolution;micro-behaviors/process/enumerate/snapshot::process32-traversal-text;micro-behaviors/mem/protect/modify::virtual-alloc-ex-name;metadata/signed/platform/;metadata/binary/framework/;well-known/tool/,"""""","{""arch"": null, ""for"": [""pe"", ""dll""], ""platforms"": [""windows""]}"
windows-loader,objectives/command-and-control/dropper/execution/windows-loader::small-mingw-threaded-loader,composite,suspicious,Small MinGW threaded loader with exception registration,objectives/command-and-control/dropper/execution/windows-loader/native.yaml,small-loader-executable;metadata/lang/compiler/native::mingw-runtime-marker;micro-behaviors/process/create/thread::create-thread;micro-behaviors/os/exception/register::rtl-add-function-table;micro-behaviors/mem/protect/modify::virtual-protect,"""""","{""arch"": null, ""for"": [""pe""], ""platforms"": [""windows""]}"
windows-loader,objectives/command-and-control/dropper/execution/windows-loader::ini-driven-file-stager,composite,suspicious,INI driven file stager with process handoff,objectives/command-and-control/dropper/execution/windows-loader/native.yaml,micro-behaviors/fs/file/copy::copyfile-w;micro-behaviors/process/create/spawn::create-process-w;micro-behaviors/fs/config/system::ini-read-write-cycle;micro-behaviors/fs/delete/file/library::deletefile-w;objectives/anti-static/obfuscation/reflection/class::dynamic-load-pattern;micro-behaviors/fs/file/move::move-file-ex;micro-behaviors/fs/temp/directory::temp-file-staging-primitives;metadata/binary/symbols/count::large-export-table;metadata/lang/compiler/managed/;metadata/lang/compiled::autoit-compiled-script;well-known/tool/;well-known/app/system/iobit::advanced-systemcare-component-context;well-known/app/system/iobit::iobit-component-context,"""""","{""arch"": null, ""for"": [""pe"", ""dll""], ""platforms"": [""windows""]}"
windows-loader,objectives/command-and-control/dropper/execution/windows-loader::ini-driven-plugin-loader,composite,suspicious,INI configured DLL plugin loader,objectives/command-and-control/dropper/execution/windows-loader/native.yaml,micro-behaviors/fs/config/system::ini-read-write-cycle;micro-behaviors/dylib/load/runtime::load-library-w;micro-behaviors/dylib/lookup::get-proc-address;micro-behaviors/process/create/thread::create-thread;micro-behaviors/data/embedded/payload/resource::pe-resource-full-extraction;micro-behaviors/fs/file/copy::copyfile-w;micro-behaviors/process/create/spawn::create-process-w,"""""","{""arch"": null, ""for"": [""pe"", ""dll""], ""platforms"": [""windows""]}"
windows-loader,objectives/command-and-control/dropper/execution/windows-loader::self-copy-relaunch-loader,composite,suspicious,Self copy append and relaunch,objectives/command-and-control/dropper/execution/windows-loader/native.yaml,micro-behaviors/fs/file/copy::copyfile-w;micro-behaviors/process/create/spawn::create-process-w;micro-behaviors/fs/path/check::get-module-filename;micro-behaviors/fs/delete/file/library::deletefile-w;micro-behaviors/fs/file/open::file-create-win;micro-behaviors/fs/file/handle::set-file-pointer;micro-behaviors/fs/write/file/handle::write-file;micro-behaviors/time/query::get-tick-count;metadata/lang/compiled::autoit-compiled-script;well-known/tool/;well-known/app/system/iobit::iobit-component-context;well-known/lib/native/madexcept/,"""""","{""arch"": null, ""for"": [""pe"", ""dll""], ""platforms"": [""windows""]}"
windows-loader,objectives/command-and-control/dropper/execution/windows-loader::temp-copy-shell-handoff,composite,suspicious,Temp staged file copy with shell handoff,objectives/command-and-control/dropper/execution/windows-loader/native.yaml,micro-behaviors/fs/temp/directory::temp-file-staging-primitives;micro-behaviors/process/create/exec::shell-execute-a;micro-behaviors/fs/path/check::get-module-filename;micro-behaviors/fs/file/copy::copyfile-w;micro-behaviors/fs/file/copy::copyfile-a;micro-behaviors/fs/file/move::move-file;micro-behaviors/fs/file/move::move-file-ex;metadata/binary/framework/;metadata/binary/installer/;well-known/tool/;well-known/app/;well-known/lib/native/pywin32::pywin32-binding-module,"""""","{""arch"": null, ""for"": [""pe"", ""dll""], ""platforms"": [""windows""]}"
windows-loader,objectives/command-and-control/dropper/execution/windows-loader::packed-temp-copy-shell-loader,composite,hostile,Packed temp staged shell loader,objectives/command-and-control/dropper/execution/windows-loader/native.yaml,temp-copy-shell-handoff;metadata/binary/section/label::upx-section;objectives/anti-analysis/debugger-detect/check::is-debugger-present;micro-behaviors/os/service/dispatch::service-dispatch-triad,"""""","{""arch"": null, ""for"": [""pe"", ""dll""], ""platforms"": [""windows""]}"
windows-loader,objectives/command-and-control/dropper/execution/windows-loader::embedded-pe-wsh-temp-stager,composite,suspicious,Embedded PE with WSH temp staging handoff,objectives/command-and-control/dropper/execution/windows-loader/native.yaml,metadata/binary/layout/embedded::pe-embedded;micro-behaviors/process/create/shell/script-host::wscript-host-exec;micro-behaviors/fs/temp/directory::temp-file-staging-primitives;micro-behaviors/process/create/spawn::create-process-a;micro-behaviors/process/create/spawn::child-process-creation-api;metadata/signed/platform/;metadata/binary/installer/family/;well-known/tool/sysadmin/;well-known/tool/development/;well-known/tool/detection/,"""""","{""arch"": null, ""for"": [""pe""], ""platforms"": [""windows""]}"
windows-loader,objectives/command-and-control/dropper/execution/windows-loader::embedded-pe-clr-memory-stage-loader,composite,hostile,Embedded PE CLR memory stage loader,objectives/command-and-control/dropper/execution/windows-loader/native.yaml,embedded-pe-wsh-temp-stager;metadata/binary/vendor::recognized-windows-binary;micro-behaviors/mem/alloc/executable::executable-allocation-indicator;micro-behaviors/process/enumerate/snapshot::create-toolhelp32-snapshot;micro-behaviors/process/enumerate/snapshot::toolhelp-process-enumeration;micro-behaviors/mem/protect/modify/;metadata/signed/platform/;metadata/binary/installer/family/;well-known/tool/sysadmin/;well-known/tool/development/;well-known/tool/detection/,"""""","{""arch"": null, ""for"": [""pe""], ""platforms"": [""windows""]}"
windows-loader,objectives/command-and-control/dropper/execution/windows-loader::ini-int-configured-plugin-loader,composite,suspicious,INI integer configured plugin loader,objectives/command-and-control/dropper/execution/windows-loader/native.yaml,micro-behaviors/fs/config/system::ini-read-int-write-cycle;micro-behaviors/dylib/load/runtime::load-library-w;micro-behaviors/dylib/lookup::get-proc-address;micro-behaviors/process/create/thread::create-thread;micro-behaviors/data/embedded/payload/resource::pe-resource-full-extraction;micro-behaviors/fs/file/copy::copyfile-w;micro-behaviors/process/create/spawn::create-process-w,"""""","{""arch"": null, ""for"": [""pe"", ""dll""], ""platforms"": [""windows""]}"
windows-loader,objectives/command-and-control/dropper/execution/windows-loader::userprofile-staged-native-loader,composite,suspicious,User profile staged native loader,objectives/command-and-control/dropper/execution/windows-loader/native.yaml,micro-behaviors/os/env/user-paths::userprofile-var;micro-behaviors/fs/directory/mkdir::create-directory-a;micro-behaviors/fs/file/open::file-create-win;micro-behaviors/fs/write/file/handle::write-file;objectives/anti-analysis/self-modify/runtime::xor-modulo-key-loop-x64;micro-behaviors/crypto/symmetric/xor/loop::native-byte-xor-loop;objectives/anti-static/obfuscation/payload/encrypted::large-data-section;objectives/anti-static/obfuscation/payload/section::oversized-data-section;micro-behaviors/dylib/load/runtime::load-library-ex-w;micro-behaviors/dylib/lookup::get-proc-address,"""""","{""arch"": null, ""for"": [""pe"", ""dll""], ""platforms"": [""windows""]}"
windows-loader,objectives/command-and-control/dropper/execution/windows-loader::local-decrypt-overwrite-exec,composite,suspicious,Local decrypt overwrite and execute,objectives/command-and-control/dropper/execution/windows-loader/native.yaml,micro-behaviors/process/create/spawn::create-process-w;micro-behaviors/fs/file/open::file-create-win;micro-behaviors/fs/read/file/handle::read-file;micro-behaviors/fs/write/file/handle::write-file;micro-behaviors/fs/file/truncate::set-end-of-file-win;micro-behaviors/crypto/symmetric/xor/loop::backward-byte-xor-loop-i386;micro-behaviors/fs/path/extension::exe-name-or-extension;micro-behaviors/crypto/symmetric/stream/rc4::rc4-sbox-sequence,"""""","{""arch"": null, ""for"": [""pe"", ""dll""], ""platforms"": [""windows""]}"
windows-loader,objectives/command-and-control/dropper/execution/windows-loader::registry-aware-encrypted-stager,composite,suspicious,Registry aware encrypted file staging loader,objectives/command-and-control/dropper/execution/windows-loader/native.yaml,micro-behaviors/fs/read/file/handle::read-file;micro-behaviors/fs/write/file/handle::write-file;micro-behaviors/fs/file/truncate::set-end-of-file-win;micro-behaviors/fs/enumerate/directory::find-first-file;micro-behaviors/os/registry/access::registry-read-api-chain;metadata/binary/layout/entropy::high-entropy-data;objectives/anti-static/obfuscation/payload/section::oversized-data-section;micro-behaviors/crypto/symmetric/stream/rc4::rc4-sbox-sequence;objectives/anti-analysis/timing/evasion::timing-check-minimal-stub;objectives/anti-analysis/debugger-detect/check::is-debugger-present,"""""","{""arch"": null, ""for"": [""pe"", ""dll""], ""platforms"": [""windows""]}"
windows-loader,objectives/command-and-control/dropper/execution/windows-loader::self-read-encrypted-overwrite-stager,composite,hostile,Self reading encrypted overwrite stager,objectives/command-and-control/dropper/execution/windows-loader/native.yaml,objectives/anti-static/obfuscation/payload/self-read::self-read-file-chain;micro-behaviors/os/module/load::dynamic-self-resolution-imports;metadata/binary/layout/entropy::high-entropy-data;micro-behaviors/fs/file/open::file-create-win;micro-behaviors/fs/read/file/handle::read-file;micro-behaviors/fs/write/file/handle::write-file;micro-behaviors/fs/file/truncate::set-end-of-file-win;objectives/anti-static/obfuscation/payload/section::encrypted-loader-data-geometry;objectives/anti-static/obfuscation/payload/section::packed-loader-data-geometry;objectives/anti-analysis/debugger-detect/check::debugger-check-with-guards;objectives/anti-analysis/self-terminate::debugger-check-terminate-process,"""""","{""arch"": null, ""for"": [""pe"", ""dll""], ""platforms"": [""windows""]}"
windows-loader,objectives/command-and-control/dropper/execution/windows-loader::mingw-winhttp-proxy-aware-stager,composite,hostile,MinGW WinHTTP proxy-aware staged C2 loader,objectives/command-and-control/dropper/execution/windows-loader/native.yaml,micro-behaviors/communications/http/client/winhttp::winhttp-proxy-aware-resolution;micro-behaviors/os/module/load::dynamic-self-resolution-imports;micro-behaviors/mem/protect/modify::virtual-protect;metadata/lang/compiler/native::mingw-pseudo-reloc-runtime;metadata/binary/layout/overlay::has-overlay;metadata/signed/platform/;metadata/binary/installer/family/;metadata/binary/vendor/;well-known/tool/sysadmin/busybox::mingit-busybox-basename,"""""","{""arch"": null, ""for"": [""pe"", ""dll""], ""platforms"": [""windows""]}"
windows-loader,objectives/command-and-control/dropper/execution/windows-loader::mingw-winhttp-no-ui-stager,composite,suspicious,Small MinGW WinHTTP unsigned PE without UI resources,objectives/command-and-control/dropper/execution/windows-loader/native.yaml,micro-behaviors/communications/http/client/winhttp::winhttp-open;metadata/lang/compiler/native::mingw-pseudo-reloc-runtime;metadata/binary/symbols/exports::no-exports;metadata/signed/trust-level::unsigned;metadata/package/versioning/scheme::pe-version-resource;metadata/binary/vendor/;metadata/binary/installer/family/;metadata/signed/platform/;well-known/tool/sysadmin/busybox::mingit-busybox-basename,"""""","{""arch"": null, ""for"": [""pe"", ""dll""], ""platforms"": [""windows""]}"
windows-loader,objectives/command-and-control/dropper/execution/windows-loader::x64-xor-protected-memory-loader,composite,hostile,x64 PE decrypts data into executable memory,objectives/command-and-control/dropper/execution/windows-loader/native.yaml,micro-behaviors/mem/protect/modify::virtual-protect;micro-behaviors/crypto/symmetric/xor/loop::x64-xor-immediate-byte-loop;micro-behaviors/mem/protect/modify::virtualprotect-executable-read-register-x64;metadata/signed/platform/;metadata/binary/framework/,"""""","{""arch"": null, ""for"": [""pe"", ""dll""], ""platforms"": [""windows""]}"
windows-loader,objectives/command-and-control/dropper/execution/windows-loader::unsigned-rwx-network-c2-loader,composite,hostile,Unsigned RWX loader with hardcoded network client,objectives/command-and-control/dropper/execution/windows-loader/networked-rwx.yaml,objectives/anti-static/obfuscation/payload/section::unsigned-rwx-api-resolver-loader;micro-behaviors/communications/socket/init::winsock-client-lifecycle;micro-behaviors/communications/ip/literal::external-ipv4-host-literal-binary;metadata/signed/platform/;metadata/binary/installer/family/;well-known/tool/reverse-engineering/,"""""","{""arch"": null, ""for"": [""pe"", ""dll""], ""platforms"": [""windows""]}"
windows-loader,objectives/command-and-control/dropper/execution/windows-loader::unsigned-rwx-physicaldrive-network-loader,composite,hostile,Unsigned RWX network loader with raw-disk read,objectives/command-and-control/dropper/execution/windows-loader/networked-rwx.yaml,objectives/anti-static/obfuscation/payload/section::unsigned-rwx-api-resolver-loader;micro-behaviors/communications/socket/init::winsock-client-lifecycle;micro-behaviors/fs/disk/raw::windows-physicaldrive-read-profile;micro-behaviors/communications/ip/literal::external-ipv4-host-literal-binary;metadata/signed/platform/;metadata/binary/installer/family/;well-known/tool/reverse-engineering/,"""""","{""arch"": null, ""for"": [""pe"", ""dll""], ""platforms"": [""windows""]}"
windows-loader,objectives/command-and-control/dropper/execution/windows-loader::unsigned-rwx-registry-temp-profile,composite,suspicious,"Unsigned RWX, registry and TEMP process clues",objectives/command-and-control/dropper/execution/windows-loader/networked-rwx.yaml,objectives/anti-static/obfuscation/payload/section::unsigned-rwx-api-resolver-loader;micro-behaviors/os/registry/access::registry-write-api-chain;micro-behaviors/fs/write/file/handle::pe-temp-write-process-api-profile;micro-behaviors/communications/ip/literal::external-ipv4-host-literal-binary;metadata/signed/platform/;metadata/binary/installer/family/;well-known/tool/reverse-engineering/,"""""","{""arch"": null, ""for"": [""pe"", ""dll""], ""platforms"": [""windows""]}"
windows-loader,objectives/command-and-control/dropper/execution/windows-loader::opaque-export-virtual-memory-loader,composite,hostile,Opaque export DLL with virtual-memory loader,objectives/command-and-control/dropper/execution/windows-loader/opaque-export-loader.yaml,objectives/anti-static/obfuscation/name-mangling/export-name::single-opaque-mixed-case-export;micro-behaviors/mem/protect/modify::virtual-alloc;micro-behaviors/mem/protect/modify::virtual-protect;micro-behaviors/os/module/load::get-proc-address-import;micro-behaviors/dylib/load/runtime::load-library-a;micro-behaviors/dylib/load/runtime::load-library-w;metadata/signed/platform/,"""""","{""arch"": null, ""for"": [""pe"", ""dll""], ""platforms"": [""windows""]}"
windows-loader,objectives/command-and-control/dropper/execution/windows-loader::opaque-packed-dropper-stub,composite,hostile,Opaque packed dropper stub with sparse timing imports,objectives/command-and-control/dropper/execution/windows-loader/packed-stub.yaml,objectives/anti-static/pack/detect::empty-text-minimal-import-packed-pe;metadata/binary/resource/identity::pe-no-version-info-resource;micro-behaviors/time/timing/check::query-performance-frequency;micro-behaviors/ui/window/message::get-message-time;metadata/binary/symbols/imports::few-import-count;metadata/binary/section/header::pe-entry-in-punctuated-section;metadata/binary/section/label::multiple-nonstandard-section-names;metadata/signed/platform/;metadata/binary/installer/family/,"""""","{""arch"": null, ""for"": [""pe"", ""dll""], ""platforms"": [""windows""]}"
windows-loader,objectives/command-and-control/dropper/execution/windows-loader::x86-xor-add-buffer-execution,atomic,suspicious,x86 XOR-add loop and indirect execution,objectives/command-and-control/dropper/execution/windows-loader/sample-variant.yaml,,"{""pattern"": ""A1 ?? ?? ?? ?? 8A 14 30 32 D1 80 C2 42 88 14 30 46 3B 35 ?? ?? ?? ?? 72 ?? [0-128] FF 15 ?? ?? ?? ??"", ""section"": "".text"", ""type"": ""hex""}","{""arch"": [""x86""], ""for"": [""pe"", ""dll""], ""platforms"": [""windows""]}"
windows-loader,objectives/command-and-control/dropper/execution/windows-loader::x86-rwx-decoded-file-buffer-execution,composite,hostile,"x86 DLL reads, decodes, and executes an RWX file buffer",objectives/command-and-control/dropper/execution/windows-loader/sample-variant.yaml,x86-xor-add-buffer-execution;micro-behaviors/mem/alloc/executable::executable-allocation-indicator;micro-behaviors/mem/protect/modify::virtual-alloc;micro-behaviors/fs/read/file/handle::read-file,"""""","{""arch"": null, ""for"": [""pe"", ""dll""], ""platforms"": [""windows""]}"
wininet-stage,objectives/command-and-control/dropper/execution/wininet-stage::wininet-cache-wipe-exec,composite,hostile,WinInet cache wipe then creates a process,objectives/command-and-control/dropper/execution/wininet-stage/windows.yaml,micro-behaviors/communications/http/client/wininet::delete-url-cache-entry;micro-behaviors/process/create/spawn::create-process-a;metadata/signed/platform/;metadata/binary/installer/family/;well-known/lib/,"""""","{""arch"": null, ""for"": [""pe""], ""platforms"": [""windows""]}"
wininet-stage,objectives/command-and-control/dropper/execution/wininet-stage::wininet-cache-wipe-copy,composite,hostile,WinInet cache wipe then copies a file,objectives/command-and-control/dropper/execution/wininet-stage/windows.yaml,micro-behaviors/communications/http/client/wininet::delete-url-cache-entry;micro-behaviors/fs/file/copy::copyfile-a;metadata/signed/platform/;metadata/binary/installer/family/;well-known/lib/,"""""","{""arch"": null, ""for"": [""pe""], ""platforms"": [""windows""]}"
wininet-stage,objectives/command-and-control/dropper/execution/wininet-stage::wininet-cache-wipe-registry,composite,hostile,WinInet cache wipe then writes registry keys,objectives/command-and-control/dropper/execution/wininet-stage/windows.yaml,micro-behaviors/communications/http/client/wininet::delete-url-cache-entry;micro-behaviors/os/registry/manipulate::registry-write-api-chain;metadata/signed/platform/;metadata/binary/installer/family/;well-known/lib/,"""""","{""arch"": null, ""for"": [""pe""], ""platforms"": [""windows""]}"
wininet-stage,objectives/command-and-control/dropper/execution/wininet-stage::wininet-http-runkey,composite,hostile,WinInet HTTP client writes a Run key,objectives/command-and-control/dropper/execution/wininet-stage/windows.yaml,micro-behaviors/communications/http/client/wininet::wininet-http-flow;micro-behaviors/os/registry/keys::currentversion-run;metadata/signed/platform/;metadata/binary/installer/family/;well-known/lib/;metadata/binary/debug::pdb-remcos-backdoor-tree,"""""","{""arch"": null, ""for"": [""pe""], ""platforms"": [""windows""]}"
wininet-stage,objectives/command-and-control/dropper/execution/wininet-stage::wininet-http-shellexec,composite,hostile,WinInet HTTP client launches via ShellExecuteEx,objectives/command-and-control/dropper/execution/wininet-stage/windows.yaml,micro-behaviors/communications/http/client/wininet::wininet-http-flow;micro-behaviors/process/create/shellexec::shell-executeex-call;metadata/signed/trust-level::signer-evidence-present;metadata/signed/platform/;metadata/binary/installer/family/;well-known/lib/;metadata/lang/compiled::autoit-binary;metadata/binary/debug::pdb-remcos-backdoor-tree;metadata/binary/section/label::cape-sandbox-dump-section,"""""","{""arch"": null, ""for"": [""pe""], ""platforms"": [""windows""]}"
wininet-stage,objectives/command-and-control/dropper/execution/wininet-stage::unsigned-shellexec-form-header,composite,hostile,ShellExecuteEx downloader embeds a form POST header,objectives/command-and-control/dropper/execution/wininet-stage/windows.yaml,micro-behaviors/process/create/shellexec::shell-executeex-call;objectives/command-and-control/dropper/delivery/download::form-urlencoded-header;metadata/signed/platform/;metadata/binary/installer/family/;well-known/lib/,"""""","{""arch"": null, ""for"": [""pe""], ""platforms"": [""windows""]}"
wininet-stage,objectives/command-and-control/dropper/execution/wininet-stage::unsigned-shellexec-regsvr32,composite,hostile,ShellExecuteEx dropper also invokes regsvr32,objectives/command-and-control/dropper/execution/wininet-stage/windows.yaml,micro-behaviors/process/create/shellexec::shell-executeex-call;micro-behaviors/process/create/launch::regsvr32;metadata/signed/platform/;metadata/binary/installer/family/;well-known/lib/,"""""","{""arch"": null, ""for"": [""pe""], ""platforms"": [""windows""]}"
wmi,objectives/command-and-control/dropper/execution/wmi::afcrk-split-powershell-launch,atomic,notable,AFcrk-split PowerShell launch command,objectives/command-and-control/dropper/execution/wmi/javascript.yaml,,"{""substr"": ""powAFcrkFAbmFdInkerAFcrkFAbmFdInksh"", ""type"": ""text""}","{""arch"": null, ""for"": [""javascript""], ""platforms"": [""windows""]}"
wmi,objectives/command-and-control/dropper/execution/wmi::afcrk-split-frombase64string,atomic,notable,AFcrk-split FromBase64String call,objectives/command-and-control/dropper/execution/wmi/javascript.yaml,,"{""substr"": ""se6AFcrkFAbmFdInk4s"", ""type"": ""text""}","{""arch"": null, ""for"": [""javascript""], ""platforms"": [""windows""]}"
wmi,objectives/command-and-control/dropper/execution/wmi::afcrk-split-iex,atomic,notable,AFcrk-split PowerShell iex call,objectives/command-and-control/dropper/execution/wmi/javascript.yaml,,"{""substr"": ""ieAFcrkFAbmFdInkx $"", ""type"": ""text""}","{""arch"": null, ""for"": [""javascript""], ""platforms"": [""windows""]}"
wmi,objectives/command-and-control/dropper/execution/wmi::afcrk-split-replace-token,atomic,notable,AFcrk-split replacement token,objectives/command-and-control/dropper/execution/wmi/javascript.yaml,,"{""substr"": ""'fAFcrkFAbmFdInk#'"", ""type"": ""text""}","{""arch"": null, ""for"": [""javascript""], ""platforms"": [""windows""]}"
wmi,objectives/command-and-control/dropper/execution/wmi::gcfombg-split-powershell-launch,atomic,notable,gcFombg-split PowerShell launch command,objectives/command-and-control/dropper/execution/wmi/javascript.yaml,,"{""substr"": ""pogcFombgkSgmerAwegcFombgkSgmerAr"", ""type"": ""text""}","{""arch"": null, ""for"": [""javascript""], ""platforms"": [""windows""]}"
wmi,objectives/command-and-control/dropper/execution/wmi::gcfombg-split-copyitem,atomic,notable,gcFombg-split Copy-Item persistence,objectives/command-and-control/dropper/execution/wmi/javascript.yaml,,"{""substr"": ""CgcFombgkSgmerAopygcFombgk"", ""type"": ""text""}","{""arch"": null, ""for"": [""javascript""], ""platforms"": [""windows""]}"
wmi,objectives/command-and-control/dropper/execution/wmi::gcfombg-split-replace-token,atomic,notable,gcFombg-split replacement token,objectives/command-and-control/dropper/execution/wmi/javascript.yaml,,"{""substr"": ""fgcFombgkSgmerA#"", ""type"": ""text""}","{""arch"": null, ""for"": [""javascript""], ""platforms"": [""windows""]}"
wmi,objectives/command-and-control/dropper/execution/wmi::unicode-obfuscated-wsh-wmi-stage,composite,suspicious,Unicode-obfuscated WSH WMI staged process launcher,objectives/command-and-control/dropper/execution/wmi/javascript.yaml,objectives/execution/wmi::js-hidden-process-create-sequence;micro-behaviors/os/com/automation::wscript-shell-literal;objectives/anti-static/obfuscation/steganography/unicode::js-nonascii-split-join-cleanup;micro-behaviors/data/decode/base64::base64-decode-call-text;micro-behaviors/os/env/modify::wsh-environment-item-assignment,"""""","{""arch"": null, ""for"": [""javascript""], ""platforms"": [""windows""]}"
wmi,objectives/command-and-control/dropper/execution/wmi::wsh-hidden-base64-powershell-wmi-loader,composite,hostile,WSH hidden base64 PowerShell WMI loader,objectives/command-and-control/dropper/execution/wmi/javascript.yaml,objectives/anti-static/obfuscation/string/array::js-afcrk-repeated-marker-token;micro-behaviors/os/wmi/query::wmi-moniker-string;objectives/execution/wmi::wmi-showwindow-hidden-property;afcrk-split-powershell-launch;afcrk-split-frombase64string;afcrk-split-iex;afcrk-split-replace-token;objectives/execution/wmi::process-startup-spawninstance-symbol,"""""","{""arch"": null, ""for"": [""javascript""], ""platforms"": [""windows""]}"
wmi,objectives/command-and-control/dropper/execution/wmi::wsh-hidden-gcfombg-powershell-wmi-loader,composite,hostile,WSH hidden gcFombg PowerShell WMI loader,objectives/command-and-control/dropper/execution/wmi/javascript.yaml,objectives/anti-static/obfuscation/string/array::js-gcfombg-repeated-marker-token;objectives/execution/wmi::wmi-hidden-startup-process;gcfombg-split-powershell-launch;gcfombg-split-copyitem;gcfombg-split-replace-token;objectives/execution/wmi::win32-process-fragmented,"""""","{""arch"": null, ""for"": [""javascript""], ""platforms"": [""windows""]}"
wmi,objectives/command-and-control/dropper/execution/wmi::obfuscated-wsh-hidden-wmi-startup,composite,hostile,Obfuscated WSH hidden WMI process startup,objectives/command-and-control/dropper/execution/wmi/javascript.yaml,objectives/execution/wmi::wmi-hidden-startup-process;objectives/anti-static/obfuscation/string/array::js-long-marker-split-join-cleanup;micro-behaviors/process/interpreter/jscript::activex-object,"""""","{""arch"": null, ""for"": [""javascript""], ""platforms"": [""windows""]}"
wmi,objectives/command-and-control/dropper/execution/wmi::env-staged-hidden-wmi-launcher,composite,hostile,Env-staged hidden WMI launcher,objectives/command-and-control/dropper/execution/wmi/javascript.yaml,objectives/execution/wmi::wmi-hidden-startup-process;micro-behaviors/data/string/replace::repeated-split-join-removal;micro-behaviors/process/interpreter/jscript::activex-object;micro-behaviors/os/env/read::env-item-random-variable,"""""","{""arch"": null, ""for"": [""javascript""], ""platforms"": [""windows""]}"
wmi,objectives/command-and-control/dropper/execution/wmi::js-wmi-scriptpath-chunked-loader,composite,hostile,Obfuscated WSH WMI loader reads script path,objectives/command-and-control/dropper/execution/wmi/javascript.yaml,micro-behaviors/data/source/string::js-string-append-cluster;objectives/execution/wmi::wmi-hidden-startup-process;micro-behaviors/process/info/selfpath::wscript-scriptfullname;micro-behaviors/os/com/automation::activex-object-variable-progid,"""""","{""arch"": null, ""for"": [""javascript""], ""platforms"": [""windows""]}"
wmi,objectives/command-and-control/dropper/execution/wmi::obfuscated-wsh-wmi-powershell-stager,composite,hostile,Obfuscated WSH WMI PowerShell stager,objectives/command-and-control/dropper/execution/wmi/javascript.yaml,objectives/execution/wmi::wmi-hidden-variable-process-create;micro-behaviors/process/interpreter/jscript::activex-object;micro-behaviors/os/env/modify::wsh-environment-item-assignment;micro-behaviors/data/string/replace::repeated-split-join-removal,"""""","{""arch"": null, ""for"": [""javascript""], ""platforms"": [""windows""]}"
wmi,objectives/command-and-control/dropper/execution/wmi::wsh-wmi-remote-inmemory-assembly-loader,composite,hostile,Hidden WMI fetches a Unicode-obfuscated .NET payload,objectives/command-and-control/dropper/execution/wmi/javascript.yaml,objectives/execution/wmi::wmi-staged-hidden-powershell-process;micro-behaviors/communications/http/client/webclient::unicode-delimited-webclient-download;objectives/anti-static/obfuscation/steganography/unicode::js-unicode-delimited-appdomain-fragment;objectives/anti-static/obfuscation/steganography/unicode::js-unicode-delimited-base64-fragment,"""""","{""arch"": null, ""for"": [""javascript""], ""platforms"": [""windows""]}"
wmi,objectives/command-and-control/dropper/execution/wmi::unicode-httpwebrequest-wmi-reflective-loader,composite,hostile,Hidden WMI launches a Unicode-obfuscated remote .NET payload loader,objectives/command-and-control/dropper/execution/wmi/javascript.yaml,micro-behaviors/communications/http/client/managed::unicode-delimited-httpwebrequest-download;objectives/anti-static/obfuscation/steganography/unicode::unicode-delimited-managed-loader-tokens;objectives/execution/wmi::wmi-hidden-four-argument-process-create;micro-behaviors/os/com/automation::wscript-shell-activex-constructor,"""""","{""arch"": null, ""for"": [""javascript""], ""platforms"": [""windows""]}"
wmi,objectives/command-and-control/dropper/execution/wmi::hta-remote-wmi-powershell-loader,composite,hostile,HTA downloads and launches hidden WMI PowerShell,objectives/command-and-control/dropper/execution/wmi/javascript.yaml,metadata/file/format/markup::hta-application-element;objectives/execution/wmi::js-hidden-process-create-sequence;micro-behaviors/communications/http/url/domain::workers-dev-url;micro-behaviors/os/env/modify::wsh-environment-item-assignment;micro-behaviors/os/com/automation::wscript-shell-literal;micro-behaviors/data/decode/base64::base64-decode-call-text,"""""","{""arch"": null, ""for"": [""javascript""], ""platforms"": [""windows""]}"
wmi,objectives/command-and-control/dropper/execution/wmi::remote-wsh-wmi-encoded-loader,composite,hostile,Remote WSH WMI encoded payload loader,objectives/command-and-control/dropper/execution/wmi/javascript.yaml,objectives/execution/wmi::js-hidden-process-create-sequence;micro-behaviors/os/com/automation::wscript-shell-literal;micro-behaviors/communications/http/url/domain::workers-dev-url;micro-behaviors/os/env/modify::wsh-environment-item-assignment;micro-behaviors/data/source/string::massive-string-concatenation;objectives/anti-static/obfuscation/string/array::js-long-delimiter-split-join-cleanup,"""""","{""arch"": null, ""for"": [""javascript""], ""platforms"": [""windows""]}"
wmi,objectives/command-and-control/dropper/execution/wmi::padded-wmi-unicode-httpwebrequest-dropper,composite,hostile,Padded WMI loader uses HttpWebRequest,objectives/command-and-control/dropper/execution/wmi/javascript.yaml,objectives/execution/wmi::wsh-padding-obfuscated-hidden-wmi-loader;micro-behaviors/communications/http/client/managed::unicode-delimited-httpwebrequest-download,"""""","{""arch"": null, ""for"": [""javascript""], ""platforms"": [""windows""]}"
wmi,objectives/command-and-control/dropper/execution/wmi::vbs-encoded-url-hidden-wmi-stager,composite,hostile,VBScript encoded URL hidden WMI stager,objectives/command-and-control/dropper/execution/wmi/vbscript.yaml,objectives/execution/wmi::wmi-hidden-variable-process-create;micro-behaviors/communications/http/url/encoded::vbs-encoded-http-url;objectives/anti-static/obfuscation/wsh::vbs-obfuscated-getobject-target,"""""","{""arch"": null, ""for"": [""vbs""], ""platforms"": [""windows""]}"
wmi,objectives/command-and-control/dropper/execution/wmi::vbs-http-range-reflective-wmi-loader,composite,hostile,Hidden WMI launches a Unicode-obfuscated remote .NET loader,objectives/command-and-control/dropper/execution/wmi/vbscript.yaml,objectives/execution/wmi::wmi-hidden-variable-process-create;micro-behaviors/process/create/shell/encoded::unicode-delimited-powershell-command;micro-behaviors/communications/http/client/managed::unicode-delimited-http-range-request;objectives/anti-static/obfuscation/steganography/unicode::js-unicode-delimited-appdomain-fragment,"""""","{""arch"": null, ""for"": [""vbs""], ""platforms"": [""windows""]}"
wsh,objectives/command-and-control/dropper/execution/wsh::wsh-user-profile-dll-browser-patch,composite,hostile,Script host stages DLL and patches browser extension,objectives/command-and-control/dropper/execution/wsh/browser-extension-patch.yaml,micro-behaviors/process/create/shell/script-host::wscript-shell-run-create;micro-behaviors/fs/path/app-data::user-profile-dll-path;micro-behaviors/fs/path/application/browser::browser-extension-manifest-path;micro-behaviors/fs/write/content::create-text-file-api,"""""","{""arch"": null, ""for"": [""vbs"", ""javascript""], ""platforms"": [""windows""]}"
wsh,objectives/command-and-control/dropper/execution/wsh::wsh-scrcpy-wrapper-name,atomic,notable,scrcpy hidden-run wrapper filename,objectives/command-and-control/dropper/execution/wsh/downloader.yaml,,"{""exact"": ""scrcpy-noconsole.vbs"", ""type"": ""basename""}","{""arch"": null, ""for"": [""vbs""], ""platforms"": [""windows""]}"
wsh,objectives/command-and-control/dropper/execution/wsh::wsh-xray-wrapper-name,atomic,notable,Xray hidden-run wrapper filename,objectives/command-and-control/dropper/execution/wsh/downloader.yaml,,"{""exact"": ""xray_no_window.vbs"", ""type"": ""basename""}","{""arch"": null, ""for"": [""vbs""], ""platforms"": [""windows""]}"
wsh,objectives/command-and-control/dropper/execution/wsh::wsh-hidden-batch-script-launch,atomic,suspicious,WSH launches a hidden batch script,objectives/command-and-control/dropper/execution/wsh/downloader.yaml,metadata/package/testing/presence/harness::test-directory-path,"{""regex"": ""(?is)WScript\\.Shell.{0,160}\\.bat.{0,24},\\s*(0|&H0)\\b"", ""type"": ""text""}","{""arch"": null, ""for"": [""vbs"", ""javascript""], ""platforms"": [""windows""]}"
wsh,objectives/command-and-control/dropper/execution/wsh::wsh-hidden-numeric-batch-stage,atomic,suspicious,WSH hides a numeric-heavy batch stage,objectives/command-and-control/dropper/execution/wsh/downloader.yaml,,"{""regex"": ""(?i)Chr\\(34\\)\\s*&\\s*\""[A-Za-z]{1,3}\\d{5,10}\\.bat\""\\s*&\\s*Chr\\(34\\),\\s*0\\b"", ""type"": ""text""}","{""arch"": null, ""for"": [""vbs""], ""platforms"": [""windows""]}"
wsh,objectives/command-and-control/dropper/execution/wsh::wsh-filesystemobject-html,atomic,suspicious,HTML WSH creates FileSystemObject,objectives/command-and-control/dropper/execution/wsh/downloader.yaml,metadata/document/html/,"{""substr"": ""Scripting.FileSystemObject"", ""type"": ""text""}","{""arch"": null, ""for"": [""html""], ""platforms"": [""windows""]}"
wsh,objectives/command-and-control/dropper/execution/wsh::wsh-temp-expand,atomic,notable,WSH expands TEMP path,objectives/command-and-control/dropper/execution/wsh/downloader.yaml,well-known/tool/sysadmin/microsoft-office::office-license-cleanup-benign-context;well-known/app/enterprise/fusioninventory::fusioninventory-agent-deployment-benign-context,"{""substr"": ""ExpandEnvironmentStrings(\""%TEMP%\"")"", ""type"": ""text""}","{""arch"": null, ""for"": [""html"", ""vbs""], ""platforms"": [""windows""]}"
wsh,objectives/command-and-control/dropper/execution/wsh::wsh-hex-decode-loop,atomic,suspicious,WSH hex decode loop,objectives/command-and-control/dropper/execution/wsh/downloader.yaml,,"{""substr"": ""Step 2:h=h&Chr(CLng(\""&H\""&Mid"", ""type"": ""text""}","{""arch"": null, ""for"": [""html"", ""vbs""], ""platforms"": [""windows""]}"
wsh,objectives/command-and-control/dropper/execution/wsh::wsh-xor-decode-loop,atomic,suspicious,WSH XOR decode loop,objectives/command-and-control/dropper/execution/wsh/downloader.yaml,,"{""regex"": ""\\bXor\\b.{0,50}\\bAsc\\(Mid\\("", ""type"": ""text""}","{""arch"": null, ""for"": [""html"", ""vbs""], ""platforms"": [""windows""]}"
wsh,objectives/command-and-control/dropper/execution/wsh::wsh-responsebody-pk-check,atomic,suspicious,WSH checks downloaded PK header,objectives/command-and-control/dropper/execution/wsh/downloader.yaml,,"{""regex"": ""(?i)\\)\\s*=\\s*80\\s+And\\s+AscB.{0,80}\\)\\s*=\\s*75\\s+Then"", ""type"": ""text""}","{""arch"": null, ""for"": [""vbs""], ""platforms"": [""windows""]}"
wsh,objectives/command-and-control/dropper/execution/wsh::wsh-decoded-createobject,atomic,suspicious,WSH decoded CreateObject call,objectives/command-and-control/dropper/execution/wsh/downloader.yaml,,"{""regex"": ""CreateObject\\s*\\(\\s*x\\([\""'][0-9A-F]{20,}[\""']\\)"", ""type"": ""text""}","{""arch"": null, ""for"": [""html"", ""vbs""], ""platforms"": [""windows""]}"
wsh,objectives/command-and-control/dropper/execution/wsh::wsh-assembled-executable-name,atomic,suspicious,WSH builds executable before ShellExecute,objectives/command-and-control/dropper/execution/wsh/downloader.yaml,,"{""regex"": ""(?is)\\b\\w+\\s*=\\s*\\w+(\\s*\\+\\s*[\\w\""']+){3,8}[\\s\\S]{0,600}\\.ShellExecute\\b"", ""type"": ""text""}","{""arch"": null, ""for"": [""vbs""], ""platforms"": [""windows""]}"
wsh,objectives/command-and-control/dropper/execution/wsh::wsh-reverse-loop-head,atomic,suspicious,WSH reverses strings character by character,objectives/command-and-control/dropper/execution/wsh/downloader.yaml,,"{""regex"": ""(?i)For\\s+\\w+\\s*=\\s*Len\\s*\\(\\s*\\w+\\s*\\)\\s+To\\s+1\\s+Step\\s+-1"", ""type"": ""text""}","{""arch"": null, ""for"": [""vbs""], ""platforms"": [""windows""]}"
wsh,objectives/command-and-control/dropper/execution/wsh::wsh-mid-character-append,atomic,suspicious,WSH appends a single Mid character,objectives/command-and-control/dropper/execution/wsh/downloader.yaml,,"{""regex"": ""(?i)\\w+\\s*=\\s*\\w+\\s*&\\s*Mid\\s*\\(\\s*\\w+\\s*,\\s*\\w+\\s*,\\s*1\\s*\\)"", ""type"": ""text""}","{""arch"": null, ""for"": [""vbs""], ""platforms"": [""windows""]}"
wsh,objectives/command-and-control/dropper/execution/wsh::wsh-shellexecute-nested-function-arguments,atomic,suspicious,ShellExecute gets nested WSH arguments,objectives/command-and-control/dropper/execution/wsh/downloader.yaml,,"{""regex"": ""(?is)\\.ShellExecute\\s+\\w+\\s*\\(\\s*\\)\\s*,\\s*\\w+\\s*\\(\\s*\\w+\\s*\\(.{0,30}\\)\\s*\\)"", ""type"": ""text""}","{""arch"": null, ""for"": [""vbs""], ""platforms"": [""windows""]}"
wsh,objectives/command-and-control/dropper/execution/wsh::wsh-variable-run-call,atomic,suspicious,WSH runs variable command,objectives/command-and-control/dropper/execution/wsh/downloader.yaml,,"{""regex"": ""(?i)\\.Run\\s+\\w{7,}\\s*,\\s*(0\\s*,\\s*)?False\\b"", ""type"": ""text""}","{""arch"": null, ""for"": [""html"", ""vbs""], ""platforms"": [""windows""]}"
wsh,objectives/command-and-control/dropper/execution/wsh::wsh-long-variable-hidden-run-call,atomic,suspicious,WSH runs long variable hidden command,objectives/command-and-control/dropper/execution/wsh/downloader.yaml,,"{""regex"": ""(?i)\\.Run\\s+[A-Za-z][A-Za-z0-9_]{80,}\\s*,\\s*0\\s*,\\s*False\\b"", ""type"": ""text""}","{""arch"": null, ""for"": [""html"", ""vbs""], ""platforms"": [""windows""]}"
wsh,objectives/command-and-control/dropper/execution/wsh::wsh-split-powershell-path,atomic,suspicious,WSH split PowerShell path,objectives/command-and-control/dropper/execution/wsh/downloader.yaml,well-known/tool/detection/debian-security-tracker::security-tracker-cve-leaf;metadata/file/format/structured::sourcemap,"{""regex"": ""(?i)Pow[A-Za-z0-9]{1,24}er[A-Za-z0-9]{1,24}She[A-Za-z0-9]{1,24}ll(\\.exe)?"", ""type"": ""text""}","{""arch"": null, ""for"": [""vbs""], ""platforms"": [""windows""]}"
wsh,objectives/command-and-control/dropper/execution/wsh::wsh-split-frombase64string,atomic,suspicious,WSH reconstructs Base64 decode API,objectives/command-and-control/dropper/execution/wsh/downloader.yaml,metadata/file/format/structured::sourcemap;metadata/file/format/structured::sourcemap-sources-content;metadata/file/string/corpus::hashed-text-record;well-known/app/communication/thunderbird::firefox-omni-runtime-path,"{""regex"": ""(?i)\\bFrom[A-Za-z0-9_]{0,12}Base[A-Za-z0-9_]{0,12}64[A-Za-z0-9_]{0,12}String\\b"", ""type"": ""text""}","{""arch"": null, ""for"": [""vbs""], ""platforms"": [""windows""]}"
wsh,objectives/command-and-control/dropper/execution/wsh::wsh-split-bxor-loop,atomic,suspicious,WSH reconstructs split PowerShell XOR operator,objectives/command-and-control/dropper/execution/wsh/downloader.yaml,,"{""regex"": ""(?i)\\)\\s*[A-Za-z0-9]{0,24}-bxor\\b"", ""type"": ""text""}","{""arch"": null, ""for"": [""vbs""], ""platforms"": [""windows""]}"
wsh,objectives/command-and-control/dropper/execution/wsh::wsh-comspec-iex-fragment,atomic,suspicious,WSH reconstructs ComSpec IEX invocation,objectives/command-and-control/dropper/execution/wsh/downloader.yaml,,"{""regex"": ""(?i)Com.{0,12}S.{0,12}pec\\s*\\[[0-9A-Za-z,\\s]{3,}\\]\\s*-.{0,12}join"", ""type"": ""text""}","{""arch"": null, ""for"": [""vbs""], ""platforms"": [""windows""]}"
wsh,objectives/command-and-control/dropper/execution/wsh::wsh-marker-cleanup,atomic,suspicious,WSH strips a staging marker,objectives/command-and-control/dropper/execution/wsh/downloader.yaml,well-known/tool/sysadmin/microsoft-office::offscrub-removal-benign-context,"{""regex"": ""(?i)\\bReplace\\s*\\(\\s*[A-Za-z_]\\w*\\s*,\\s*[\""'][A-Za-z0-9]{4,16}[\""']\\s*,\\s*[\""']{2}\\s*\\)"", ""type"": ""text""}","{""arch"": null, ""for"": [""vbs""], ""platforms"": [""windows""]}"
wsh,objectives/command-and-control/dropper/execution/wsh::wsh-vbs-xor-charcode,atomic,suspicious,WSH XORs numeric character codes,objectives/command-and-control/dropper/execution/wsh/downloader.yaml,,"{""regex"": ""(?i)(CLng.{0,120}\\bXor\\b|AscB\\s*\\(\\s*MidB\\s*\\([^)]{1,240}\\)\\s*\\)\\s*\\bXor\\b)"", ""type"": ""text""}","{""arch"": null, ""for"": [""vbs""], ""platforms"": [""windows""]}"
wsh,objectives/command-and-control/dropper/execution/wsh::wsh-vbs-hex-charcode-decoder,atomic,suspicious,WSH decodes hex bytes via CInt,objectives/command-and-control/dropper/execution/wsh/downloader.yaml,,"{""regex"": ""(?im)^[ \\t]*([A-Za-z_][^\\r\\n]{0,40})?\\bChr\\s*\\(\\s*CInt\\s*\\(\\s*[\""']&H[\""']\\s*&\\s*Mid\\s*\\("", ""type"": ""text""}","{""arch"": null, ""for"": [""vbs""], ""platforms"": [""windows""]}"
wsh,objectives/command-and-control/dropper/execution/wsh::wsh-vbs-lenb-byte-loop,atomic,notable,WSH loops over byte buffer,objectives/command-and-control/dropper/execution/wsh/downloader.yaml,,"{""regex"": ""(?i)\\bFor\\s+\\w+\\s*=\\s*1\\s+To\\s+LenB\\s*\\("", ""type"": ""text""}","{""arch"": null, ""for"": [""vbs""], ""platforms"": [""windows""]}"
wsh,objectives/command-and-control/dropper/execution/wsh::wsh-vbs-ascb-midb-read,atomic,notable,WSH reads bytes via AscB/MidB,objectives/command-and-control/dropper/execution/wsh/downloader.yaml,,"{""regex"": ""(?i)\\bAscB\\s*\\(\\s*MidB\\s*\\("", ""type"": ""text""}","{""arch"": null, ""for"": [""vbs""], ""platforms"": [""windows""]}"
wsh,objectives/command-and-control/dropper/execution/wsh::wsh-vbs-variable-xor-step,atomic,notable,WSH XORs two variables,objectives/command-and-control/dropper/execution/wsh/downloader.yaml,,"{""regex"": ""(?i)\\b[A-Za-z_]\\w*\\s+Xor\\s+[A-Za-z_]\\w*\\b"", ""type"": ""text""}","{""arch"": null, ""for"": [""vbs""], ""platforms"": [""windows""]}"
wsh,objectives/command-and-control/dropper/execution/wsh::wsh-vbs-xor-modulo-key,atomic,suspicious,WSH combines XOR with modulo arithmetic,objectives/command-and-control/dropper/execution/wsh/downloader.yaml,,"{""regex"": ""(?i)\\bXor\\b[^\\r\\n]{0,80}\\bMod\\s+([A-Za-z_]\\w*|\\d{1,3})\\b"", ""type"": ""text""}","{""arch"": null, ""for"": [""vbs""], ""platforms"": [""windows""]}"
wsh,objectives/command-and-control/dropper/execution/wsh::js-computed-sync-com-method,atomic,suspicious,Computed synchronous automation method call,objectives/command-and-control/dropper/execution/wsh/downloader.yaml,,"{""regex"": ""\\[\\w+\\(\\[[0-9,\\s]{3,}\\]\\)\\]\\([^,]{1,160},\\w+,false\\)"", ""type"": ""text""}","{""arch"": null, ""for"": [""javascript""], ""platforms"": [""windows""]}"
wsh,objectives/command-and-control/dropper/execution/wsh::js-computed-stream-save-overwrite,atomic,suspicious,Computed stream method saves with overwrite mode,objectives/command-and-control/dropper/execution/wsh/downloader.yaml,,"{""regex"": ""\\[\\w+\\(\\[[0-9,\\s]{12,}\\]\\)\\]\\(\\w+,2\\)"", ""type"": ""text""}","{""arch"": null, ""for"": [""javascript""], ""platforms"": [""windows""]}"
wsh,objectives/command-and-control/dropper/execution/wsh::js-computed-hidden-run,atomic,notable,Computed method launches a hidden process,objectives/command-and-control/dropper/execution/wsh/downloader.yaml,,"{""regex"": ""\\[\\w+\\(\\[[0-9,\\s]{3,}\\]\\)\\]\\(\\w+,0,false\\)"", ""type"": ""text""}","{""arch"": null, ""for"": [""javascript""], ""platforms"": [""windows""]}"
wsh,objectives/command-and-control/dropper/execution/wsh::wsh-hidden-run-shell-command,atomic,suspicious,Hidden Run of cmd or PowerShell,objectives/command-and-control/dropper/execution/wsh/downloader.yaml,well-known/tool/sysadmin/microsoft-office::offscrub-removal-benign-context,"{""not"": [{""substr"": "".bat""}, {""substr"": "".ps1""}, {""substr"": ""-File""}, {""substr"": ""-file""}, {""regex"": ""(?i)cmd\\s+/c\\s+clip\\s*<""}], ""regex"": ""(?i)\\.Run\\s*[(\\s][^,\\r\\n]{0,40}[\""']\\s*(cmd|powershell)\\b[^,\\r\\n]{0,300},\\s*0\\b"", ""type"": ""text""}","{""arch"": null, ""for"": [""xml"", ""html"", ""vbs"", ""javascript""], ""platforms"": [""windows""]}"
wsh,objectives/command-and-control/dropper/execution/wsh::wsh-reverse-character-function,composite,suspicious,WSH reverses strings character by character,objectives/command-and-control/dropper/execution/wsh/downloader.yaml,wsh-reverse-loop-head;wsh-mid-character-append,"""""","{""arch"": null, ""for"": [""vbs""], ""platforms"": [""windows""]}"
wsh,objectives/command-and-control/dropper/execution/wsh::wsh-vbs-repeating-key-xor-loop,composite,suspicious,WSH repeating-key XOR byte loop,objectives/command-and-control/dropper/execution/wsh/downloader.yaml,wsh-vbs-lenb-byte-loop;micro-behaviors/data/buffer/index::vba-modulo-indexed-array;wsh-vbs-ascb-midb-read;wsh-vbs-variable-xor-step,"""""","{""arch"": null, ""for"": [""vbs""], ""platforms"": [""windows""]}"
wsh,objectives/command-and-control/dropper/execution/wsh::wsh-fragmented-base64-hidden-loader,composite,hostile,Fragmented Base64 payload runs hidden under WSH,objectives/command-and-control/dropper/execution/wsh/downloader.yaml,objectives/anti-static/obfuscation/multi-layer::vbs-base64-fragment-helper-calls;objectives/anti-static/obfuscation/multi-layer::vbs-fragmented-frombase64string-call;micro-behaviors/data/control-flow/dispatch::run-zero-style-argument,"""""","{""arch"": null, ""for"": [""vbs""], ""platforms"": [""windows""]}"
wsh,objectives/command-and-control/dropper/execution/wsh::vbs-embedded-base64-script-dropper,composite,hostile,"VBScript decodes, writes, and launches embedded Base64 script",objectives/command-and-control/dropper/execution/wsh/downloader.yaml,micro-behaviors/data/encode/payload::vbs-appended-large-base64-payload;micro-behaviors/data/format/xml::msxml-node-typed-value;micro-behaviors/fs/write/stream::adodb-save-to-file;micro-behaviors/fs/write/content::ext-js;micro-behaviors/process/create/shell/script-host::wscript-shell-run-create,"""""","{""arch"": null, ""for"": [""vbs""], ""platforms"": [""windows""]}"
wsh,objectives/command-and-control/dropper/execution/wsh::wsh-high-byte-obfuscated-script,composite,suspicious,WSH high-byte script with obfuscation or hidden execution signals,objectives/command-and-control/dropper/execution/wsh/downloader.yaml,metadata/file/data-blob::high-byte-script-text;wsh-variable-run-call;wsh-long-variable-hidden-run-call;micro-behaviors/process/interpreter/eval/direct::vbs-execute-statement;objectives/anti-static/obfuscation/string/fragmentation::script-host-line-bloat;objectives/anti-static/obfuscation/string/fragmentation::vbs-many-long-tokens,"""""","{""arch"": null, ""for"": [""vbs""], ""platforms"": [""windows""]}"
wsh,objectives/command-and-control/dropper/execution/wsh::wsh-obfuscated-temp-script-dropper,composite,hostile,"WSH decodes, writes, and runs a hidden temp script",objectives/command-and-control/dropper/execution/wsh/downloader.yaml,wsh-vbs-xor-payload-decode;micro-behaviors/fs/write/content::create-text-file-api;objectives/anti-static/obfuscation/wsh::vbs-createobject-variable-arg;objectives/execution/interpreter/vbscript/loader::execute-variable;micro-behaviors/data/control-flow/dispatch::run-zero-style-argument,"""""","{""arch"": null, ""for"": [""vbs""], ""platforms"": [""windows""]}"
wsh,objectives/command-and-control/dropper/execution/wsh::wsh-obfuscated-encoded-script-stager,composite,hostile,"Obfuscated VBScript decodes, stages, and runs a hidden script",objectives/command-and-control/dropper/execution/wsh/downloader.yaml,wsh-vbs-xor-charcode;objectives/anti-static/obfuscation/wsh::vbs-createobject-variable-arg;micro-behaviors/fs/write/stream::wsh-savetofile;micro-behaviors/data/control-flow/dispatch::run-zero-style-argument;objectives/anti-static/obfuscation/string/fragmentation::script-host-line-bloat;micro-behaviors/fs/write/content::create-text-file-api;micro-behaviors/fs/write/stream::adodb-save-to-file-observed,"""""","{""arch"": null, ""for"": [""vbs""], ""platforms"": [""windows""]}"
wsh,objectives/command-and-control/dropper/execution/wsh::wsh-obfuscated-cint-encoded-script-stager,composite,hostile,Obfuscated VBScript stages a hidden script,objectives/command-and-control/dropper/execution/wsh/downloader.yaml,wsh-vbs-hex-charcode-decoder;objectives/anti-static/obfuscation/wsh::vbs-createobject-variable-arg;micro-behaviors/fs/write/stream::wsh-savetofile;micro-behaviors/data/control-flow/dispatch::run-zero-style-argument;objectives/anti-static/obfuscation/string/fragmentation::script-host-line-bloat;micro-behaviors/fs/write/stream::adodb-save-to-file-observed,"""""","{""arch"": null, ""for"": [""vbs""], ""platforms"": [""windows""]}"
wsh,objectives/command-and-control/dropper/execution/wsh::wsh-vbs-xor-payload-decode,composite,suspicious,WSH XOR-decodes numeric text,objectives/command-and-control/dropper/execution/wsh/downloader.yaml,wsh-vbs-xor-charcode;wsh-vbs-xor-modulo-key,"""""","{""arch"": null, ""for"": [""vbs""], ""platforms"": [""windows""]}"
wsh,objectives/command-and-control/dropper/execution/wsh::wsh-hidden-powershell-runner,composite,hostile,WSH launches PowerShell with a hidden window,objectives/command-and-control/dropper/execution/wsh/downloader.yaml,micro-behaviors/os/com/automation::wscript-shell-literal;micro-behaviors/process/create/shell/wsh::wsh-run-hidden-async-statement;micro-behaviors/process/create/shell/command-flag::powershell-flagged-command-line;micro-behaviors/process/create/flags::powershell-policy-bypass-argument;objectives/execution/interpreter/script/wsh::execution-policy-bypass;objectives/execution/interpreter/script/wsh::execution-policy-bypass-flag,"""""","{""arch"": null, ""for"": [""vbs""], ""platforms"": [""windows""]}"
wsh,objectives/command-and-control/dropper/execution/wsh::vbs-webclient-iex-stager,composite,hostile,VBScript downloads PowerShell text and evaluates it,objectives/command-and-control/dropper/execution/wsh/downloader.yaml,micro-behaviors/process/create/shell/command-flag::powershell-flagged-command-line;micro-behaviors/communications/http/lib/invoke-webrequest::webclient-downloadstring;micro-behaviors/process/interpreter/eval/direct::embedded-powershell-iex-alias,"""""","{""arch"": null, ""for"": [""vbs""], ""platforms"": [""windows""]}"
wsh,objectives/command-and-control/dropper/execution/wsh::wsh-unc-exe-hidden-run-dropper,composite,hostile,WSH hidden UNC EXE dropper,objectives/command-and-control/dropper/execution/wsh/downloader.yaml,micro-behaviors/os/com/automation::wscript-shell-literal;micro-behaviors/data/control-flow/dispatch::run-zero-style-argument;micro-behaviors/fs/path/application/executable::unc-exe-path-reference,"""""","{""arch"": null, ""for"": [""html"", ""vbs""], ""platforms"": [""windows""]}"
wsh,objectives/command-and-control/dropper/execution/wsh::wsh-copy-unc-exe-dropper,composite,hostile,WSH copies UNC EXE dropper,objectives/command-and-control/dropper/execution/wsh/downloader.yaml,wsh-filesystemobject-ref;wsh-temp-expand;micro-behaviors/fs/file/copy::fso-copyfile-text;micro-behaviors/fs/path/application/executable::unc-exe-path-reference;micro-behaviors/data/control-flow/dispatch::run-zero-style-argument,"""""","{""arch"": null, ""for"": [""html"", ""vbs""], ""platforms"": [""windows""]}"
wsh,objectives/command-and-control/dropper/execution/wsh::wsh-xmlhttp-adodb-execute-dropper,composite,hostile,WSH downloads saves and executes,objectives/command-and-control/dropper/execution/wsh/downloader.yaml,micro-behaviors/communications/http/client/xmlhttp::activex-http-progid;wsh-adodb-stream-ref;micro-behaviors/communications/http/client/response-body::javascript-response-body;micro-behaviors/fs/write/stream::wsh-savetofile;micro-behaviors/process/create/shell/wsh::wscript-shell-process-run;micro-behaviors/data/control-flow/dispatch::run-zero-style-argument,"""""","{""arch"": null, ""for"": [""vbs""], ""platforms"": [""windows""]}"
wsh,objectives/command-and-control/dropper/execution/wsh::wsh-http-stream-save-run-dropper,composite,hostile,WSH HTTP response saved to disk and executed,objectives/command-and-control/dropper/execution/wsh/downloader.yaml,micro-behaviors/communications/http/client/xmlhttp::activex-http-progid;micro-behaviors/communications/http/client/vba::http-open-send;micro-behaviors/fs/write/file/stream::adodb-stream;micro-behaviors/fs/write/stream::wsh-savetofile;micro-behaviors/process/create/shell/wsh::wscript-shell-process-run,"""""","{""arch"": null, ""for"": [""vbs""], ""platforms"": [""windows""]}"
wsh,objectives/command-and-control/dropper/execution/wsh::js-obfuscated-wsh-download-save-run,composite,hostile,Obfuscated WSH remote binary download save and hidden execution,objectives/command-and-control/dropper/execution/wsh/downloader.yaml,micro-behaviors/data/decode/custom::js-offset-array-fromcharcode-decode;objectives/anti-static/obfuscation/syntax::js-computed-constructor-from-numeric-decoder;js-computed-sync-com-method;js-computed-stream-save-overwrite;js-computed-hidden-run,"""""","{""arch"": null, ""for"": [""javascript""], ""platforms"": [""windows""]}"
wsh,objectives/command-and-control/dropper/execution/wsh::js-obfuscated-wsh-binary-stage,composite,hostile,Obfuscated WSH binary stream staging,objectives/command-and-control/dropper/execution/wsh/downloader.yaml,js-computed-stream-save-overwrite;micro-behaviors/data/decode/custom::js-offset-array-fromcharcode-decode;objectives/anti-static/obfuscation/syntax::js-computed-constructor-from-numeric-decoder;js-computed-sync-com-method,"""""","{""arch"": null, ""for"": [""javascript""], ""platforms"": [""windows""]}"
wsh,objectives/command-and-control/dropper/execution/wsh::wsh-obfuscated-xor-save-run,composite,hostile,WSH XOR decoded save and run,objectives/command-and-control/dropper/execution/wsh/downloader.yaml,wsh-hex-decode-loop;wsh-xor-decode-loop;wsh-decoded-createobject;micro-behaviors/communications/http/client/response-body::javascript-response-body;micro-behaviors/fs/write/stream::wsh-savetofile;micro-behaviors/data/control-flow/dispatch::run-zero-style-argument,"""""","{""arch"": null, ""for"": [""html"", ""vbs""], ""platforms"": [""windows""]}"
wsh,objectives/command-and-control/dropper/execution/wsh::wsh-xor-downloaded-payload-run,composite,hostile,WSH downloads XOR payload and runs it,objectives/command-and-control/dropper/execution/wsh/downloader.yaml,micro-behaviors/communications/http/client/response-body::javascript-response-body;wsh-responsebody-pk-check;wsh-vbs-xor-payload-decode;micro-behaviors/data/control-flow/dispatch::run-call-expression-argument;objectives/anti-static/obfuscation/wsh::vbs-createobject-variable-arg;micro-behaviors/process/create/shell/wsh::wscript-shell-process-run,"""""","{""arch"": null, ""for"": [""vbs""], ""platforms"": [""windows""]}"
wsh,objectives/command-and-control/dropper/execution/wsh::wsh-embedded-pe-write,composite,suspicious,WSH reconstructs and writes embedded PE,objectives/command-and-control/dropper/execution/wsh/downloader.yaml,micro-behaviors/data/format/executable/header::script-hex-pe-assignment;micro-behaviors/os/com/automation::filesystemobject-constructor;micro-behaviors/fs/write/content::create-text-file-api;micro-behaviors/data/decode/hex::vbscript-hex-pair-byte-conversion;micro-behaviors/data/decode/hex::js-hex-charcode-decoder,"""""","{""arch"": null, ""for"": [""html"", ""vbs"", ""javascript""], ""platforms"": [""windows""]}"
wsh,objectives/command-and-control/dropper/execution/wsh::wsh-embedded-pe-dropper,composite,hostile,WSH writes and launches embedded PE,objectives/command-and-control/dropper/execution/wsh/downloader.yaml,wsh-embedded-pe-write;micro-behaviors/process/create/shell/script-host::wscript-shell-run-create;micro-behaviors/process/create/shell/wsh::wscript-shell-process-run,"""""","{""arch"": null, ""for"": [""html"", ""vbs"", ""javascript""], ""platforms"": [""windows""]}"
wsh,objectives/command-and-control/dropper/execution/wsh::wsh-hidden-embedded-pe-dropper,composite,hostile,WSH launches embedded PE hidden,objectives/command-and-control/dropper/execution/wsh/downloader.yaml,wsh-embedded-pe-dropper;micro-behaviors/data/control-flow/dispatch::run-zero-style-argument,"""""","{""arch"": null, ""for"": [""html"", ""vbs"", ""javascript""], ""platforms"": [""windows""]}"
wsh,objectives/command-and-control/dropper/execution/wsh::wsh-embedded-pe-adodb-runner,composite,hostile,WSH embedded PE staged through ADODB stream,objectives/command-and-control/dropper/execution/wsh/downloader.yaml,objectives/anti-static/obfuscation/payload/encoded::base64-pe-header;objectives/execution/interpreter/script/wsh::wsh-adodb-stream-binary;micro-behaviors/os/com/automation::wscript-shell-literal,"""""","{""arch"": null, ""for"": [""vbs""], ""platforms"": [""windows""]}"
wsh,objectives/command-and-control/dropper/execution/wsh::wsh-obfuscated-hidden-runner,composite,hostile,Obfuscated WSH hidden command runner,objectives/command-and-control/dropper/execution/wsh/downloader.yaml,micro-behaviors/os/com/automation::wscript-shell-literal;wsh-variable-run-call;micro-behaviors/process/create/shell/wsh::wscript-shell-process-run;wsh-high-byte-obfuscated-script;objectives/anti-static/obfuscation/string/fragmentation::script-host-line-bloat;micro-behaviors/data/control-flow/dispatch::run-zero-style-argument;objectives/execution/wmi::wmi-process-spawn;objectives/execution/interpreter/script/wsh::powershell-bypass-hidden,"""""","{""arch"": null, ""for"": [""html"", ""vbs""], ""platforms"": [""windows""]}"
wsh,objectives/command-and-control/dropper/execution/wsh::wsh-bloated-hidden-script-runner,composite,hostile,WSH bloated hidden script runner,objectives/command-and-control/dropper/execution/wsh/downloader.yaml,micro-behaviors/os/com/automation::wscript-shell-literal;objectives/anti-static/obfuscation/string/fragmentation::script-host-line-bloat;micro-behaviors/process/create/shell/wsh::wscript-shell-process-run;wsh-high-byte-obfuscated-script;micro-behaviors/data/control-flow/dispatch::run-zero-style-argument;objectives/execution/wmi::wmi-hidden-variable-process-create,"""""","{""arch"": null, ""for"": [""vbs""], ""platforms"": [""windows""]}"
wsh,objectives/command-and-control/dropper/execution/wsh::wsh-obfuscated-variable-command-runner,composite,hostile,WSH obfuscated variable command runner,objectives/command-and-control/dropper/execution/wsh/downloader.yaml,micro-behaviors/os/com/automation::wscript-shell-literal;wsh-high-byte-obfuscated-script;wsh-variable-run-call;wsh-long-variable-hidden-run-call,"""""","{""arch"": null, ""for"": [""vbs""], ""platforms"": [""windows""]}"
wsh,objectives/command-and-control/dropper/execution/wsh::wsh-hidden-powershell-pe-stage,composite,hostile,WSH launches hidden PowerShell around embedded PE stage,objectives/command-and-control/dropper/execution/wsh/downloader.yaml,objectives/anti-static/obfuscation/payload/encoded::base64-pe-header;objectives/execution/interpreter/script/wsh::powershell-bypass-hidden;micro-behaviors/os/com/automation::wscript-shell-literal;micro-behaviors/data/control-flow/dispatch::run-zero-style-argument;objectives/execution/wmi::wmi-process-spawn;micro-behaviors/fs/write/file/stream::adodb-stream,"""""","{""arch"": null, ""for"": [""vbs""], ""platforms"": [""windows""]}"
wsh,objectives/command-and-control/dropper/execution/wsh::wsh-obfuscated-hidden-activex-runner,composite,hostile,WSH obfuscated hidden ActiveX runner,objectives/command-and-control/dropper/execution/wsh/downloader.yaml,micro-behaviors/data/control-flow/dispatch::run-zero-style-argument;micro-behaviors/process/create/shell/wsh::wscript-shell-process-run;objectives/anti-static/obfuscation/wsh::vbs-execute-concat-code;objectives/execution/activex/xslt::xslt-shell-exec-call;micro-behaviors/process/io/wsh::wsh-process-output-readall,"""""","{""arch"": null, ""for"": [""html"", ""vbs""], ""platforms"": [""windows""]}"
wsh,objectives/command-and-control/dropper/execution/wsh::wsh-msxml-xor-dynamic-code-loader,composite,hostile,WSH executes XOR-decoded MSXML script bytes,objectives/command-and-control/dropper/execution/wsh/downloader.yaml,micro-behaviors/process/interpreter/eval/direct::executeglobal-variable;wsh-vbs-repeating-key-xor-loop;micro-behaviors/data/format/xml::msxml-node-typed-value,"""""","{""arch"": null, ""for"": [""vbs""], ""platforms"": [""windows""]}"
wsh,objectives/command-and-control/dropper/execution/wsh::vbs-temp-cmd-fileless-powershell-dropper,composite,hostile,VBS drops temp CMD with PowerShell IRM eval and launches hidden,objectives/command-and-control/dropper/execution/wsh/downloader.yaml,micro-behaviors/os/com/automation::filesystemobject-progid;micro-behaviors/fs/write/content::create-script-file;objectives/command-and-control/dropper/execution/fileless::ps-irm-pipeline-eval;micro-behaviors/os/com/automation::shell-application-progid;micro-behaviors/process/create/shell/wsh::shellexecute-hidden-showcmd,"""""","{""arch"": null, ""for"": [""vbs""], ""platforms"": [""windows""]}"
wsh,objectives/command-and-control/dropper/execution/wsh::wsh-hidden-powershell-xor-loader,composite,hostile,WSH hidden PowerShell XOR loader,objectives/command-and-control/dropper/execution/wsh/downloader.yaml,micro-behaviors/data/control-flow/dispatch::run-zero-style-argument;wsh-split-powershell-path;wsh-split-frombase64string;wsh-split-bxor-loop;wsh-comspec-iex-fragment;micro-behaviors/process/create/shell/wsh::wscript-shell-process-run,"""""","{""arch"": null, ""for"": [""vbs""], ""platforms"": [""windows""]}"
wsh,objectives/command-and-control/dropper/execution/wsh::wsh-marker-obfuscated-powershell-runner,composite,hostile,WSH cleans marker-obfuscated PowerShell decoding before hidden execution,objectives/command-and-control/dropper/execution/wsh/downloader.yaml,micro-behaviors/data/control-flow/dispatch::run-zero-style-argument;wsh-marker-cleanup;wsh-split-bxor-loop;wsh-split-powershell-path;wsh-split-frombase64string;wsh-comspec-iex-fragment,"""""","{""arch"": null, ""for"": [""vbs""], ""platforms"": [""windows""]}"
wsh,objectives/command-and-control/dropper/execution/wsh::vbs-chunked-hidden-command-loader,composite,hostile,VBScript reconstructs encoded command fragments before hidden execution,objectives/command-and-control/dropper/execution/wsh/downloader.yaml,objectives/anti-static/obfuscation/multi-layer::vbs-base64-fragment-helper-calls;micro-behaviors/data/control-flow/dispatch::run-zero-style-argument;objectives/anti-static/obfuscation/string/concat::vbs-createobject-concat,"""""","{""arch"": null, ""for"": [""vbs""], ""platforms"": [""windows""]}"
wsh,objectives/command-and-control/dropper/execution/wsh::wsh-adodb-stream-ref,composite,component,WSH ADODB Stream reference,objectives/command-and-control/dropper/execution/wsh/downloader.yaml,micro-behaviors/os/com/automation::html-adodb-stream-progid-reference;micro-behaviors/process/create/macro/office::createobject-adodb-stream;micro-behaviors/communications/http/download/wsh::adodb-stream-object,"""""","{""arch"": null, ""for"": [""html"", ""vbs""], ""platforms"": [""windows""]}"
wsh,objectives/command-and-control/dropper/execution/wsh::wsh-filesystemobject-ref,composite,component,WSH FileSystemObject reference,objectives/command-and-control/dropper/execution/wsh/downloader.yaml,wsh-filesystemobject-html;micro-behaviors/process/create/macro/office::createobject-scripting-fso,"""""","{""arch"": null, ""for"": [""html"", ""vbs""], ""platforms"": [""windows""]}"
wsh,objectives/command-and-control/dropper/execution/wsh::wsh-xmlhttp-fso-execute-dropper,composite,hostile,WSH downloads via XMLHTTP writes via FSO and executes,objectives/command-and-control/dropper/execution/wsh/downloader.yaml,micro-behaviors/communications/http/client/xmlhttp::activex-http-progid;micro-behaviors/os/com/automation::filesystemobject-progid;micro-behaviors/fs/write/content::create-text-file-api;micro-behaviors/data/control-flow/dispatch::run-zero-number-argument,"""""","{""arch"": null, ""for"": [""javascript"", ""vbs""], ""platforms"": [""windows""]}"
wsh,objectives/command-and-control/dropper/execution/wsh::vbs-obfuscated-hidden-shellexecute,composite,hostile,Obfuscated VBScript launches hidden ShellExecute process,objectives/command-and-control/dropper/execution/wsh/downloader.yaml,micro-behaviors/os/com/automation::shell-application-progid;micro-behaviors/process/create/shell/wsh::shellexecute-method-call;micro-behaviors/process/create/shell/wsh::shellexecute-hidden-showcmd;micro-behaviors/process/create/shell/wsh::wscript-shell-run;objectives/anti-static/obfuscation/wsh::vbs-execute-concat-code,"""""","{""arch"": null, ""for"": [""vbs""], ""platforms"": [""windows""]}"
wsh,objectives/command-and-control/dropper/execution/wsh::vbs-assembled-interpreter-hidden-shellexecute,composite,hostile,VBScript assembles interpreter name for hidden execution,objectives/command-and-control/dropper/execution/wsh/downloader.yaml,wsh-assembled-executable-name;micro-behaviors/os/com/automation::shell-application-progid;micro-behaviors/process/create/shell/wsh::shellexecute-hidden-showcmd,"""""","{""arch"": null, ""for"": [""vbs""], ""platforms"": [""windows""]}"
wsh,objectives/command-and-control/dropper/execution/wsh::vbs-embedded-archive-execute-dropper,composite,hostile,VBScript extracts an embedded archive and executes its payload,objectives/command-and-control/dropper/execution/wsh/downloader.yaml,micro-behaviors/os/com/automation::copyhere-method;micro-behaviors/fs/write/stream::wsh-savetofile;micro-behaviors/process/create/shell/wsh::shellexecute-method-call;micro-behaviors/fs/write/content::create-text-file-api;objectives/anti-static/obfuscation/payload/encrypted::concealed-encoded-region-in-source;metadata/document/html/;well-known/app/;well-known/lib/,"""""","{""arch"": null, ""for"": [""vbs""], ""platforms"": [""windows""]}"
wsh,objectives/command-and-control/dropper/execution/wsh::vbs-hidden-powershell-base64-stager,composite,hostile,VBScript hides policy-bypassed PowerShell Base64 staging,objectives/command-and-control/dropper/execution/wsh/downloader.yaml,micro-behaviors/os/com/automation::wscript-shell-literal;micro-behaviors/data/decode/base64::powershell-frombase64string;micro-behaviors/data/control-flow/dispatch::run-zero-style-argument;micro-behaviors/process/create/shell/command-flag::powershell-flagged-command-line;objectives/execution/interpreter/script/wsh::execution-policy-bypass;micro-behaviors/process/create/flags::powershell-policy-bypass-argument,"""""","{""arch"": null, ""for"": [""vbs""], ""platforms"": [""windows""]}"
wsh,objectives/command-and-control/dropper/execution/wsh::vbs-http-hidden-powershell-stage,composite,hostile,VBS HTTP fetch then hidden PowerShell,objectives/command-and-control/dropper/execution/wsh/downloader.yaml,micro-behaviors/communications/http/client/xmlhttp::activex-http-progid;micro-behaviors/data/control-flow/dispatch::run-zero-style-argument;micro-behaviors/process/create/shell/command-flag::powershell-flagged-command-line,"""""","{""arch"": null, ""for"": [""vbs""], ""platforms"": [""windows""]}"
wsh,objectives/command-and-control/dropper/execution/wsh::vbs-assembled-shell-method-loader,composite,hostile,VBScript evaluates an assembled WSH shell method,objectives/command-and-control/dropper/execution/wsh/downloader.yaml,micro-behaviors/os/com/automation::wscript-shell-literal;micro-behaviors/process/create/shell/wsh::vbs-execute-assembled-shell-method;objectives/anti-static/obfuscation/wsh::vbs-execute-concat-code;metadata/signed/certificate/signature::sig-comment-authenticode-marker,"""""","{""arch"": null, ""for"": [""vbs""], ""platforms"": [""windows""]}"
wsh,objectives/command-and-control/dropper/execution/wsh::wscript-hidden-shell-command,composite,hostile,WScript shell runs cmd or PowerShell hidden,objectives/command-and-control/dropper/execution/wsh/downloader.yaml,micro-behaviors/os/com/automation::wscript-shell-literal;wsh-hidden-run-shell-command,"""""","{""arch"": null, ""for"": [""xml"", ""html"", ""vbs"", ""javascript""], ""platforms"": [""windows""]}"
wsh,objectives/command-and-control/dropper/execution/wsh::vbs-ampersand-remote-assembly-stager,composite,hostile,Ampersand-obfuscated VBScript fetches and reflectively loads a payload,objectives/command-and-control/dropper/execution/wsh/downloader.yaml,objectives/anti-static/obfuscation/wsh::vbs-ampersand-strip-replace;objectives/anti-static/obfuscation/wsh::vbs-ampersand-invoke-webrequest;objectives/anti-static/obfuscation/wsh::vbs-ampersand-assembly-loadfile;micro-behaviors/data/control-flow/dispatch::run-zero-style-argument,"""""","{""arch"": null, ""for"": [""vbs""], ""platforms"": [""windows""]}"
wsh,objectives/command-and-control/dropper/execution/wsh::wsh-xmlhttp-response-execute-downloader,composite,hostile,WSH executes downloaded script text in memory,objectives/command-and-control/dropper/execution/wsh/downloader.yaml,micro-behaviors/communications/http/client/xmlhttp::activex-http-progid;micro-behaviors/communications/http/client/vba::http-open-send;micro-behaviors/communications/http/client/response-body::response-text;micro-behaviors/process/interpreter/eval/direct::executeglobal-variable,"""""","{""arch"": null, ""for"": [""vbs""], ""platforms"": [""windows""]}"
wsh,objectives/command-and-control/dropper/execution/wsh::wsh-reversed-shell-remote-run,composite,hostile,Reversed WScript.Shell runs a remote URL,objectives/command-and-control/dropper/execution/wsh/downloader.yaml,objectives/anti-static/obfuscation/string/reverse::reversed-wscript-shell-progid;micro-behaviors/process/create/shell/wsh::wsh-run-url-argument;micro-behaviors/data/string/reverse::strreverse-invocation,"""""","{""arch"": null, ""for"": [""html"", ""vbs""], ""platforms"": [""windows""]}"
wsh,objectives/command-and-control/dropper/execution/wsh::vbs-reversed-function-shellexecute-downloader,composite,hostile,Obfuscated VBScript builds ShellExecute arguments through reversing helpers,objectives/command-and-control/dropper/execution/wsh/downloader.yaml,wsh-reverse-character-function;wsh-shellexecute-nested-function-arguments;micro-behaviors/os/com/automation::shell-application-progid;micro-behaviors/process/create/shell/wsh::shellexecute-method-call;micro-behaviors/data/decode/custom::mid-single-character-extraction,"""""","{""arch"": null, ""for"": [""vbs""], ""platforms"": [""windows""]}"
wsh,objectives/command-and-control/dropper/execution/wsh::js-obfuscated-activex-powershell-launch,composite,hostile,Obfuscated JScript launches an embedded PowerShell command through ActiveX,objectives/command-and-control/dropper/execution/wsh/downloader.yaml,micro-behaviors/process/interpreter/jscript::activex-object;micro-behaviors/os/com/automation::shell-application-progid;micro-behaviors/process/interpreter/eval/direct::embedded-powershell-iex-alias;micro-behaviors/os/com/automation::activex-obfuscated-progid;objectives/anti-static/obfuscation/obfuscator/js-obfuscator::hex-function-names;objectives/anti-static/obfuscation/obfuscator/js-obfuscator::hex-variable-names,"""""","{""arch"": null, ""for"": [""javascript""], ""platforms"": [""windows""]}"
wsh,objectives/command-and-control/dropper/execution/wsh::wsh-scheduled-ads-target,atomic,suspicious,Scheduled WSH action targets ADS in TEMP,objectives/command-and-control/dropper/execution/wsh/gammaload.yaml,,"{""regex"": ""(?i)(%TEMP%|%TMP%|\\\\Temp\\\\)[^\""\\r\\n]{0,120}:[A-Za-z0-9_$.-]{1,64}"", ""type"": ""text""}","{""arch"": null, ""for"": [""vbs""], ""platforms"": [""windows""]}"
wsh,objectives/command-and-control/dropper/execution/wsh::wsh-minute-task-trigger,atomic,suspicious,Scheduled task uses minute trigger,objectives/command-and-control/dropper/execution/wsh/gammaload.yaml,,"{""regex"": ""(?i)/sc\\s+minute\\b"", ""type"": ""text""}","{""arch"": null, ""for"": [""vbs""], ""platforms"": [""windows""]}"
wsh,objectives/command-and-control/dropper/execution/wsh::wsh-short-interval-value,atomic,suspicious,Scheduled task uses short interval,objectives/command-and-control/dropper/execution/wsh/gammaload.yaml,,"{""regex"": ""(?i)/mo\\s+([1-9]|[1-5][0-9])\\b"", ""type"": ""text""}","{""arch"": null, ""for"": [""vbs""], ""platforms"": [""windows""]}"
wsh,objectives/command-and-control/dropper/execution/wsh::wsh-ads-scheduled-loader,composite,hostile,WSH stages code in an ADS for recurring execution,objectives/command-and-control/dropper/execution/wsh/gammaload.yaml,micro-behaviors/fs/path/stream::ntfs-ads-path-source;micro-behaviors/fs/write/file/stream::savetofile-method-token;micro-behaviors/os/autorun/scheduled::schtasks-create-cmd;micro-behaviors/os/autorun/scheduled::schtasks-action-argument;wsh-scheduled-ads-target;wsh-minute-task-trigger;wsh-short-interval-value,"""""","{""arch"": null, ""for"": [""vbs""], ""platforms"": [""windows""]}"
wsh,objectives/command-and-control/dropper/execution/wsh::iso-wsh-rundll32-dat-loader,composite,hostile,ISO WSH launches DAT PE by ordinal,objectives/command-and-control/dropper/execution/wsh/iso.yaml,metadata/file/format/iso/structure::primary-volume-descriptor;metadata/file/format/iso/payload::iso-wsh-shell-run;metadata/file/format/iso/payload::iso-wsh-rundll-prefix;metadata/file/format/iso/payload::iso-wsh-dat-ordinal-launch,"""""","{""arch"": null, ""for"": [""iso"", ""data""], ""platforms"": [""windows""]}"
wsh,objectives/command-and-control/dropper/execution/wsh::vbs-scheduled-task-powershell-stage-loader,composite,hostile,VBScript persists and immediately launches an AppData PowerShell stage,objectives/command-and-control/dropper/execution/wsh/scheduled-powershell.yaml,objectives/persistence/login/scheduled-task/com::vbs-short-interval-user-script-task;objectives/execution/interpreter/script/wsh::execution-policy-bypass;micro-behaviors/data/control-flow/dispatch::run-zero-style-argument,"""""","{""arch"": null, ""for"": [""vbs""], ""platforms"": [""windows""]}"
wsh,objectives/command-and-control/dropper/execution/wsh::wsh-script-drop-hidden-wmi-launch,composite,hostile,WSH drops script for hidden WMI launch,objectives/command-and-control/dropper/execution/wsh/wmi-hidden-script.yaml,micro-behaviors/os/com/automation::filesystemobject-progid;micro-behaviors/fs/write/content::create-script-file;objectives/execution/wmi::wmi-hidden-four-argument-process-create,"""""","{""arch"": null, ""for"": [""javascript""], ""platforms"": [""windows""]}"
wsh,objectives/command-and-control/dropper/execution/wsh::xml-wsh-powershell-policy-bypass,atomic,suspicious,PowerShell bypass launch command,objectives/command-and-control/dropper/execution/wsh/xml-loader.yaml,,"{""regex"": ""(?i)\\bpowershell(\\.exe)?\\\\x20-nop\\\\x20-ep\\\\x20bypass\\\\x20-file\\b"", ""type"": ""text""}","{""arch"": null, ""for"": [""xml""], ""platforms"": [""windows""]}"
wsh,objectives/command-and-control/dropper/execution/wsh::xml-wsh-powershell-stage-file-marker,atomic,component,PowerShell script filename marker,objectives/command-and-control/dropper/execution/wsh/xml-loader.yaml,,"{""substr"": "".ps1"", ""type"": ""text""}","{""arch"": null, ""for"": [""xml""], ""platforms"": [""windows""]}"
wsh,objectives/command-and-control/dropper/execution/wsh::xml-wsh-download-url-field,atomic,notable,downloadUrl staging field,objectives/command-and-control/dropper/execution/wsh/xml-loader.yaml,,"{""regex"": ""downloadUrl\\s*[:=]"", ""type"": ""text""}","{""arch"": null, ""for"": [""xml""], ""platforms"": [""windows""]}"
wsh,objectives/command-and-control/dropper/execution/wsh::xml-wsh-temp-folder-stage,atomic,notable,tempFolder staging field,objectives/command-and-control/dropper/execution/wsh/xml-loader.yaml,,"{""substr"": ""tempFolder"", ""type"": ""text""}","{""arch"": null, ""for"": [""xml""], ""platforms"": [""windows""]}"
wsh,objectives/command-and-control/dropper/execution/wsh::xml-wsh-powershell-stage-file,composite,notable,WSH response is staged as a PowerShell script,objectives/command-and-control/dropper/execution/wsh/xml-loader.yaml,micro-behaviors/communications/http/client/response-body::response-text;xml-wsh-powershell-stage-file-marker,"""""","{""arch"": null, ""for"": [""xml""], ""platforms"": [""windows""]}"
wsh,objectives/command-and-control/dropper/execution/wsh::xml-wsh-obfuscated-http-download,composite,suspicious,Obfuscated ActiveX HTTP download in XML WSH,objectives/command-and-control/dropper/execution/wsh/xml-loader.yaml,micro-behaviors/os/com/automation::activex-obfuscated-progid;micro-behaviors/communications/http/client/response-body::response-text;xml-wsh-download-url-field;micro-behaviors/communications/http/get::xml-http-get-method-literal;objectives/command-and-control/infrastructure/domain/malicious::firebase-storage,"""""","{""arch"": null, ""for"": [""xml""], ""platforms"": [""windows""]}"
wsh,objectives/command-and-control/dropper/execution/wsh::xml-wsh-http-client,composite,notable,XML WSH HTTP download client,objectives/command-and-control/dropper/execution/wsh/xml-loader.yaml,micro-behaviors/communications/http/client/xmlhttp::msxml-xmlhttp-progid-text;xml-wsh-obfuscated-http-download,"""""","{""arch"": null, ""for"": [""xml""], ""platforms"": [""windows""]}"
wsh,objectives/command-and-control/dropper/execution/wsh::xml-wsh-stage-write,composite,notable,XML WSH stages downloaded content to disk,objectives/command-and-control/dropper/execution/wsh/xml-loader.yaml,micro-behaviors/fs/write/content::create-text-file-api;xml-wsh-temp-folder-stage,"""""","{""arch"": null, ""for"": [""xml""], ""platforms"": [""windows""]}"
wsh,objectives/command-and-control/dropper/execution/wsh::xml-xslt-jscript-com-script-dropper,composite,hostile,XSLT-hosted JScript combines COM download and script-file creation,objectives/command-and-control/dropper/execution/wsh/xml-loader.yaml,micro-behaviors/process/interpreter/jscript::activex-object-text;micro-behaviors/communications/http/client/xmlhttp::msxml-xmlhttp-progid-text;micro-behaviors/os/com/automation::wscript-shell-literal;micro-behaviors/fs/write/content::create-text-file-api;micro-behaviors/fs/write/content::create-script-file;micro-behaviors/process/interpreter/scripting/jscript::xslt-jscript-language,"""""","{""arch"": null, ""for"": [""xml""], ""platforms"": [""windows""]}"
wsh,objectives/command-and-control/dropper/execution/wsh::xml-wsh-script-file-loader,composite,hostile,XML WSH downloads and launches a PowerShell script stage,objectives/command-and-control/dropper/execution/wsh/xml-loader.yaml,xml-wsh-http-client;micro-behaviors/os/com/automation::wscript-shell-literal;xml-wsh-stage-write;xml-wsh-powershell-stage-file;xml-wsh-powershell-policy-bypass,"""""","{""arch"": null, ""for"": [""xml""], ""platforms"": [""windows""]}"
wsh-reconstruct,objectives/command-and-control/dropper/execution/wsh-reconstruct::vbs-decoded-object-dropper,composite,hostile,Decoded COM object writes a file,objectives/command-and-control/dropper/execution/wsh-reconstruct/computed-progid.yaml,micro-behaviors/os/com/automation::vbs-createobject-call-result;micro-behaviors/os/registry/write/wsh::wscript-regwrite;micro-behaviors/fs/write/content::create-text-file-method-name;micro-behaviors/fs/write/content::create-text-file-literal,"""""","{""arch"": null, ""for"": [""javascript"", ""vbs"", ""static-lib""], ""platforms"": [""windows""]}"
wsh-reconstruct,objectives/command-and-control/dropper/execution/wsh-reconstruct::jscript-dropper-marker,composite,component,JScript WSH dropper marker,objectives/command-and-control/dropper/execution/wsh-reconstruct/javascript.yaml,micro-behaviors/fs/write/file/stream::js-adodb-stream-create;micro-behaviors/process/script/wsh::wsh-adodb-download;micro-behaviors/process/create/shell/wsh::wscript-shell-run-obfuscated;objectives/execution/interpreter/script/wsh::wscript-process-execution,"""""","{""arch"": null, ""for"": [""javascript"", ""typescript""], ""platforms"": [""linux"", ""macos"", ""windows"", ""unix"", ""android"", ""ios""]}"
wsh-reconstruct,objectives/command-and-control/dropper/execution/wsh-reconstruct::obfuscated-jscript-dropper,composite,hostile,Obfuscated JScript dropper (conditional compilation + eval + string manip),objectives/command-and-control/dropper/execution/wsh-reconstruct/javascript.yaml,micro-behaviors/process/interpreter/scripting/jscript::jscript-cc-eval;micro-behaviors/data/string/split::js-split-string-property-access;metadata/file/line::source-lines-over-1000;metadata/lang/javascript-features::js-comma-sequence-count-5,"""""","{""arch"": null, ""for"": [""javascript"", ""typescript""], ""platforms"": [""linux"", ""macos"", ""windows"", ""unix"", ""android"", ""ios""]}"
wsh-reconstruct,objectives/command-and-control/dropper/execution/wsh-reconstruct::jscript-obfuscated-bat-dropper,composite,hostile,Obfuscated JScript dropper executing batch script,objectives/command-and-control/dropper/execution/wsh-reconstruct/javascript.yaml,micro-behaviors/process/interpreter/scripting/jscript::jscript-cc-on;micro-behaviors/process/create/script/file::batch-script-execution;objectives/anti-static/obfuscation/string/conceal::js-createobject-reversed;objectives/anti-static/obfuscation/string/conceal::js-adodb-savetofile-reversed;objectives/anti-static/obfuscation/string/conceal::js-xmlhttp-responsebody-reversed,"""""","{""arch"": null, ""for"": [""javascript"", ""typescript""], ""platforms"": [""linux"", ""macos"", ""windows"", ""unix"", ""android"", ""ios""]}"
wsh-reconstruct,objectives/command-and-control/dropper/execution/wsh-reconstruct::jscript-nemucod-dict-dropper,composite,hostile,Obfuscated JScript Dropper using dict array mapping,objectives/command-and-control/dropper/execution/wsh-reconstruct/javascript.yaml,micro-behaviors/data/encode/map::js-nested-object-table-mapping;micro-behaviors/process/interpreter/eval/direct::js-eval-raw,"""""","{""arch"": null, ""for"": [""javascript"", ""typescript""], ""platforms"": [""linux"", ""macos"", ""windows"", ""unix"", ""android"", ""ios""]}"
wsh-reconstruct,objectives/command-and-control/dropper/execution/wsh-reconstruct::jscript-split-join-dropper,composite,hostile,Obfuscated JScript Dropper using split/join substitution,objectives/command-and-control/dropper/execution/wsh-reconstruct/javascript.yaml,micro-behaviors/os/com/automation::wscript-host-object;micro-behaviors/process/interpreter/eval/direct::js-eval-raw;jscript-dropper-marker;objectives/anti-static/obfuscation/string/fragmentation::js-split-wrapper;objectives/anti-static/obfuscation/string/fragmentation::js-join-wrapper;objectives/anti-static/obfuscation/string/fragmentation::js-split-join-deobfuscation-dot,"""""","{""arch"": null, ""for"": [""javascript"", ""typescript""], ""platforms"": [""linux"", ""macos"", ""windows"", ""unix"", ""android"", ""ios""]}"
wsh-reconstruct,objectives/command-and-control/dropper/execution/wsh-reconstruct::js-comma-dropper,composite,hostile,Javascript dropper using useless comma operator obfuscation.,objectives/command-and-control/dropper/execution/wsh-reconstruct/javascript.yaml,metadata/lang/javascript-features::js-comma-sequence-count-5;micro-behaviors/process/interpreter/eval/direct::js-eval-raw;micro-behaviors/data/encode/map::js-string-dict-map;micro-behaviors/data/string/split::js-split-string-property-access,"""""","{""arch"": null, ""for"": [""javascript"", ""typescript""], ""platforms"": [""linux"", ""macos"", ""windows"", ""unix"", ""android"", ""ios""]}"
wsh-reconstruct,objectives/command-and-control/dropper/execution/wsh-reconstruct::jscript-obfuscated-http-dropper-self-delete,composite,hostile,Obfuscated JScript HTTP dropper with self-delete,objectives/command-and-control/dropper/execution/wsh-reconstruct/javascript.yaml,micro-behaviors/os/com/automation::wscript-host-object;micro-behaviors/process/interpreter/jscript::activex-object;micro-behaviors/data/encode/string::decimal-string-blob;micro-behaviors/data/control-flow/analysis::js-dynamic-method-call;micro-behaviors/fs/delete/file/self::js-self-delete-obfuscated,"""""","{""arch"": null, ""for"": [""javascript"", ""typescript""], ""platforms"": [""linux"", ""macos"", ""windows"", ""unix"", ""android"", ""ios""]}"
wsh-reconstruct,objectives/command-and-control/dropper/execution/wsh-reconstruct::nemucod-adodb-file-drop,composite,hostile,Nemucod ADODB.Stream File Drop (JS),objectives/command-and-control/dropper/execution/wsh-reconstruct/javascript.yaml,micro-behaviors/fs/write/file/stream::js-adodb-stream-create;micro-behaviors/fs/write/file/stream::js-adodb-stream-set-type;micro-behaviors/fs/write/file/stream::js-adodb-stream-write-responsebody;micro-behaviors/fs/write/file/stream::js-savetofile-dynamic-path-mode-2,"""""","{""arch"": null, ""for"": [""javascript"", ""typescript""], ""platforms"": [""linux"", ""macos"", ""windows"", ""unix"", ""android"", ""ios""]}"
wsh-reconstruct,objectives/command-and-control/dropper/execution/wsh-reconstruct::js-pe-mz-check-dropper,composite,hostile,JScript checking for PE MZ header,objectives/command-and-control/dropper/execution/wsh-reconstruct/javascript.yaml,micro-behaviors/data/format/executable/header::js-pe-mz-check;micro-behaviors/data/string/concat::massive-concatenation-chain,"""""","{""arch"": null, ""for"": [""javascript"", ""typescript""], ""platforms"": [""linux"", ""macos"", ""windows"", ""unix"", ""android"", ""ios""]}"
wsh-reconstruct,objectives/command-and-control/dropper/execution/wsh-reconstruct::jscript-cc-reverse-eval-dropper,composite,hostile,JScript CC block containing eval of reversed concatenation string,objectives/command-and-control/dropper/execution/wsh-reconstruct/javascript.yaml,micro-behaviors/process/interpreter/scripting/jscript::jscript-cc-on;micro-behaviors/process/interpreter/eval/direct::js-eval-raw;objectives/anti-static/obfuscation/string/reverse::js-reverse-string-obfuscation,"""""","{""arch"": null, ""for"": [""javascript""], ""platforms"": [""linux"", ""macos"", ""windows"", ""unix"", ""android"", ""ios""]}"
wsh-reconstruct,objectives/command-and-control/dropper/execution/wsh-reconstruct::obfuscated-jscript-dropper-composite,composite,hostile,Heavily obfuscated JScript dropper with anti-sandbox loop,objectives/command-and-control/dropper/execution/wsh-reconstruct/jscript-composite.yaml,obfuscated-payload-check;objectives/anti-analysis/sandbox-detect/loop::large-loop-counter;objectives/anti-static/obfuscation/control-flow/retry::retry-loop,"""""","{""arch"": null, ""for"": [""javascript""], ""platforms"": [""unix"", ""windows""]}"
wsh-reconstruct,objectives/command-and-control/dropper/execution/wsh-reconstruct::obfuscated-payload-check,composite,hostile,Obfuscated payload check (MZ header comparison),objectives/command-and-control/dropper/execution/wsh-reconstruct/jscript-composite.yaml,objectives/anti-static/obfuscation/syntax::comparison-to-obfuscated-property;objectives/anti-static/obfuscation/syntax::js-property-concatenation-obfuscation,"""""","{""arch"": null, ""for"": [""javascript""], ""platforms"": [""unix"", ""windows""]}"
wsh-reconstruct,objectives/command-and-control/dropper/execution/wsh-reconstruct::jscript-nested-dictionary-dropper,composite,hostile,Obfuscated JScript dropper using nested dictionary + conditional compilation,objectives/command-and-control/dropper/execution/wsh-reconstruct/nested-dictionary.yaml,micro-behaviors/process/interpreter/scripting/jscript::jscript-cc-on;objectives/anti-static/obfuscation/string/conceal::js-nested-dictionary-array-mapping;micro-behaviors/process/interpreter/eval/direct::js-eval-raw,"""""","{""arch"": null, ""for"": [""javascript""], ""platforms"": [""linux"", ""macos"", ""windows"", ""unix"", ""android"", ""ios""]}"
wsh-reconstruct,objectives/command-and-control/dropper/execution/wsh-reconstruct::vbs-hex-fragment-accumulator,atomic,suspicious,VBScript accumulates hex-encoded fragments,objectives/command-and-control/dropper/execution/wsh-reconstruct/vbs-msxml-stager.yaml,,"{""regex"": ""(?i)\\b[A-Za-z_]\\w*\\s*=\\s*[A-Za-z_]\\w*\\s*&\\s*[A-Za-z_]\\w*\\s*\\(\\s*[\""'][0-9a-f]{16,}[\""']\\s*\\)"", ""type"": ""text""}","{""arch"": null, ""for"": [""vbs"", ""html"", ""scripts"", ""mp3""], ""platforms"": [""windows""]}"
wsh-reconstruct,objectives/command-and-control/dropper/execution/wsh-reconstruct::vbs-chr-offset-decoder,atomic,suspicious,Chr of an identifier minus another,objectives/command-and-control/dropper/execution/wsh-reconstruct/vbs-msxml-stager.yaml,,"{""regex"": ""(?i)\\bChr[Ww]?\\s*\\(\\s*[A-Za-z_]\\w*\\s*-\\s*[A-Za-z_]\\w*\\s*\\)"", ""type"": ""text""}","{""arch"": null, ""for"": [""vbs"", ""html""], ""platforms"": [""windows""]}"
wsh-reconstruct,objectives/command-and-control/dropper/execution/wsh-reconstruct::vbs-five-digit-code-table,atomic,notable,Long run of five-digit numeric codes,objectives/command-and-control/dropper/execution/wsh-reconstruct/vbs-msxml-stager.yaml,,"{""regex"": ""\\d{5}\\s*,\\s*\\d{5}"", ""type"": ""text""}","{""arch"": null, ""for"": [""vbs"", ""html""], ""platforms"": [""windows""]}"
wsh-reconstruct,objectives/command-and-control/dropper/execution/wsh-reconstruct::obfuscated-hta-msxml-staged-payload,composite,hostile,Hidden HTA stages an obfuscated MSXML-decoded payload,objectives/command-and-control/dropper/execution/wsh-reconstruct/vbs-msxml-stager.yaml,metadata/file/format/markup::hta-application-element;objectives/evasion/process/hidden/execution::hta-taskbar-hidden;vbs-hex-fragment-accumulator;micro-behaviors/data/format/xml::msxml-node-typed-value;objectives/anti-static/obfuscation/wsh::vbs-createobject-variable-arg,"""""","{""arch"": null, ""for"": [""vbs"", ""mp3""], ""platforms"": [""windows""]}"
wsh-reconstruct,objectives/command-and-control/dropper/execution/wsh-reconstruct::vbs-chr-offset-hidden-launch,composite,hostile,Chr-offset string launches a hidden command,objectives/command-and-control/dropper/execution/wsh-reconstruct/vbs-msxml-stager.yaml,vbs-chr-offset-decoder;vbs-five-digit-code-table;micro-behaviors/data/control-flow/dispatch::run-zero-style-argument,"""""","{""arch"": null, ""for"": [""vbs"", ""html""], ""platforms"": [""windows""]}"
wsh-reconstruct,objectives/command-and-control/dropper/execution/wsh-reconstruct::split-decoded-vbs-execute-stage,composite,hostile,Split string table decoded and executed,objectives/command-and-control/dropper/execution/wsh-reconstruct/vbscript.yaml,objectives/execution/interpreter/vbscript/loader::execute-decoder-call;objectives/execution/interpreter/vbscript/interpreter::vbs-mid-power-slice;micro-behaviors/data/encode/char-code::chr-division-decoder,"""""","{""arch"": null, ""for"": [""vbs""], ""platforms"": [""windows""]}"
wsh-reconstruct,objectives/command-and-control/dropper/execution/wsh-reconstruct::xor-decoded-vbs-executeglobal-stage,composite,hostile,XOR-decoded stage executed in memory,objectives/command-and-control/dropper/execution/wsh-reconstruct/vbscript.yaml,micro-behaviors/process/interpreter/eval/direct::executeglobal-variable;objectives/command-and-control/dropper/execution/wsh::wsh-vbs-xor-modulo-key;micro-behaviors/process/interpreter/eval/direct::vbs-executeglobal,"""""","{""arch"": null, ""for"": [""vbs""], ""platforms"": [""windows""]}"
wsh-reconstruct,objectives/command-and-control/dropper/execution/wsh-reconstruct::obfuscated-vbscript-ipfs-dropper,composite,hostile,Obfuscated VBScript IPFS dropper,objectives/command-and-control/dropper/execution/wsh-reconstruct/vbscript.yaml,objectives/anti-static/obfuscation/string/delimiter::delimiter-packed-vbscript-stager;objectives/execution/interpreter/vbscript/wmi::hidden-wmi-powershell-stager;objectives/persistence/login/startup/folder::powershell-copyitem-self-to-startup;objectives/command-and-control/infrastructure/blockchain/ipfs::ipfs-gateway-hex-stager,"""""","{""arch"": null, ""for"": [""vbs""], ""platforms"": [""windows""]}"
wsh-reconstruct,objectives/command-and-control/dropper/execution/wsh-reconstruct::split-expand-env-chain,atomic,component,Split ExpandEnvironmentStrings fragment chain,objectives/command-and-control/dropper/execution/wsh-reconstruct/wsh-dropper.yaml,,"{""regex"": ""[\""']Expan[\""']\\)\\s*\\+\\s*[\""']dE[\""']\\s*\\+\\s*[\""']nv[\""']"", ""type"": ""text""}","{""arch"": null, ""for"": [""javascript"", ""vbs"", ""html""], ""platforms"": [""windows""]}"
wsh-reconstruct,objectives/command-and-control/dropper/execution/wsh-reconstruct::split-temp-env-chain,atomic,notable,Split %TEMP% environment fragment chain,objectives/command-and-control/dropper/execution/wsh-reconstruct/wsh-dropper.yaml,,"{""regex"": ""[\""']%[\""']\\s*\\+\\s*\\(.{0,48}[\""']TE[\""']\\)\\s*\\+\\s*[\""']MP%[\""']"", ""type"": ""text""}","{""arch"": null, ""for"": [""javascript"", ""vbs"", ""html""], ""platforms"": [""windows""]}"
wsh-reconstruct,objectives/command-and-control/dropper/execution/wsh-reconstruct::comma-activex-replace-shard,atomic,notable,Comma-sharded ActiveXObject constructor,objectives/command-and-control/dropper/execution/wsh-reconstruct/wsh-dropper.yaml,,"{""regex"": ""\""A\""\\+\""Rt\""\\+\\(.{0,160}\""i\""\\)\\+3\\+\""Ob\""\\+\""jec\\+\"""", ""type"": ""text""}","{""arch"": null, ""for"": [""javascript"", ""vbs"", ""html""], ""platforms"": [""windows""]}"
wsh-reconstruct,objectives/command-and-control/dropper/execution/wsh-reconstruct::comma-xmlhttp-replace-shard,atomic,notable,Comma-sharded XMLHTTP ProgID,objectives/command-and-control/dropper/execution/wsh-reconstruct/wsh-dropper.yaml,,"{""regex"": ""\""SX\""\\+\""ML\""\\+\\(.{0,80}\""2\\.\""\\)\\+\""XM\""\\+\""LHTT\"""", ""type"": ""text""}","{""arch"": null, ""for"": [""javascript"", ""vbs"", ""html""], ""platforms"": [""windows""]}"
wsh-reconstruct,objectives/command-and-control/dropper/execution/wsh-reconstruct::comma-wscript-replace-shard,atomic,notable,Comma-sharded WScript ProgID,objectives/command-and-control/dropper/execution/wsh-reconstruct/wsh-dropper.yaml,,"{""regex"": ""\""WU\""\\+\\(.{0,160}\""cr\""\\)\\+\\(.{0,160}\""ip\""\\)\\+\\(.{0,160}\""t:\""\\)"", ""type"": ""text""}","{""arch"": null, ""for"": [""javascript"", ""vbs"", ""html""], ""platforms"": [""windows""]}"
wsh-reconstruct,objectives/command-and-control/dropper/execution/wsh-reconstruct::replace-normalized-adodb-stream,atomic,notable,Replace-normalized ADODB.Stream,objectives/command-and-control/dropper/execution/wsh-reconstruct/wsh-dropper.yaml,,"{""substr"": ""\""A\""+\""lODB\""+\"".S\""+\""tr\"""", ""type"": ""text""}","{""arch"": null, ""for"": [""javascript"", ""vbs"", ""html""], ""platforms"": [""windows""]}"
wsh-reconstruct,objectives/command-and-control/dropper/execution/wsh-reconstruct::responsebody-skillful-shard,atomic,notable,ResponseBody assembled with shard variable,objectives/command-and-control/dropper/execution/wsh-reconstruct/wsh-dropper.yaml,,"{""regex"": ""\""R\""\\+\\(.{0,160}\""es\""\\)\\+\""pon\""\\+skillful"", ""type"": ""text""}","{""arch"": null, ""for"": [""javascript"", ""vbs"", ""html""], ""platforms"": [""windows""]}"
wsh-reconstruct,objectives/command-and-control/dropper/execution/wsh-reconstruct::savetofile-comma-shard,atomic,notable,SaveToFile comma-sharded method,objectives/command-and-control/dropper/execution/wsh-reconstruct/wsh-dropper.yaml,,"{""regex"": ""\""sav\""\\+\""eT\""\\+\""oF\""\\+\\(.{0,160}\""ile\""\\)"", ""type"": ""text""}","{""arch"": null, ""for"": [""javascript"", ""vbs"", ""html""], ""platforms"": [""windows""]}"
wsh-reconstruct,objectives/command-and-control/dropper/execution/wsh-reconstruct::temp-exe-comma-shard,atomic,notable,TEMP EXE comma-sharded path,objectives/command-and-control/dropper/execution/wsh-reconstruct/wsh-dropper.yaml,,"{""regex"": ""\""%\""\\+\""TE\""\\+\\(.{0,160}\""MP%\""\\).{0,160}\""\\.\""\\+\""exe\"""", ""type"": ""text""}","{""arch"": null, ""for"": [""javascript"", ""vbs"", ""html""], ""platforms"": [""windows""]}"
wsh-reconstruct,objectives/command-and-control/dropper/execution/wsh-reconstruct::singapore-delimiter-cleanup,atomic,notable,Singapore delimiter string cleanup,objectives/command-and-control/dropper/execution/wsh-reconstruct/wsh-dropper.yaml,,"{""substr"": ""split(\""singapore\"").join(\""\"")"", ""type"": ""text""}","{""arch"": null, ""for"": [""javascript"", ""vbs"", ""html""], ""platforms"": [""windows""]}"
wsh-reconstruct,objectives/command-and-control/dropper/execution/wsh-reconstruct::singapore-activex-shard,atomic,notable,Singapore-delimited ActiveXObject shard,objectives/command-and-control/dropper/execution/wsh-reconstruct/wsh-dropper.yaml,,"{""substr"": ""poreeXsingaporeObsingapore"", ""type"": ""text""}","{""arch"": null, ""for"": [""javascript"", ""vbs"", ""html""], ""platforms"": [""windows""]}"
wsh-reconstruct,objectives/command-and-control/dropper/execution/wsh-reconstruct::singapore-wscript-shard,atomic,notable,Singapore-delimited WScript.Shell shard,objectives/command-and-control/dropper/execution/wsh-reconstruct/wsh-dropper.yaml,,"{""substr"": ""\""W\""+\""Sc\""+\""si\""+\""ng\"""", ""type"": ""text""}","{""arch"": null, ""for"": [""javascript"", ""vbs"", ""html""], ""platforms"": [""windows""]}"
wsh-reconstruct,objectives/command-and-control/dropper/execution/wsh-reconstruct::singapore-xmlhttp-shard,atomic,notable,Singapore-delimited MSXML2.XMLHTTP shard,objectives/command-and-control/dropper/execution/wsh-reconstruct/wsh-dropper.yaml,,"{""substr"": ""oreSXs"", ""type"": ""text""}","{""arch"": null, ""for"": [""javascript"", ""vbs"", ""html""], ""platforms"": [""windows""]}"
wsh-reconstruct,objectives/command-and-control/dropper/execution/wsh-reconstruct::split-adodb-stream-progid,atomic,notable,Split ADODB.Stream ProgID,objectives/command-and-control/dropper/execution/wsh-reconstruct/wsh-dropper.yaml,,"{""regex"": ""\""A\""\\+.{0,180}\""DB\\.\"".{0,80}\""S\""\\+\""tr\""\\+\""eam\"""", ""type"": ""text""}","{""arch"": null, ""for"": [""javascript"", ""vbs"", ""html""], ""platforms"": [""windows""]}"
wsh-reconstruct,objectives/command-and-control/dropper/execution/wsh-reconstruct::split-responsebody-write,atomic,notable,Split ResponseBody stream write,objectives/command-and-control/dropper/execution/wsh-reconstruct/wsh-dropper.yaml,,"{""substr"": ""\""R\""+(\""slide\"",\""eschew\"",\""appreciation\"",\""gaming\"",\""es\"")+\""pon\"""", ""type"": ""text""}","{""arch"": null, ""for"": [""javascript"", ""vbs"", ""html""], ""platforms"": [""windows""]}"
wsh-reconstruct,objectives/command-and-control/dropper/execution/wsh-reconstruct::split-savetofile-overwrite,atomic,notable,Split SaveToFile overwrite call,objectives/command-and-control/dropper/execution/wsh-reconstruct/wsh-dropper.yaml,,"{""substr"": ""+\""oF\""+\""ile\""](boating, 2)"", ""type"": ""text""}","{""arch"": null, ""for"": [""javascript"", ""vbs"", ""html""], ""platforms"": [""windows""]}"
wsh-reconstruct,objectives/command-and-control/dropper/execution/wsh-reconstruct::temp-exe-fragmented-path,atomic,notable,Fragmented TEMP EXE staging path,objectives/command-and-control/dropper/execution/wsh-reconstruct/wsh-dropper.yaml,,"{""substr"": ""\""\""+\""%\""+\""TE\""+"", ""type"": ""text""}","{""arch"": null, ""for"": [""javascript"", ""vbs"", ""html""], ""platforms"": [""windows""]}"
wsh-reconstruct,objectives/command-and-control/dropper/execution/wsh-reconstruct::xmlhttp-com-progid-text,atomic,notable,XMLHTTP/WinHTTP COM ProgID reference,objectives/command-and-control/dropper/execution/wsh-reconstruct/wsh-dropper.yaml,,"{""regex"": ""(?i)\\b(MSXML(2\\.)?\\.XMLHTTP(\\.\\d+\\.\\d+)?|WinHttp\\.WinHttpRequest(\\.\\d+)?)\\b"", ""type"": ""text""}","{""arch"": null, ""for"": [""javascript"", ""vbs"", ""html""], ""platforms"": [""windows""]}"
wsh-reconstruct,objectives/command-and-control/dropper/execution/wsh-reconstruct::xmlhttp-status-code-200,atomic,component,HTTP status 200 check,objectives/command-and-control/dropper/execution/wsh-reconstruct/wsh-dropper.yaml,well-known/lib/web/ecmascript::websharper-runtime-marker,"{""regex"": ""\\b\\w+\\.status\\s*==\\s*200"", ""type"": ""text""}","{""arch"": null, ""for"": [""javascript"", ""vbs"", ""html""], ""platforms"": [""windows""]}"
wsh-reconstruct,objectives/command-and-control/dropper/execution/wsh-reconstruct::meredith-encoded-activexobject,atomic,notable,Meredith encoded ActiveXObject,objectives/command-and-control/dropper/execution/wsh-reconstruct/wsh-dropper.yaml,,"{""substr"": ""meredithQWmeredithN0aXZmeredithlWE9iameredithmVjdA="", ""type"": ""text""}","{""arch"": null, ""for"": [""javascript"", ""vbs"", ""html""], ""platforms"": [""windows""]}"
wsh-reconstruct,objectives/command-and-control/dropper/execution/wsh-reconstruct::meredith-encoded-expandenv,atomic,notable,Meredith encoded ExpandEnvironmentStrings,objectives/command-and-control/dropper/execution/wsh-reconstruct/wsh-dropper.yaml,,"{""substr"": ""meredithRXhwYW5meredithkRW52aXmeredithJvbm1lbnRTdHJ"", ""type"": ""text""}","{""arch"": null, ""for"": [""javascript"", ""vbs"", ""html""], ""platforms"": [""windows""]}"
wsh-reconstruct,objectives/command-and-control/dropper/execution/wsh-reconstruct::meredith-encoded-wscript-host,atomic,notable,Meredith encoded Windows Script Host,objectives/command-and-control/dropper/execution/wsh-reconstruct/wsh-dropper.yaml,,"{""substr"": ""V2luZGmeredith93cyBTY3JpcHQgmeredithSG9zdA="", ""type"": ""text""}","{""arch"": null, ""for"": [""javascript"", ""vbs"", ""html""], ""platforms"": [""windows""]}"
wsh-reconstruct,objectives/command-and-control/dropper/execution/wsh-reconstruct::meredith-encoded-responsebody,atomic,notable,Meredith encoded responseBody suffix,objectives/command-and-control/dropper/execution/wsh-reconstruct/wsh-dropper.yaml,,"{""substr"": ""Respon\""+scour.U.toLowerCase()+\""e\""+\""Qmeredithm9keQ="", ""type"": ""text""}","{""arch"": null, ""for"": [""javascript"", ""vbs"", ""html""], ""platforms"": [""windows""]}"
wsh-reconstruct,objectives/command-and-control/dropper/execution/wsh-reconstruct::meredith-encoded-http-prefix,atomic,notable,Meredith encoded HTTP prefix,objectives/command-and-control/dropper/execution/wsh-reconstruct/wsh-dropper.yaml,,"{""substr"": ""aHRmeredith0cDmeredithovLw="", ""type"": ""text""}","{""arch"": null, ""for"": [""javascript"", ""vbs"", ""html""], ""platforms"": [""windows""]}"
wsh-reconstruct,objectives/command-and-control/dropper/execution/wsh-reconstruct::meredith-encoded-run-method,atomic,notable,Meredith encoded WScript Run,objectives/command-and-control/dropper/execution/wsh-reconstruct/wsh-dropper.yaml,,"{""substr"": ""\""UnVu\"".forego4()"", ""type"": ""text""}","{""arch"": null, ""for"": [""javascript"", ""vbs"", ""html""], ""platforms"": [""windows""]}"
wsh-reconstruct,objectives/command-and-control/dropper/execution/wsh-reconstruct::token-array-powershell-exe,atomic,component,Token-array PowerShell executable fragments,objectives/command-and-control/dropper/execution/wsh-reconstruct/wsh-dropper.yaml,,"{""substr"": ""'powersh'"", ""type"": ""text""}","{""arch"": null, ""for"": [""javascript"", ""vbs"", ""html""], ""platforms"": [""windows""]}"
wsh-reconstruct,objectives/command-and-control/dropper/execution/wsh-reconstruct::token-array-powershell-exe-suffix,atomic,notable,Token-array PowerShell exe suffix,objectives/command-and-control/dropper/execution/wsh-reconstruct/wsh-dropper.yaml,,"{""substr"": ""'ell.exe'"", ""type"": ""text""}","{""arch"": null, ""for"": [""javascript"", ""vbs"", ""html""], ""platforms"": [""windows""]}"
wsh-reconstruct,objectives/command-and-control/dropper/execution/wsh-reconstruct::token-array-powershell-nop,atomic,notable,Token-array PowerShell NoProfile flag,objectives/command-and-control/dropper/execution/wsh-reconstruct/wsh-dropper.yaml,,"{""substr"": ""'-nop'"", ""type"": ""text""}","{""arch"": null, ""for"": [""javascript"", ""vbs"", ""html""], ""platforms"": [""windows""]}"
wsh-reconstruct,objectives/command-and-control/dropper/execution/wsh-reconstruct::token-array-powershell-ep,atomic,component,Token-array PowerShell execution policy flag,objectives/command-and-control/dropper/execution/wsh-reconstruct/wsh-dropper.yaml,,"{""substr"": ""'-ep'"", ""type"": ""text""}","{""arch"": null, ""for"": [""javascript"", ""vbs"", ""html""], ""platforms"": [""windows""]}"
wsh-reconstruct,objectives/command-and-control/dropper/execution/wsh-reconstruct::token-array-powershell-bypass,atomic,component,Token-array PowerShell bypass token,objectives/command-and-control/dropper/execution/wsh-reconstruct/wsh-dropper.yaml,,"{""substr"": ""'bypass'"", ""type"": ""text""}","{""arch"": null, ""for"": [""javascript"", ""vbs"", ""html""], ""platforms"": [""windows""]}"
wsh-reconstruct,objectives/command-and-control/dropper/execution/wsh-reconstruct::token-array-powershell-file,atomic,notable,Token-array PowerShell file flag,objectives/command-and-control/dropper/execution/wsh-reconstruct/wsh-dropper.yaml,,"{""substr"": ""'-file'"", ""type"": ""text""}","{""arch"": null, ""for"": [""javascript"", ""vbs"", ""html""], ""platforms"": [""windows""]}"
wsh-reconstruct,objectives/command-and-control/dropper/execution/wsh-reconstruct::token-array-msxml-xmlhttp,atomic,notable,Token-array MSXML2 XMLHTTP fragments,objectives/command-and-control/dropper/execution/wsh-reconstruct/wsh-dropper.yaml,,"{""substr"": ""'MSXML2.'"", ""type"": ""text""}","{""arch"": null, ""for"": [""javascript"", ""vbs"", ""html""], ""platforms"": [""windows""]}"
wsh-reconstruct,objectives/command-and-control/dropper/execution/wsh-reconstruct::token-array-xmlhttp-suffix,atomic,component,Token-array XMLHTTP suffix,objectives/command-and-control/dropper/execution/wsh-reconstruct/wsh-dropper.yaml,,"{""substr"": ""'XMLHTTP'"", ""type"": ""text""}","{""arch"": null, ""for"": [""javascript"", ""vbs"", ""html""], ""platforms"": [""windows""]}"
wsh-reconstruct,objectives/command-and-control/dropper/execution/wsh-reconstruct::token-array-http-ps1-url,atomic,notable,Token-array HTTP PS1 URL,objectives/command-and-control/dropper/execution/wsh-reconstruct/wsh-dropper.yaml,,"{""regex"": ""(?i)http://[-A-Za-z0-9./_]{1,160}\\.ps1\\b"", ""type"": ""text""}","{""arch"": null, ""for"": [""javascript"", ""vbs"", ""html""], ""platforms"": [""windows""]}"
wsh-reconstruct,objectives/command-and-control/dropper/execution/wsh-reconstruct::token-array-powershell-exe-nop-escaped,atomic,notable,Token-array PowerShell exe NoProfile fragment,objectives/command-and-control/dropper/execution/wsh-reconstruct/wsh-dropper.yaml,,"{""substr"": "".exe\\x20-nop\\x20"", ""type"": ""text""}","{""arch"": null, ""for"": [""javascript"", ""vbs"", ""html""], ""platforms"": [""windows""]}"
wsh-reconstruct,objectives/command-and-control/dropper/execution/wsh-reconstruct::token-array-powershell-nop-ep-bypass-escaped,atomic,notable,token array PS nop ep bypass escaped,objectives/command-and-control/dropper/execution/wsh-reconstruct/wsh-dropper.yaml,,"{""substr"": ""-nop\\x20-ep\\x20b"", ""type"": ""text""}","{""arch"": null, ""for"": [""javascript"", ""vbs"", ""html""], ""platforms"": [""windows""]}"
wsh-reconstruct,objectives/command-and-control/dropper/execution/wsh-reconstruct::token-array-powershell-file-escaped,atomic,notable,Token-array PowerShell file argument fragment,objectives/command-and-control/dropper/execution/wsh-reconstruct/wsh-dropper.yaml,,"{""substr"": ""\\x20-file\\x20\\x22"", ""type"": ""text""}","{""arch"": null, ""for"": [""javascript"", ""vbs"", ""html""], ""platforms"": [""windows""]}"
wsh-reconstruct,objectives/command-and-control/dropper/execution/wsh-reconstruct::token-array-response-text-fragment,atomic,component,Uses responseText in string reconstruction,objectives/command-and-control/dropper/execution/wsh-reconstruct/wsh-dropper.yaml,,"{""substr"": ""responseTe"", ""type"": ""text""}","{""arch"": null, ""for"": [""javascript"", ""vbs"", ""html""], ""platforms"": [""windows""]}"
wsh-reconstruct,objectives/command-and-control/dropper/execution/wsh-reconstruct::token-array-create-text-fragment,atomic,notable,Token-array FSO CreateTextFile fragment,objectives/command-and-control/dropper/execution/wsh-reconstruct/wsh-dropper.yaml,metadata/package/documentation/page::static-documentation-html-page,"{""substr"": ""CreateTextFile"", ""type"": ""text""}","{""arch"": null, ""for"": [""javascript"", ""vbs"", ""html""], ""platforms"": [""windows""]}"
wsh-reconstruct,objectives/command-and-control/dropper/execution/wsh-reconstruct::xmlhttp-status-200-check,composite,component,XMLHTTP status 200 check,objectives/command-and-control/dropper/execution/wsh-reconstruct/wsh-dropper.yaml,xmlhttp-com-progid-text;xmlhttp-status-code-200,"""""","{""arch"": null, ""for"": [""javascript"", ""vbs"", ""html""], ""platforms"": [""windows""]}"
wsh-reconstruct,objectives/command-and-control/dropper/execution/wsh-reconstruct::obfuscated-wsh-activex-savetofile-dropper,composite,hostile,"Obfuscated WSH decodes, saves, and executes an embedded payload",objectives/command-and-control/dropper/execution/wsh-reconstruct/wsh-dropper.yaml,micro-behaviors/process/interpreter/jscript::activex-object;micro-behaviors/os/com/automation::activex-object-variable-progid;micro-behaviors/fs/write/file/stream::savetofile-method-token;micro-behaviors/data/property/access::wscript-bracket-member-access;micro-behaviors/data/format/xml::msxml-node-typed-value;micro-behaviors/process/create/shell/wsh::js-run-method-table-entry;objectives/anti-static/obfuscation/obfuscator/js-obfuscator::hex-name-mangling-with-string-table-rotation;objectives/anti-static/obfuscation/obfuscator/js-obfuscator::push-shift-bracket-pattern;objectives/execution/activex/com::activex-object-question-delimited-progid;micro-behaviors/data/control-flow/dispatch::js-function-indexed-call-prefix,"""""","{""arch"": null, ""for"": [""javascript""], ""platforms"": [""windows""]}"
wsh-reconstruct,objectives/command-and-control/dropper/execution/wsh-reconstruct::obfuscated-wsh-question-delimited-activex-dropper,composite,hostile,Obfuscated WSH question-delimited ActiveX dropper,objectives/command-and-control/dropper/execution/wsh-reconstruct/wsh-dropper.yaml,micro-behaviors/process/interpreter/jscript::activex-object;objectives/execution/activex/com::activex-object-question-delimited-progid;objectives/anti-static/obfuscation/obfuscator/js-obfuscator::advanced-array-shuffling;objectives/anti-static/obfuscation/string/array::string-array-hex-index,"""""","{""arch"": null, ""for"": [""javascript""], ""platforms"": [""windows""]}"
wsh-reconstruct,objectives/command-and-control/dropper/execution/wsh-reconstruct::obfuscated-wsh-com-dropper,composite,hostile,Obfuscated WSH dropper with COM fragments,objectives/command-and-control/dropper/execution/wsh-reconstruct/wsh-dropper.yaml,objectives/execution/interpreter/script/wsh::wsh-adodb-stream-binary;objectives/anti-static/obfuscation/wsh::vbs-execute-concat-code;objectives/anti-static/obfuscation/wsh::vbs-createobject-variable-arg;objectives/execution/interpreter/script/wsh::wscript-shell-obfuscated;metadata/build/scaffold::windows-wget-js-bootstrap-helper,"""""","{""arch"": null, ""for"": [""javascript"", ""vbs""], ""platforms"": [""windows""]}"
wsh-reconstruct,objectives/command-and-control/dropper/execution/wsh-reconstruct::split-join-wsh-temp-exe-run,composite,hostile,Split-join WSH temp payload drop and run,objectives/command-and-control/dropper/execution/wsh-reconstruct/wsh-dropper.yaml,micro-behaviors/data/string/replace::repeated-split-join-removal;split-expand-env-chain;split-temp-env-chain;micro-behaviors/fs/write/stream::open-method-call;micro-behaviors/process/create/shell/wsh::wscript-shell-run-indirect;micro-behaviors/data/control-flow/sequence::three-string-comma-expression;objectives/anti-static/obfuscation/string/reconstruct::single-char-concat-pattern,"""""","{""arch"": null, ""for"": [""javascript""], ""platforms"": [""windows""]}"
wsh-reconstruct,objectives/command-and-control/dropper/execution/wsh-reconstruct::comma-sharded-wsh-responsebody-dropper,composite,hostile,Comma-sharded WSH ResponseBody dropper,objectives/command-and-control/dropper/execution/wsh-reconstruct/wsh-dropper.yaml,comma-activex-replace-shard;comma-xmlhttp-replace-shard;comma-wscript-replace-shard;replace-normalized-adodb-stream;responsebody-skillful-shard;savetofile-comma-shard;temp-exe-comma-shard,"""""","{""arch"": null, ""for"": [""javascript"", ""vbs"", ""html""], ""platforms"": [""windows""]}"
wsh-reconstruct,objectives/command-and-control/dropper/execution/wsh-reconstruct::singapore-delimited-wsh-download-run,composite,hostile,Singapore-delimited WSH download and run,objectives/command-and-control/dropper/execution/wsh-reconstruct/wsh-dropper.yaml,singapore-delimiter-cleanup;singapore-activex-shard;singapore-wscript-shard;singapore-xmlhttp-shard;split-adodb-stream-progid;split-responsebody-write;split-savetofile-overwrite;temp-exe-fragmented-path;micro-behaviors/process/create/shell/wsh::wscript-shell-run-indirect;xmlhttp-status-200-check;micro-behaviors/communications/http/message::http-prefix,"""""","{""arch"": null, ""for"": [""javascript"", ""vbs"", ""html""], ""platforms"": [""windows""]}"
wsh-reconstruct,objectives/command-and-control/dropper/execution/wsh-reconstruct::meredith-obfuscated-wsh-download-run,composite,hostile,Meredith-obfuscated WSH download and run,objectives/command-and-control/dropper/execution/wsh-reconstruct/wsh-dropper.yaml,objectives/anti-static/obfuscation/encoding/lookup::js-meredith-base64-decoder;objectives/anti-static/obfuscation/syntax::js-dynamic-global-constructor-chain;meredith-encoded-activexobject;meredith-encoded-expandenv;meredith-encoded-wscript-host;meredith-encoded-responsebody;meredith-encoded-http-prefix;meredith-encoded-run-method;objectives/anti-analysis/environment-detect/wsh::obfuscated-wscript-host-check;objectives/execution/interpreter/script/wsh::wsh-save-to-file,"""""","{""arch"": null, ""for"": [""javascript""], ""platforms"": [""windows""]}"
wsh-reconstruct,objectives/command-and-control/dropper/execution/wsh-reconstruct::tokenized-wsh-powershell-ps1-dropper,composite,hostile,Tokenized WSH PowerShell PS1 dropper,objectives/command-and-control/dropper/execution/wsh-reconstruct/wsh-dropper.yaml,token-array-powershell-exe;token-array-powershell-exe-suffix;token-array-powershell-nop;token-array-powershell-ep;token-array-powershell-bypass;token-array-powershell-file;micro-behaviors/process/interpreter/jscript::activex-object;micro-behaviors/fs/path/extension::ps1;token-array-msxml-xmlhttp;token-array-xmlhttp-suffix;micro-behaviors/communications/http/url/tld::tld-xyz,"""""","{""arch"": null, ""for"": [""javascript"", ""vbs""], ""platforms"": [""windows""]}"
wsh-reconstruct,objectives/command-and-control/dropper/execution/wsh-reconstruct::tokenized-wsh-powershell-ps1-stager,composite,hostile,Tokenized WSH PowerShell PS1 stager,objectives/command-and-control/dropper/execution/wsh-reconstruct/wsh-dropper.yaml,token-array-powershell-exe;token-array-powershell-exe-suffix;token-array-powershell-nop;token-array-powershell-ep;token-array-powershell-bypass;token-array-powershell-file;micro-behaviors/process/interpreter/jscript::activex-object;micro-behaviors/fs/path/extension::ps1;token-array-http-ps1-url;micro-behaviors/os/com/automation::msxml2-xml-progid-prefix;micro-behaviors/communications/url/encoded::encoded-http-url;micro-behaviors/communications/http/message::http-prefix,"""""","{""arch"": null, ""for"": [""javascript"", ""vbs""], ""platforms"": [""windows""]}"
wsh-reconstruct,objectives/command-and-control/dropper/execution/wsh-reconstruct::tokenized-wsh-powershell-responsetext-ps1-stager,composite,hostile,Tokenized WSH responseText PowerShell PS1 stager,objectives/command-and-control/dropper/execution/wsh-reconstruct/wsh-dropper.yaml,micro-behaviors/process/create/shell/lang::powershell-keyword;token-array-powershell-exe-nop-escaped;token-array-powershell-nop-ep-bypass-escaped;token-array-powershell-file-escaped;token-array-response-text-fragment;token-array-create-text-fragment;micro-behaviors/os/com/automation::msxml2-xml-progid-prefix;micro-behaviors/process/interpreter/jscript::activex-object;micro-behaviors/fs/path/extension::ps1;objectives/anti-static/obfuscation/syntax::js-while-switch-state-machine;objectives/anti-static/obfuscation/obfuscator/js-obfuscator::cfg-flatten-state-list,"""""","{""arch"": null, ""for"": [""javascript"", ""vbs""], ""platforms"": [""windows""]}"
wsh-reconstruct,objectives/command-and-control/dropper/execution/wsh-reconstruct::wsh-array-decoy-dropper,composite,hostile,WSH numeric array decoy dropper,objectives/command-and-control/dropper/execution/wsh-reconstruct/wsh-dropper.yaml,micro-behaviors/data/encode/char-code::array-payload-reconstruction;objectives/command-and-control/dropper/execution/wsh::wsh-filesystemobject-ref;objectives/evasion/masquerade/file/lure::wsh-public-rtf-decoy-write,"""""","{""arch"": null, ""for"": [""vbs""], ""platforms"": [""windows""]}"
wsh-reconstruct,objectives/command-and-control/dropper/execution/wsh-reconstruct::wsh-unicode-cff-alphabet-dropper,composite,hostile,WSH unicode CFF alphabet decoder with dynamic WScript,objectives/command-and-control/dropper/execution/wsh-reconstruct/wsh-dropper.yaml,metadata/lang/encoded/unicode-escape::javascript-unicode-escape-volume;micro-behaviors/data/control-flow/loop::js-while-switch-loop;micro-behaviors/data/decode/custom::js-charat-charcodeat-alphabet-offset;micro-behaviors/data/property/access::wscript-bracket-member-access;metadata/build/bundler/,"""""","{""arch"": null, ""for"": [""javascript""], ""platforms"": [""windows""]}"
wsh-reconstruct,objectives/command-and-control/dropper/execution/wsh-reconstruct::wsh-slice-adodb-stream-fragment,atomic,notable,Slice-obfuscated ADODB.Stream fragment,objectives/command-and-control/dropper/execution/wsh-reconstruct/wsh-slice.yaml,,"{""substr"": ""'23027ODB.S'.slice(5)"", ""type"": ""text""}","{""arch"": null, ""for"": [""javascript""], ""platforms"": [""windows""]}"
wsh-reconstruct,objectives/command-and-control/dropper/execution/wsh-reconstruct::wsh-slice-response-body-fragment,atomic,notable,Slice-obfuscated responseBody fragment,objectives/command-and-control/dropper/execution/wsh-reconstruct/wsh-slice.yaml,,"{""substr"": ""'67965eBody'.slice(5)"", ""type"": ""text""}","{""arch"": null, ""for"": [""javascript""], ""platforms"": [""windows""]}"
wsh-reconstruct,objectives/command-and-control/dropper/execution/wsh-reconstruct::wsh-slice-http-status-fragment,atomic,notable,Slice-obfuscated HTTP status fragment,objectives/command-and-control/dropper/execution/wsh-reconstruct/wsh-slice.yaml,,"{""substr"": ""'2864978tatus'.slice(7)"", ""type"": ""text""}","{""arch"": null, ""for"": [""javascript""], ""platforms"": [""windows""]}"
wsh-reconstruct,objectives/command-and-control/dropper/execution/wsh-reconstruct::wsh-slice-send-fragment,atomic,notable,Slice-obfuscated XMLHTTP send fragment,objectives/command-and-control/dropper/execution/wsh-reconstruct/wsh-slice.yaml,,"{""substr"": ""'74538send'.slice(5)"", ""type"": ""text""}","{""arch"": null, ""for"": [""javascript""], ""platforms"": [""windows""]}"
wsh-reconstruct,objectives/command-and-control/dropper/execution/wsh-reconstruct::wsh-slice-run-fragment,atomic,notable,Slice-obfuscated WScript Run fragment,objectives/command-and-control/dropper/execution/wsh-reconstruct/wsh-slice.yaml,,"{""substr"": ""'70435.Run('.slice(5)"", ""type"": ""text""}","{""arch"": null, ""for"": [""javascript""], ""platforms"": [""windows""]}"
wsh-reconstruct,objectives/command-and-control/dropper/execution/wsh-reconstruct::wsh-slice-temp-env-fragment,atomic,notable,Slice-obfuscated TEMP path fragment,objectives/command-and-control/dropper/execution/wsh-reconstruct/wsh-slice.yaml,,"{""substr"": ""'68075%TEM'.slice(5)"", ""type"": ""text""}","{""arch"": null, ""for"": [""javascript""], ""platforms"": [""windows""]}"
wsh-reconstruct,objectives/command-and-control/dropper/execution/wsh-reconstruct::wsh-slice-exe-fragment,atomic,notable,Slice-obfuscated exe extension fragment,objectives/command-and-control/dropper/execution/wsh-reconstruct/wsh-slice.yaml,,"{""regex"": ""'[0-9]+exe'\\.slice\\([0-9]+\\)"", ""type"": ""text""}","{""arch"": null, ""for"": [""javascript""], ""platforms"": [""windows""]}"
wsh-reconstruct,objectives/command-and-control/dropper/execution/wsh-reconstruct::wsh-slice-http-file-dropper,composite,hostile,Obfuscated WSH HTTP file dropper,objectives/command-and-control/dropper/execution/wsh-reconstruct/wsh-slice.yaml,metadata/file/naming::numeric-suffix-identifiers;micro-behaviors/data/string/concat::massive-concatenation-chain;wsh-slice-adodb-stream-fragment;wsh-slice-response-body-fragment;wsh-slice-http-status-fragment;wsh-slice-send-fragment;wsh-slice-run-fragment;wsh-slice-temp-env-fragment;wsh-slice-exe-fragment,"""""","{""arch"": null, ""for"": [""javascript""], ""platforms"": [""windows""]}"
