consumer,directory,added_count,removed_count,added_ids,removed_ids,decision
micro-behaviors/communications/http/download/write::node-archive-download-to-file,micro-behaviors/communications/http/request/,8,0,micro-behaviors/communications/http/request/body::groovy-http-post-output;micro-behaviors/communications/http/request/body::node-upload-sink;micro-behaviors/communications/http/request/body::objc-curlopt-postfields;micro-behaviors/communications/http/request/body::objc-libcurl-postfields;micro-behaviors/communications/http/request/configuration::node-http-request-configured-any;micro-behaviors/communications/http/request/verb::c-ssl-write-http-post;micro-behaviors/communications/http/request/verb::lua-https-post-request;micro-behaviors/communications/http/request/verb::swift-urlsession-post-method-reference,,HTTP consumers gain the corresponding method/body/form/upload observations. These remain static capability clues; enclosing source or objective conditions supply intent.
micro-behaviors/communications/http/request/body::http-upload-or-body-sink,micro-behaviors/communications/http/upload/,7,0,micro-behaviors/communications/http/upload::bittorrent-archive-http-client;micro-behaviors/communications/http/upload::csharp-base64-before-uploadstring;micro-behaviors/communications/http/upload::curl-file-upload-exfil;micro-behaviors/communications/http/upload::lua-curl-post-temp-file;micro-behaviors/communications/http/upload::mediarecorder-before-network-sink;micro-behaviors/communications/http/upload::mediarecorder-upload-endpoint-context;micro-behaviors/communications/http/upload::shell-curl-octet-upload,,HTTP consumers gain the corresponding method/body/form/upload observations. These remain static capability clues; enclosing source or objective conditions supply intent.
micro-behaviors/communications/http/request/client::http-post-upload-or-curl,micro-behaviors/communications/http/upload/,7,0,micro-behaviors/communications/http/upload::bittorrent-archive-http-client;micro-behaviors/communications/http/upload::csharp-base64-before-uploadstring;micro-behaviors/communications/http/upload::curl-file-upload-exfil;micro-behaviors/communications/http/upload::lua-curl-post-temp-file;micro-behaviors/communications/http/upload::mediarecorder-before-network-sink;micro-behaviors/communications/http/upload::mediarecorder-upload-endpoint-context;micro-behaviors/communications/http/upload::shell-curl-octet-upload,,HTTP consumers gain the corresponding method/body/form/upload observations. These remain static capability clues; enclosing source or objective conditions supply intent.
micro-behaviors/communications/http/services/file-hosting::public-file-hosting-upload-flow,micro-behaviors/communications/http/upload,7,0,micro-behaviors/communications/http/upload::bittorrent-archive-http-client;micro-behaviors/communications/http/upload::csharp-base64-before-uploadstring;micro-behaviors/communications/http/upload::curl-file-upload-exfil;micro-behaviors/communications/http/upload::lua-curl-post-temp-file;micro-behaviors/communications/http/upload::mediarecorder-before-network-sink;micro-behaviors/communications/http/upload::mediarecorder-upload-endpoint-context;micro-behaviors/communications/http/upload::shell-curl-octet-upload,,HTTP consumers gain the corresponding method/body/form/upload observations. These remain static capability clues; enclosing source or objective conditions supply intent.
micro-behaviors/communications/ip/endpoint::external-ipv4-port-binary,micro-behaviors/communications/socket,2,0,micro-behaviors/communications/socket/send::kotlin-socket-request-pointer-send;micro-behaviors/communications/socket/send::objc-socket-body-buffer-send,,Keep subject-based directory membership; relocated neutral capabilities join their actual subjects.
micro-behaviors/communications/ip/endpoint::private-ipv4-port-10-binary,micro-behaviors/communications/http/request/,8,0,micro-behaviors/communications/http/request/body::groovy-http-post-output;micro-behaviors/communications/http/request/body::node-upload-sink;micro-behaviors/communications/http/request/body::objc-curlopt-postfields;micro-behaviors/communications/http/request/body::objc-libcurl-postfields;micro-behaviors/communications/http/request/configuration::node-http-request-configured-any;micro-behaviors/communications/http/request/verb::c-ssl-write-http-post;micro-behaviors/communications/http/request/verb::lua-https-post-request;micro-behaviors/communications/http/request/verb::swift-urlsession-post-method-reference,,HTTP consumers gain the corresponding method/body/form/upload observations. These remain static capability clues; enclosing source or objective conditions supply intent.
micro-behaviors/communications/ip/endpoint::js-external-http-upload-target,micro-behaviors/communications/http/upload/,7,0,micro-behaviors/communications/http/upload::bittorrent-archive-http-client;micro-behaviors/communications/http/upload::csharp-base64-before-uploadstring;micro-behaviors/communications/http/upload::curl-file-upload-exfil;micro-behaviors/communications/http/upload::lua-curl-post-temp-file;micro-behaviors/communications/http/upload::mediarecorder-before-network-sink;micro-behaviors/communications/http/upload::mediarecorder-upload-endpoint-context;micro-behaviors/communications/http/upload::shell-curl-octet-upload,,HTTP consumers gain the corresponding method/body/form/upload observations. These remain static capability clues; enclosing source or objective conditions supply intent.
micro-behaviors/communications/ip/literal::direct-ip-http-client,micro-behaviors/communications/http/request/,8,0,micro-behaviors/communications/http/request/body::groovy-http-post-output;micro-behaviors/communications/http/request/body::node-upload-sink;micro-behaviors/communications/http/request/body::objc-curlopt-postfields;micro-behaviors/communications/http/request/body::objc-libcurl-postfields;micro-behaviors/communications/http/request/configuration::node-http-request-configured-any;micro-behaviors/communications/http/request/verb::c-ssl-write-http-post;micro-behaviors/communications/http/request/verb::lua-https-post-request;micro-behaviors/communications/http/request/verb::swift-urlsession-post-method-reference,,HTTP consumers gain the corresponding method/body/form/upload observations. These remain static capability clues; enclosing source or objective conditions supply intent.
micro-behaviors/communications/ip/literal::interpolated-ip-http-client,micro-behaviors/communications/http/request/,8,0,micro-behaviors/communications/http/request/body::groovy-http-post-output;micro-behaviors/communications/http/request/body::node-upload-sink;micro-behaviors/communications/http/request/body::objc-curlopt-postfields;micro-behaviors/communications/http/request/body::objc-libcurl-postfields;micro-behaviors/communications/http/request/configuration::node-http-request-configured-any;micro-behaviors/communications/http/request/verb::c-ssl-write-http-post;micro-behaviors/communications/http/request/verb::lua-https-post-request;micro-behaviors/communications/http/request/verb::swift-urlsession-post-method-reference,,HTTP consumers gain the corresponding method/body/form/upload observations. These remain static capability clues; enclosing source or objective conditions supply intent.
micro-behaviors/fs/path/credential::any-credential-path,micro-behaviors/fs/path/private-key/,1,0,micro-behaviors/fs/path/private-key::jvm-root-id-rsa-hex,,Filesystem/path consumers gain actual OS/config/private-key locators; no read or transmission is added to those atomic claims.
micro-behaviors/fs/path/credential::token-and-private-key-paths,micro-behaviors/fs/path/private-key/,1,0,micro-behaviors/fs/path/private-key::jvm-root-id-rsa-hex,,Filesystem/path consumers gain actual OS/config/private-key locators; no read or transmission is added to those atomic claims.
micro-behaviors/fs/path/credential::private-key-and-secret-config-paths,micro-behaviors/fs/path/private-key/,1,0,micro-behaviors/fs/path/private-key::jvm-root-id-rsa-hex,,Filesystem/path consumers gain actual OS/config/private-key locators; no read or transmission is added to those atomic claims.
micro-behaviors/fs/path/credential::private-key-and-wallet-paths,micro-behaviors/fs/path/private-key/,1,0,micro-behaviors/fs/path/private-key::jvm-root-id-rsa-hex,,Filesystem/path consumers gain actual OS/config/private-key locators; no read or transmission is added to those atomic claims.
micro-behaviors/process/io/stream::go-stdin-copy-and-send,micro-behaviors/communications/socket/send,2,0,micro-behaviors/communications/socket/send::kotlin-socket-request-pointer-send;micro-behaviors/communications/socket/send::objc-socket-body-buffer-send,,Keep subject-based directory membership; relocated neutral capabilities join their actual subjects.
objectives/anti-analysis/vm-detect/vendor::analysis-user-george,micro-behaviors/communications/http/upload/,7,0,micro-behaviors/communications/http/upload::bittorrent-archive-http-client;micro-behaviors/communications/http/upload::csharp-base64-before-uploadstring;micro-behaviors/communications/http/upload::curl-file-upload-exfil;micro-behaviors/communications/http/upload::lua-curl-post-temp-file;micro-behaviors/communications/http/upload::mediarecorder-before-network-sink;micro-behaviors/communications/http/upload::mediarecorder-upload-endpoint-context;micro-behaviors/communications/http/upload::shell-curl-octet-upload,,HTTP consumers gain the corresponding method/body/form/upload observations. These remain static capability clues; enclosing source or objective conditions supply intent.
objectives/anti-static/obfuscation/crypto::custom-crypto-no-imports,micro-behaviors/crypto/library/,0,3,,micro-behaviors/crypto/hybrid::openssl-rsa-aes-hybrid-encryption;micro-behaviors/crypto/hybrid::webcrypto-hybrid-payload-envelope;micro-behaviors/crypto/hybrid::webcrypto-rsa-oaep-aes-gcm-algorithm,Removed hybrid observations are shell/JS/HTML-scoped and ineligible for this binary consumer; generic library membership is not expanded to all cryptography.
objectives/anti-static/obfuscation/imports::import-concealed-ransomware-pattern,micro-behaviors/fs/,4,0,micro-behaviors/fs/path/config/system::openwrt-sensitive-config-path;micro-behaviors/fs/path/credential::account-and-root-ssh-path-pair;micro-behaviors/fs/path/os/identity::openwrt-release-or-banner-path;micro-behaviors/fs/path/private-key::jvm-root-id-rsa-hex,,Filesystem/path consumers gain actual OS/config/private-key locators; no read or transmission is added to those atomic claims.
objectives/anti-static/obfuscation/imports::import-concealed-dropper-pattern,micro-behaviors/fs/,4,0,micro-behaviors/fs/path/config/system::openwrt-sensitive-config-path;micro-behaviors/fs/path/credential::account-and-root-ssh-path-pair;micro-behaviors/fs/path/os/identity::openwrt-release-or-banner-path;micro-behaviors/fs/path/private-key::jvm-root-id-rsa-hex,,Filesystem/path consumers gain actual OS/config/private-key locators; no read or transmission is added to those atomic claims.
objectives/anti-static/obfuscation/binary-metrics/imports::huge-file-tiny-imports,micro-behaviors/crypto/,1,0,micro-behaviors/crypto/hybrid::session-key-encrypt,,Hybrid capability observations retain the crypto ancestor; random-key/public-key encryption adds its actual cryptography subject.
objectives/anti-static/obfuscation/binary-metrics/imports::embedded-payload-binary,micro-behaviors/crypto/,1,0,micro-behaviors/crypto/hybrid::session-key-encrypt,,Hybrid capability observations retain the crypto ancestor; random-key/public-key encryption adds its actual cryptography subject.
objectives/anti-static/obfuscation/encoding/hex::php-hex-funcname-obfuscation,micro-behaviors/communications/http/request/,8,0,micro-behaviors/communications/http/request/body::groovy-http-post-output;micro-behaviors/communications/http/request/body::node-upload-sink;micro-behaviors/communications/http/request/body::objc-curlopt-postfields;micro-behaviors/communications/http/request/body::objc-libcurl-postfields;micro-behaviors/communications/http/request/configuration::node-http-request-configured-any;micro-behaviors/communications/http/request/verb::c-ssl-write-http-post;micro-behaviors/communications/http/request/verb::lua-https-post-request;micro-behaviors/communications/http/request/verb::swift-urlsession-post-method-reference,,HTTP consumers gain the corresponding method/body/form/upload observations. These remain static capability clues; enclosing source or objective conditions supply intent.
objectives/anti-static/obfuscation/payload/import::ransomware-packed-minimal,micro-behaviors/crypto/,1,0,micro-behaviors/crypto/hybrid::session-key-encrypt,,Hybrid capability observations retain the crypto ancestor; random-key/public-key encryption adds its actual cryptography subject.
objectives/anti-static/obfuscation/payload/import::encrypted-payload-binary,micro-behaviors/crypto/,1,0,micro-behaviors/crypto/hybrid::session-key-encrypt,,Hybrid capability observations retain the crypto ancestor; random-key/public-key encryption adds its actual cryptography subject.
objectives/collection/archive/stage::data-staging,micro-behaviors/data/archive/create/tar/,1,0,micro-behaviors/data/archive/create/tar::shell-tar-create-file,,Archive creation consumers gain local packaging operations without treating packaging itself as exfiltration.
objectives/collection/clipboard/capture::windows-surveillance-network-exfil,micro-behaviors/communications/http/upload/,7,0,micro-behaviors/communications/http/upload::bittorrent-archive-http-client;micro-behaviors/communications/http/upload::csharp-base64-before-uploadstring;micro-behaviors/communications/http/upload::curl-file-upload-exfil;micro-behaviors/communications/http/upload::lua-curl-post-temp-file;micro-behaviors/communications/http/upload::mediarecorder-before-network-sink;micro-behaviors/communications/http/upload::mediarecorder-upload-endpoint-context;micro-behaviors/communications/http/upload::shell-curl-octet-upload,,HTTP consumers gain the corresponding method/body/form/upload observations. These remain static capability clues; enclosing source or objective conditions supply intent.
objectives/command-and-control/backdoor/daemon::service-implant-with-c2,micro-behaviors/crypto/library/,0,3,,micro-behaviors/crypto/hybrid::openssl-rsa-aes-hybrid-encryption;micro-behaviors/crypto/hybrid::webcrypto-hybrid-payload-envelope;micro-behaviors/crypto/hybrid::webcrypto-rsa-oaep-aes-gcm-algorithm,Removed hybrid observations are shell/JS/HTML-scoped and ineligible for this binary consumer; generic library membership is not expanded to all cryptography.
objectives/command-and-control/backdoor/dispatch/profiled::host-profile-exfil-source,objectives/exfiltration/stealer/system-info,1,0,objectives/exfiltration/stealer/system-info/network::openwrt-uci-host-profile-http-exfil,,Preserve source/transfer subject membership. Neutral construction no longer supplies export; moved source-specific exporters join their actual data source.
objectives/command-and-control/backdoor/rat/multi::rat-file-operations,micro-behaviors/data/encode/,2,0,micro-behaviors/data/encode/base64::cicd-release-script-b64encode-marker;micro-behaviors/data/encode/base64::windows-file-base64-encode,,Keep subject-based directory membership; relocated neutral capabilities join their actual subjects.
objectives/command-and-control/backdoor/tasking/command-http::http-structured-shell-tasking,micro-behaviors/communications/http/,30,0,micro-behaviors/communications/http/authorization-header::github-cli-download-auth-token-fragment;micro-behaviors/communications/http/form::image-formdata-fields;micro-behaviors/communications/http/form::image-formdata-with-user-id;micro-behaviors/communications/http/form::upload-user-id-fields;micro-behaviors/communications/http/header/content-type::image-ppm-content-type;micro-behaviors/communications/http/header/transfer-encoding::node-chunked-transfer-encoding;micro-behaviors/communications/http/request/body::groovy-http-post-output;micro-behaviors/communications/http/request/body::node-upload-sink;micro-behaviors/communications/http/request/body::objc-curlopt-postfields;micro-behaviors/communications/http/request/body::objc-libcurl-postfields;micro-behaviors/communications/http/request/configuration::node-http-request-configured-any;micro-behaviors/communications/http/request/verb::c-ssl-write-http-post;micro-behaviors/communications/http/request/verb::lua-https-post-request;micro-behaviors/communications/http/request/verb::swift-urlsession-post-method-reference;micro-behaviors/communications/http/services/github::github-contents-encoded-write;micro-behaviors/communications/http/upload::bittorrent-archive-http-client;micro-behaviors/communications/http/upload::csharp-base64-before-uploadstring;micro-behaviors/communications/http/upload::curl-file-upload-exfil;micro-behaviors/communications/http/upload::lua-curl-post-temp-file;micro-behaviors/communications/http/upload::mediarecorder-before-network-sink;micro-behaviors/communications/http/upload::mediarecorder-upload-endpoint-context;micro-behaviors/communications/http/upload::shell-curl-octet-upload;micro-behaviors/communications/http/url/api-path::native-http-message-api-path;micro-behaviors/communications/http/url/endpoint::groovy-upload-url-construction;micro-behaviors/communications/http/url/endpoint::html-media-recording-upload-route;micro-behaviors/communications/http/url/endpoint::media-recording-upload-route;micro-behaviors/communications/http/url/telemetry::java-collect-chunk-parameter;micro-behaviors/communications/http/url/telemetry::java-collect-upload-path;micro-behaviors/communications/http/url/telemetry::kotlin-ios-collection-post;micro-behaviors/communications/http/url/telemetry::objc-http-collect-post,,HTTP consumers gain the corresponding method/body/form/upload observations. These remain static capability clues; enclosing source or objective conditions supply intent.
objectives/command-and-control/backdoor/tasking/command-http::http-native-structured-shell-tasking,micro-behaviors/communications/http/,30,0,micro-behaviors/communications/http/authorization-header::github-cli-download-auth-token-fragment;micro-behaviors/communications/http/form::image-formdata-fields;micro-behaviors/communications/http/form::image-formdata-with-user-id;micro-behaviors/communications/http/form::upload-user-id-fields;micro-behaviors/communications/http/header/content-type::image-ppm-content-type;micro-behaviors/communications/http/header/transfer-encoding::node-chunked-transfer-encoding;micro-behaviors/communications/http/request/body::groovy-http-post-output;micro-behaviors/communications/http/request/body::node-upload-sink;micro-behaviors/communications/http/request/body::objc-curlopt-postfields;micro-behaviors/communications/http/request/body::objc-libcurl-postfields;micro-behaviors/communications/http/request/configuration::node-http-request-configured-any;micro-behaviors/communications/http/request/verb::c-ssl-write-http-post;micro-behaviors/communications/http/request/verb::lua-https-post-request;micro-behaviors/communications/http/request/verb::swift-urlsession-post-method-reference;micro-behaviors/communications/http/services/github::github-contents-encoded-write;micro-behaviors/communications/http/upload::bittorrent-archive-http-client;micro-behaviors/communications/http/upload::csharp-base64-before-uploadstring;micro-behaviors/communications/http/upload::curl-file-upload-exfil;micro-behaviors/communications/http/upload::lua-curl-post-temp-file;micro-behaviors/communications/http/upload::mediarecorder-before-network-sink;micro-behaviors/communications/http/upload::mediarecorder-upload-endpoint-context;micro-behaviors/communications/http/upload::shell-curl-octet-upload;micro-behaviors/communications/http/url/api-path::native-http-message-api-path;micro-behaviors/communications/http/url/endpoint::groovy-upload-url-construction;micro-behaviors/communications/http/url/endpoint::html-media-recording-upload-route;micro-behaviors/communications/http/url/endpoint::media-recording-upload-route;micro-behaviors/communications/http/url/telemetry::java-collect-chunk-parameter;micro-behaviors/communications/http/url/telemetry::java-collect-upload-path;micro-behaviors/communications/http/url/telemetry::kotlin-ios-collection-post;micro-behaviors/communications/http/url/telemetry::objc-http-collect-post,,HTTP consumers gain the corresponding method/body/form/upload observations. These remain static capability clues; enclosing source or objective conditions supply intent.
objectives/command-and-control/backdoor/tasking/delimited::twostroke-http-upload-execution-backdoor,micro-behaviors/communications/http/url/,8,0,micro-behaviors/communications/http/url/api-path::native-http-message-api-path;micro-behaviors/communications/http/url/endpoint::groovy-upload-url-construction;micro-behaviors/communications/http/url/endpoint::html-media-recording-upload-route;micro-behaviors/communications/http/url/endpoint::media-recording-upload-route;micro-behaviors/communications/http/url/telemetry::java-collect-chunk-parameter;micro-behaviors/communications/http/url/telemetry::java-collect-upload-path;micro-behaviors/communications/http/url/telemetry::kotlin-ios-collection-post;micro-behaviors/communications/http/url/telemetry::objc-http-collect-post,,HTTP consumers gain the corresponding method/body/form/upload observations. These remain static capability clues; enclosing source or objective conditions supply intent.
objectives/command-and-control/backdoor/tasking/delimited::twostroke-http-upload-execution-backdoor,micro-behaviors/communications/http/upload/,7,0,micro-behaviors/communications/http/upload::bittorrent-archive-http-client;micro-behaviors/communications/http/upload::csharp-base64-before-uploadstring;micro-behaviors/communications/http/upload::curl-file-upload-exfil;micro-behaviors/communications/http/upload::lua-curl-post-temp-file;micro-behaviors/communications/http/upload::mediarecorder-before-network-sink;micro-behaviors/communications/http/upload::mediarecorder-upload-endpoint-context;micro-behaviors/communications/http/upload::shell-curl-octet-upload,,HTTP consumers gain the corresponding method/body/form/upload observations. These remain static capability clues; enclosing source or objective conditions supply intent.
objectives/command-and-control/backdoor/webshell/cleanup::php-self-destruct,micro-behaviors/communications/http/request/,8,0,micro-behaviors/communications/http/request/body::groovy-http-post-output;micro-behaviors/communications/http/request/body::node-upload-sink;micro-behaviors/communications/http/request/body::objc-curlopt-postfields;micro-behaviors/communications/http/request/body::objc-libcurl-postfields;micro-behaviors/communications/http/request/configuration::node-http-request-configured-any;micro-behaviors/communications/http/request/verb::c-ssl-write-http-post;micro-behaviors/communications/http/request/verb::lua-https-post-request;micro-behaviors/communications/http/request/verb::swift-urlsession-post-method-reference,,HTTP consumers gain the corresponding method/body/form/upload observations. These remain static capability clues; enclosing source or objective conditions supply intent.
objectives/command-and-control/backdoor/webshell/cleanup::php-timestomp,micro-behaviors/communications/http/request/,8,0,micro-behaviors/communications/http/request/body::groovy-http-post-output;micro-behaviors/communications/http/request/body::node-upload-sink;micro-behaviors/communications/http/request/body::objc-curlopt-postfields;micro-behaviors/communications/http/request/body::objc-libcurl-postfields;micro-behaviors/communications/http/request/configuration::node-http-request-configured-any;micro-behaviors/communications/http/request/verb::c-ssl-write-http-post;micro-behaviors/communications/http/request/verb::lua-https-post-request;micro-behaviors/communications/http/request/verb::swift-urlsession-post-method-reference,,HTTP consumers gain the corresponding method/body/form/upload observations. These remain static capability clues; enclosing source or objective conditions supply intent.
objectives/command-and-control/backdoor/webshell/exec::php-backdoor,micro-behaviors/communications/http/request/,8,0,micro-behaviors/communications/http/request/body::groovy-http-post-output;micro-behaviors/communications/http/request/body::node-upload-sink;micro-behaviors/communications/http/request/body::objc-curlopt-postfields;micro-behaviors/communications/http/request/body::objc-libcurl-postfields;micro-behaviors/communications/http/request/configuration::node-http-request-configured-any;micro-behaviors/communications/http/request/verb::c-ssl-write-http-post;micro-behaviors/communications/http/request/verb::lua-https-post-request;micro-behaviors/communications/http/request/verb::swift-urlsession-post-method-reference,,HTTP consumers gain the corresponding method/body/form/upload observations. These remain static capability clues; enclosing source or objective conditions supply intent.
objectives/command-and-control/backdoor/webshell/exec::php-shell-functional,micro-behaviors/communications/http/request/,8,0,micro-behaviors/communications/http/request/body::groovy-http-post-output;micro-behaviors/communications/http/request/body::node-upload-sink;micro-behaviors/communications/http/request/body::objc-curlopt-postfields;micro-behaviors/communications/http/request/body::objc-libcurl-postfields;micro-behaviors/communications/http/request/configuration::node-http-request-configured-any;micro-behaviors/communications/http/request/verb::c-ssl-write-http-post;micro-behaviors/communications/http/request/verb::lua-https-post-request;micro-behaviors/communications/http/request/verb::swift-urlsession-post-method-reference,,HTTP consumers gain the corresponding method/body/form/upload observations. These remain static capability clues; enclosing source or objective conditions supply intent.
objectives/command-and-control/backdoor/webshell/exec::php-backtick-rce,micro-behaviors/communications/http/request/,8,0,micro-behaviors/communications/http/request/body::groovy-http-post-output;micro-behaviors/communications/http/request/body::node-upload-sink;micro-behaviors/communications/http/request/body::objc-curlopt-postfields;micro-behaviors/communications/http/request/body::objc-libcurl-postfields;micro-behaviors/communications/http/request/configuration::node-http-request-configured-any;micro-behaviors/communications/http/request/verb::c-ssl-write-http-post;micro-behaviors/communications/http/request/verb::lua-https-post-request;micro-behaviors/communications/http/request/verb::swift-urlsession-post-method-reference,,HTTP consumers gain the corresponding method/body/form/upload observations. These remain static capability clues; enclosing source or objective conditions supply intent.
objectives/command-and-control/backdoor/webshell/exec::php-full-webshell,micro-behaviors/communications/http/request/,8,0,micro-behaviors/communications/http/request/body::groovy-http-post-output;micro-behaviors/communications/http/request/body::node-upload-sink;micro-behaviors/communications/http/request/body::objc-curlopt-postfields;micro-behaviors/communications/http/request/body::objc-libcurl-postfields;micro-behaviors/communications/http/request/configuration::node-http-request-configured-any;micro-behaviors/communications/http/request/verb::c-ssl-write-http-post;micro-behaviors/communications/http/request/verb::lua-https-post-request;micro-behaviors/communications/http/request/verb::swift-urlsession-post-method-reference,,HTTP consumers gain the corresponding method/body/form/upload observations. These remain static capability clues; enclosing source or objective conditions supply intent.
objectives/command-and-control/backdoor/webshell/obf-dispatch::php-variable-function-backdoor,micro-behaviors/communications/http/request/,8,0,micro-behaviors/communications/http/request/body::groovy-http-post-output;micro-behaviors/communications/http/request/body::node-upload-sink;micro-behaviors/communications/http/request/body::objc-curlopt-postfields;micro-behaviors/communications/http/request/body::objc-libcurl-postfields;micro-behaviors/communications/http/request/configuration::node-http-request-configured-any;micro-behaviors/communications/http/request/verb::c-ssl-write-http-post;micro-behaviors/communications/http/request/verb::lua-https-post-request;micro-behaviors/communications/http/request/verb::swift-urlsession-post-method-reference,,HTTP consumers gain the corresponding method/body/form/upload observations. These remain static capability clues; enclosing source or objective conditions supply intent.
objectives/command-and-control/backdoor/webshell/obf-dispatch::php-hex-dispatch-webshell,micro-behaviors/communications/http/request/,8,0,micro-behaviors/communications/http/request/body::groovy-http-post-output;micro-behaviors/communications/http/request/body::node-upload-sink;micro-behaviors/communications/http/request/body::objc-curlopt-postfields;micro-behaviors/communications/http/request/body::objc-libcurl-postfields;micro-behaviors/communications/http/request/configuration::node-http-request-configured-any;micro-behaviors/communications/http/request/verb::c-ssl-write-http-post;micro-behaviors/communications/http/request/verb::lua-https-post-request;micro-behaviors/communications/http/request/verb::swift-urlsession-post-method-reference,,HTTP consumers gain the corresponding method/body/form/upload observations. These remain static capability clues; enclosing source or objective conditions supply intent.
objectives/command-and-control/backdoor/webshell/session::host-scoped-background-session-log,micro-behaviors/communications/http/request/,8,0,micro-behaviors/communications/http/request/body::groovy-http-post-output;micro-behaviors/communications/http/request/body::node-upload-sink;micro-behaviors/communications/http/request/body::objc-curlopt-postfields;micro-behaviors/communications/http/request/body::objc-libcurl-postfields;micro-behaviors/communications/http/request/configuration::node-http-request-configured-any;micro-behaviors/communications/http/request/verb::c-ssl-write-http-post;micro-behaviors/communications/http/request/verb::lua-https-post-request;micro-behaviors/communications/http/request/verb::swift-urlsession-post-method-reference,,HTTP consumers gain the corresponding method/body/form/upload observations. These remain static capability clues; enclosing source or objective conditions supply intent.
objectives/command-and-control/backdoor/webshell/stager::php-dropper,micro-behaviors/communications/http/request/,8,0,micro-behaviors/communications/http/request/body::groovy-http-post-output;micro-behaviors/communications/http/request/body::node-upload-sink;micro-behaviors/communications/http/request/body::objc-curlopt-postfields;micro-behaviors/communications/http/request/body::objc-libcurl-postfields;micro-behaviors/communications/http/request/configuration::node-http-request-configured-any;micro-behaviors/communications/http/request/verb::c-ssl-write-http-post;micro-behaviors/communications/http/request/verb::lua-https-post-request;micro-behaviors/communications/http/request/verb::swift-urlsession-post-method-reference,,HTTP consumers gain the corresponding method/body/form/upload observations. These remain static capability clues; enclosing source or objective conditions supply intent.
objectives/command-and-control/beacon/tracking::http-image-pixel-status-beacon,micro-behaviors/communications/http/request/,8,0,micro-behaviors/communications/http/request/body::groovy-http-post-output;micro-behaviors/communications/http/request/body::node-upload-sink;micro-behaviors/communications/http/request/body::objc-curlopt-postfields;micro-behaviors/communications/http/request/body::objc-libcurl-postfields;micro-behaviors/communications/http/request/configuration::node-http-request-configured-any;micro-behaviors/communications/http/request/verb::c-ssl-write-http-post;micro-behaviors/communications/http/request/verb::lua-https-post-request;micro-behaviors/communications/http/request/verb::swift-urlsession-post-method-reference,,HTTP consumers gain the corresponding method/body/form/upload observations. These remain static capability clues; enclosing source or objective conditions supply intent.
objectives/command-and-control/beacon/tracking::generic-tracking-pixel-beacon,micro-behaviors/communications/http/request/,8,0,micro-behaviors/communications/http/request/body::groovy-http-post-output;micro-behaviors/communications/http/request/body::node-upload-sink;micro-behaviors/communications/http/request/body::objc-curlopt-postfields;micro-behaviors/communications/http/request/body::objc-libcurl-postfields;micro-behaviors/communications/http/request/configuration::node-http-request-configured-any;micro-behaviors/communications/http/request/verb::c-ssl-write-http-post;micro-behaviors/communications/http/request/verb::lua-https-post-request;micro-behaviors/communications/http/request/verb::swift-urlsession-post-method-reference,,HTTP consumers gain the corresponding method/body/form/upload observations. These remain static capability clues; enclosing source or objective conditions supply intent.
objectives/command-and-control/beacon/network/http::direct-http-c2-binary-ip,micro-behaviors/communications/http/request/,8,0,micro-behaviors/communications/http/request/body::groovy-http-post-output;micro-behaviors/communications/http/request/body::node-upload-sink;micro-behaviors/communications/http/request/body::objc-curlopt-postfields;micro-behaviors/communications/http/request/body::objc-libcurl-postfields;micro-behaviors/communications/http/request/configuration::node-http-request-configured-any;micro-behaviors/communications/http/request/verb::c-ssl-write-http-post;micro-behaviors/communications/http/request/verb::lua-https-post-request;micro-behaviors/communications/http/request/verb::swift-urlsession-post-method-reference,,HTTP consumers gain the corresponding method/body/form/upload observations. These remain static capability clues; enclosing source or objective conditions supply intent.
objectives/command-and-control/beacon/network/periodic::powershell-http-beacon,micro-behaviors/communications/http/request/,8,0,micro-behaviors/communications/http/request/body::groovy-http-post-output;micro-behaviors/communications/http/request/body::node-upload-sink;micro-behaviors/communications/http/request/body::objc-curlopt-postfields;micro-behaviors/communications/http/request/body::objc-libcurl-postfields;micro-behaviors/communications/http/request/configuration::node-http-request-configured-any;micro-behaviors/communications/http/request/verb::c-ssl-write-http-post;micro-behaviors/communications/http/request/verb::lua-https-post-request;micro-behaviors/communications/http/request/verb::swift-urlsession-post-method-reference,,HTTP consumers gain the corresponding method/body/form/upload observations. These remain static capability clues; enclosing source or objective conditions supply intent.
objectives/command-and-control/beacon/network/periodic::script-http-c2-beacon,micro-behaviors/communications/http/request/,8,0,micro-behaviors/communications/http/request/body::groovy-http-post-output;micro-behaviors/communications/http/request/body::node-upload-sink;micro-behaviors/communications/http/request/body::objc-curlopt-postfields;micro-behaviors/communications/http/request/body::objc-libcurl-postfields;micro-behaviors/communications/http/request/configuration::node-http-request-configured-any;micro-behaviors/communications/http/request/verb::c-ssl-write-http-post;micro-behaviors/communications/http/request/verb::lua-https-post-request;micro-behaviors/communications/http/request/verb::swift-urlsession-post-method-reference,,HTTP consumers gain the corresponding method/body/form/upload observations. These remain static capability clues; enclosing source or objective conditions supply intent.
objectives/command-and-control/botnet/iot::self-propagate,micro-behaviors/communications/socket/send/,2,0,micro-behaviors/communications/socket/send::kotlin-socket-request-pointer-send;micro-behaviors/communications/socket/send::objc-socket-body-buffer-send,,Keep subject-based directory membership; relocated neutral capabilities join their actual subjects.
objectives/command-and-control/channel/covert::covert-elf-shell-resolver-c2,micro-behaviors/fs/path/config/system,1,0,micro-behaviors/fs/path/config/system::openwrt-sensitive-config-path,,Filesystem/path consumers gain actual OS/config/private-key locators; no read or transmission is added to those atomic claims.
objectives/command-and-control/channel/deaddrop/github::github-contents-polled-mailbox-c2,micro-behaviors/communications/http/authorization-header/,1,0,micro-behaviors/communications/http/authorization-header::github-cli-download-auth-token-fragment,,HTTP consumers gain the corresponding method/body/form/upload observations. These remain static capability clues; enclosing source or objective conditions supply intent.
objectives/command-and-control/channel/deaddrop/public-service::public-service-packed-environment-exfil,micro-behaviors/communications/socket/send/,2,0,micro-behaviors/communications/socket/send::kotlin-socket-request-pointer-send;micro-behaviors/communications/socket/send::objc-socket-body-buffer-send,,Keep subject-based directory membership; relocated neutral capabilities join their actual subjects.
objectives/command-and-control/dropper/execution/windows-loader::sparse-encrypted-powershell-reference,micro-behaviors/crypto/,1,0,micro-behaviors/crypto/hybrid::session-key-encrypt,,Hybrid capability observations retain the crypto ancestor; random-key/public-key encryption adds its actual cryptography subject.
objectives/command-and-control/infrastructure/config::botnet-commander-pattern,micro-behaviors/communications/socket/,2,0,micro-behaviors/communications/socket/send::kotlin-socket-request-pointer-send;micro-behaviors/communications/socket/send::objc-socket-body-buffer-send,,Keep subject-based directory membership; relocated neutral capabilities join their actual subjects.
objectives/credential-access/browser/multi-target::hostile-browser-stealer,objectives/exfiltration/,0,51,,micro-behaviors/communications/http/authorization-header::github-cli-download-auth-token-fragment;micro-behaviors/communications/http/form::image-formdata-fields;micro-behaviors/communications/http/form::image-formdata-with-user-id;micro-behaviors/communications/http/form::upload-user-id-fields;micro-behaviors/communications/http/header/content-type::image-ppm-content-type;micro-behaviors/communications/http/header/transfer-encoding::node-chunked-transfer-encoding;micro-behaviors/communications/http/request/body::groovy-http-post-output;micro-behaviors/communications/http/request/body::node-upload-sink;micro-behaviors/communications/http/request/body::objc-curlopt-postfields;micro-behaviors/communications/http/request/body::objc-libcurl-postfields;micro-behaviors/communications/http/request/configuration::node-http-request-configured-any;micro-behaviors/communications/http/request/verb::c-ssl-write-http-post;micro-behaviors/communications/http/request/verb::lua-https-post-request;micro-behaviors/communications/http/request/verb::swift-urlsession-post-method-reference;micro-behaviors/communications/http/services/github::github-contents-encoded-write;micro-behaviors/communications/http/upload::bittorrent-archive-http-client;micro-behaviors/communications/http/upload::csharp-base64-before-uploadstring;micro-behaviors/communications/http/upload::curl-file-upload-exfil;micro-behaviors/communications/http/upload::lua-curl-post-temp-file;micro-behaviors/communications/http/upload::mediarecorder-before-network-sink;micro-behaviors/communications/http/upload::mediarecorder-upload-endpoint-context;micro-behaviors/communications/http/upload::shell-curl-octet-upload;micro-behaviors/communications/http/url/api-path::native-http-message-api-path;micro-behaviors/communications/http/url/endpoint::groovy-upload-url-construction;micro-behaviors/communications/http/url/endpoint::html-media-recording-upload-route;micro-behaviors/communications/http/url/endpoint::media-recording-upload-route;micro-behaviors/communications/http/url/telemetry::java-collect-chunk-parameter;micro-behaviors/communications/http/url/telemetry::java-collect-upload-path;micro-behaviors/communications/http/url/telemetry::kotlin-ios-collection-post;micro-behaviors/communications/http/url/telemetry::objc-http-collect-post;micro-behaviors/communications/socket/send::kotlin-socket-request-pointer-send;micro-behaviors/communications/socket/send::objc-socket-body-buffer-send;micro-behaviors/crypto/hybrid::session-key-encrypt;micro-behaviors/data/archive/create/tar::shell-tar-create-file;micro-behaviors/data/archive/create/utility::windows-archive-create;micro-behaviors/data/archive/create/zip::powershell-base64-archive-body;micro-behaviors/data/encode/base64::cicd-release-script-b64encode-marker;micro-behaviors/data/encode/base64::windows-file-base64-encode;micro-behaviors/data/serialize/bittorrent::bittorrent-cli-archive-staging;micro-behaviors/data/serialize/bittorrent::bittorrent-cli-tracker-web-seed-release;micro-behaviors/data/serialize/bittorrent::bittorrent-cli-web-seeded-archive-release;micro-behaviors/data/serialize/bittorrent::bittorrent-web-seeded-archive-release;micro-behaviors/data/serialize/schema-object::credential-var-in-dict;micro-behaviors/fs/path/config/system::openwrt-sensitive-config-path;micro-behaviors/fs/path/credential::account-and-root-ssh-path-pair;micro-behaviors/fs/path/os/identity::openwrt-release-or-banner-path;micro-behaviors/fs/path/private-key::jvm-root-id-rsa-hex;micro-behaviors/os/sysinfo/network::openwrt-uci-recon-command;micro-behaviors/os/sysinfo/profile::system-activity-report-banner;micro-behaviors/ui/dialog/prompt::encrypted-metadata-upload-prompt;objectives/evasion/security-bypass/anti-bot/captcha-solving::captcha-image-solver-exfiltration,Preserve source/transfer subject membership. Neutral construction no longer supplies export; moved source-specific exporters join their actual data source.
objectives/credential-access/browser/passkey::passkey-sync-record-theft,objectives/exfiltration/http,0,73,,micro-behaviors/communications/http/authorization-header::github-cli-download-auth-token-fragment;micro-behaviors/communications/http/form::image-formdata-fields;micro-behaviors/communications/http/form::image-formdata-with-user-id;micro-behaviors/communications/http/form::upload-user-id-fields;micro-behaviors/communications/http/header/content-type::image-ppm-content-type;micro-behaviors/communications/http/header/transfer-encoding::node-chunked-transfer-encoding;micro-behaviors/communications/http/request/body::groovy-http-post-output;micro-behaviors/communications/http/request/body::node-upload-sink;micro-behaviors/communications/http/request/body::objc-curlopt-postfields;micro-behaviors/communications/http/request/body::objc-libcurl-postfields;micro-behaviors/communications/http/request/configuration::node-http-request-configured-any;micro-behaviors/communications/http/request/verb::c-ssl-write-http-post;micro-behaviors/communications/http/request/verb::lua-https-post-request;micro-behaviors/communications/http/request/verb::swift-urlsession-post-method-reference;micro-behaviors/communications/http/services/github::github-contents-encoded-write;micro-behaviors/communications/http/upload::bittorrent-archive-http-client;micro-behaviors/communications/http/upload::csharp-base64-before-uploadstring;micro-behaviors/communications/http/upload::curl-file-upload-exfil;micro-behaviors/communications/http/upload::lua-curl-post-temp-file;micro-behaviors/communications/http/upload::mediarecorder-before-network-sink;micro-behaviors/communications/http/upload::mediarecorder-upload-endpoint-context;micro-behaviors/communications/http/upload::shell-curl-octet-upload;micro-behaviors/communications/http/url/api-path::native-http-message-api-path;micro-behaviors/communications/http/url/endpoint::groovy-upload-url-construction;micro-behaviors/communications/http/url/endpoint::html-media-recording-upload-route;micro-behaviors/communications/http/url/endpoint::media-recording-upload-route;micro-behaviors/communications/http/url/telemetry::java-collect-chunk-parameter;micro-behaviors/communications/http/url/telemetry::java-collect-upload-path;micro-behaviors/communications/http/url/telemetry::kotlin-ios-collection-post;micro-behaviors/communications/http/url/telemetry::objc-http-collect-post;micro-behaviors/communications/socket/send::kotlin-socket-request-pointer-send;micro-behaviors/communications/socket/send::objc-socket-body-buffer-send;micro-behaviors/crypto/hybrid::session-key-encrypt;micro-behaviors/data/archive/create/tar::shell-tar-create-file;micro-behaviors/data/archive/create/utility::windows-archive-create;micro-behaviors/data/archive/create/zip::powershell-base64-archive-body;micro-behaviors/data/encode/base64::cicd-release-script-b64encode-marker;micro-behaviors/data/encode/base64::windows-file-base64-encode;micro-behaviors/data/serialize/bittorrent::bittorrent-cli-archive-staging;micro-behaviors/data/serialize/bittorrent::bittorrent-cli-tracker-web-seed-release;micro-behaviors/data/serialize/bittorrent::bittorrent-cli-web-seeded-archive-release;micro-behaviors/data/serialize/bittorrent::bittorrent-web-seeded-archive-release;micro-behaviors/data/serialize/schema-object::credential-var-in-dict;micro-behaviors/fs/path/config/system::openwrt-sensitive-config-path;micro-behaviors/fs/path/credential::account-and-root-ssh-path-pair;micro-behaviors/fs/path/os/identity::openwrt-release-or-banner-path;micro-behaviors/fs/path/private-key::jvm-root-id-rsa-hex;micro-behaviors/os/sysinfo/network::openwrt-uci-recon-command;micro-behaviors/os/sysinfo/profile::system-activity-report-banner;micro-behaviors/ui/dialog/prompt::encrypted-metadata-upload-prompt;objectives/evasion/security-bypass/anti-bot/captcha-solving::captcha-image-solver-exfiltration;objectives/exfiltration/stealer/account-db::kotlin-bytecode-sensitive-http-copy-exfil;objectives/exfiltration/stealer/appliance-config::openwrt-lua-credential-http-exfil;objectives/exfiltration/stealer/appliance-config::openwrt-lua-credential-raw-http-exfil;objectives/exfiltration/stealer/appliance-config::openwrt-lua-dns-sidechannel-exfil;objectives/exfiltration/stealer/appliance-config::openwrt-native-account-config-http-exfil;objectives/exfiltration/stealer/appliance-config::openwrt-native-message-api-http-exfil;objectives/exfiltration/stealer/appliance-config::openwrt-node-chunked-http-exfil;objectives/exfiltration/stealer/appliance-config::openwrt-node-credential-http-exfil;objectives/exfiltration/stealer/appliance-config::openwrt-php-credential-http-exfil;objectives/exfiltration/stealer/appliance-config::openwrt-powershell-credential-http-exfil;objectives/exfiltration/stealer/appliance-config::openwrt-python-credential-http-exfil;objectives/exfiltration/stealer/credential::node-encode-exfil;objectives/exfiltration/stealer/env::ci-token-curl-upload;objectives/exfiltration/stealer/env::curl-post-data;objectives/exfiltration/stealer/env::node-host-profile-env-exfil;objectives/exfiltration/stealer/env::python-encoded-environment-raw-http-exfil;objectives/exfiltration/stealer/file::find-harvest-curl-upload;objectives/exfiltration/stealer/file::groovy-http-file-upload;objectives/exfiltration/stealer/image::all-site-extension-image-upload;objectives/exfiltration/stealer/multi-source::java-command-sensitive-exfil;objectives/exfiltration/stealer/multi-source::jvm-netbsd-sensitive-exfil;objectives/exfiltration/stealer/system-info/network::openwrt-uci-host-profile-http-exfil,Retain relocated exporters and HTTP capabilities explicitly; local packaging/fields/routes/prompts and DNS-only transfer are deliberately excluded. See recorded consumer rewrite.
objectives/credential-access/dev-tools/jfrog::jfrog-credential-theft,micro-behaviors/data/encode/base64/,2,0,micro-behaviors/data/encode/base64::cicd-release-script-b64encode-marker;micro-behaviors/data/encode/base64::windows-file-base64-encode,,Keep subject-based directory membership; relocated neutral capabilities join their actual subjects.
objectives/credential-access/env/secrets/source-control::env-github-token,micro-behaviors/communications/http/services/github/,1,0,micro-behaviors/communications/http/services/github::github-contents-encoded-write,,HTTP consumers gain the corresponding method/body/form/upload observations. These remain static capability clues; enclosing source or objective conditions supply intent.
objectives/credential-access/env/secrets/source-control::env-github-pat,micro-behaviors/communications/http/services/github/,1,0,micro-behaviors/communications/http/services/github::github-contents-encoded-write,,HTTP consumers gain the corresponding method/body/form/upload observations. These remain static capability clues; enclosing source or objective conditions supply intent.
objectives/credential-access/env/secrets/source-control::env-gh-token,micro-behaviors/communications/http/services/github/,1,0,micro-behaviors/communications/http/services/github::github-contents-encoded-write,,HTTP consumers gain the corresponding method/body/form/upload observations. These remain static capability clues; enclosing source or objective conditions supply intent.
objectives/credential-access/env/secrets/source-control::node-git-token,micro-behaviors/communications/http/services/github/,1,0,micro-behaviors/communications/http/services/github::github-contents-encoded-write,,HTTP consumers gain the corresponding method/body/form/upload observations. These remain static capability clues; enclosing source or objective conditions supply intent.
objectives/credential-access/shell/history::powershell-history-theft,micro-behaviors/communications/http/upload/,7,0,micro-behaviors/communications/http/upload::bittorrent-archive-http-client;micro-behaviors/communications/http/upload::csharp-base64-before-uploadstring;micro-behaviors/communications/http/upload::curl-file-upload-exfil;micro-behaviors/communications/http/upload::lua-curl-post-temp-file;micro-behaviors/communications/http/upload::mediarecorder-before-network-sink;micro-behaviors/communications/http/upload::mediarecorder-upload-endpoint-context;micro-behaviors/communications/http/upload::shell-curl-octet-upload,,HTTP consumers gain the corresponding method/body/form/upload observations. These remain static capability clues; enclosing source or objective conditions supply intent.
objectives/credential-access/shell/history::powershell-history-theft,objectives/exfiltration/stealer/,22,0,objectives/exfiltration/stealer/account-db::kotlin-bytecode-sensitive-http-copy-exfil;objectives/exfiltration/stealer/appliance-config::openwrt-lua-credential-http-exfil;objectives/exfiltration/stealer/appliance-config::openwrt-lua-credential-raw-http-exfil;objectives/exfiltration/stealer/appliance-config::openwrt-lua-dns-sidechannel-exfil;objectives/exfiltration/stealer/appliance-config::openwrt-native-account-config-http-exfil;objectives/exfiltration/stealer/appliance-config::openwrt-native-message-api-http-exfil;objectives/exfiltration/stealer/appliance-config::openwrt-node-chunked-http-exfil;objectives/exfiltration/stealer/appliance-config::openwrt-node-credential-http-exfil;objectives/exfiltration/stealer/appliance-config::openwrt-php-credential-http-exfil;objectives/exfiltration/stealer/appliance-config::openwrt-powershell-credential-http-exfil;objectives/exfiltration/stealer/appliance-config::openwrt-python-credential-http-exfil;objectives/exfiltration/stealer/credential::node-encode-exfil;objectives/exfiltration/stealer/env::ci-token-curl-upload;objectives/exfiltration/stealer/env::curl-post-data;objectives/exfiltration/stealer/env::node-host-profile-env-exfil;objectives/exfiltration/stealer/env::python-encoded-environment-raw-http-exfil;objectives/exfiltration/stealer/file::find-harvest-curl-upload;objectives/exfiltration/stealer/file::groovy-http-file-upload;objectives/exfiltration/stealer/image::all-site-extension-image-upload;objectives/exfiltration/stealer/multi-source::java-command-sensitive-exfil;objectives/exfiltration/stealer/multi-source::jvm-netbsd-sensitive-exfil;objectives/exfiltration/stealer/system-info/network::openwrt-uci-host-profile-http-exfil,,Preserve source/transfer subject membership. Neutral construction no longer supplies export; moved source-specific exporters join their actual data source.
objectives/credential-access/theft/app::ad-rms-credential-cache-harvest,micro-behaviors/data/archive/create/zip/,2,0,micro-behaviors/data/archive/create/zip::powershell-base64-archive-body;micro-behaviors/data/archive/create/zip::powershell-compress-archive,,Archive creation consumers gain local packaging operations without treating packaging itself as exfiltration.
objectives/credential-access/theft/app::ad-rms-credential-cache-harvest,micro-behaviors/data/archive/create/utility/,1,0,micro-behaviors/data/archive/create/utility::windows-archive-create,,Archive creation consumers gain local packaging operations without treating packaging itself as exfiltration.
objectives/credential-access/theft/app::ad-rms-credential-cache-harvest,micro-behaviors/data/archive/create/tar/,1,0,micro-behaviors/data/archive/create/tar::shell-tar-create-file,,Archive creation consumers gain local packaging operations without treating packaging itself as exfiltration.
objectives/discovery/system/profile::python-system-profile-http,micro-behaviors/communications/http/request/,8,0,micro-behaviors/communications/http/request/body::groovy-http-post-output;micro-behaviors/communications/http/request/body::node-upload-sink;micro-behaviors/communications/http/request/body::objc-curlopt-postfields;micro-behaviors/communications/http/request/body::objc-libcurl-postfields;micro-behaviors/communications/http/request/configuration::node-http-request-configured-any;micro-behaviors/communications/http/request/verb::c-ssl-write-http-post;micro-behaviors/communications/http/request/verb::lua-https-post-request;micro-behaviors/communications/http/request/verb::swift-urlsession-post-method-reference,,HTTP consumers gain the corresponding method/body/form/upload observations. These remain static capability clues; enclosing source or objective conditions supply intent.
objectives/discovery/system/fingerprint/hardware::python-enumeration,micro-behaviors/communications/http/request/,8,0,micro-behaviors/communications/http/request/body::groovy-http-post-output;micro-behaviors/communications/http/request/body::node-upload-sink;micro-behaviors/communications/http/request/body::objc-curlopt-postfields;micro-behaviors/communications/http/request/body::objc-libcurl-postfields;micro-behaviors/communications/http/request/configuration::node-http-request-configured-any;micro-behaviors/communications/http/request/verb::c-ssl-write-http-post;micro-behaviors/communications/http/request/verb::lua-https-post-request;micro-behaviors/communications/http/request/verb::swift-urlsession-post-method-reference,,HTTP consumers gain the corresponding method/body/form/upload observations. These remain static capability clues; enclosing source or objective conditions supply intent.
objectives/discovery/system/fingerprint/info::win32-system-profiling,micro-behaviors/os/sysinfo/,2,0,micro-behaviors/os/sysinfo/network::openwrt-uci-recon-command;micro-behaviors/os/sysinfo/profile::system-activity-report-banner,,Keep subject-based directory membership; relocated neutral capabilities join their actual subjects.
objectives/discovery/system/fingerprint/os::os-info,micro-behaviors/fs/path/os/identity/,1,0,micro-behaviors/fs/path/os/identity::openwrt-release-or-banner-path,,Filesystem/path consumers gain actual OS/config/private-key locators; no read or transmission is added to those atomic claims.
objectives/discovery/system/fingerprint/runtime::system-id-sources,micro-behaviors/os/sysinfo/,2,0,micro-behaviors/os/sysinfo/network::openwrt-uci-recon-command;micro-behaviors/os/sysinfo/profile::system-activity-report-banner,,Keep subject-based directory membership; relocated neutral capabilities join their actual subjects.
objectives/execution/exploit/parser-confusion::staged-tar-filter-argument-injection,micro-behaviors/data/archive/create/tar,1,0,micro-behaviors/data/archive/create/tar::shell-tar-create-file,,Archive creation consumers gain local packaging operations without treating packaging itself as exfiltration.
objectives/execution/exploit/network-service/command-execution::traversal-upload-system-cron-rce,micro-behaviors/communications/http/upload/,7,0,micro-behaviors/communications/http/upload::bittorrent-archive-http-client;micro-behaviors/communications/http/upload::csharp-base64-before-uploadstring;micro-behaviors/communications/http/upload::curl-file-upload-exfil;micro-behaviors/communications/http/upload::lua-curl-post-temp-file;micro-behaviors/communications/http/upload::mediarecorder-before-network-sink;micro-behaviors/communications/http/upload::mediarecorder-upload-endpoint-context;micro-behaviors/communications/http/upload::shell-curl-octet-upload,,HTTP consumers gain the corresponding method/body/form/upload observations. These remain static capability clues; enclosing source or objective conditions supply intent.
objectives/exfiltration/llm::llm-generated-document-exfiltration,objectives/exfiltration/http/upload/,0,91,,micro-behaviors/communications/http/authorization-header::github-cli-download-auth-token-fragment;micro-behaviors/communications/http/form::image-formdata-fields;micro-behaviors/communications/http/form::image-formdata-with-user-id;micro-behaviors/communications/http/form::upload-user-id-fields;micro-behaviors/communications/http/header/content-type::image-ppm-content-type;micro-behaviors/communications/http/header/transfer-encoding::node-chunked-transfer-encoding;micro-behaviors/communications/http/request/body::groovy-http-post-output;micro-behaviors/communications/http/request/body::node-upload-sink;micro-behaviors/communications/http/request/body::objc-curlopt-postfields;micro-behaviors/communications/http/request/body::objc-libcurl-postfields;micro-behaviors/communications/http/request/configuration::node-http-request-configured-any;micro-behaviors/communications/http/request/verb::c-ssl-write-http-post;micro-behaviors/communications/http/request/verb::lua-https-post-request;micro-behaviors/communications/http/request/verb::swift-urlsession-post-method-reference;micro-behaviors/communications/http/services/github::github-contents-encoded-write;micro-behaviors/communications/http/upload::bittorrent-archive-http-client;micro-behaviors/communications/http/upload::csharp-base64-before-uploadstring;micro-behaviors/communications/http/upload::curl-file-upload-exfil;micro-behaviors/communications/http/upload::lua-curl-post-temp-file;micro-behaviors/communications/http/upload::mediarecorder-before-network-sink;micro-behaviors/communications/http/upload::mediarecorder-upload-endpoint-context;micro-behaviors/communications/http/upload::shell-curl-octet-upload;micro-behaviors/communications/http/url/api-path::native-http-message-api-path;micro-behaviors/communications/http/url/endpoint::groovy-upload-url-construction;micro-behaviors/communications/http/url/endpoint::html-media-recording-upload-route;micro-behaviors/communications/http/url/endpoint::media-recording-upload-route;micro-behaviors/communications/http/url/telemetry::java-collect-chunk-parameter;micro-behaviors/communications/http/url/telemetry::java-collect-upload-path;micro-behaviors/communications/http/url/telemetry::kotlin-ios-collection-post;micro-behaviors/communications/http/url/telemetry::objc-http-collect-post;micro-behaviors/communications/socket/send::kotlin-socket-request-pointer-send;micro-behaviors/communications/socket/send::objc-socket-body-buffer-send;micro-behaviors/crypto/hybrid::session-key-encrypt;micro-behaviors/data/archive/create/tar::shell-tar-create-file;micro-behaviors/data/archive/create/utility::windows-archive-create;micro-behaviors/data/archive/create/zip::powershell-base64-archive-body;micro-behaviors/data/encode/base64::cicd-release-script-b64encode-marker;micro-behaviors/data/encode/base64::windows-file-base64-encode;micro-behaviors/data/serialize/bittorrent::bittorrent-cli-archive-staging;micro-behaviors/data/serialize/bittorrent::bittorrent-cli-tracker-web-seed-release;micro-behaviors/data/serialize/bittorrent::bittorrent-cli-web-seeded-archive-release;micro-behaviors/data/serialize/bittorrent::bittorrent-web-seeded-archive-release;micro-behaviors/data/serialize/schema-object::credential-var-in-dict;micro-behaviors/fs/path/config/system::openwrt-sensitive-config-path;micro-behaviors/fs/path/credential::account-and-root-ssh-path-pair;micro-behaviors/fs/path/os/identity::openwrt-release-or-banner-path;micro-behaviors/fs/path/private-key::jvm-root-id-rsa-hex;micro-behaviors/os/sysinfo/network::openwrt-uci-recon-command;micro-behaviors/os/sysinfo/profile::system-activity-report-banner;micro-behaviors/ui/dialog/prompt::encrypted-metadata-upload-prompt;objectives/evasion/security-bypass/anti-bot/captcha-solving::captcha-image-solver-exfiltration;objectives/exfiltration/http/archive::applescript-chunked-curl-exfil;objectives/exfiltration/http/archive::applescript-direct-chunked-upload;objectives/exfiltration/http/archive::applescript-outzip-curl-exfil;objectives/exfiltration/http/archive::applescript-outzip-p2p-exfil;objectives/exfiltration/http/archive::applescript-profile-and-exfil;objectives/exfiltration/http/archive::github-release-encrypted-archive-exfil;objectives/exfiltration/http/archive::powershell-base64-archive-http-exfil;objectives/exfiltration/http/archive::ps-zip-body-upload;objectives/exfiltration/http/archive::python-targz-requests-post;objectives/exfiltration/http/archive::shell-staged-tar-http-upload;objectives/exfiltration/http/archive::windows-encoded-archive-http-exfil;objectives/exfiltration/http/encrypted::browser-webcrypto-hybrid-http-exfil;objectives/exfiltration/http/encrypted::encrypted-icp-canister-exfil;objectives/exfiltration/http/encrypted::hybrid-encrypt-exfil;objectives/exfiltration/http/encrypted::node-gcm-rsa-encrypted-exfil;objectives/exfiltration/http/encrypted::node-hybrid-encrypted-exfil;objectives/exfiltration/http/encrypted::python-cbc-rsa-encrypted-http-upload;objectives/exfiltration/http/encrypted::python-hybrid-encrypted-http-upload;objectives/exfiltration/stealer/account-db::kotlin-bytecode-sensitive-http-copy-exfil;objectives/exfiltration/stealer/appliance-config::openwrt-lua-credential-http-exfil;objectives/exfiltration/stealer/appliance-config::openwrt-lua-credential-raw-http-exfil;objectives/exfiltration/stealer/appliance-config::openwrt-lua-dns-sidechannel-exfil;objectives/exfiltration/stealer/appliance-config::openwrt-native-account-config-http-exfil;objectives/exfiltration/stealer/appliance-config::openwrt-native-message-api-http-exfil;objectives/exfiltration/stealer/appliance-config::openwrt-node-chunked-http-exfil;objectives/exfiltration/stealer/appliance-config::openwrt-node-credential-http-exfil;objectives/exfiltration/stealer/appliance-config::openwrt-php-credential-http-exfil;objectives/exfiltration/stealer/appliance-config::openwrt-powershell-credential-http-exfil;objectives/exfiltration/stealer/appliance-config::openwrt-python-credential-http-exfil;objectives/exfiltration/stealer/credential::node-encode-exfil;objectives/exfiltration/stealer/env::ci-token-curl-upload;objectives/exfiltration/stealer/env::curl-post-data;objectives/exfiltration/stealer/env::node-host-profile-env-exfil;objectives/exfiltration/stealer/env::python-encoded-environment-raw-http-exfil;objectives/exfiltration/stealer/file::find-harvest-curl-upload;objectives/exfiltration/stealer/file::groovy-http-file-upload;objectives/exfiltration/stealer/image::all-site-extension-image-upload;objectives/exfiltration/stealer/multi-source::java-command-sensitive-exfil;objectives/exfiltration/stealer/multi-source::jvm-netbsd-sensitive-exfil;objectives/exfiltration/stealer/system-info/network::openwrt-uci-host-profile-http-exfil,Retain relocated exporters and HTTP capabilities explicitly; local packaging/fields/routes/prompts and DNS-only transfer are deliberately excluded. See recorded consumer rewrite.
objectives/exfiltration/sensitive-data::go-socket-exfiltration,micro-behaviors/communications/socket/send/,2,0,micro-behaviors/communications/socket/send::kotlin-socket-request-pointer-send;micro-behaviors/communications/socket/send::objc-socket-body-buffer-send,,Keep subject-based directory membership; relocated neutral capabilities join their actual subjects.
objectives/exfiltration/dns/tunnel::js-interactsh-recon-exfil,micro-behaviors/os/sysinfo/,2,0,micro-behaviors/os/sysinfo/network::openwrt-uci-recon-command;micro-behaviors/os/sysinfo/profile::system-activity-report-banner,,Keep subject-based directory membership; relocated neutral capabilities join their actual subjects.
objectives/exfiltration/http/collect::python-profiled-http-collector,objectives/exfiltration/stealer/appliance-config/,10,0,objectives/exfiltration/stealer/appliance-config::openwrt-lua-credential-http-exfil;objectives/exfiltration/stealer/appliance-config::openwrt-lua-credential-raw-http-exfil;objectives/exfiltration/stealer/appliance-config::openwrt-lua-dns-sidechannel-exfil;objectives/exfiltration/stealer/appliance-config::openwrt-native-account-config-http-exfil;objectives/exfiltration/stealer/appliance-config::openwrt-native-message-api-http-exfil;objectives/exfiltration/stealer/appliance-config::openwrt-node-chunked-http-exfil;objectives/exfiltration/stealer/appliance-config::openwrt-node-credential-http-exfil;objectives/exfiltration/stealer/appliance-config::openwrt-php-credential-http-exfil;objectives/exfiltration/stealer/appliance-config::openwrt-powershell-credential-http-exfil;objectives/exfiltration/stealer/appliance-config::openwrt-python-credential-http-exfil,,Preserve source/transfer subject membership. Neutral construction no longer supplies export; moved source-specific exporters join their actual data source.
objectives/exfiltration/http/collect::python-profiled-http-collector,objectives/exfiltration/stealer/account-db/,1,0,objectives/exfiltration/stealer/account-db::kotlin-bytecode-sensitive-http-copy-exfil,,Preserve source/transfer subject membership. Neutral construction no longer supplies export; moved source-specific exporters join their actual data source.
objectives/exfiltration/http/collect::python-profiled-http-collector,objectives/exfiltration/stealer/image/,1,0,objectives/exfiltration/stealer/image::all-site-extension-image-upload,,Preserve source/transfer subject membership. Neutral construction no longer supplies export; moved source-specific exporters join their actual data source.
objectives/exfiltration/http/collect::python-profiled-http-collector,objectives/exfiltration/stealer/file/,2,0,objectives/exfiltration/stealer/file::find-harvest-curl-upload;objectives/exfiltration/stealer/file::groovy-http-file-upload,,Preserve source/transfer subject membership. Neutral construction no longer supplies export; moved source-specific exporters join their actual data source.
objectives/exfiltration/http/collect::python-profiled-http-collector,objectives/exfiltration/stealer/multi-source/,2,0,objectives/exfiltration/stealer/multi-source::java-command-sensitive-exfil;objectives/exfiltration/stealer/multi-source::jvm-netbsd-sensitive-exfil,,Preserve source/transfer subject membership. Neutral construction no longer supplies export; moved source-specific exporters join their actual data source.
objectives/exfiltration/http/collect::python-profiled-http-collector,objectives/exfiltration/stealer/system-info/,1,0,objectives/exfiltration/stealer/system-info/network::openwrt-uci-host-profile-http-exfil,,Preserve source/transfer subject membership. Neutral construction no longer supplies export; moved source-specific exporters join their actual data source.
objectives/exfiltration/http/collect::python-profiled-http-collector,objectives/exfiltration/stealer/env/,4,0,objectives/exfiltration/stealer/env::ci-token-curl-upload;objectives/exfiltration/stealer/env::curl-post-data;objectives/exfiltration/stealer/env::node-host-profile-env-exfil;objectives/exfiltration/stealer/env::python-encoded-environment-raw-http-exfil,,Preserve source/transfer subject membership. Neutral construction no longer supplies export; moved source-specific exporters join their actual data source.
objectives/exfiltration/http/upload::perl-raw-socket-collect-exfil,micro-behaviors/os/sysinfo/,2,0,micro-behaviors/os/sysinfo/network::openwrt-uci-recon-command;micro-behaviors/os/sysinfo/profile::system-activity-report-banner,,Keep subject-based directory membership; relocated neutral capabilities join their actual subjects.
objectives/exfiltration/http/upload::encrypted-exfiltration-to-paste-site,micro-behaviors/data/encode/,2,0,micro-behaviors/data/encode/base64::cicd-release-script-b64encode-marker;micro-behaviors/data/encode/base64::windows-file-base64-encode,,Retain relocated exporters and HTTP capabilities explicitly; local packaging/fields/routes/prompts and DNS-only transfer are deliberately excluded. See recorded consumer rewrite.
objectives/exfiltration/http/upload::encrypted-exfiltration-to-paste-site,micro-behaviors/crypto/library/,0,3,,micro-behaviors/crypto/hybrid::openssl-rsa-aes-hybrid-encryption;micro-behaviors/crypto/hybrid::webcrypto-hybrid-payload-envelope;micro-behaviors/crypto/hybrid::webcrypto-rsa-oaep-aes-gcm-algorithm,Retain relocated exporters and HTTP capabilities explicitly; local packaging/fields/routes/prompts and DNS-only transfer are deliberately excluded. See recorded consumer rewrite.
objectives/exfiltration/messaging/telegram::telegram-browser-messenger-store-exfil,micro-behaviors/data/archive/create/zip,2,0,micro-behaviors/data/archive/create/zip::powershell-base64-archive-body;micro-behaviors/data/archive/create/zip::powershell-compress-archive,,Archive creation consumers gain local packaging operations without treating packaging itself as exfiltration.
objectives/exfiltration/messaging/webhook::feishu-sensitive-record-content,objectives/collection/,0,1,,micro-behaviors/data/archive/create/zip::powershell-compress-archive,Compress-Archive alone is now neutral archive creation and no longer supplies a collection objective.
objectives/exfiltration/messaging/webhook::slack-exfiltration,objectives/collection/,0,1,,micro-behaviors/data/archive/create/zip::powershell-compress-archive,Compress-Archive alone is now neutral archive creation and no longer supplies a collection objective.
objectives/exfiltration/messaging/webhook::discord-exfiltration,objectives/exfiltration/stealer,22,0,objectives/exfiltration/stealer/account-db::kotlin-bytecode-sensitive-http-copy-exfil;objectives/exfiltration/stealer/appliance-config::openwrt-lua-credential-http-exfil;objectives/exfiltration/stealer/appliance-config::openwrt-lua-credential-raw-http-exfil;objectives/exfiltration/stealer/appliance-config::openwrt-lua-dns-sidechannel-exfil;objectives/exfiltration/stealer/appliance-config::openwrt-native-account-config-http-exfil;objectives/exfiltration/stealer/appliance-config::openwrt-native-message-api-http-exfil;objectives/exfiltration/stealer/appliance-config::openwrt-node-chunked-http-exfil;objectives/exfiltration/stealer/appliance-config::openwrt-node-credential-http-exfil;objectives/exfiltration/stealer/appliance-config::openwrt-php-credential-http-exfil;objectives/exfiltration/stealer/appliance-config::openwrt-powershell-credential-http-exfil;objectives/exfiltration/stealer/appliance-config::openwrt-python-credential-http-exfil;objectives/exfiltration/stealer/credential::node-encode-exfil;objectives/exfiltration/stealer/env::ci-token-curl-upload;objectives/exfiltration/stealer/env::curl-post-data;objectives/exfiltration/stealer/env::node-host-profile-env-exfil;objectives/exfiltration/stealer/env::python-encoded-environment-raw-http-exfil;objectives/exfiltration/stealer/file::find-harvest-curl-upload;objectives/exfiltration/stealer/file::groovy-http-file-upload;objectives/exfiltration/stealer/image::all-site-extension-image-upload;objectives/exfiltration/stealer/multi-source::java-command-sensitive-exfil;objectives/exfiltration/stealer/multi-source::jvm-netbsd-sensitive-exfil;objectives/exfiltration/stealer/system-info/network::openwrt-uci-host-profile-http-exfil,,Preserve source/transfer subject membership. Neutral construction no longer supplies export; moved source-specific exporters join their actual data source.
objectives/exfiltration/oob/endpoint::encoded-oob-exfil,micro-behaviors/communications/http/request/,8,0,micro-behaviors/communications/http/request/body::groovy-http-post-output;micro-behaviors/communications/http/request/body::node-upload-sink;micro-behaviors/communications/http/request/body::objc-curlopt-postfields;micro-behaviors/communications/http/request/body::objc-libcurl-postfields;micro-behaviors/communications/http/request/configuration::node-http-request-configured-any;micro-behaviors/communications/http/request/verb::c-ssl-write-http-post;micro-behaviors/communications/http/request/verb::lua-https-post-request;micro-behaviors/communications/http/request/verb::swift-urlsession-post-method-reference,,HTTP consumers gain the corresponding method/body/form/upload observations. These remain static capability clues; enclosing source or objective conditions supply intent.
objectives/exfiltration/stealer/browser::js-browser-storage-http-exfil,micro-behaviors/communications/http/upload/,7,0,micro-behaviors/communications/http/upload::bittorrent-archive-http-client;micro-behaviors/communications/http/upload::csharp-base64-before-uploadstring;micro-behaviors/communications/http/upload::curl-file-upload-exfil;micro-behaviors/communications/http/upload::lua-curl-post-temp-file;micro-behaviors/communications/http/upload::mediarecorder-before-network-sink;micro-behaviors/communications/http/upload::mediarecorder-upload-endpoint-context;micro-behaviors/communications/http/upload::shell-curl-octet-upload,,HTTP consumers gain the corresponding method/body/form/upload observations. These remain static capability clues; enclosing source or objective conditions supply intent.
objectives/exfiltration/stealer/browser::macos-browser-cookie-store-http-exfil,micro-behaviors/communications/http/upload/,7,0,micro-behaviors/communications/http/upload::bittorrent-archive-http-client;micro-behaviors/communications/http/upload::csharp-base64-before-uploadstring;micro-behaviors/communications/http/upload::curl-file-upload-exfil;micro-behaviors/communications/http/upload::lua-curl-post-temp-file;micro-behaviors/communications/http/upload::mediarecorder-before-network-sink;micro-behaviors/communications/http/upload::mediarecorder-upload-endpoint-context;micro-behaviors/communications/http/upload::shell-curl-octet-upload,,HTTP consumers gain the corresponding method/body/form/upload observations. These remain static capability clues; enclosing source or objective conditions supply intent.
objectives/exfiltration/stealer/browser::jvm-macos-browser-cookie-http-exfil,micro-behaviors/communications/http/upload/,7,0,micro-behaviors/communications/http/upload::bittorrent-archive-http-client;micro-behaviors/communications/http/upload::csharp-base64-before-uploadstring;micro-behaviors/communications/http/upload::curl-file-upload-exfil;micro-behaviors/communications/http/upload::lua-curl-post-temp-file;micro-behaviors/communications/http/upload::mediarecorder-before-network-sink;micro-behaviors/communications/http/upload::mediarecorder-upload-endpoint-context;micro-behaviors/communications/http/upload::shell-curl-octet-upload,,HTTP consumers gain the corresponding method/body/form/upload observations. These remain static capability clues; enclosing source or objective conditions supply intent.
objectives/exfiltration/stealer/dev-secret::sensitive-secret-path-any,micro-behaviors/fs/path/private-key/,1,0,micro-behaviors/fs/path/private-key::jvm-root-id-rsa-hex,,Filesystem/path consumers gain actual OS/config/private-key locators; no read or transmission is added to those atomic claims.
objectives/exfiltration/stealer/dev-secret::simple-developer-secret-stealer,micro-behaviors/communications/http/services/github/,1,0,micro-behaviors/communications/http/services/github::github-contents-encoded-write,,HTTP consumers gain the corresponding method/body/form/upload observations. These remain static capability clues; enclosing source or objective conditions supply intent.
objectives/exfiltration/stealer/env::env-vars,micro-behaviors/data/encode/base64/,2,0,micro-behaviors/data/encode/base64::cicd-release-script-b64encode-marker;micro-behaviors/data/encode/base64::windows-file-base64-encode,,Keep subject-based directory membership; relocated neutral capabilities join their actual subjects.
objectives/exfiltration/stealer/file::artifactory-auth-bypass-artifact-theft,micro-behaviors/communications/http/,30,0,micro-behaviors/communications/http/authorization-header::github-cli-download-auth-token-fragment;micro-behaviors/communications/http/form::image-formdata-fields;micro-behaviors/communications/http/form::image-formdata-with-user-id;micro-behaviors/communications/http/form::upload-user-id-fields;micro-behaviors/communications/http/header/content-type::image-ppm-content-type;micro-behaviors/communications/http/header/transfer-encoding::node-chunked-transfer-encoding;micro-behaviors/communications/http/request/body::groovy-http-post-output;micro-behaviors/communications/http/request/body::node-upload-sink;micro-behaviors/communications/http/request/body::objc-curlopt-postfields;micro-behaviors/communications/http/request/body::objc-libcurl-postfields;micro-behaviors/communications/http/request/configuration::node-http-request-configured-any;micro-behaviors/communications/http/request/verb::c-ssl-write-http-post;micro-behaviors/communications/http/request/verb::lua-https-post-request;micro-behaviors/communications/http/request/verb::swift-urlsession-post-method-reference;micro-behaviors/communications/http/services/github::github-contents-encoded-write;micro-behaviors/communications/http/upload::bittorrent-archive-http-client;micro-behaviors/communications/http/upload::csharp-base64-before-uploadstring;micro-behaviors/communications/http/upload::curl-file-upload-exfil;micro-behaviors/communications/http/upload::lua-curl-post-temp-file;micro-behaviors/communications/http/upload::mediarecorder-before-network-sink;micro-behaviors/communications/http/upload::mediarecorder-upload-endpoint-context;micro-behaviors/communications/http/upload::shell-curl-octet-upload;micro-behaviors/communications/http/url/api-path::native-http-message-api-path;micro-behaviors/communications/http/url/endpoint::groovy-upload-url-construction;micro-behaviors/communications/http/url/endpoint::html-media-recording-upload-route;micro-behaviors/communications/http/url/endpoint::media-recording-upload-route;micro-behaviors/communications/http/url/telemetry::java-collect-chunk-parameter;micro-behaviors/communications/http/url/telemetry::java-collect-upload-path;micro-behaviors/communications/http/url/telemetry::kotlin-ios-collection-post;micro-behaviors/communications/http/url/telemetry::objc-http-collect-post,,HTTP consumers gain the corresponding method/body/form/upload observations. These remain static capability clues; enclosing source or objective conditions supply intent.
objectives/exfiltration/stealer/file::removable-media-http-sync,micro-behaviors/communications/http/upload/,7,0,micro-behaviors/communications/http/upload::bittorrent-archive-http-client;micro-behaviors/communications/http/upload::csharp-base64-before-uploadstring;micro-behaviors/communications/http/upload::curl-file-upload-exfil;micro-behaviors/communications/http/upload::lua-curl-post-temp-file;micro-behaviors/communications/http/upload::mediarecorder-before-network-sink;micro-behaviors/communications/http/upload::mediarecorder-upload-endpoint-context;micro-behaviors/communications/http/upload::shell-curl-octet-upload,,HTTP consumers gain the corresponding method/body/form/upload observations. These remain static capability clues; enclosing source or objective conditions supply intent.
objectives/exfiltration/stealer/file::removable-media-http-sync,micro-behaviors/communications/http/request/,8,0,micro-behaviors/communications/http/request/body::groovy-http-post-output;micro-behaviors/communications/http/request/body::node-upload-sink;micro-behaviors/communications/http/request/body::objc-curlopt-postfields;micro-behaviors/communications/http/request/body::objc-libcurl-postfields;micro-behaviors/communications/http/request/configuration::node-http-request-configured-any;micro-behaviors/communications/http/request/verb::c-ssl-write-http-post;micro-behaviors/communications/http/request/verb::lua-https-post-request;micro-behaviors/communications/http/request/verb::swift-urlsession-post-method-reference,,HTTP consumers gain the corresponding method/body/form/upload observations. These remain static capability clues; enclosing source or objective conditions supply intent.
objectives/exfiltration/stealer/file::remote-file-table-drive-sync,micro-behaviors/communications/http/upload/,7,0,micro-behaviors/communications/http/upload::bittorrent-archive-http-client;micro-behaviors/communications/http/upload::csharp-base64-before-uploadstring;micro-behaviors/communications/http/upload::curl-file-upload-exfil;micro-behaviors/communications/http/upload::lua-curl-post-temp-file;micro-behaviors/communications/http/upload::mediarecorder-before-network-sink;micro-behaviors/communications/http/upload::mediarecorder-upload-endpoint-context;micro-behaviors/communications/http/upload::shell-curl-octet-upload,,HTTP consumers gain the corresponding method/body/form/upload observations. These remain static capability clues; enclosing source or objective conditions supply intent.
objectives/exfiltration/stealer/token::process-memory-token-exfil,micro-behaviors/communications/http/request/verb,3,0,micro-behaviors/communications/http/request/verb::c-ssl-write-http-post;micro-behaviors/communications/http/request/verb::lua-https-post-request;micro-behaviors/communications/http/request/verb::swift-urlsession-post-method-reference,,HTTP consumers gain the corresponding method/body/form/upload observations. These remain static capability clues; enclosing source or objective conditions supply intent.
objectives/exfiltration/stealer/wallet::multi-wallet-network-stealer,micro-behaviors/communications/http/upload/,7,0,micro-behaviors/communications/http/upload::bittorrent-archive-http-client;micro-behaviors/communications/http/upload::csharp-base64-before-uploadstring;micro-behaviors/communications/http/upload::curl-file-upload-exfil;micro-behaviors/communications/http/upload::lua-curl-post-temp-file;micro-behaviors/communications/http/upload::mediarecorder-before-network-sink;micro-behaviors/communications/http/upload::mediarecorder-upload-endpoint-context;micro-behaviors/communications/http/upload::shell-curl-octet-upload,,HTTP consumers gain the corresponding method/body/form/upload observations. These remain static capability clues; enclosing source or objective conditions supply intent.
objectives/exfiltration/stealer/wallet::wallet-extension-archive-http-exfiltration,micro-behaviors/communications/http/upload/,7,0,micro-behaviors/communications/http/upload::bittorrent-archive-http-client;micro-behaviors/communications/http/upload::csharp-base64-before-uploadstring;micro-behaviors/communications/http/upload::curl-file-upload-exfil;micro-behaviors/communications/http/upload::lua-curl-post-temp-file;micro-behaviors/communications/http/upload::mediarecorder-before-network-sink;micro-behaviors/communications/http/upload::mediarecorder-upload-endpoint-context;micro-behaviors/communications/http/upload::shell-curl-octet-upload,,HTTP consumers gain the corresponding method/body/form/upload observations. These remain static capability clues; enclosing source or objective conditions supply intent.
objectives/exfiltration/stealer/wallet::wallet-extension-archive-http-exfiltration,micro-behaviors/data/archive/create/,4,0,micro-behaviors/data/archive/create/tar::shell-tar-create-file;micro-behaviors/data/archive/create/utility::windows-archive-create;micro-behaviors/data/archive/create/zip::powershell-base64-archive-body;micro-behaviors/data/archive/create/zip::powershell-compress-archive,,Archive creation consumers gain local packaging operations without treating packaging itself as exfiltration.
objectives/exfiltration/stealer/wallet::networked-wallet-and-credential-file-stealer,micro-behaviors/communications/http/upload/,7,0,micro-behaviors/communications/http/upload::bittorrent-archive-http-client;micro-behaviors/communications/http/upload::csharp-base64-before-uploadstring;micro-behaviors/communications/http/upload::curl-file-upload-exfil;micro-behaviors/communications/http/upload::lua-curl-post-temp-file;micro-behaviors/communications/http/upload::mediarecorder-before-network-sink;micro-behaviors/communications/http/upload::mediarecorder-upload-endpoint-context;micro-behaviors/communications/http/upload::shell-curl-octet-upload,,HTTP consumers gain the corresponding method/body/form/upload observations. These remain static capability clues; enclosing source or objective conditions supply intent.
objectives/exfiltration/stealer/credential::js-browser-wallet-upload-exfil,micro-behaviors/communications/http/upload/,7,0,micro-behaviors/communications/http/upload::bittorrent-archive-http-client;micro-behaviors/communications/http/upload::csharp-base64-before-uploadstring;micro-behaviors/communications/http/upload::curl-file-upload-exfil;micro-behaviors/communications/http/upload::lua-curl-post-temp-file;micro-behaviors/communications/http/upload::mediarecorder-before-network-sink;micro-behaviors/communications/http/upload::mediarecorder-upload-endpoint-context;micro-behaviors/communications/http/upload::shell-curl-octet-upload,,HTTP consumers gain the corresponding method/body/form/upload observations. These remain static capability clues; enclosing source or objective conditions supply intent.
objectives/exfiltration/stealer/multi-source::python-profiler,objectives/exfiltration/http/,0,73,,micro-behaviors/communications/http/authorization-header::github-cli-download-auth-token-fragment;micro-behaviors/communications/http/form::image-formdata-fields;micro-behaviors/communications/http/form::image-formdata-with-user-id;micro-behaviors/communications/http/form::upload-user-id-fields;micro-behaviors/communications/http/header/content-type::image-ppm-content-type;micro-behaviors/communications/http/header/transfer-encoding::node-chunked-transfer-encoding;micro-behaviors/communications/http/request/body::groovy-http-post-output;micro-behaviors/communications/http/request/body::node-upload-sink;micro-behaviors/communications/http/request/body::objc-curlopt-postfields;micro-behaviors/communications/http/request/body::objc-libcurl-postfields;micro-behaviors/communications/http/request/configuration::node-http-request-configured-any;micro-behaviors/communications/http/request/verb::c-ssl-write-http-post;micro-behaviors/communications/http/request/verb::lua-https-post-request;micro-behaviors/communications/http/request/verb::swift-urlsession-post-method-reference;micro-behaviors/communications/http/services/github::github-contents-encoded-write;micro-behaviors/communications/http/upload::bittorrent-archive-http-client;micro-behaviors/communications/http/upload::csharp-base64-before-uploadstring;micro-behaviors/communications/http/upload::curl-file-upload-exfil;micro-behaviors/communications/http/upload::lua-curl-post-temp-file;micro-behaviors/communications/http/upload::mediarecorder-before-network-sink;micro-behaviors/communications/http/upload::mediarecorder-upload-endpoint-context;micro-behaviors/communications/http/upload::shell-curl-octet-upload;micro-behaviors/communications/http/url/api-path::native-http-message-api-path;micro-behaviors/communications/http/url/endpoint::groovy-upload-url-construction;micro-behaviors/communications/http/url/endpoint::html-media-recording-upload-route;micro-behaviors/communications/http/url/endpoint::media-recording-upload-route;micro-behaviors/communications/http/url/telemetry::java-collect-chunk-parameter;micro-behaviors/communications/http/url/telemetry::java-collect-upload-path;micro-behaviors/communications/http/url/telemetry::kotlin-ios-collection-post;micro-behaviors/communications/http/url/telemetry::objc-http-collect-post;micro-behaviors/communications/socket/send::kotlin-socket-request-pointer-send;micro-behaviors/communications/socket/send::objc-socket-body-buffer-send;micro-behaviors/crypto/hybrid::session-key-encrypt;micro-behaviors/data/archive/create/tar::shell-tar-create-file;micro-behaviors/data/archive/create/utility::windows-archive-create;micro-behaviors/data/archive/create/zip::powershell-base64-archive-body;micro-behaviors/data/encode/base64::cicd-release-script-b64encode-marker;micro-behaviors/data/encode/base64::windows-file-base64-encode;micro-behaviors/data/serialize/bittorrent::bittorrent-cli-archive-staging;micro-behaviors/data/serialize/bittorrent::bittorrent-cli-tracker-web-seed-release;micro-behaviors/data/serialize/bittorrent::bittorrent-cli-web-seeded-archive-release;micro-behaviors/data/serialize/bittorrent::bittorrent-web-seeded-archive-release;micro-behaviors/data/serialize/schema-object::credential-var-in-dict;micro-behaviors/fs/path/config/system::openwrt-sensitive-config-path;micro-behaviors/fs/path/credential::account-and-root-ssh-path-pair;micro-behaviors/fs/path/os/identity::openwrt-release-or-banner-path;micro-behaviors/fs/path/private-key::jvm-root-id-rsa-hex;micro-behaviors/os/sysinfo/network::openwrt-uci-recon-command;micro-behaviors/os/sysinfo/profile::system-activity-report-banner;micro-behaviors/ui/dialog/prompt::encrypted-metadata-upload-prompt;objectives/evasion/security-bypass/anti-bot/captcha-solving::captcha-image-solver-exfiltration;objectives/exfiltration/stealer/account-db::kotlin-bytecode-sensitive-http-copy-exfil;objectives/exfiltration/stealer/appliance-config::openwrt-lua-credential-http-exfil;objectives/exfiltration/stealer/appliance-config::openwrt-lua-credential-raw-http-exfil;objectives/exfiltration/stealer/appliance-config::openwrt-lua-dns-sidechannel-exfil;objectives/exfiltration/stealer/appliance-config::openwrt-native-account-config-http-exfil;objectives/exfiltration/stealer/appliance-config::openwrt-native-message-api-http-exfil;objectives/exfiltration/stealer/appliance-config::openwrt-node-chunked-http-exfil;objectives/exfiltration/stealer/appliance-config::openwrt-node-credential-http-exfil;objectives/exfiltration/stealer/appliance-config::openwrt-php-credential-http-exfil;objectives/exfiltration/stealer/appliance-config::openwrt-powershell-credential-http-exfil;objectives/exfiltration/stealer/appliance-config::openwrt-python-credential-http-exfil;objectives/exfiltration/stealer/credential::node-encode-exfil;objectives/exfiltration/stealer/env::ci-token-curl-upload;objectives/exfiltration/stealer/env::curl-post-data;objectives/exfiltration/stealer/env::node-host-profile-env-exfil;objectives/exfiltration/stealer/env::python-encoded-environment-raw-http-exfil;objectives/exfiltration/stealer/file::find-harvest-curl-upload;objectives/exfiltration/stealer/file::groovy-http-file-upload;objectives/exfiltration/stealer/image::all-site-extension-image-upload;objectives/exfiltration/stealer/multi-source::java-command-sensitive-exfil;objectives/exfiltration/stealer/multi-source::jvm-netbsd-sensitive-exfil;objectives/exfiltration/stealer/system-info/network::openwrt-uci-host-profile-http-exfil,Retain relocated exporters and HTTP capabilities explicitly; local packaging/fields/routes/prompts and DNS-only transfer are deliberately excluded. See recorded consumer rewrite.
objectives/exfiltration/stealer/screen::python-screenshot-exfil,micro-behaviors/communications/http/upload/,7,0,micro-behaviors/communications/http/upload::bittorrent-archive-http-client;micro-behaviors/communications/http/upload::csharp-base64-before-uploadstring;micro-behaviors/communications/http/upload::curl-file-upload-exfil;micro-behaviors/communications/http/upload::lua-curl-post-temp-file;micro-behaviors/communications/http/upload::mediarecorder-before-network-sink;micro-behaviors/communications/http/upload::mediarecorder-upload-endpoint-context;micro-behaviors/communications/http/upload::shell-curl-octet-upload,,HTTP consumers gain the corresponding method/body/form/upload observations. These remain static capability clues; enclosing source or objective conditions supply intent.
objectives/exfiltration/stealer/image::gdi-image-exfil,micro-behaviors/communications/http/upload/,7,0,micro-behaviors/communications/http/upload::bittorrent-archive-http-client;micro-behaviors/communications/http/upload::csharp-base64-before-uploadstring;micro-behaviors/communications/http/upload::curl-file-upload-exfil;micro-behaviors/communications/http/upload::lua-curl-post-temp-file;micro-behaviors/communications/http/upload::mediarecorder-before-network-sink;micro-behaviors/communications/http/upload::mediarecorder-upload-endpoint-context;micro-behaviors/communications/http/upload::shell-curl-octet-upload,,HTTP consumers gain the corresponding method/body/form/upload observations. These remain static capability clues; enclosing source or objective conditions supply intent.
objectives/exfiltration/stealer/image::image-process-inventory-upload,micro-behaviors/communications/http/upload/,7,0,micro-behaviors/communications/http/upload::bittorrent-archive-http-client;micro-behaviors/communications/http/upload::csharp-base64-before-uploadstring;micro-behaviors/communications/http/upload::curl-file-upload-exfil;micro-behaviors/communications/http/upload::lua-curl-post-temp-file;micro-behaviors/communications/http/upload::mediarecorder-before-network-sink;micro-behaviors/communications/http/upload::mediarecorder-upload-endpoint-context;micro-behaviors/communications/http/upload::shell-curl-octet-upload,,HTTP consumers gain the corresponding method/body/form/upload observations. These remain static capability clues; enclosing source or objective conditions supply intent.
objectives/exfiltration/stealer/audio::windows-audio-capture-http-exfil,micro-behaviors/communications/http/upload/,7,0,micro-behaviors/communications/http/upload::bittorrent-archive-http-client;micro-behaviors/communications/http/upload::csharp-base64-before-uploadstring;micro-behaviors/communications/http/upload::curl-file-upload-exfil;micro-behaviors/communications/http/upload::lua-curl-post-temp-file;micro-behaviors/communications/http/upload::mediarecorder-before-network-sink;micro-behaviors/communications/http/upload::mediarecorder-upload-endpoint-context;micro-behaviors/communications/http/upload::shell-curl-octet-upload,,HTTP consumers gain the corresponding method/body/form/upload observations. These remain static capability clues; enclosing source or objective conditions supply intent.
objectives/exfiltration/stealer/camera::windows-webcam-capture-http-exfil,micro-behaviors/communications/http/upload/,7,0,micro-behaviors/communications/http/upload::bittorrent-archive-http-client;micro-behaviors/communications/http/upload::csharp-base64-before-uploadstring;micro-behaviors/communications/http/upload::curl-file-upload-exfil;micro-behaviors/communications/http/upload::lua-curl-post-temp-file;micro-behaviors/communications/http/upload::mediarecorder-before-network-sink;micro-behaviors/communications/http/upload::mediarecorder-upload-endpoint-context;micro-behaviors/communications/http/upload::shell-curl-octet-upload,,HTTP consumers gain the corresponding method/body/form/upload observations. These remain static capability clues; enclosing source or objective conditions supply intent.
objectives/exfiltration/stealer/system-info/identity::encoded-hardware-fingerprint,micro-behaviors/communications/http/upload/,7,0,micro-behaviors/communications/http/upload::bittorrent-archive-http-client;micro-behaviors/communications/http/upload::csharp-base64-before-uploadstring;micro-behaviors/communications/http/upload::curl-file-upload-exfil;micro-behaviors/communications/http/upload::lua-curl-post-temp-file;micro-behaviors/communications/http/upload::mediarecorder-before-network-sink;micro-behaviors/communications/http/upload::mediarecorder-upload-endpoint-context;micro-behaviors/communications/http/upload::shell-curl-octet-upload,,HTTP consumers gain the corresponding method/body/form/upload observations. These remain static capability clues; enclosing source or objective conditions supply intent.
objectives/exfiltration/stealer/system-info/profile::dotnet-stub-host-fingerprint-exfil,micro-behaviors/communications/http/upload,7,0,micro-behaviors/communications/http/upload::bittorrent-archive-http-client;micro-behaviors/communications/http/upload::csharp-base64-before-uploadstring;micro-behaviors/communications/http/upload::curl-file-upload-exfil;micro-behaviors/communications/http/upload::lua-curl-post-temp-file;micro-behaviors/communications/http/upload::mediarecorder-before-network-sink;micro-behaviors/communications/http/upload::mediarecorder-upload-endpoint-context;micro-behaviors/communications/http/upload::shell-curl-octet-upload,,HTTP consumers gain the corresponding method/body/form/upload observations. These remain static capability clues; enclosing source or objective conditions supply intent.
objectives/exfiltration/stealer/system-info/profile::system-info-exfiltration,micro-behaviors/os/sysinfo/,2,0,micro-behaviors/os/sysinfo/network::openwrt-uci-recon-command;micro-behaviors/os/sysinfo/profile::system-activity-report-banner,,Keep subject-based directory membership; relocated neutral capabilities join their actual subjects.
objectives/exfiltration/stealer/system-info/profile::recon-telegram-exfil,micro-behaviors/os/sysinfo/,2,0,micro-behaviors/os/sysinfo/network::openwrt-uci-recon-command;micro-behaviors/os/sysinfo/profile::system-activity-report-banner,,Keep subject-based directory membership; relocated neutral capabilities join their actual subjects.
objectives/impact/dos/attack/flood::ddos-mechanics,micro-behaviors/communications/,32,0,micro-behaviors/communications/http/authorization-header::github-cli-download-auth-token-fragment;micro-behaviors/communications/http/form::image-formdata-fields;micro-behaviors/communications/http/form::image-formdata-with-user-id;micro-behaviors/communications/http/form::upload-user-id-fields;micro-behaviors/communications/http/header/content-type::image-ppm-content-type;micro-behaviors/communications/http/header/transfer-encoding::node-chunked-transfer-encoding;micro-behaviors/communications/http/request/body::groovy-http-post-output;micro-behaviors/communications/http/request/body::node-upload-sink;micro-behaviors/communications/http/request/body::objc-curlopt-postfields;micro-behaviors/communications/http/request/body::objc-libcurl-postfields;micro-behaviors/communications/http/request/configuration::node-http-request-configured-any;micro-behaviors/communications/http/request/verb::c-ssl-write-http-post;micro-behaviors/communications/http/request/verb::lua-https-post-request;micro-behaviors/communications/http/request/verb::swift-urlsession-post-method-reference;micro-behaviors/communications/http/services/github::github-contents-encoded-write;micro-behaviors/communications/http/upload::bittorrent-archive-http-client;micro-behaviors/communications/http/upload::csharp-base64-before-uploadstring;micro-behaviors/communications/http/upload::curl-file-upload-exfil;micro-behaviors/communications/http/upload::lua-curl-post-temp-file;micro-behaviors/communications/http/upload::mediarecorder-before-network-sink;micro-behaviors/communications/http/upload::mediarecorder-upload-endpoint-context;micro-behaviors/communications/http/upload::shell-curl-octet-upload;micro-behaviors/communications/http/url/api-path::native-http-message-api-path;micro-behaviors/communications/http/url/endpoint::groovy-upload-url-construction;micro-behaviors/communications/http/url/endpoint::html-media-recording-upload-route;micro-behaviors/communications/http/url/endpoint::media-recording-upload-route;micro-behaviors/communications/http/url/telemetry::java-collect-chunk-parameter;micro-behaviors/communications/http/url/telemetry::java-collect-upload-path;micro-behaviors/communications/http/url/telemetry::kotlin-ios-collection-post;micro-behaviors/communications/http/url/telemetry::objc-http-collect-post;micro-behaviors/communications/socket/send::kotlin-socket-request-pointer-send;micro-behaviors/communications/socket/send::objc-socket-body-buffer-send,,Keep subject-based directory membership; relocated neutral capabilities join their actual subjects.
objectives/impact/ransom/extortion::sensitive-archive-upload-file-encryption-extortion,micro-behaviors/communications/http/upload/,7,0,micro-behaviors/communications/http/upload::bittorrent-archive-http-client;micro-behaviors/communications/http/upload::csharp-base64-before-uploadstring;micro-behaviors/communications/http/upload::curl-file-upload-exfil;micro-behaviors/communications/http/upload::lua-curl-post-temp-file;micro-behaviors/communications/http/upload::mediarecorder-before-network-sink;micro-behaviors/communications/http/upload::mediarecorder-upload-endpoint-context;micro-behaviors/communications/http/upload::shell-curl-octet-upload,,HTTP consumers gain the corresponding method/body/form/upload observations. These remain static capability clues; enclosing source or objective conditions supply intent.
objectives/impact/ransom/extortion::sensitive-archive-upload-file-encryption-extortion,micro-behaviors/data/archive/create/,4,0,micro-behaviors/data/archive/create/tar::shell-tar-create-file;micro-behaviors/data/archive/create/utility::windows-archive-create;micro-behaviors/data/archive/create/zip::powershell-base64-archive-body;micro-behaviors/data/archive/create/zip::powershell-compress-archive,,Archive creation consumers gain local packaging operations without treating packaging itself as exfiltration.
objectives/supply-chain/credential-theft/env::py-env-to-post,micro-behaviors/communications/http/services/github/,1,0,micro-behaviors/communications/http/services/github::github-contents-encoded-write,,HTTP consumers gain the corresponding method/body/form/upload observations. These remain static capability clues; enclosing source or objective conditions supply intent.
objectives/supply-chain/hidden-payload/extensions/vscode::credential-theft-comp,micro-behaviors/communications/http/request/,8,0,micro-behaviors/communications/http/request/body::groovy-http-post-output;micro-behaviors/communications/http/request/body::node-upload-sink;micro-behaviors/communications/http/request/body::objc-curlopt-postfields;micro-behaviors/communications/http/request/body::objc-libcurl-postfields;micro-behaviors/communications/http/request/configuration::node-http-request-configured-any;micro-behaviors/communications/http/request/verb::c-ssl-write-http-post;micro-behaviors/communications/http/request/verb::lua-https-post-request;micro-behaviors/communications/http/request/verb::swift-urlsession-post-method-reference,,HTTP consumers gain the corresponding method/body/form/upload observations. These remain static capability clues; enclosing source or objective conditions supply intent.
objectives/supply-chain/recon-exfil/pipeline::cicd-recon-any-exfil,micro-behaviors/communications/http/request/,8,0,micro-behaviors/communications/http/request/body::groovy-http-post-output;micro-behaviors/communications/http/request/body::node-upload-sink;micro-behaviors/communications/http/request/body::objc-curlopt-postfields;micro-behaviors/communications/http/request/body::objc-libcurl-postfields;micro-behaviors/communications/http/request/configuration::node-http-request-configured-any;micro-behaviors/communications/http/request/verb::c-ssl-write-http-post;micro-behaviors/communications/http/request/verb::lua-https-post-request;micro-behaviors/communications/http/request/verb::swift-urlsession-post-method-reference,,HTTP consumers gain the corresponding method/body/form/upload observations. These remain static capability clues; enclosing source or objective conditions supply intent.
objectives/supply-chain/recon-exfil/pipeline::npm-token-theft,micro-behaviors/communications/http/request/verb/,3,0,micro-behaviors/communications/http/request/verb::c-ssl-write-http-post;micro-behaviors/communications/http/request/verb::lua-https-post-request;micro-behaviors/communications/http/request/verb::swift-urlsession-post-method-reference,,HTTP consumers gain the corresponding method/body/form/upload observations. These remain static capability clues; enclosing source or objective conditions supply intent.
objectives/supply-chain/recon-exfil/pipeline::npm-token-theft,micro-behaviors/communications/http/services/github,1,0,micro-behaviors/communications/http/services/github::github-contents-encoded-write,,HTTP consumers gain the corresponding method/body/form/upload observations. These remain static capability clues; enclosing source or objective conditions supply intent.
objectives/supply-chain/trojanized/package::fresh-package-env-secret-exfil,objectives/exfiltration/stealer/env,4,0,objectives/exfiltration/stealer/env::ci-token-curl-upload;objectives/exfiltration/stealer/env::curl-post-data;objectives/exfiltration/stealer/env::node-host-profile-env-exfil;objectives/exfiltration/stealer/env::python-encoded-environment-raw-http-exfil,,Preserve source/transfer subject membership. Neutral construction no longer supplies export; moved source-specific exporters join their actual data source.
objectives/supply-chain/trojanized/app/config-injection::mcp-config-injection,objectives/exfiltration,0,51,,micro-behaviors/communications/http/authorization-header::github-cli-download-auth-token-fragment;micro-behaviors/communications/http/form::image-formdata-fields;micro-behaviors/communications/http/form::image-formdata-with-user-id;micro-behaviors/communications/http/form::upload-user-id-fields;micro-behaviors/communications/http/header/content-type::image-ppm-content-type;micro-behaviors/communications/http/header/transfer-encoding::node-chunked-transfer-encoding;micro-behaviors/communications/http/request/body::groovy-http-post-output;micro-behaviors/communications/http/request/body::node-upload-sink;micro-behaviors/communications/http/request/body::objc-curlopt-postfields;micro-behaviors/communications/http/request/body::objc-libcurl-postfields;micro-behaviors/communications/http/request/configuration::node-http-request-configured-any;micro-behaviors/communications/http/request/verb::c-ssl-write-http-post;micro-behaviors/communications/http/request/verb::lua-https-post-request;micro-behaviors/communications/http/request/verb::swift-urlsession-post-method-reference;micro-behaviors/communications/http/services/github::github-contents-encoded-write;micro-behaviors/communications/http/upload::bittorrent-archive-http-client;micro-behaviors/communications/http/upload::csharp-base64-before-uploadstring;micro-behaviors/communications/http/upload::curl-file-upload-exfil;micro-behaviors/communications/http/upload::lua-curl-post-temp-file;micro-behaviors/communications/http/upload::mediarecorder-before-network-sink;micro-behaviors/communications/http/upload::mediarecorder-upload-endpoint-context;micro-behaviors/communications/http/upload::shell-curl-octet-upload;micro-behaviors/communications/http/url/api-path::native-http-message-api-path;micro-behaviors/communications/http/url/endpoint::groovy-upload-url-construction;micro-behaviors/communications/http/url/endpoint::html-media-recording-upload-route;micro-behaviors/communications/http/url/endpoint::media-recording-upload-route;micro-behaviors/communications/http/url/telemetry::java-collect-chunk-parameter;micro-behaviors/communications/http/url/telemetry::java-collect-upload-path;micro-behaviors/communications/http/url/telemetry::kotlin-ios-collection-post;micro-behaviors/communications/http/url/telemetry::objc-http-collect-post;micro-behaviors/communications/socket/send::kotlin-socket-request-pointer-send;micro-behaviors/communications/socket/send::objc-socket-body-buffer-send;micro-behaviors/crypto/hybrid::session-key-encrypt;micro-behaviors/data/archive/create/tar::shell-tar-create-file;micro-behaviors/data/archive/create/utility::windows-archive-create;micro-behaviors/data/archive/create/zip::powershell-base64-archive-body;micro-behaviors/data/encode/base64::cicd-release-script-b64encode-marker;micro-behaviors/data/encode/base64::windows-file-base64-encode;micro-behaviors/data/serialize/bittorrent::bittorrent-cli-archive-staging;micro-behaviors/data/serialize/bittorrent::bittorrent-cli-tracker-web-seed-release;micro-behaviors/data/serialize/bittorrent::bittorrent-cli-web-seeded-archive-release;micro-behaviors/data/serialize/bittorrent::bittorrent-web-seeded-archive-release;micro-behaviors/data/serialize/schema-object::credential-var-in-dict;micro-behaviors/fs/path/config/system::openwrt-sensitive-config-path;micro-behaviors/fs/path/credential::account-and-root-ssh-path-pair;micro-behaviors/fs/path/os/identity::openwrt-release-or-banner-path;micro-behaviors/fs/path/private-key::jvm-root-id-rsa-hex;micro-behaviors/os/sysinfo/network::openwrt-uci-recon-command;micro-behaviors/os/sysinfo/profile::system-activity-report-banner;micro-behaviors/ui/dialog/prompt::encrypted-metadata-upload-prompt;objectives/evasion/security-bypass/anti-bot/captcha-solving::captcha-image-solver-exfiltration,Preserve source/transfer subject membership. Neutral construction no longer supplies export; moved source-specific exporters join their actual data source.
objectives/supply-chain/trojanized/app/config-injection::windsurf-mcp-injection,objectives/exfiltration,0,51,,micro-behaviors/communications/http/authorization-header::github-cli-download-auth-token-fragment;micro-behaviors/communications/http/form::image-formdata-fields;micro-behaviors/communications/http/form::image-formdata-with-user-id;micro-behaviors/communications/http/form::upload-user-id-fields;micro-behaviors/communications/http/header/content-type::image-ppm-content-type;micro-behaviors/communications/http/header/transfer-encoding::node-chunked-transfer-encoding;micro-behaviors/communications/http/request/body::groovy-http-post-output;micro-behaviors/communications/http/request/body::node-upload-sink;micro-behaviors/communications/http/request/body::objc-curlopt-postfields;micro-behaviors/communications/http/request/body::objc-libcurl-postfields;micro-behaviors/communications/http/request/configuration::node-http-request-configured-any;micro-behaviors/communications/http/request/verb::c-ssl-write-http-post;micro-behaviors/communications/http/request/verb::lua-https-post-request;micro-behaviors/communications/http/request/verb::swift-urlsession-post-method-reference;micro-behaviors/communications/http/services/github::github-contents-encoded-write;micro-behaviors/communications/http/upload::bittorrent-archive-http-client;micro-behaviors/communications/http/upload::csharp-base64-before-uploadstring;micro-behaviors/communications/http/upload::curl-file-upload-exfil;micro-behaviors/communications/http/upload::lua-curl-post-temp-file;micro-behaviors/communications/http/upload::mediarecorder-before-network-sink;micro-behaviors/communications/http/upload::mediarecorder-upload-endpoint-context;micro-behaviors/communications/http/upload::shell-curl-octet-upload;micro-behaviors/communications/http/url/api-path::native-http-message-api-path;micro-behaviors/communications/http/url/endpoint::groovy-upload-url-construction;micro-behaviors/communications/http/url/endpoint::html-media-recording-upload-route;micro-behaviors/communications/http/url/endpoint::media-recording-upload-route;micro-behaviors/communications/http/url/telemetry::java-collect-chunk-parameter;micro-behaviors/communications/http/url/telemetry::java-collect-upload-path;micro-behaviors/communications/http/url/telemetry::kotlin-ios-collection-post;micro-behaviors/communications/http/url/telemetry::objc-http-collect-post;micro-behaviors/communications/socket/send::kotlin-socket-request-pointer-send;micro-behaviors/communications/socket/send::objc-socket-body-buffer-send;micro-behaviors/crypto/hybrid::session-key-encrypt;micro-behaviors/data/archive/create/tar::shell-tar-create-file;micro-behaviors/data/archive/create/utility::windows-archive-create;micro-behaviors/data/archive/create/zip::powershell-base64-archive-body;micro-behaviors/data/encode/base64::cicd-release-script-b64encode-marker;micro-behaviors/data/encode/base64::windows-file-base64-encode;micro-behaviors/data/serialize/bittorrent::bittorrent-cli-archive-staging;micro-behaviors/data/serialize/bittorrent::bittorrent-cli-tracker-web-seed-release;micro-behaviors/data/serialize/bittorrent::bittorrent-cli-web-seeded-archive-release;micro-behaviors/data/serialize/bittorrent::bittorrent-web-seeded-archive-release;micro-behaviors/data/serialize/schema-object::credential-var-in-dict;micro-behaviors/fs/path/config/system::openwrt-sensitive-config-path;micro-behaviors/fs/path/credential::account-and-root-ssh-path-pair;micro-behaviors/fs/path/os/identity::openwrt-release-or-banner-path;micro-behaviors/fs/path/private-key::jvm-root-id-rsa-hex;micro-behaviors/os/sysinfo/network::openwrt-uci-recon-command;micro-behaviors/os/sysinfo/profile::system-activity-report-banner;micro-behaviors/ui/dialog/prompt::encrypted-metadata-upload-prompt;objectives/evasion/security-bypass/anti-bot/captcha-solving::captcha-image-solver-exfiltration,Preserve source/transfer subject membership. Neutral construction no longer supplies export; moved source-specific exporters join their actual data source.
objectives/supply-chain/trojanized/app/config-injection::long-tail-build-config-payload,micro-behaviors/communications/http/,30,0,micro-behaviors/communications/http/authorization-header::github-cli-download-auth-token-fragment;micro-behaviors/communications/http/form::image-formdata-fields;micro-behaviors/communications/http/form::image-formdata-with-user-id;micro-behaviors/communications/http/form::upload-user-id-fields;micro-behaviors/communications/http/header/content-type::image-ppm-content-type;micro-behaviors/communications/http/header/transfer-encoding::node-chunked-transfer-encoding;micro-behaviors/communications/http/request/body::groovy-http-post-output;micro-behaviors/communications/http/request/body::node-upload-sink;micro-behaviors/communications/http/request/body::objc-curlopt-postfields;micro-behaviors/communications/http/request/body::objc-libcurl-postfields;micro-behaviors/communications/http/request/configuration::node-http-request-configured-any;micro-behaviors/communications/http/request/verb::c-ssl-write-http-post;micro-behaviors/communications/http/request/verb::lua-https-post-request;micro-behaviors/communications/http/request/verb::swift-urlsession-post-method-reference;micro-behaviors/communications/http/services/github::github-contents-encoded-write;micro-behaviors/communications/http/upload::bittorrent-archive-http-client;micro-behaviors/communications/http/upload::csharp-base64-before-uploadstring;micro-behaviors/communications/http/upload::curl-file-upload-exfil;micro-behaviors/communications/http/upload::lua-curl-post-temp-file;micro-behaviors/communications/http/upload::mediarecorder-before-network-sink;micro-behaviors/communications/http/upload::mediarecorder-upload-endpoint-context;micro-behaviors/communications/http/upload::shell-curl-octet-upload;micro-behaviors/communications/http/url/api-path::native-http-message-api-path;micro-behaviors/communications/http/url/endpoint::groovy-upload-url-construction;micro-behaviors/communications/http/url/endpoint::html-media-recording-upload-route;micro-behaviors/communications/http/url/endpoint::media-recording-upload-route;micro-behaviors/communications/http/url/telemetry::java-collect-chunk-parameter;micro-behaviors/communications/http/url/telemetry::java-collect-upload-path;micro-behaviors/communications/http/url/telemetry::kotlin-ios-collection-post;micro-behaviors/communications/http/url/telemetry::objc-http-collect-post,,HTTP consumers gain the corresponding method/body/form/upload observations. These remain static capability clues; enclosing source or objective conditions supply intent.
objectives/supply-chain/trojanized/app/package::malicious-package-manifest,objectives/exfiltration,0,51,,micro-behaviors/communications/http/authorization-header::github-cli-download-auth-token-fragment;micro-behaviors/communications/http/form::image-formdata-fields;micro-behaviors/communications/http/form::image-formdata-with-user-id;micro-behaviors/communications/http/form::upload-user-id-fields;micro-behaviors/communications/http/header/content-type::image-ppm-content-type;micro-behaviors/communications/http/header/transfer-encoding::node-chunked-transfer-encoding;micro-behaviors/communications/http/request/body::groovy-http-post-output;micro-behaviors/communications/http/request/body::node-upload-sink;micro-behaviors/communications/http/request/body::objc-curlopt-postfields;micro-behaviors/communications/http/request/body::objc-libcurl-postfields;micro-behaviors/communications/http/request/configuration::node-http-request-configured-any;micro-behaviors/communications/http/request/verb::c-ssl-write-http-post;micro-behaviors/communications/http/request/verb::lua-https-post-request;micro-behaviors/communications/http/request/verb::swift-urlsession-post-method-reference;micro-behaviors/communications/http/services/github::github-contents-encoded-write;micro-behaviors/communications/http/upload::bittorrent-archive-http-client;micro-behaviors/communications/http/upload::csharp-base64-before-uploadstring;micro-behaviors/communications/http/upload::curl-file-upload-exfil;micro-behaviors/communications/http/upload::lua-curl-post-temp-file;micro-behaviors/communications/http/upload::mediarecorder-before-network-sink;micro-behaviors/communications/http/upload::mediarecorder-upload-endpoint-context;micro-behaviors/communications/http/upload::shell-curl-octet-upload;micro-behaviors/communications/http/url/api-path::native-http-message-api-path;micro-behaviors/communications/http/url/endpoint::groovy-upload-url-construction;micro-behaviors/communications/http/url/endpoint::html-media-recording-upload-route;micro-behaviors/communications/http/url/endpoint::media-recording-upload-route;micro-behaviors/communications/http/url/telemetry::java-collect-chunk-parameter;micro-behaviors/communications/http/url/telemetry::java-collect-upload-path;micro-behaviors/communications/http/url/telemetry::kotlin-ios-collection-post;micro-behaviors/communications/http/url/telemetry::objc-http-collect-post;micro-behaviors/communications/socket/send::kotlin-socket-request-pointer-send;micro-behaviors/communications/socket/send::objc-socket-body-buffer-send;micro-behaviors/crypto/hybrid::session-key-encrypt;micro-behaviors/data/archive/create/tar::shell-tar-create-file;micro-behaviors/data/archive/create/utility::windows-archive-create;micro-behaviors/data/archive/create/zip::powershell-base64-archive-body;micro-behaviors/data/encode/base64::cicd-release-script-b64encode-marker;micro-behaviors/data/encode/base64::windows-file-base64-encode;micro-behaviors/data/serialize/bittorrent::bittorrent-cli-archive-staging;micro-behaviors/data/serialize/bittorrent::bittorrent-cli-tracker-web-seed-release;micro-behaviors/data/serialize/bittorrent::bittorrent-cli-web-seeded-archive-release;micro-behaviors/data/serialize/bittorrent::bittorrent-web-seeded-archive-release;micro-behaviors/data/serialize/schema-object::credential-var-in-dict;micro-behaviors/fs/path/config/system::openwrt-sensitive-config-path;micro-behaviors/fs/path/credential::account-and-root-ssh-path-pair;micro-behaviors/fs/path/os/identity::openwrt-release-or-banner-path;micro-behaviors/fs/path/private-key::jvm-root-id-rsa-hex;micro-behaviors/os/sysinfo/network::openwrt-uci-recon-command;micro-behaviors/os/sysinfo/profile::system-activity-report-banner;micro-behaviors/ui/dialog/prompt::encrypted-metadata-upload-prompt;objectives/evasion/security-bypass/anti-bot/captcha-solving::captcha-image-solver-exfiltration,Preserve source/transfer subject membership. Neutral construction no longer supplies export; moved source-specific exporters join their actual data source.
objectives/supply-chain/trojanized/app/package::suspicious-stealer-discovery,objectives/exfiltration/stealer,22,0,objectives/exfiltration/stealer/account-db::kotlin-bytecode-sensitive-http-copy-exfil;objectives/exfiltration/stealer/appliance-config::openwrt-lua-credential-http-exfil;objectives/exfiltration/stealer/appliance-config::openwrt-lua-credential-raw-http-exfil;objectives/exfiltration/stealer/appliance-config::openwrt-lua-dns-sidechannel-exfil;objectives/exfiltration/stealer/appliance-config::openwrt-native-account-config-http-exfil;objectives/exfiltration/stealer/appliance-config::openwrt-native-message-api-http-exfil;objectives/exfiltration/stealer/appliance-config::openwrt-node-chunked-http-exfil;objectives/exfiltration/stealer/appliance-config::openwrt-node-credential-http-exfil;objectives/exfiltration/stealer/appliance-config::openwrt-php-credential-http-exfil;objectives/exfiltration/stealer/appliance-config::openwrt-powershell-credential-http-exfil;objectives/exfiltration/stealer/appliance-config::openwrt-python-credential-http-exfil;objectives/exfiltration/stealer/credential::node-encode-exfil;objectives/exfiltration/stealer/env::ci-token-curl-upload;objectives/exfiltration/stealer/env::curl-post-data;objectives/exfiltration/stealer/env::node-host-profile-env-exfil;objectives/exfiltration/stealer/env::python-encoded-environment-raw-http-exfil;objectives/exfiltration/stealer/file::find-harvest-curl-upload;objectives/exfiltration/stealer/file::groovy-http-file-upload;objectives/exfiltration/stealer/image::all-site-extension-image-upload;objectives/exfiltration/stealer/multi-source::java-command-sensitive-exfil;objectives/exfiltration/stealer/multi-source::jvm-netbsd-sensitive-exfil;objectives/exfiltration/stealer/system-info/network::openwrt-uci-host-profile-http-exfil,,Preserve source/transfer subject membership. Neutral construction no longer supplies export; moved source-specific exporters join their actual data source.
well-known/malware/backdoor/crystalx::crystalx-rat,objectives/collection/,0,1,,micro-behaviors/data/archive/create/zip::powershell-compress-archive,Compress-Archive alone is now neutral archive creation and no longer supplies a collection objective.
well-known/malware/rat/powershell-empire::empire-powershell-operational-behavior,micro-behaviors/crypto/,1,0,micro-behaviors/crypto/hybrid::session-key-encrypt,,Hybrid capability observations retain the crypto ancestor; random-key/public-key encryption adds its actual cryptography subject.
well-known/malware/rat/powershell-empire::empire-powershell-operational-behavior,micro-behaviors/communications/,32,0,micro-behaviors/communications/http/authorization-header::github-cli-download-auth-token-fragment;micro-behaviors/communications/http/form::image-formdata-fields;micro-behaviors/communications/http/form::image-formdata-with-user-id;micro-behaviors/communications/http/form::upload-user-id-fields;micro-behaviors/communications/http/header/content-type::image-ppm-content-type;micro-behaviors/communications/http/header/transfer-encoding::node-chunked-transfer-encoding;micro-behaviors/communications/http/request/body::groovy-http-post-output;micro-behaviors/communications/http/request/body::node-upload-sink;micro-behaviors/communications/http/request/body::objc-curlopt-postfields;micro-behaviors/communications/http/request/body::objc-libcurl-postfields;micro-behaviors/communications/http/request/configuration::node-http-request-configured-any;micro-behaviors/communications/http/request/verb::c-ssl-write-http-post;micro-behaviors/communications/http/request/verb::lua-https-post-request;micro-behaviors/communications/http/request/verb::swift-urlsession-post-method-reference;micro-behaviors/communications/http/services/github::github-contents-encoded-write;micro-behaviors/communications/http/upload::bittorrent-archive-http-client;micro-behaviors/communications/http/upload::csharp-base64-before-uploadstring;micro-behaviors/communications/http/upload::curl-file-upload-exfil;micro-behaviors/communications/http/upload::lua-curl-post-temp-file;micro-behaviors/communications/http/upload::mediarecorder-before-network-sink;micro-behaviors/communications/http/upload::mediarecorder-upload-endpoint-context;micro-behaviors/communications/http/upload::shell-curl-octet-upload;micro-behaviors/communications/http/url/api-path::native-http-message-api-path;micro-behaviors/communications/http/url/endpoint::groovy-upload-url-construction;micro-behaviors/communications/http/url/endpoint::html-media-recording-upload-route;micro-behaviors/communications/http/url/endpoint::media-recording-upload-route;micro-behaviors/communications/http/url/telemetry::java-collect-chunk-parameter;micro-behaviors/communications/http/url/telemetry::java-collect-upload-path;micro-behaviors/communications/http/url/telemetry::kotlin-ios-collection-post;micro-behaviors/communications/http/url/telemetry::objc-http-collect-post;micro-behaviors/communications/socket/send::kotlin-socket-request-pointer-send;micro-behaviors/communications/socket/send::objc-socket-body-buffer-send,,Keep subject-based directory membership; relocated neutral capabilities join their actual subjects.
well-known/malware/rat/powershell-empire::empire-powershell-operational-behavior,micro-behaviors/fs/,4,0,micro-behaviors/fs/path/config/system::openwrt-sensitive-config-path;micro-behaviors/fs/path/credential::account-and-root-ssh-path-pair;micro-behaviors/fs/path/os/identity::openwrt-release-or-banner-path;micro-behaviors/fs/path/private-key::jvm-root-id-rsa-hex,,Filesystem/path consumers gain actual OS/config/private-key locators; no read or transmission is added to those atomic claims.
well-known/malware/rat/powershell-empire::empire-powershell-operational-behavior,micro-behaviors/data/encode/,2,0,micro-behaviors/data/encode/base64::cicd-release-script-b64encode-marker;micro-behaviors/data/encode/base64::windows-file-base64-encode,,Keep subject-based directory membership; relocated neutral capabilities join their actual subjects.
well-known/malware/rat/powershell-empire::empire-credstore-dump-module,micro-behaviors/fs/,4,0,micro-behaviors/fs/path/config/system::openwrt-sensitive-config-path;micro-behaviors/fs/path/credential::account-and-root-ssh-path-pair;micro-behaviors/fs/path/os/identity::openwrt-release-or-banner-path;micro-behaviors/fs/path/private-key::jvm-root-id-rsa-hex,,Filesystem/path consumers gain actual OS/config/private-key locators; no read or transmission is added to those atomic claims.
well-known/malware/rat/powershell-empire::empire-credstore-dump-module,micro-behaviors/crypto/,1,0,micro-behaviors/crypto/hybrid::session-key-encrypt,,Hybrid capability observations retain the crypto ancestor; random-key/public-key encryption adds its actual cryptography subject.
well-known/malware/rat/powershell-empire::empire-powerup-service-abuse,micro-behaviors/fs/,4,0,micro-behaviors/fs/path/config/system::openwrt-sensitive-config-path;micro-behaviors/fs/path/credential::account-and-root-ssh-path-pair;micro-behaviors/fs/path/os/identity::openwrt-release-or-banner-path;micro-behaviors/fs/path/private-key::jvm-root-id-rsa-hex,,Filesystem/path consumers gain actual OS/config/private-key locators; no read or transmission is added to those atomic claims.
well-known/malware/rat/powershell-empire::empire-http-recon-module,micro-behaviors/communications/,32,0,micro-behaviors/communications/http/authorization-header::github-cli-download-auth-token-fragment;micro-behaviors/communications/http/form::image-formdata-fields;micro-behaviors/communications/http/form::image-formdata-with-user-id;micro-behaviors/communications/http/form::upload-user-id-fields;micro-behaviors/communications/http/header/content-type::image-ppm-content-type;micro-behaviors/communications/http/header/transfer-encoding::node-chunked-transfer-encoding;micro-behaviors/communications/http/request/body::groovy-http-post-output;micro-behaviors/communications/http/request/body::node-upload-sink;micro-behaviors/communications/http/request/body::objc-curlopt-postfields;micro-behaviors/communications/http/request/body::objc-libcurl-postfields;micro-behaviors/communications/http/request/configuration::node-http-request-configured-any;micro-behaviors/communications/http/request/verb::c-ssl-write-http-post;micro-behaviors/communications/http/request/verb::lua-https-post-request;micro-behaviors/communications/http/request/verb::swift-urlsession-post-method-reference;micro-behaviors/communications/http/services/github::github-contents-encoded-write;micro-behaviors/communications/http/upload::bittorrent-archive-http-client;micro-behaviors/communications/http/upload::csharp-base64-before-uploadstring;micro-behaviors/communications/http/upload::curl-file-upload-exfil;micro-behaviors/communications/http/upload::lua-curl-post-temp-file;micro-behaviors/communications/http/upload::mediarecorder-before-network-sink;micro-behaviors/communications/http/upload::mediarecorder-upload-endpoint-context;micro-behaviors/communications/http/upload::shell-curl-octet-upload;micro-behaviors/communications/http/url/api-path::native-http-message-api-path;micro-behaviors/communications/http/url/endpoint::groovy-upload-url-construction;micro-behaviors/communications/http/url/endpoint::html-media-recording-upload-route;micro-behaviors/communications/http/url/endpoint::media-recording-upload-route;micro-behaviors/communications/http/url/telemetry::java-collect-chunk-parameter;micro-behaviors/communications/http/url/telemetry::java-collect-upload-path;micro-behaviors/communications/http/url/telemetry::kotlin-ios-collection-post;micro-behaviors/communications/http/url/telemetry::objc-http-collect-post;micro-behaviors/communications/socket/send::kotlin-socket-request-pointer-send;micro-behaviors/communications/socket/send::objc-socket-body-buffer-send,,Keep subject-based directory membership; relocated neutral capabilities join their actual subjects.
well-known/malware/rat/powershell-empire::empire-app-exploit-module,micro-behaviors/communications/,32,0,micro-behaviors/communications/http/authorization-header::github-cli-download-auth-token-fragment;micro-behaviors/communications/http/form::image-formdata-fields;micro-behaviors/communications/http/form::image-formdata-with-user-id;micro-behaviors/communications/http/form::upload-user-id-fields;micro-behaviors/communications/http/header/content-type::image-ppm-content-type;micro-behaviors/communications/http/header/transfer-encoding::node-chunked-transfer-encoding;micro-behaviors/communications/http/request/body::groovy-http-post-output;micro-behaviors/communications/http/request/body::node-upload-sink;micro-behaviors/communications/http/request/body::objc-curlopt-postfields;micro-behaviors/communications/http/request/body::objc-libcurl-postfields;micro-behaviors/communications/http/request/configuration::node-http-request-configured-any;micro-behaviors/communications/http/request/verb::c-ssl-write-http-post;micro-behaviors/communications/http/request/verb::lua-https-post-request;micro-behaviors/communications/http/request/verb::swift-urlsession-post-method-reference;micro-behaviors/communications/http/services/github::github-contents-encoded-write;micro-behaviors/communications/http/upload::bittorrent-archive-http-client;micro-behaviors/communications/http/upload::csharp-base64-before-uploadstring;micro-behaviors/communications/http/upload::curl-file-upload-exfil;micro-behaviors/communications/http/upload::lua-curl-post-temp-file;micro-behaviors/communications/http/upload::mediarecorder-before-network-sink;micro-behaviors/communications/http/upload::mediarecorder-upload-endpoint-context;micro-behaviors/communications/http/upload::shell-curl-octet-upload;micro-behaviors/communications/http/url/api-path::native-http-message-api-path;micro-behaviors/communications/http/url/endpoint::groovy-upload-url-construction;micro-behaviors/communications/http/url/endpoint::html-media-recording-upload-route;micro-behaviors/communications/http/url/endpoint::media-recording-upload-route;micro-behaviors/communications/http/url/telemetry::java-collect-chunk-parameter;micro-behaviors/communications/http/url/telemetry::java-collect-upload-path;micro-behaviors/communications/http/url/telemetry::kotlin-ios-collection-post;micro-behaviors/communications/http/url/telemetry::objc-http-collect-post;micro-behaviors/communications/socket/send::kotlin-socket-request-pointer-send;micro-behaviors/communications/socket/send::objc-socket-body-buffer-send,,Keep subject-based directory membership; relocated neutral capabilities join their actual subjects.
well-known/malware/rat/powershell-empire::empire-command-obfuscator,micro-behaviors/data/encode/,2,0,micro-behaviors/data/encode/base64::cicd-release-script-b64encode-marker;micro-behaviors/data/encode/base64::windows-file-base64-encode,,Keep subject-based directory membership; relocated neutral capabilities join their actual subjects.
well-known/malware/rat/powershell-empire::empire-command-obfuscator-token,micro-behaviors/data/encode/,2,0,micro-behaviors/data/encode/base64::cicd-release-script-b64encode-marker;micro-behaviors/data/encode/base64::windows-file-base64-encode,,Keep subject-based directory membership; relocated neutral capabilities join their actual subjects.
well-known/malware/rat/powershell-empire::empire-psransom-file-operations,micro-behaviors/fs/,4,0,micro-behaviors/fs/path/config/system::openwrt-sensitive-config-path;micro-behaviors/fs/path/credential::account-and-root-ssh-path-pair;micro-behaviors/fs/path/os/identity::openwrt-release-or-banner-path;micro-behaviors/fs/path/private-key::jvm-root-id-rsa-hex,,Filesystem/path consumers gain actual OS/config/private-key locators; no read or transmission is added to those atomic claims.
well-known/malware/rat/powershell-empire::empire-psransom-file-operations,micro-behaviors/crypto/,1,0,micro-behaviors/crypto/hybrid::session-key-encrypt,,Hybrid capability observations retain the crypto ancestor; random-key/public-key encryption adds its actual cryptography subject.
well-known/malware/rat/powershell-empire::empire-python-server-control-flow,micro-behaviors/communications/,32,0,micro-behaviors/communications/http/authorization-header::github-cli-download-auth-token-fragment;micro-behaviors/communications/http/form::image-formdata-fields;micro-behaviors/communications/http/form::image-formdata-with-user-id;micro-behaviors/communications/http/form::upload-user-id-fields;micro-behaviors/communications/http/header/content-type::image-ppm-content-type;micro-behaviors/communications/http/header/transfer-encoding::node-chunked-transfer-encoding;micro-behaviors/communications/http/request/body::groovy-http-post-output;micro-behaviors/communications/http/request/body::node-upload-sink;micro-behaviors/communications/http/request/body::objc-curlopt-postfields;micro-behaviors/communications/http/request/body::objc-libcurl-postfields;micro-behaviors/communications/http/request/configuration::node-http-request-configured-any;micro-behaviors/communications/http/request/verb::c-ssl-write-http-post;micro-behaviors/communications/http/request/verb::lua-https-post-request;micro-behaviors/communications/http/request/verb::swift-urlsession-post-method-reference;micro-behaviors/communications/http/services/github::github-contents-encoded-write;micro-behaviors/communications/http/upload::bittorrent-archive-http-client;micro-behaviors/communications/http/upload::csharp-base64-before-uploadstring;micro-behaviors/communications/http/upload::curl-file-upload-exfil;micro-behaviors/communications/http/upload::lua-curl-post-temp-file;micro-behaviors/communications/http/upload::mediarecorder-before-network-sink;micro-behaviors/communications/http/upload::mediarecorder-upload-endpoint-context;micro-behaviors/communications/http/upload::shell-curl-octet-upload;micro-behaviors/communications/http/url/api-path::native-http-message-api-path;micro-behaviors/communications/http/url/endpoint::groovy-upload-url-construction;micro-behaviors/communications/http/url/endpoint::html-media-recording-upload-route;micro-behaviors/communications/http/url/endpoint::media-recording-upload-route;micro-behaviors/communications/http/url/telemetry::java-collect-chunk-parameter;micro-behaviors/communications/http/url/telemetry::java-collect-upload-path;micro-behaviors/communications/http/url/telemetry::kotlin-ios-collection-post;micro-behaviors/communications/http/url/telemetry::objc-http-collect-post;micro-behaviors/communications/socket/send::kotlin-socket-request-pointer-send;micro-behaviors/communications/socket/send::objc-socket-body-buffer-send,,Keep subject-based directory membership; relocated neutral capabilities join their actual subjects.
well-known/malware/rat/powershell-empire::empire-agent-command-control,micro-behaviors/communications/,32,0,micro-behaviors/communications/http/authorization-header::github-cli-download-auth-token-fragment;micro-behaviors/communications/http/form::image-formdata-fields;micro-behaviors/communications/http/form::image-formdata-with-user-id;micro-behaviors/communications/http/form::upload-user-id-fields;micro-behaviors/communications/http/header/content-type::image-ppm-content-type;micro-behaviors/communications/http/header/transfer-encoding::node-chunked-transfer-encoding;micro-behaviors/communications/http/request/body::groovy-http-post-output;micro-behaviors/communications/http/request/body::node-upload-sink;micro-behaviors/communications/http/request/body::objc-curlopt-postfields;micro-behaviors/communications/http/request/body::objc-libcurl-postfields;micro-behaviors/communications/http/request/configuration::node-http-request-configured-any;micro-behaviors/communications/http/request/verb::c-ssl-write-http-post;micro-behaviors/communications/http/request/verb::lua-https-post-request;micro-behaviors/communications/http/request/verb::swift-urlsession-post-method-reference;micro-behaviors/communications/http/services/github::github-contents-encoded-write;micro-behaviors/communications/http/upload::bittorrent-archive-http-client;micro-behaviors/communications/http/upload::csharp-base64-before-uploadstring;micro-behaviors/communications/http/upload::curl-file-upload-exfil;micro-behaviors/communications/http/upload::lua-curl-post-temp-file;micro-behaviors/communications/http/upload::mediarecorder-before-network-sink;micro-behaviors/communications/http/upload::mediarecorder-upload-endpoint-context;micro-behaviors/communications/http/upload::shell-curl-octet-upload;micro-behaviors/communications/http/url/api-path::native-http-message-api-path;micro-behaviors/communications/http/url/endpoint::groovy-upload-url-construction;micro-behaviors/communications/http/url/endpoint::html-media-recording-upload-route;micro-behaviors/communications/http/url/endpoint::media-recording-upload-route;micro-behaviors/communications/http/url/telemetry::java-collect-chunk-parameter;micro-behaviors/communications/http/url/telemetry::java-collect-upload-path;micro-behaviors/communications/http/url/telemetry::kotlin-ios-collection-post;micro-behaviors/communications/http/url/telemetry::objc-http-collect-post;micro-behaviors/communications/socket/send::kotlin-socket-request-pointer-send;micro-behaviors/communications/socket/send::objc-socket-body-buffer-send,,Keep subject-based directory membership; relocated neutral capabilities join their actual subjects.
well-known/malware/rat/powershell-empire::empire-http-hop-session-proxy,micro-behaviors/communications/http/,30,0,micro-behaviors/communications/http/authorization-header::github-cli-download-auth-token-fragment;micro-behaviors/communications/http/form::image-formdata-fields;micro-behaviors/communications/http/form::image-formdata-with-user-id;micro-behaviors/communications/http/form::upload-user-id-fields;micro-behaviors/communications/http/header/content-type::image-ppm-content-type;micro-behaviors/communications/http/header/transfer-encoding::node-chunked-transfer-encoding;micro-behaviors/communications/http/request/body::groovy-http-post-output;micro-behaviors/communications/http/request/body::node-upload-sink;micro-behaviors/communications/http/request/body::objc-curlopt-postfields;micro-behaviors/communications/http/request/body::objc-libcurl-postfields;micro-behaviors/communications/http/request/configuration::node-http-request-configured-any;micro-behaviors/communications/http/request/verb::c-ssl-write-http-post;micro-behaviors/communications/http/request/verb::lua-https-post-request;micro-behaviors/communications/http/request/verb::swift-urlsession-post-method-reference;micro-behaviors/communications/http/services/github::github-contents-encoded-write;micro-behaviors/communications/http/upload::bittorrent-archive-http-client;micro-behaviors/communications/http/upload::csharp-base64-before-uploadstring;micro-behaviors/communications/http/upload::curl-file-upload-exfil;micro-behaviors/communications/http/upload::lua-curl-post-temp-file;micro-behaviors/communications/http/upload::mediarecorder-before-network-sink;micro-behaviors/communications/http/upload::mediarecorder-upload-endpoint-context;micro-behaviors/communications/http/upload::shell-curl-octet-upload;micro-behaviors/communications/http/url/api-path::native-http-message-api-path;micro-behaviors/communications/http/url/endpoint::groovy-upload-url-construction;micro-behaviors/communications/http/url/endpoint::html-media-recording-upload-route;micro-behaviors/communications/http/url/endpoint::media-recording-upload-route;micro-behaviors/communications/http/url/telemetry::java-collect-chunk-parameter;micro-behaviors/communications/http/url/telemetry::java-collect-upload-path;micro-behaviors/communications/http/url/telemetry::kotlin-ios-collection-post;micro-behaviors/communications/http/url/telemetry::objc-http-collect-post,,HTTP consumers gain the corresponding method/body/form/upload observations. These remain static capability clues; enclosing source or objective conditions supply intent.
well-known/malware/rat/powershell-empire::empire-profile-encoded-http-tasking,micro-behaviors/data/encode/base64/,2,0,micro-behaviors/data/encode/base64::cicd-release-script-b64encode-marker;micro-behaviors/data/encode/base64::windows-file-base64-encode,,Keep subject-based directory membership; relocated neutral capabilities join their actual subjects.
well-known/malware/rat/powershell-empire::empire-profile-encoded-http-tasking,micro-behaviors/communications/http/,30,0,micro-behaviors/communications/http/authorization-header::github-cli-download-auth-token-fragment;micro-behaviors/communications/http/form::image-formdata-fields;micro-behaviors/communications/http/form::image-formdata-with-user-id;micro-behaviors/communications/http/form::upload-user-id-fields;micro-behaviors/communications/http/header/content-type::image-ppm-content-type;micro-behaviors/communications/http/header/transfer-encoding::node-chunked-transfer-encoding;micro-behaviors/communications/http/request/body::groovy-http-post-output;micro-behaviors/communications/http/request/body::node-upload-sink;micro-behaviors/communications/http/request/body::objc-curlopt-postfields;micro-behaviors/communications/http/request/body::objc-libcurl-postfields;micro-behaviors/communications/http/request/configuration::node-http-request-configured-any;micro-behaviors/communications/http/request/verb::c-ssl-write-http-post;micro-behaviors/communications/http/request/verb::lua-https-post-request;micro-behaviors/communications/http/request/verb::swift-urlsession-post-method-reference;micro-behaviors/communications/http/services/github::github-contents-encoded-write;micro-behaviors/communications/http/upload::bittorrent-archive-http-client;micro-behaviors/communications/http/upload::csharp-base64-before-uploadstring;micro-behaviors/communications/http/upload::curl-file-upload-exfil;micro-behaviors/communications/http/upload::lua-curl-post-temp-file;micro-behaviors/communications/http/upload::mediarecorder-before-network-sink;micro-behaviors/communications/http/upload::mediarecorder-upload-endpoint-context;micro-behaviors/communications/http/upload::shell-curl-octet-upload;micro-behaviors/communications/http/url/api-path::native-http-message-api-path;micro-behaviors/communications/http/url/endpoint::groovy-upload-url-construction;micro-behaviors/communications/http/url/endpoint::html-media-recording-upload-route;micro-behaviors/communications/http/url/endpoint::media-recording-upload-route;micro-behaviors/communications/http/url/telemetry::java-collect-chunk-parameter;micro-behaviors/communications/http/url/telemetry::java-collect-upload-path;micro-behaviors/communications/http/url/telemetry::kotlin-ios-collection-post;micro-behaviors/communications/http/url/telemetry::objc-http-collect-post,,HTTP consumers gain the corresponding method/body/form/upload observations. These remain static capability clues; enclosing source or objective conditions supply intent.
well-known/malware/webshell/kelelawar::detected,micro-behaviors/communications/http/request/,8,0,micro-behaviors/communications/http/request/body::groovy-http-post-output;micro-behaviors/communications/http/request/body::node-upload-sink;micro-behaviors/communications/http/request/body::objc-curlopt-postfields;micro-behaviors/communications/http/request/body::objc-libcurl-postfields;micro-behaviors/communications/http/request/configuration::node-http-request-configured-any;micro-behaviors/communications/http/request/verb::c-ssl-write-http-post;micro-behaviors/communications/http/request/verb::lua-https-post-request;micro-behaviors/communications/http/request/verb::swift-urlsession-post-method-reference,,HTTP consumers gain the corresponding method/body/form/upload observations. These remain static capability clues; enclosing source or objective conditions supply intent.
well-known/malware/webshell/wso::wso-webshell,micro-behaviors/communications/http/request/,8,0,micro-behaviors/communications/http/request/body::groovy-http-post-output;micro-behaviors/communications/http/request/body::node-upload-sink;micro-behaviors/communications/http/request/body::objc-curlopt-postfields;micro-behaviors/communications/http/request/body::objc-libcurl-postfields;micro-behaviors/communications/http/request/configuration::node-http-request-configured-any;micro-behaviors/communications/http/request/verb::c-ssl-write-http-post;micro-behaviors/communications/http/request/verb::lua-https-post-request;micro-behaviors/communications/http/request/verb::swift-urlsession-post-method-reference,,HTTP consumers gain the corresponding method/body/form/upload observations. These remain static capability clues; enclosing source or objective conditions supply intent.
