original_id,file,kind,candidate_destination,status,reason,current_id
objectives/exfiltration/stealer/system-info::android-cleaner-surveillance-riskware,objectives/exfiltration/stealer/system-info/android-cleaner-riskware.yaml,composite_rules,objectives/collection/monitor/telemetry,implemented,Usage/browser profiling or collector-agent context does not establish a particular stolen host dataset; classify the required telemetry/collection combination.,objectives/collection/monitor/telemetry::android-cleaner-surveillance-riskware
objectives/exfiltration/stealer/system-info::applescript-fingerprint-c2-beacon,objectives/exfiltration/stealer/system-info/applescript-buildid-beacon.yaml,composite_rules,objectives/exfiltration/stealer/system-info/profile,implemented,"Required host-report, profiling, or inventory evidence spans or leaves open multiple host-information domains; no narrower source is required by every alternative.",objectives/exfiltration/stealer/system-info/profile::applescript-fingerprint-c2-beacon
objectives/exfiltration/stealer/system-info::applescript-profile-curl-post,objectives/exfiltration/stealer/system-info/applescript.yaml,traits,micro-behaviors/communications/http/request/body,implemented,Curl sends a constructed message body; the caller supplies the host-profile source.,micro-behaviors/communications/http/request/body::applescript-message-curl-post
objectives/exfiltration/stealer/system-info::applescript-profile-message-envelope,objectives/exfiltration/stealer/system-info/applescript.yaml,composite_rules,objectives/discovery/system/fingerprint/machine-id,implemented,Host/user/serial envelope construction is identity profiling without a required export.,objectives/discovery/system/fingerprint/machine-id::applescript-profile-message-envelope
objectives/exfiltration/stealer/system-info::applescript-host-profile-exfil,objectives/exfiltration/stealer/system-info/applescript.yaml,composite_rules,objectives/exfiltration/stealer/system-info/identity,implemented,Required serial/device hash or host/account identity fields define the report; other context does not establish a different exported dataset.,objectives/exfiltration/stealer/system-info/identity::applescript-host-profile-exfil
objectives/exfiltration/stealer/system-info::host-profiled-upload-stealer,objectives/exfiltration/stealer/system-info/dotnet-host-profile-encrypted-upload.yaml,composite_rules,objectives/exfiltration/stealer/system-info/profile,implemented,Host report combines surveyed attributes or a required profile bundle; review referenced bundle membership before migration.,objectives/exfiltration/stealer/system-info/profile::host-profiled-upload-stealer
objectives/exfiltration/stealer/system-info::dotnet-host-recon-http-exfil,objectives/exfiltration/stealer/system-info/dotnet-openbsd-host-recon.yaml,composite_rules,objectives/exfiltration/stealer/system-info/profile,implemented,Host report combines surveyed attributes or a required profile bundle; review referenced bundle membership before migration.,objectives/exfiltration/stealer/system-info/profile::dotnet-host-recon-http-exfil
objectives/exfiltration/stealer/system-info::dotnet-stub-host-fingerprint-exfil,objectives/exfiltration/stealer/system-info/dotnet-scout-pe.yaml,composite_rules,objectives/exfiltration/stealer/system-info/profile,implemented,"Required host-report, profiling, or inventory evidence spans or leaves open multiple host-information domains; no narrower source is required by every alternative.",objectives/exfiltration/stealer/system-info/profile::dotnet-stub-host-fingerprint-exfil
objectives/exfiltration/stealer/system-info::dotnet-stub-fingerprint-with-spoofed-ua,objectives/exfiltration/stealer/system-info/dotnet-scout-pe.yaml,composite_rules,objectives/exfiltration/stealer/system-info/profile,implemented,"Required host-report, profiling, or inventory evidence spans or leaves open multiple host-information domains; no narrower source is required by every alternative.",objectives/exfiltration/stealer/system-info/profile::dotnet-stub-fingerprint-with-spoofed-ua
objectives/exfiltration/stealer/system-info::dotnet-host-profile-telegram-report,objectives/exfiltration/stealer/system-info/dotnet-telegram.yaml,composite_rules,objectives/exfiltration/stealer/system-info/identity,implemented,Defining payload is host/account/device identity; transport and ancillary context do not change its source.,objectives/exfiltration/stealer/system-info/identity::dotnet-host-profile-telegram-report
objectives/exfiltration/stealer/system-info::go-unix-host-profile-http-exfil,objectives/exfiltration/stealer/system-info/go-unix.yaml,composite_rules,objectives/exfiltration/stealer/system-info/profile,implemented,Host report combines surveyed attributes or a required profile bundle; review referenced bundle membership before migration.,objectives/exfiltration/stealer/system-info/profile::go-unix-host-profile-http-exfil
objectives/exfiltration/stealer/system-info::go-command-profile-http-exfil,objectives/exfiltration/stealer/system-info/go-unix.yaml,composite_rules,objectives/exfiltration/stealer/system-info/profile,implemented,Host report combines surveyed attributes or a required profile bundle; review referenced bundle membership before migration.,objectives/exfiltration/stealer/system-info/profile::go-command-profile-http-exfil
objectives/exfiltration/stealer/system-info::go-account-workdir-profile,objectives/exfiltration/stealer/system-info/go.yaml,composite_rules,objectives/discovery/system/fingerprint/user,implemented,Collection/profile helper has no required export; place the surveyed-resource evidence in discovery and keep export in its consumer.,objectives/discovery/system/fingerprint/user::go-account-workdir-profile
objectives/exfiltration/stealer/system-info::go-account-workdir-http-exfil,objectives/exfiltration/stealer/system-info/go.yaml,composite_rules,objectives/exfiltration/stealer/system-info/identity,implemented,Defining payload is host/account/device identity; transport and ancillary context do not change its source.,objectives/exfiltration/stealer/system-info/identity::go-account-workdir-http-exfil
objectives/exfiltration/stealer/system-info::go-host-profile-collection,objectives/exfiltration/stealer/system-info/go.yaml,composite_rules,objectives/discovery/system/profile,implemented,Collection/profile helper has no required export; place the surveyed-resource evidence in discovery and keep export in its consumer.,objectives/discovery/system/profile::go-host-profile-collection
objectives/exfiltration/stealer/system-info::go-host-profile-http-exfil,objectives/exfiltration/stealer/system-info/go.yaml,composite_rules,objectives/exfiltration/stealer/system-info/profile,implemented,Host report combines surveyed attributes or a required profile bundle; review referenced bundle membership before migration.,objectives/exfiltration/stealer/system-info/profile::go-host-profile-http-exfil
objectives/exfiltration/stealer/system-info::groovy-host-user-urlconnection-exfil,objectives/exfiltration/stealer/system-info/groovy.yaml,composite_rules,objectives/exfiltration/stealer/system-info/identity,implemented,Defining payload is host/account/device identity; transport and ancillary context do not change its source.,objectives/exfiltration/stealer/system-info/identity::groovy-host-user-urlconnection-exfil
objectives/exfiltration/stealer/system-info::kotlin-windows-profile-sweep,objectives/exfiltration/stealer/system-info/http-kotlin-windows.yaml,composite_rules,objectives/discovery/system/profile,implemented,"Host inventory, profile assembly, or reconnaissance output without required transmission; the export consumers keep their transfer legs.",objectives/discovery/system/profile::kotlin-windows-profile-query
objectives/exfiltration/stealer/system-info::kotlin-windows-profile-http-exfil,objectives/exfiltration/stealer/system-info/http-kotlin-windows.yaml,composite_rules,objectives/exfiltration/stealer/system-info/profile,implemented,"Required host-report, profiling, or inventory evidence spans or leaves open multiple host-information domains; no narrower source is required by every alternative.",objectives/exfiltration/stealer/system-info/profile::kotlin-windows-profile-http-exfil
objectives/exfiltration/stealer/system-info::java-host-user-http-exfil,objectives/exfiltration/stealer/system-info/java-source.yaml,composite_rules,objectives/exfiltration/stealer/system-info/identity,implemented,Defining payload is host/account/device identity; transport and ancillary context do not change its source.,objectives/exfiltration/stealer/system-info/identity::java-host-user-http-exfil
objectives/exfiltration/stealer/system-info::java-account-http-exfil,objectives/exfiltration/stealer/system-info/java-windows.yaml,composite_rules,objectives/exfiltration/stealer/system-info/identity,implemented,Defining payload is host/account/device identity; transport and ancillary context do not change its source.,objectives/exfiltration/stealer/system-info/identity::java-account-http-exfil
objectives/exfiltration/stealer/system-info::jvm-account-http-exfil,objectives/exfiltration/stealer/system-info/java-windows.yaml,composite_rules,objectives/exfiltration/stealer/system-info/identity,implemented,Defining payload is host/account/device identity; transport and ancillary context do not change its source.,objectives/exfiltration/stealer/system-info/identity::jvm-account-http-exfil
objectives/exfiltration/stealer/system-info::jvm-account-post-exfil,objectives/exfiltration/stealer/system-info/java-windows.yaml,composite_rules,objectives/exfiltration/stealer/system-info/identity,implemented,Defining payload is host/account/device identity; transport and ancillary context do not change its source.,objectives/exfiltration/stealer/system-info/identity::jvm-account-post-exfil
objectives/exfiltration/stealer/system-info::java-windows-profile-http-exfil,objectives/exfiltration/stealer/system-info/java-windows.yaml,composite_rules,objectives/exfiltration/stealer/system-info/profile,implemented,Host report combines surveyed attributes or a required profile bundle; review referenced bundle membership before migration.,objectives/exfiltration/stealer/system-info/profile::java-windows-profile-http-exfil
objectives/exfiltration/stealer/system-info::jvm-windows-profile-http-exfil,objectives/exfiltration/stealer/system-info/java-windows.yaml,composite_rules,objectives/exfiltration/stealer/system-info/profile,implemented,Host report combines surveyed attributes or a required profile bundle; review referenced bundle membership before migration.,objectives/exfiltration/stealer/system-info/profile::jvm-windows-profile-http-exfil
objectives/exfiltration/stealer/system-info::node-host-user-json-http-exfil,objectives/exfiltration/stealer/system-info/javascript-node.yaml,composite_rules,objectives/exfiltration/stealer/system-info/identity,implemented,Defining payload is host/account/device identity; transport and ancillary context do not change its source.,objectives/exfiltration/stealer/system-info/identity::node-host-user-json-http-exfil
objectives/exfiltration/stealer/system-info::javascript-xor-host-profile-http-exfil,objectives/exfiltration/stealer/system-info/javascript-node.yaml,composite_rules,objectives/exfiltration/stealer/system-info/identity,implemented,Defining payload is host/account/device identity; transport and ancillary context do not change its source.,objectives/exfiltration/stealer/system-info/identity::javascript-xor-host-profile-http-exfil
objectives/exfiltration/stealer/system-info::node-compact-telemetry-fields,objectives/exfiltration/stealer/system-info/javascript.yaml,traits,micro-behaviors/data/serialize/schema-object,implemented,Compact ts/type/hid/ss/cc fields do not themselves establish transfer; determine whether schema is attack-specific.,micro-behaviors/data/serialize/schema-object::node-compact-telemetry-fields
objectives/exfiltration/stealer/system-info::node-encoded-post-form-fields,objectives/exfiltration/stealer/system-info/javascript.yaml,traits,micro-behaviors/data/encode/base64,implemented,Encoded POST/form fragments are not host data; decode each alternative and check duplicate neutral matchers.,micro-behaviors/data/encode/base64::node-encoded-post-form-fields
objectives/exfiltration/stealer/system-info::node-relay-status-envelope,objectives/exfiltration/stealer/system-info/javascript.yaml,traits,micro-behaviors/os/telemetry/logging/event,implemented,"A bare agent-status label is telemetry vocabulary, not an object envelope.",micro-behaviors/os/telemetry/logging/event::agent-status-label
objectives/exfiltration/stealer/system-info::node-host-ci-profile-get,objectives/exfiltration/stealer/system-info/javascript.yaml,composite_rules,objectives/exfiltration/stealer/system-info/profile,implemented,Host report combines surveyed attributes or a required profile bundle; review referenced bundle membership before migration.,objectives/exfiltration/stealer/system-info/profile::node-host-ci-profile-get
objectives/exfiltration/stealer/system-info::npm-eslint-config-host-ci-get-exfil,objectives/exfiltration/stealer/system-info/javascript.yaml,composite_rules,objectives/exfiltration/stealer/system-info/profile,implemented,Host report combines surveyed attributes or a required profile bundle; review referenced bundle membership before migration.,objectives/exfiltration/stealer/system-info/profile::npm-eslint-config-host-ci-get-exfil
objectives/exfiltration/stealer/system-info::node-multifield-profile-json-post,objectives/exfiltration/stealer/system-info/javascript.yaml,composite_rules,objectives/exfiltration/stealer/system-info/profile,implemented,Host report combines surveyed attributes or a required profile bundle; review referenced bundle membership before migration.,objectives/exfiltration/stealer/system-info/profile::node-multifield-profile-json-post
objectives/exfiltration/stealer/system-info::node-runtime-identity-json-post,objectives/exfiltration/stealer/system-info/javascript.yaml,composite_rules,objectives/exfiltration/stealer/system-info/profile,implemented,Host report combines surveyed attributes or a required profile bundle; review referenced bundle membership before migration.,objectives/exfiltration/stealer/system-info/profile::node-runtime-identity-json-post
objectives/exfiltration/stealer/system-info::node-profile-external-ip-http-exfil,objectives/exfiltration/stealer/system-info/javascript.yaml,composite_rules,objectives/exfiltration/stealer/system-info/profile,implemented,Host report combines surveyed attributes or a required profile bundle; review referenced bundle membership before migration.,objectives/exfiltration/stealer/system-info/profile::node-profile-external-ip-http-exfil
objectives/exfiltration/stealer/system-info::node-system-info-fetch-exfil,objectives/exfiltration/stealer/system-info/javascript.yaml,composite_rules,objectives/exfiltration/stealer/system-info/profile,implemented,Host report combines surveyed attributes or a required profile bundle; review referenced bundle membership before migration.,objectives/exfiltration/stealer/system-info/profile::node-system-info-fetch-exfil
objectives/exfiltration/stealer/system-info::node-systeminformation-fetch-exfil,objectives/exfiltration/stealer/system-info/javascript.yaml,composite_rules,objectives/exfiltration/stealer/system-info/identity,implemented,Defining payload is host/account/device identity; transport and ancillary context do not change its source.,objectives/exfiltration/stealer/system-info/identity::node-systeminformation-fetch-exfil
objectives/exfiltration/stealer/system-info::node-windows-cli-http-exfil,objectives/exfiltration/stealer/system-info/javascript.yaml,composite_rules,objectives/exfiltration/stealer/system-info/profile,implemented,Host report combines surveyed attributes or a required profile bundle; review referenced bundle membership before migration.,objectives/exfiltration/stealer/system-info/profile::node-windows-cli-http-exfil
objectives/exfiltration/stealer/system-info::node-host-user-ip-post-exfil,objectives/exfiltration/stealer/system-info/javascript.yaml,composite_rules,objectives/exfiltration/stealer/system-info/identity,implemented,Defining payload is host/account/device identity; transport and ancillary context do not change its source.,objectives/exfiltration/stealer/system-info/identity::node-host-user-ip-post-exfil
objectives/exfiltration/stealer/system-info::obfuscated-node-telemetry-exfil,objectives/exfiltration/stealer/system-info/javascript.yaml,composite_rules,objectives/exfiltration/stealer/system-info/profile,implemented,"Required host-report, profiling, or inventory evidence spans or leaves open multiple host-information domains; no narrower source is required by every alternative.",objectives/exfiltration/stealer/system-info/profile::obfuscated-node-telemetry-exfil
objectives/exfiltration/stealer/system-info::node-websocket-command-relay-host-profile,objectives/command-and-control/backdoor/dispatch/websocket/relay-fix-command.yaml,composite_rules,objectives/command-and-control/backdoor/dispatch/websocket,implemented,Required remote fix-command dispatch defines the behavior; host/platform markers are supporting context.,objectives/command-and-control/backdoor/dispatch/websocket::node-websocket-command-relay-host-profile
objectives/exfiltration/stealer/system-info::jvm-exfil-base64-marker,objectives/exfiltration/stealer/system-info/jvm-unix.yaml,traits,objectives/exfiltration/serialization,implemented,EXFIL and Base64 report marker does not require host information; inspect whether the exact protocol establishes exfiltration.,objectives/exfiltration/serialization::jvm-exfil-base64-marker
objectives/exfiltration/stealer/system-info::jvm-base64-profile-http-exfil,objectives/exfiltration/stealer/system-info/jvm-unix.yaml,composite_rules,objectives/exfiltration/stealer/system-info/profile,implemented,Host report combines surveyed attributes or a required profile bundle; review referenced bundle membership before migration.,objectives/exfiltration/stealer/system-info/profile::jvm-base64-profile-http-exfil
objectives/exfiltration/stealer/system-info::jvm-solaris-profile-http-exfil,objectives/exfiltration/stealer/system-info/jvm-unix.yaml,composite_rules,objectives/exfiltration/stealer/system-info/profile,implemented,Host report combines surveyed attributes or a required profile bundle; review referenced bundle membership before migration.,objectives/exfiltration/stealer/system-info/profile::jvm-solaris-profile-http-exfil
objectives/exfiltration/stealer/system-info::jvm-bytecode-profile-http-exfil,objectives/exfiltration/stealer/system-info/jvm-unix.yaml,composite_rules,objectives/exfiltration/stealer/system-info/profile,implemented,Host report combines surveyed attributes or a required profile bundle; review referenced bundle membership before migration.,objectives/exfiltration/stealer/system-info/profile::jvm-bytecode-profile-http-exfil
objectives/exfiltration/stealer/system-info::jvm-bytecode-solaris-profile-exfil,objectives/exfiltration/stealer/system-info/jvm-unix.yaml,composite_rules,objectives/exfiltration/stealer/system-info/process,implemented,Process inventory/report is the specific required source; retain source-specific protocol components with their consumer pending helper review.,objectives/exfiltration/stealer/system-info/process::jvm-bytecode-solaris-profile-exfil
objectives/exfiltration/stealer/system-info::jvm-form-host-profile-exfil,objectives/exfiltration/stealer/system-info/jvm-unix.yaml,composite_rules,objectives/exfiltration/stealer/system-info/profile,implemented,Host report combines surveyed attributes or a required profile bundle; review referenced bundle membership before migration.,objectives/exfiltration/stealer/system-info/profile::jvm-form-host-profile-exfil
objectives/exfiltration/stealer/system-info::jvm-bytecode-form-profile-exfil,objectives/discovery/system/profile/jvm-unix.yaml,composite_rules,objectives/discovery/system/profile,implemented,"ENV= and /exfil class-file strings suggest a host-profile report but do not require transfer; keep a suspicious profile marker in discovery.",objectives/discovery/system/profile::jvm-bytecode-profile-endpoint-markers
objectives/exfiltration/stealer/system-info::kotlin-wmi-profile-http-exfil,objectives/exfiltration/stealer/system-info/kotlin-wmi.yaml,composite_rules,objectives/exfiltration/stealer/system-info/profile,implemented,Host report combines surveyed attributes or a required profile bundle; review referenced bundle membership before migration.,objectives/exfiltration/stealer/system-info/profile::kotlin-wmi-profile-http-exfil
objectives/exfiltration/stealer/system-info::lua-host-recon-exfil,objectives/exfiltration/stealer/system-info/lua.yaml,composite_rules,objectives/exfiltration/stealer/system-info/profile,implemented,Host report combines surveyed attributes or a required profile bundle; review referenced bundle membership before migration.,objectives/exfiltration/stealer/system-info/profile::lua-host-recon-exfil
objectives/exfiltration/stealer/system-info::fingerprint-with-exfil,objectives/exfiltration/stealer/system-info/macho-hardware-fingerprint.yaml,composite_rules,objectives/exfiltration/stealer/system-info/identity,implemented,Defining payload is host/account/device identity; transport and ancillary context do not change its source.,objectives/exfiltration/stealer/system-info/identity::fingerprint-with-exfil
objectives/exfiltration/stealer/system-info::encoded-hardware-fingerprint,objectives/exfiltration/stealer/system-info/native-hardware-fingerprint-send.yaml,composite_rules,objectives/exfiltration/stealer/system-info/identity,implemented,Defining payload is host/account/device identity; transport and ancillary context do not change its source.,objectives/exfiltration/stealer/system-info/identity::encoded-hardware-fingerprint
objectives/exfiltration/stealer/system-info::stealer-trifecta,objectives/exfiltration/stealer/system-info/native-hardware-fingerprint-send.yaml,composite_rules,objectives/exfiltration/stealer/system-info/profile,implemented,"Required host-report, profiling, or inventory evidence spans or leaves open multiple host-information domains; no narrower source is required by every alternative.",objectives/exfiltration/stealer/system-info/profile::stealer-trifecta
objectives/exfiltration/stealer/system-info::native-host-profile-network-beacon,objectives/exfiltration/stealer/system-info/native-windows-pe.yaml,composite_rules,objectives/exfiltration/stealer/system-info/identity,implemented,Defining payload is host/account/device identity; transport and ancillary context do not change its source.,objectives/exfiltration/stealer/system-info/identity::native-host-profile-network-beacon
objectives/exfiltration/stealer/system-info::node-host-profile-hardcoded-post-script,objectives/exfiltration/stealer/system-info/node-host-profile.yaml,composite_rules,objectives/exfiltration/stealer/system-info/profile,implemented,Host report combines surveyed attributes or a required profile bundle; review referenced bundle membership before migration.,objectives/exfiltration/stealer/system-info/profile::node-host-profile-hardcoded-post-script
objectives/exfiltration/stealer/system-info::npm-install-hook-host-profile-post-hardcoded-host,objectives/exfiltration/stealer/system-info/node-host-profile.yaml,composite_rules,objectives/exfiltration/stealer/system-info/profile,implemented,Host report combines surveyed attributes or a required profile bundle; review referenced bundle membership before migration.,objectives/exfiltration/stealer/system-info/profile::npm-install-hook-host-profile-post-hardcoded-host
objectives/exfiltration/stealer/system-info::node-host-profile-workers-post-script,objectives/exfiltration/stealer/system-info/node-host-profile.yaml,composite_rules,objectives/exfiltration/stealer/system-info/profile,implemented,Host report combines surveyed attributes or a required profile bundle; review referenced bundle membership before migration.,objectives/exfiltration/stealer/system-info/profile::node-host-profile-workers-post-script
objectives/exfiltration/stealer/system-info::npm-install-hook-host-profile-post-workers-host,objectives/exfiltration/stealer/system-info/node-host-profile.yaml,composite_rules,objectives/exfiltration/stealer/system-info/profile,implemented,Host report combines surveyed attributes or a required profile bundle; review referenced bundle membership before migration.,objectives/exfiltration/stealer/system-info/profile::npm-install-hook-host-profile-post-workers-host
objectives/exfiltration/stealer/system-info::npm-install-sandbox-gated-host-exfil,objectives/exfiltration/stealer/system-info/node-host-profile.yaml,composite_rules,objectives/exfiltration/stealer/system-info/profile,implemented,Host report combines surveyed attributes or a required profile bundle; review referenced bundle membership before migration.,objectives/exfiltration/stealer/system-info/profile::npm-install-sandbox-gated-host-exfil
objectives/exfiltration/stealer/system-info::npm-workers-dev-tls-bypass-host-beacon,objectives/exfiltration/stealer/system-info/node-host-profile.yaml,composite_rules,objectives/exfiltration/stealer/system-info/profile,implemented,Host report combines surveyed attributes or a required profile bundle; review referenced bundle membership before migration.,objectives/exfiltration/stealer/system-info/profile::npm-workers-dev-tls-bypass-host-beacon
objectives/exfiltration/stealer/system-info::node-openbsd-discovery-http-exfil,objectives/exfiltration/stealer/system-info/node-openbsd-dataverse-recon.yaml,composite_rules,objectives/discovery/system/profile,implemented,"Host inventory, profile assembly, or reconnaissance output without required transmission; the export consumers keep their transfer legs.",objectives/discovery/system/profile::node-openbsd-profile-collection
objectives/exfiltration/stealer/system-info::node-fingerprint-client-context-socket-flow,objectives/exfiltration/stealer/system-info/node-socket.yaml,composite_rules,objectives/exfiltration/stealer/system-info/identity,implemented,Defining payload is host/account/device identity; transport and ancillary context do not change its source.,objectives/exfiltration/stealer/system-info/identity::node-fingerprint-client-context-socket-flow
objectives/exfiltration/stealer/system-info::vscode-lazy-runtime-fingerprint-socket-exfil,objectives/exfiltration/stealer/system-info/node-socket.yaml,composite_rules,objectives/exfiltration/stealer/system-info/identity,implemented,Defining payload is host/account/device identity; transport and ancillary context do not change its source.,objectives/exfiltration/stealer/system-info/identity::vscode-lazy-runtime-fingerprint-socket-exfil
objectives/exfiltration/stealer/system-info::node-host-profile-socket-exfil,objectives/exfiltration/stealer/system-info/node-socket.yaml,composite_rules,objectives/exfiltration/stealer/system-info/identity,implemented,Defining payload is host/account/device identity; transport and ancillary context do not change its source.,objectives/exfiltration/stealer/system-info/identity::node-host-profile-socket-exfil
objectives/exfiltration/stealer/system-info::npm-system-stealer-hostile,objectives/exfiltration/stealer/system-info/npm-evasive-javascript.yaml,composite_rules,objectives/exfiltration/stealer/system-info/profile,implemented,Host report combines surveyed attributes or a required profile bundle; review referenced bundle membership before migration.,objectives/exfiltration/stealer/system-info/profile::npm-system-stealer-hostile
objectives/exfiltration/stealer/system-info::npm-postinstall-host-profile-exfiltration,objectives/exfiltration/stealer/system-info/npm-host-profile.yaml,composite_rules,objectives/exfiltration/stealer/system-info/profile,implemented,Host report combines surveyed attributes or a required profile bundle; review referenced bundle membership before migration.,objectives/exfiltration/stealer/system-info/profile::npm-postinstall-host-profile-exfiltration
objectives/exfiltration/stealer/system-info::npm-postinstall-host-profile-beacon,objectives/exfiltration/stealer/system-info/npm-host-profile.yaml,composite_rules,objectives/exfiltration/stealer/system-info/profile,implemented,Host report combines surveyed attributes or a required profile bundle; review referenced bundle membership before migration.,objectives/exfiltration/stealer/system-info/profile::npm-postinstall-host-profile-beacon
objectives/exfiltration/stealer/system-info::js-public-ip-beacon,objectives/exfiltration/stealer/system-info/npm-host-profile.yaml,composite_rules,objectives/exfiltration/stealer/system-info/network,implemented,Required address/interface/connectivity inventory or geolocation report; not credentials or an appliance configuration file.,objectives/exfiltration/stealer/system-info/network::js-public-ip-beacon
objectives/exfiltration/stealer/system-info::npm-runtime-host-profile-credential-exfil,objectives/exfiltration/stealer/system-info/npm-runtime.yaml,composite_rules,objectives/exfiltration/stealer/env,implemented,Mandatory service-credential environment reference and external POST define the probable source; local IP is context.,objectives/exfiltration/stealer/env::npm-runtime-host-profile-credential-exfil
objectives/exfiltration/stealer/system-info::sysinfo-url-encoded-post,objectives/exfiltration/stealer/system-info/pe-sysinfo-post.yaml,composite_rules,objectives/exfiltration/stealer/system-info/profile,implemented,"Required host-report, profiling, or inventory evidence spans or leaves open multiple host-information domains; no narrower source is required by every alternative.",objectives/exfiltration/stealer/system-info/profile::sysinfo-url-encoded-post
objectives/exfiltration/stealer/system-info::bot-c2-tracking,objectives/exfiltration/stealer/system-info/pe-sysinfo-post.yaml,composite_rules,objectives/command-and-control/botnet/keywords,implemented,"Bot-version/task-ID tracking is C2 context, not the content of a stolen system report; trace existing botnet leaf.",objectives/command-and-control/botnet/keywords::bot-c2-tracking
objectives/exfiltration/stealer/system-info::systeminfo-client-user-agent,objectives/exfiltration/stealer/system-info/pe-winhttp-json.yaml,traits,micro-behaviors/communications/http/user-agent,implemented,"Client/agent User-Agent value or alternatives, independent of whether the client exports a host report.",micro-behaviors/communications/http/user-agent::systeminfo-client-user-agent
objectives/exfiltration/stealer/system-info::ngrok-systeminfo-report-protocol,objectives/exfiltration/stealer/system-info/pe-winhttp-json.yaml,traits,objectives/exfiltration/stealer/system-info/profile,implemented,"Required host-report, profiling, or inventory evidence spans or leaves open multiple host-information domains; no narrower source is required by every alternative.",objectives/exfiltration/stealer/system-info/profile::ngrok-systeminfo-report-protocol
objectives/exfiltration/stealer/system-info::winhttp-json-post,objectives/exfiltration/stealer/system-info/pe-winhttp-json.yaml,composite_rules,micro-behaviors/communications/http/telemetry,implemented,WinHTTP request flow plus JSON and reporting endpoint/client identity is a neutral reporting capability; no host source is mandatory.,micro-behaviors/communications/http/telemetry::winhttp-json-report-flow
objectives/exfiltration/stealer/system-info::tunnel-host-inventory-exfil,objectives/exfiltration/stealer/system-info/pe-winhttp-json.yaml,composite_rules,objectives/exfiltration/stealer/system-info/profile,implemented,Host report combines surveyed attributes or a required profile bundle; review referenced bundle membership before migration.,objectives/exfiltration/stealer/system-info/profile::tunnel-host-inventory-exfil
objectives/exfiltration/stealer/system-info::php-laravel-host-profile-activation-payload,objectives/exfiltration/stealer/system-info/php-laravel.yaml,traits,objectives/exfiltration/stealer/system-info/identity,implemented,Required serial/device hash or host/account identity fields define the report; other context does not establish a different exported dataset.,objectives/exfiltration/stealer/system-info/identity::php-laravel-host-profile-activation-payload
objectives/exfiltration/stealer/system-info::php-laravel-host-profile-remote-registration,objectives/exfiltration/stealer/system-info/php-laravel.yaml,composite_rules,objectives/exfiltration/stealer/system-info/identity,implemented,Defining payload is host/account/device identity; transport and ancillary context do not change its source.,objectives/exfiltration/stealer/system-info/identity::php-laravel-host-profile-remote-registration
objectives/exfiltration/stealer/system-info::php-server-env-json-post,objectives/exfiltration/stealer/system-info/php-profile-stage.yaml,traits,objectives/exfiltration/stealer/system-info/profile,implemented,Host report combines surveyed attributes or a required profile bundle; review referenced bundle membership before migration.,objectives/exfiltration/stealer/system-info/profile::php-server-env-json-post
objectives/exfiltration/stealer/system-info::php-obfuscated-server-profile-exfil,objectives/exfiltration/stealer/system-info/php-profile-stage.yaml,composite_rules,objectives/exfiltration/stealer/system-info/profile,implemented,Host report combines surveyed attributes or a required profile bundle; review referenced bundle membership before migration.,objectives/exfiltration/stealer/system-info/profile::php-obfuscated-server-profile-exfil
objectives/exfiltration/stealer/system-info::php-server-profile-remote-stage,objectives/exfiltration/stealer/system-info/php-profile-stage.yaml,composite_rules,objectives/exfiltration/stealer/system-info/profile,implemented,Host report combines surveyed attributes or a required profile bundle; review referenced bundle membership before migration.,objectives/exfiltration/stealer/system-info/profile::php-server-profile-remote-stage
objectives/exfiltration/stealer/system-info::php-encoded-http-register,objectives/exfiltration/stealer/system-info/php-unix.yaml,traits,micro-behaviors/data/encode/rot13,implemented,Base64/ROT13 composition is an encoding capability independent of its stealer consumer; choose or merge the precise encoding leaf.,micro-behaviors/data/encode/rot13::php-base64-rot13-payload
objectives/exfiltration/stealer/system-info::php-system-info-http-exfil,objectives/exfiltration/stealer/system-info/php-unix.yaml,composite_rules,objectives/exfiltration/stealer/system-info/profile,implemented,Host report combines surveyed attributes or a required profile bundle; review referenced bundle membership before migration.,objectives/exfiltration/stealer/system-info/profile::php-system-info-http-exfil
objectives/exfiltration/stealer/system-info::php-windows-systeminfo-http-exfil,objectives/exfiltration/stealer/system-info/php-windows-agent.yaml,composite_rules,objectives/exfiltration/stealer/system-info/profile,implemented,Host report combines surveyed attributes or a required profile bundle; review referenced bundle membership before migration.,objectives/exfiltration/stealer/system-info/profile::php-windows-systeminfo-http-exfil
objectives/exfiltration/stealer/system-info::php-windows-sysinfo-stage,objectives/exfiltration/stealer/system-info/php-windows-telemetry.yaml,traits,micro-behaviors/fs/path/temp,implemented,Temporary sysinfo filename is a resource-path clue; no write or export is required.,micro-behaviors/fs/path/temp::php-sysinfo-temp-path
objectives/exfiltration/stealer/system-info::php-windows-sysinfo-telemetry-exfil,objectives/exfiltration/stealer/system-info/php-windows-telemetry.yaml,composite_rules,objectives/exfiltration/stealer/system-info/profile,implemented,Host report combines surveyed attributes or a required profile bundle; review referenced bundle membership before migration.,objectives/exfiltration/stealer/system-info/profile::php-windows-sysinfo-telemetry-exfil
objectives/exfiltration/stealer/system-info::embedded-powershell-host-profile-exfil,objectives/exfiltration/stealer/system-info/powershell-embedded-pe.yaml,composite_rules,objectives/exfiltration/stealer/system-info/identity,implemented,Required serial/device hash or host/account identity fields define the report; other context does not establish a different exported dataset.,objectives/exfiltration/stealer/system-info/identity::embedded-powershell-host-profile-exfil
objectives/exfiltration/stealer/system-info::ps-geolocation-json-web-beacon,objectives/exfiltration/stealer/system-info/powershell-http.yaml,composite_rules,objectives/exfiltration/stealer/system-info/network,implemented,Required address/interface/connectivity inventory or geolocation report; not credentials or an appliance configuration file.,objectives/exfiltration/stealer/system-info/network::ps-geolocation-json-web-beacon
objectives/exfiltration/stealer/system-info::ps-system-state-http-exfil,objectives/exfiltration/stealer/system-info/powershell-http.yaml,composite_rules,objectives/exfiltration/stealer/system-info/profile,implemented,Host report combines surveyed attributes or a required profile bundle; review referenced bundle membership before migration.,objectives/exfiltration/stealer/system-info/profile::ps-system-state-http-exfil
objectives/exfiltration/stealer/system-info::ps-recon-exfil,objectives/discovery/system/profile/powershell.yaml,composite_rules,objectives/discovery/system/profile,implemented,An OS query plus an endpoint clue has no required send operation; retain it as system reconnaissance and require upload evidence in the stealer composite.,objectives/discovery/system/profile::ps-system-profile-recon
objectives/exfiltration/stealer/system-info::ps-recon-curl-upload,objectives/exfiltration/stealer/system-info/powershell.yaml,composite_rules,objectives/exfiltration/stealer/system-info/platform,implemented,Required OS/runtime report is the defining source; platform names belong in evidence and filenames.,objectives/exfiltration/stealer/system-info/platform::ps-recon-curl-upload
objectives/exfiltration/stealer/system-info::ps-recon-defender-upload,objectives/exfiltration/stealer/system-info/powershell.yaml,composite_rules,objectives/exfiltration/stealer/system-info/platform,implemented,Required OS/runtime report is the defining source; platform names belong in evidence and filenames.,objectives/exfiltration/stealer/system-info/platform::ps-recon-defender-upload
objectives/exfiltration/stealer/system-info::ransomware-host-profile-http-exfil,objectives/exfiltration/stealer/system-info/python-bytecode-ransom.yaml,composite_rules,objectives/exfiltration/stealer/system-info/identity,implemented,Defining payload is host/account/device identity; transport and ancillary context do not change its source.,objectives/exfiltration/stealer/system-info/identity::ransomware-host-profile-http-exfil
objectives/exfiltration/stealer/system-info::python-profile-api-call,objectives/exfiltration/stealer/system-info/python-remote-agent.yaml,traits,micro-behaviors/communications/http/telemetry,implemented,Named _aigc_post call marker does not specify any sensitive source or theft.,micro-behaviors/communications/http/telemetry::python-aigc-post-marker
objectives/exfiltration/stealer/system-info::python-remote-host-profile-reporting,objectives/exfiltration/stealer/system-info/python-remote-agent.yaml,composite_rules,objectives/exfiltration/stealer/system-info/profile,implemented,Host report combines surveyed attributes or a required profile bundle; review referenced bundle membership before migration.,objectives/exfiltration/stealer/system-info/profile::python-remote-host-profile-reporting
objectives/exfiltration/stealer/system-info::python-tracking-metrics-json-upload,objectives/exfiltration/stealer/system-info/python-tracking.yaml,composite_rules,micro-behaviors/communications/http/telemetry,implemented,Trace tracking_metrics payload rather than classifying by HTTP or helper name.,micro-behaviors/communications/http/telemetry::python-tracking-metrics-json-upload
objectives/exfiltration/stealer/system-info::notebook-fingerprint-tracking-exfil,objectives/exfiltration/stealer/system-info/python-tracking.yaml,composite_rules,objectives/collection/monitor/telemetry,implemented,Usage/browser profiling or collector-agent context does not establish a particular stolen host dataset; classify the required telemetry/collection combination.,objectives/collection/monitor/telemetry::notebook-fingerprint-tracking
objectives/exfiltration/stealer/system-info::python-host-profile-raw-http-exfil,objectives/exfiltration/stealer/system-info/python-unix.yaml,composite_rules,objectives/exfiltration/stealer/system-info/profile,implemented,Host report combines surveyed attributes or a required profile bundle; review referenced bundle membership before migration.,objectives/exfiltration/stealer/system-info/profile::python-host-profile-raw-http-exfil
objectives/exfiltration/stealer/system-info::python-device-profile-checkin-post,objectives/exfiltration/stealer/system-info/python-unix.yaml,composite_rules,objectives/exfiltration/stealer/system-info/profile,implemented,Host report combines surveyed attributes or a required profile bundle; review referenced bundle membership before migration.,objectives/exfiltration/stealer/system-info/profile::python-device-profile-checkin-post
objectives/exfiltration/stealer/system-info::python-host-profile-urllib-exfil,objectives/exfiltration/stealer/system-info/python-urllib.yaml,composite_rules,objectives/exfiltration/stealer/system-info/profile,implemented,Host report combines surveyed attributes or a required profile bundle; review referenced bundle membership before migration.,objectives/exfiltration/stealer/system-info/profile::python-host-profile-urllib-exfil
objectives/exfiltration/stealer/system-info::python-telemetry-host-profile-transport,objectives/exfiltration/stealer/system-info/python.yaml,composite_rules,objectives/exfiltration/stealer/system-info/software,implemented,Mandatory installed-package inventory is the defining report; collector identity and startup activation provide context.,objectives/exfiltration/stealer/system-info/software::python-telemetry-host-profile-transport
objectives/exfiltration/stealer/system-info::python-telemetry-startup-network,objectives/exfiltration/stealer/system-info/python.yaml,composite_rules,objectives/persistence/login/python-startup,implemented,Startup environment read and socket do not identify exported data; required malicious-init helper may instead define persistence.,objectives/persistence/login/python-startup::python-telemetry-startup-network
objectives/exfiltration/stealer/system-info::python-system-info-exfil,objectives/exfiltration/stealer/system-info/python.yaml,composite_rules,objectives/exfiltration/stealer/system-info/identity,implemented,Defining payload is host/account/device identity; transport and ancillary context do not change its source.,objectives/exfiltration/stealer/system-info/identity::python-system-info-exfil
objectives/exfiltration/stealer/system-info::python-machine-profile-ip-exfil,objectives/exfiltration/stealer/system-info/python.yaml,composite_rules,objectives/exfiltration/stealer/system-info/identity,implemented,Defining payload is host/account/device identity; transport and ancillary context do not change its source.,objectives/exfiltration/stealer/system-info/identity::python-machine-profile-ip-exfil
objectives/exfiltration/stealer/system-info::qnx-native-host-profile-exfil,objectives/exfiltration/stealer/system-info/qnx-native-socket.yaml,composite_rules,objectives/exfiltration/stealer/system-info/identity,implemented,Required serial/device hash or host/account identity fields define the report; other context does not establish a different exported dataset.,objectives/exfiltration/stealer/system-info/identity::qnx-native-host-profile-exfil
objectives/exfiltration/stealer/system-info::qnx-node-chunked-collect-exfil,objectives/exfiltration/stealer/system-info/qnx-node.yaml,composite_rules,objectives/exfiltration/stealer/system-info/identity,implemented,Defining payload is host/account/device identity; transport and ancillary context do not change its source.,objectives/exfiltration/stealer/system-info/identity::qnx-node-chunked-collect-exfil
objectives/exfiltration/stealer/system-info::qnx-node-multipart-profile-exfil,objectives/exfiltration/stealer/system-info/qnx-node.yaml,composite_rules,objectives/exfiltration/http/report,implemented,"Exfil multipart boundary plus gzip/client identity establishes report transport, not a host-data source.",objectives/exfiltration/http/report::qnx-node-multipart-exfil
objectives/exfiltration/stealer/system-info::qnx-objc-host-profile-exfil,objectives/exfiltration/stealer/system-info/qnx-objc.yaml,composite_rules,objectives/exfiltration/stealer/system-info/profile,implemented,Host report combines surveyed attributes or a required profile bundle; review referenced bundle membership before migration.,objectives/exfiltration/stealer/system-info/profile::qnx-objc-host-profile-exfil
objectives/exfiltration/stealer/system-info::qnx-objc-octet-host-exfil,objectives/exfiltration/stealer/system-info/qnx-objc.yaml,composite_rules,objectives/exfiltration/stealer/system-info/profile,implemented,"Required host-report, profiling, or inventory evidence spans or leaves open multiple host-information domains; no narrower source is required by every alternative.",objectives/exfiltration/stealer/system-info/profile::qnx-objc-octet-host-exfil
objectives/exfiltration/stealer/system-info::qnx-objc-inventory-http-exfil,objectives/exfiltration/stealer/system-info/qnx-objc.yaml,composite_rules,objectives/exfiltration/stealer/system-info/profile,implemented,Host report combines surveyed attributes or a required profile bundle; review referenced bundle membership before migration.,objectives/exfiltration/stealer/system-info/profile::qnx-objc-inventory-http-exfil
objectives/exfiltration/stealer/system-info::qnx-perl-exfil-beacon-call,objectives/exfiltration/stealer/system-info/qnx-perl.yaml,traits,objectives/exfiltration/serialization,implemented,Exfil beacon call marker names an export protocol without a narrower data source.,objectives/exfiltration/serialization::qnx-perl-exfil-beacon-call
objectives/exfiltration/stealer/system-info::qnx-python-host-profile-exfil,objectives/exfiltration/stealer/system-info/qnx-python.yaml,composite_rules,objectives/exfiltration/stealer/system-info/profile,implemented,Host report combines surveyed attributes or a required profile bundle; review referenced bundle membership before migration.,objectives/exfiltration/stealer/system-info/profile::qnx-python-host-profile-exfil
objectives/exfiltration/stealer/system-info::routeros-api-profile-http-exfil,objectives/exfiltration/stealer/system-info/routeros-api.yaml,composite_rules,objectives/exfiltration/stealer/system-info/profile,implemented,Host report combines surveyed attributes or a required profile bundle; review referenced bundle membership before migration.,objectives/exfiltration/stealer/system-info/profile::routeros-api-profile-http-exfil
objectives/exfiltration/stealer/system-info::routeros-js-profile-http-exfil,objectives/exfiltration/stealer/system-info/routeros-js.yaml,composite_rules,objectives/exfiltration/stealer/system-info/profile,implemented,Host report combines surveyed attributes or a required profile bundle; review referenced bundle membership before migration.,objectives/exfiltration/stealer/system-info/profile::routeros-js-profile-http-exfil
objectives/exfiltration/stealer/system-info::ruby-routeros-geo-report-exfil,objectives/exfiltration/stealer/system-info/routeros-ruby-geo.yaml,composite_rules,objectives/exfiltration/stealer/system-info/profile,implemented,Host report combines surveyed attributes or a required profile bundle; review referenced bundle membership before migration.,objectives/exfiltration/stealer/system-info/profile::ruby-routeros-geo-report-exfil
objectives/exfiltration/stealer/system-info::ruby-routeros-sysinfo-exfil,objectives/exfiltration/stealer/system-info/routeros-ruby-sysinfo.yaml,composite_rules,objectives/exfiltration/stealer/system-info/profile,implemented,"Required host-report, profiling, or inventory evidence spans or leaves open multiple host-information domains; no narrower source is required by every alternative.",objectives/exfiltration/stealer/system-info/profile::ruby-routeros-sysinfo-exfil
objectives/exfiltration/stealer/system-info::rust-routeros-healthmonitor-agent,objectives/exfiltration/stealer/system-info/routeros-rust.yaml,traits,micro-behaviors/communications/http/user-agent,implemented,"Client/agent User-Agent value or alternatives, independent of whether the client exports a host report.",micro-behaviors/communications/http/user-agent::rust-routeros-healthmonitor-agent
objectives/exfiltration/stealer/system-info::rust-routeros-http-agent,objectives/exfiltration/stealer/system-info/routeros-rust.yaml,traits,micro-behaviors/communications/http/user-agent,implemented,"Client/agent User-Agent value or alternatives, independent of whether the client exports a host report.",micro-behaviors/communications/http/user-agent::rust-routeros-http-agent
objectives/exfiltration/stealer/system-info::rust-mikrotik-routeros-agent,objectives/exfiltration/stealer/system-info/routeros-rust.yaml,traits,micro-behaviors/communications/http/user-agent,implemented,"Client/agent User-Agent value or alternatives, independent of whether the client exports a host report.",micro-behaviors/communications/http/user-agent::rust-mikrotik-routeros-agent
objectives/exfiltration/stealer/system-info::rust-routeros-agent-header,objectives/exfiltration/stealer/system-info/routeros-rust.yaml,composite_rules,micro-behaviors/communications/http/user-agent,implemented,"Client/agent User-Agent value or alternatives, independent of whether the client exports a host report.",micro-behaviors/communications/http/user-agent::rust-routeros-agent-header
objectives/exfiltration/stealer/system-info::rust-network-profile-command-set,objectives/exfiltration/stealer/system-info/routeros-rust.yaml,composite_rules,micro-behaviors/os/network/status,implemented,"Interface/socket-status command alternatives and compiler identity are neutral network-status capabilities, without transmission.",micro-behaviors/os/network/status::rust-network-profile-command-set
objectives/exfiltration/stealer/system-info::rust-routeros-host-profile-exfil,objectives/exfiltration/stealer/system-info/routeros-rust.yaml,composite_rules,objectives/collection/monitor/telemetry,implemented,Usage/browser profiling or collector-agent context does not establish a particular stolen host dataset; classify the required telemetry/collection combination.,objectives/collection/monitor/telemetry::rust-routeros-collector
objectives/exfiltration/stealer/system-info::routeros-host-profile-http-exfil,objectives/exfiltration/stealer/system-info/routeros-script.yaml,composite_rules,objectives/exfiltration/stealer/system-info/profile,implemented,Host report combines surveyed attributes or a required profile bundle; review referenced bundle membership before migration.,objectives/exfiltration/stealer/system-info/profile::routeros-host-profile-http-exfil
objectives/exfiltration/stealer/system-info::ruby-openbsd-system-http-exfil,objectives/exfiltration/stealer/system-info/ruby-openbsd-sysctl-collect.yaml,composite_rules,objectives/exfiltration/stealer/system-info/profile,implemented,"Required host-report, profiling, or inventory evidence spans or leaves open multiple host-information domains; no narrower source is required by every alternative.",objectives/exfiltration/stealer/system-info/profile::ruby-openbsd-system-http-exfil
objectives/exfiltration/stealer/system-info::ruby-oob-api-data-path,objectives/exfiltration/stealer/system-info/ruby-windows.yaml,traits,micro-behaviors/communications/http/url/telemetry,implemented,"Literal /api/data/ route identifies an endpoint, not a host-information source.",micro-behaviors/communications/http/url/telemetry::ruby-oob-api-data-path
objectives/exfiltration/stealer/system-info::ruby-windows-inventory-commands,objectives/exfiltration/stealer/system-info/ruby-windows.yaml,composite_rules,objectives/discovery/system/profile,implemented,"Host inventory, profile assembly, or reconnaissance output without required transmission; the export consumers keep their transfer legs.",objectives/discovery/system/profile::ruby-windows-inventory-commands
objectives/exfiltration/stealer/system-info::ruby-oob-system-info-exfil,objectives/exfiltration/stealer/system-info/ruby-windows.yaml,composite_rules,objectives/exfiltration/stealer/system-info/profile,implemented,Host report combines surveyed attributes or a required profile bundle; review referenced bundle membership before migration.,objectives/exfiltration/stealer/system-info/profile::ruby-oob-system-info-exfil
objectives/exfiltration/stealer/system-info::info-stealer,objectives/exfiltration/stealer/system-info/ruby.yaml,composite_rules,objectives/exfiltration/stealer/system-info/identity,implemented,Defining payload is host/account/device identity; transport and ancillary context do not change its source.,objectives/exfiltration/stealer/system-info/identity::info-stealer
objectives/exfiltration/stealer/system-info::system-info-exfiltration,objectives/exfiltration/stealer/system-info/ruby.yaml,composite_rules,objectives/exfiltration/stealer/system-info/profile,implemented,"Required host-report, profiling, or inventory evidence spans or leaves open multiple host-information domains; no narrower source is required by every alternative.",objectives/exfiltration/stealer/system-info/profile::system-info-exfiltration
objectives/exfiltration/stealer/system-info::ruby-system-info-http-exfil,objectives/exfiltration/stealer/system-info/ruby.yaml,composite_rules,objectives/exfiltration/stealer/system-info/profile,implemented,"Required host-report, profiling, or inventory evidence spans or leaves open multiple host-information domains; no narrower source is required by every alternative.",objectives/exfiltration/stealer/system-info/profile::ruby-system-info-http-exfil
objectives/exfiltration/stealer/system-info::rust-host-profile-telegram-exfil,objectives/exfiltration/stealer/system-info/rust-telegram.yaml,composite_rules,objectives/exfiltration/stealer/system-info/identity,implemented,Defining payload is host/account/device identity; transport and ancillary context do not change its source.,objectives/exfiltration/stealer/system-info/identity::rust-host-profile-telegram-exfil
objectives/exfiltration/stealer/system-info::rust-octet-exfil-transport,objectives/exfiltration/stealer/system-info/rust-unix-http.yaml,composite_rules,objectives/exfiltration/http/upload,implemented,Octet-stream POST/export alternatives define upload transport; host information is supplied by the consuming composite.,objectives/exfiltration/http/upload::rust-octet-exfil-transport
objectives/exfiltration/stealer/system-info::rust-host-profile-http-exfil,objectives/exfiltration/stealer/system-info/rust-unix-http.yaml,composite_rules,objectives/exfiltration/stealer/system-info/profile,implemented,Host report combines surveyed attributes or a required profile bundle; review referenced bundle membership before migration.,objectives/exfiltration/stealer/system-info/profile::rust-host-profile-http-exfil
objectives/exfiltration/stealer/system-info::native-host-profile-exfil,objectives/exfiltration/stealer/system-info/rust-unix-socket.yaml,composite_rules,objectives/exfiltration/stealer/system-info/profile,implemented,"Required host-report, profiling, or inventory evidence spans or leaves open multiple host-information domains; no narrower source is required by every alternative.",objectives/exfiltration/stealer/system-info/profile::native-host-profile-exfil
objectives/exfiltration/stealer/system-info::rust-socket-profile-exfil,objectives/exfiltration/stealer/system-info/rust-unix-socket.yaml,composite_rules,objectives/exfiltration/stealer/system-info/profile,implemented,"Required host-report, profiling, or inventory evidence spans or leaves open multiple host-information domains; no narrower source is required by every alternative.",objectives/exfiltration/stealer/system-info/profile::rust-socket-profile-exfil
objectives/exfiltration/stealer/system-info::rust-http-profile-raw-socket-exfil,objectives/exfiltration/stealer/system-info/rust-unix-socket.yaml,composite_rules,objectives/exfiltration/stealer/system-info/identity,implemented,Defining payload is host/account/device identity; transport and ancillary context do not change its source.,objectives/exfiltration/stealer/system-info/identity::rust-http-profile-raw-socket-exfil
objectives/exfiltration/stealer/system-info::rust-windows-env-data-marker,objectives/exfiltration/stealer/system-info/rust-windows.yaml,traits,micro-behaviors/os/env/block,implemented,"ENV_DATA declaration indicates an environment-data block, not a complete host-report export.",micro-behaviors/os/env/block::rust-windows-env-data-marker
objectives/exfiltration/stealer/system-info::rust-windows-profile-http-exfil,objectives/exfiltration/stealer/system-info/rust-windows.yaml,composite_rules,objectives/exfiltration/stealer/system-info/profile,implemented,Host report combines surveyed attributes or a required profile bundle; review referenced bundle membership before migration.,objectives/exfiltration/stealer/system-info/profile::rust-windows-profile-http-exfil
objectives/exfiltration/stealer/system-info::sentry-public-ip-profile-exfil,objectives/exfiltration/stealer/system-info/sentry-js.yaml,composite_rules,objectives/exfiltration/stealer/system-info/network,implemented,Required address/interface/connectivity inventory or geolocation report; not credentials or an appliance configuration file.,objectives/exfiltration/stealer/system-info/network::sentry-public-ip-profile-exfil
objectives/exfiltration/stealer/system-info::sentry-default-pii-enabled,objectives/exfiltration/stealer/system-info/sentry-pii-javascript.yaml,traits,micro-behaviors/communications/http/telemetry,implemented,"SDK telemetry configuration/user IP setting is a neutral reporting capability, not theft by itself.",micro-behaviors/communications/http/telemetry::sentry-default-pii-enabled
objectives/exfiltration/stealer/system-info::sentry-ip-address-user-field,objectives/exfiltration/stealer/system-info/sentry-pii-javascript.yaml,traits,micro-behaviors/communications/http/telemetry,implemented,"SDK telemetry configuration/user IP setting is a neutral reporting capability, not theft by itself.",micro-behaviors/communications/http/telemetry::sentry-ip-address-user-field
objectives/exfiltration/stealer/system-info::sentry-hardcoded-ip-pii-telemetry,objectives/exfiltration/stealer/system-info/sentry-pii-javascript.yaml,composite_rules,objectives/exfiltration/stealer/system-info/network,implemented,Required address/interface/connectivity inventory or geolocation report; not credentials or an appliance configuration file.,objectives/exfiltration/stealer/system-info/network::sentry-hardcoded-ip-pii-telemetry
objectives/exfiltration/stealer/system-info::shell-macos-host-http-exfil,objectives/exfiltration/stealer/system-info/shell-macos.yaml,composite_rules,objectives/exfiltration/stealer/system-info/profile,implemented,Host report combines surveyed attributes or a required profile bundle; review referenced bundle membership before migration.,objectives/exfiltration/stealer/system-info/profile::shell-macos-host-http-exfil
objectives/exfiltration/stealer/system-info::shell-recon-exfil,objectives/exfiltration/stealer/system-info/shell.yaml,composite_rules,objectives/exfiltration/stealer/system-info/profile,implemented,Host report combines surveyed attributes or a required profile bundle; review referenced bundle membership before migration.,objectives/exfiltration/stealer/system-info/profile::shell-recon-exfil
objectives/exfiltration/stealer/system-info::swift-host-release-post,objectives/exfiltration/stealer/system-info/swift-bsd.yaml,composite_rules,objectives/exfiltration/stealer/account-db,implemented,Required passwd/shadow credential source takes priority over incidental OS-release context.,objectives/exfiltration/stealer/account-db::swift-host-release-post
objectives/exfiltration/stealer/system-info::swift-exfil-source-host-field,objectives/exfiltration/stealer/system-info/swift-cloud-profile.yaml,traits,micro-behaviors/data/serialize/schema-object,implemented,"source_host field names a schema member, not an exfiltration result.",micro-behaviors/data/serialize/schema-object::source-host-field
objectives/exfiltration/stealer/system-info::swift-host-profile-http-exfil,objectives/exfiltration/stealer/system-info/swift-cloud-profile.yaml,composite_rules,objectives/exfiltration/stealer/cloud,implemented,Cloud credential theft remains the defining source even with host context.,objectives/exfiltration/stealer/cloud::swift-host-profile-http-exfil
objectives/exfiltration/stealer/system-info::swift-release-netstat-post,objectives/exfiltration/stealer/system-info/swift-host-command.yaml,composite_rules,objectives/exfiltration/stealer/system-info/profile,implemented,Host report combines surveyed attributes or a required profile bundle; review referenced bundle membership before migration.,objectives/exfiltration/stealer/system-info/profile::swift-release-netstat-post
objectives/exfiltration/stealer/system-info::swift-uname-netstat-post,objectives/exfiltration/stealer/system-info/swift-host-command.yaml,composite_rules,objectives/exfiltration/stealer/system-info/profile,implemented,Host report combines surveyed attributes or a required profile bundle; review referenced bundle membership before migration.,objectives/exfiltration/stealer/system-info/profile::swift-uname-netstat-post
objectives/exfiltration/stealer/system-info::swift-socket-profile-exfil,objectives/exfiltration/stealer/system-info/swift-unix-socket.yaml,composite_rules,objectives/exfiltration/stealer/system-info/profile,implemented,Host report combines surveyed attributes or a required profile bundle; review referenced bundle membership before migration.,objectives/exfiltration/stealer/system-info/profile::swift-socket-profile-exfil
objectives/exfiltration/stealer/system-info::swift-urlsession-profile-checkin,objectives/exfiltration/stealer/system-info/swift-unix-socket.yaml,composite_rules,objectives/exfiltration/stealer/system-info/profile,implemented,Host report combines surveyed attributes or a required profile bundle; review referenced bundle membership before migration.,objectives/exfiltration/stealer/system-info/profile::swift-urlsession-profile-checkin
objectives/exfiltration/stealer/system-info::ts-process-env-collection,objectives/exfiltration/stealer/system-info/typescript-unix.yaml,composite_rules,objectives/discovery/system/profile,implemented,"Host inventory, profile assembly, or reconnaissance output without required transmission; the export consumers keep their transfer legs.",objectives/discovery/system/profile::ts-process-env-collection
objectives/exfiltration/stealer/system-info::ts-http-host-profile-exfil,objectives/exfiltration/stealer/system-info/typescript-unix.yaml,composite_rules,objectives/exfiltration/stealer/system-info/profile,implemented,Host report combines surveyed attributes or a required profile bundle; review referenced bundle membership before migration.,objectives/exfiltration/stealer/system-info/profile::ts-http-host-profile-exfil
objectives/exfiltration/stealer/system-info::js-http-get-host-profile-exfil,objectives/exfiltration/stealer/system-info/typescript-unix.yaml,composite_rules,objectives/exfiltration/stealer/system-info/profile,implemented,Host report combines surveyed attributes or a required profile bundle; review referenced bundle membership before migration.,objectives/exfiltration/stealer/system-info/profile::js-http-get-host-profile-exfil
objectives/exfiltration/stealer/system-info::host-user-identity-http-query,objectives/exfiltration/stealer/system-info/vscode-js.yaml,composite_rules,objectives/exfiltration/stealer/system-info/identity,implemented,Required host and user identity fields plus identity alternatives; no cross-domain profile source is required.,objectives/exfiltration/stealer/system-info/identity::host-user-identity-http-query
objectives/exfiltration/stealer/system-info::obfuscated-node-host-profile-http-beacon,objectives/exfiltration/stealer/system-info/vscode-js.yaml,composite_rules,objectives/exfiltration/stealer/system-info/profile,implemented,Host report combines surveyed attributes or a required profile bundle; review referenced bundle membership before migration.,objectives/exfiltration/stealer/system-info/profile::obfuscated-node-host-profile-http-beacon
objectives/exfiltration/stealer/system-info::hostile-recon-upload-client,objectives/exfiltration/stealer/system-info/windows-pe-wininet-host-profile.yaml,composite_rules,objectives/exfiltration/stealer/system-info/profile,implemented,Host report combines surveyed attributes or a required profile bundle; review referenced bundle membership before migration.,objectives/exfiltration/stealer/system-info/profile::hostile-recon-upload-client
objectives/exfiltration/stealer/system-info::windows-basic-recon-cluster,objectives/exfiltration/stealer/system-info/windows-shell.yaml,composite_rules,objectives/discovery/system/profile,implemented,"Host inventory, profile assembly, or reconnaissance output without required transmission; the export consumers keep their transfer legs.",objectives/discovery/system/profile::windows-basic-recon-cluster
objectives/exfiltration/stealer/system-info::windows-recon-output-file,objectives/exfiltration/stealer/system-info/windows-shell.yaml,composite_rules,objectives/discovery/system/profile,implemented,"Host inventory, profile assembly, or reconnaissance output without required transmission; the export consumers keep their transfer legs.",objectives/discovery/system/profile::windows-recon-command-markers
objectives/exfiltration/stealer/network-config::dotnet-startup-network-profile-remote-sink,objectives/exfiltration/stealer/network-config/dotnet-log-sink.yaml,composite_rules,objectives/exfiltration/stealer/system-info/network,implemented,Required address/interface/connectivity inventory or geolocation report; not credentials or an appliance configuration file.,objectives/exfiltration/stealer/system-info/network::dotnet-startup-network-profile-remote-sink
objectives/exfiltration/stealer/network-config::dotnet-network-inventory-http-exfil,objectives/exfiltration/stealer/network-config/dotnet-openbsd-network-inventory.yaml,composite_rules,objectives/exfiltration/stealer/system-info/network,implemented,Required address/interface/connectivity inventory or geolocation report; not credentials or an appliance configuration file.,objectives/exfiltration/stealer/system-info/network::dotnet-network-inventory-http-exfil
objectives/exfiltration/stealer/network-config::mac-identity-wcf-exfil,objectives/exfiltration/stealer/network-config/dotnet-wcf.yaml,composite_rules,objectives/exfiltration/stealer/system-info/identity,implemented,Defining payload is host/account/device identity; transport and ancillary context do not change its source.,objectives/exfiltration/stealer/system-info/identity::mac-identity-wcf-exfil
objectives/exfiltration/stealer/network-config::qnx-pyc-host-profile-exfil,objectives/exfiltration/stealer/network-config/qnx-pyc.yaml,composite_rules,objectives/exfiltration/stealer/system-info/network,implemented,Required address/interface/connectivity inventory or geolocation report; not credentials or an appliance configuration file.,objectives/exfiltration/stealer/system-info/network::qnx-pyc-host-profile-exfil
objectives/exfiltration/stealer/network-config::routeros-js-network-config-http-exfil,objectives/exfiltration/stealer/network-config/routeros-js.yaml,composite_rules,objectives/exfiltration/stealer/system-info/network,implemented,Required address/interface/connectivity inventory or geolocation report; not credentials or an appliance configuration file.,objectives/exfiltration/stealer/system-info/network::routeros-js-network-config-http-exfil
objectives/exfiltration/stealer/network-config::swift-network-info-http-exfil,objectives/exfiltration/stealer/network-config/swift-bsd.yaml,composite_rules,objectives/exfiltration/stealer/system-info/network,implemented,Required address/interface/connectivity inventory or geolocation report; not credentials or an appliance configuration file.,objectives/exfiltration/stealer/system-info/network::swift-network-info-http-exfil
objectives/exfiltration/stealer/network-config::swift-shell-route-exfil,objectives/exfiltration/stealer/network-config/swift-bsd.yaml,composite_rules,objectives/exfiltration/stealer/system-info/network,implemented,Required address/interface/connectivity inventory or geolocation report; not credentials or an appliance configuration file.,objectives/exfiltration/stealer/system-info/network::swift-shell-route-exfil
objectives/exfiltration/stealer/process-list::ahk-processlist-send,objectives/exfiltration/stealer/process-list/ahk-pe.yaml,traits,objectives/exfiltration/stealer/system-info/process,implemented,Process inventory/report is the specific required source; retain source-specific protocol components with their consumer pending helper review.,objectives/exfiltration/stealer/system-info/process::ahk-processlist-send
objectives/exfiltration/stealer/process-list::ahk-processlist-error-send,objectives/exfiltration/stealer/process-list/ahk-pe.yaml,traits,objectives/exfiltration/stealer/system-info/process,implemented,Process inventory/report is the specific required source; retain source-specific protocol components with their consumer pending helper review.,objectives/exfiltration/stealer/system-info/process::ahk-processlist-error-send
objectives/exfiltration/stealer/process-list::ahk-process-inventory-http-exfil,objectives/exfiltration/stealer/process-list/ahk-pe.yaml,composite_rules,objectives/exfiltration/stealer/system-info/process,implemented,Process inventory/report is the specific required source; retain source-specific protocol components with their consumer pending helper review.,objectives/exfiltration/stealer/system-info/process::ahk-process-inventory-http-exfil
objectives/exfiltration/stealer/process-list::ahk-process-inventory-failure-beacon,objectives/exfiltration/stealer/process-list/ahk-pe.yaml,composite_rules,objectives/exfiltration/stealer/system-info/process,implemented,Process inventory/report is the specific required source; retain source-specific protocol components with their consumer pending helper review.,objectives/exfiltration/stealer/system-info/process::ahk-process-inventory-failure-beacon
objectives/exfiltration/stealer/process-list::aix-java-process-inventory-exfil,objectives/exfiltration/stealer/process-list/aix-java.yaml,composite_rules,objectives/exfiltration/stealer/system-info/process,implemented,Process inventory/report is the specific required source; retain source-specific protocol components with their consumer pending helper review.,objectives/exfiltration/stealer/system-info/process::aix-java-process-inventory-exfil
objectives/exfiltration/stealer/process-list::rust-process-json-payload,objectives/exfiltration/stealer/process-list/android-rust.yaml,traits,objectives/exfiltration/stealer/system-info/process,implemented,Process inventory/report is the specific required source; retain source-specific protocol components with their consumer pending helper review.,objectives/exfiltration/stealer/system-info/process::rust-process-json-payload
objectives/exfiltration/stealer/process-list::rust-android-process-inventory-exfil,objectives/exfiltration/stealer/process-list/android-rust.yaml,composite_rules,objectives/exfiltration/stealer/system-info/process,implemented,Process inventory/report is the specific required source; retain source-specific protocol components with their consumer pending helper review.,objectives/exfiltration/stealer/system-info/process::rust-android-process-inventory-exfil
objectives/exfiltration/stealer/process-list::dotnet-process-inventory-http-exfil,objectives/exfiltration/stealer/process-list/dotnet-openbsd-process-inventory.yaml,composite_rules,objectives/exfiltration/stealer/system-info/process,implemented,Process inventory/report is the specific required source; retain source-specific protocol components with their consumer pending helper review.,objectives/exfiltration/stealer/system-info/process::dotnet-process-inventory-http-exfil
objectives/exfiltration/stealer/process-list::sysinfo-exfil-socket,objectives/exfiltration/stealer/process-list/javascript-socket.yaml,composite_rules,objectives/exfiltration/stealer/system-info/process,implemented,Process inventory/report is the specific required source; retain source-specific protocol components with their consumer pending helper review.,objectives/exfiltration/stealer/system-info/process::sysinfo-exfil-socket
objectives/exfiltration/stealer/process-list::jvm-process-profile-exfil,objectives/exfiltration/stealer/process-list/jvm-profile-http.yaml,composite_rules,objectives/exfiltration/stealer/system-info/profile,implemented,"Required host-report, profiling, or inventory evidence spans or leaves open multiple host-information domains; no narrower source is required by every alternative.",objectives/exfiltration/stealer/system-info/profile::jvm-process-profile-exfil
objectives/exfiltration/stealer/process-list::native-proc-cmdline-enum,objectives/exfiltration/stealer/process-list/netscaler-native.yaml,composite_rules,objectives/discovery/process/enumerate,implemented,Process command-line collection with optional environment/beacon context; transmission is not required.,objectives/discovery/process/enumerate::native-proc-cmdline-enum
objectives/exfiltration/stealer/process-list::native-netscaler-system-http-exfil,objectives/exfiltration/stealer/process-list/netscaler-native.yaml,composite_rules,objectives/exfiltration/stealer/system-info/profile,implemented,Host report combines surveyed attributes or a required profile bundle; review referenced bundle membership before migration.,objectives/exfiltration/stealer/system-info/profile::native-netscaler-system-http-exfil
objectives/exfiltration/stealer/process-list::native-netscaler-proc-http-exfil,objectives/exfiltration/stealer/process-list/netscaler-native.yaml,composite_rules,objectives/exfiltration/stealer/system-info/process,implemented,Process inventory/report is the specific required source; retain source-specific protocol components with their consumer pending helper review.,objectives/exfiltration/stealer/system-info/process::native-netscaler-proc-http-exfil
objectives/exfiltration/stealer/process-list::c-panos-process-network-exfil,objectives/exfiltration/stealer/process-list/panos-c.yaml,composite_rules,objectives/collection/archive/stage,implemented,Process/network report is archived locally; a send operation is not required.,objectives/collection/archive/stage::c-panos-process-network-archive
objectives/exfiltration/stealer/process-list::perl-system-snapshot-http-exfil,objectives/exfiltration/stealer/process-list/perl.yaml,composite_rules,objectives/exfiltration/stealer/system-info/process,implemented,Process inventory/report is the specific required source; retain source-specific protocol components with their consumer pending helper review.,objectives/exfiltration/stealer/system-info/process::perl-system-snapshot-http-exfil
objectives/exfiltration/stealer/process-list::ps-process-monitor-http-exfil,objectives/exfiltration/stealer/process-list/powershell.yaml,composite_rules,objectives/exfiltration/stealer/system-info/process,implemented,Process inventory/report is the specific required source; retain source-specific protocol components with their consumer pending helper review.,objectives/exfiltration/stealer/system-info/process::ps-process-monitor-http-exfil
objectives/exfiltration/stealer/process-list::shell-macos-process-http-exfil,objectives/exfiltration/stealer/process-list/shell-macos.yaml,composite_rules,objectives/exfiltration/stealer/system-info/profile,implemented,"Either process or software inventory may satisfy the source alternatives; profile is the shared broader host-information claim, not multi-source theft. Description now says host inventory.",objectives/exfiltration/stealer/system-info/profile::shell-macos-process-http-exfil
objectives/exfiltration/stealer/process-list::swift-ps-file-enum,objectives/exfiltration/stealer/process-list/swift-host-command.yaml,composite_rules,objectives/discovery/process/enumerate,implemented,"Process launching, ps targeting, and file reads indicate process-information collection without requiring export; preserve severity separately from the source correction.",objectives/discovery/process/enumerate::swift-process-query-file-read
objectives/exfiltration/stealer/process-list::swift-inventory-http-exfil,objectives/exfiltration/stealer/process-list/swift-inventory-http.yaml,composite_rules,objectives/exfiltration/stealer/system-info/profile,implemented,"Required host-report, profiling, or inventory evidence spans or leaves open multiple host-information domains; no narrower source is required by every alternative.",objectives/exfiltration/stealer/system-info/profile::swift-inventory-http-exfil
objectives/exfiltration/stealer/process-list::targeted-app-recon-exfil,objectives/exfiltration/stealer/process-list/tasklist-browser-office-recon.yaml,composite_rules,objectives/exfiltration/stealer/system-info/process,implemented,Process inventory/report is the specific required source; retain source-specific protocol components with their consumer pending helper review.,objectives/exfiltration/stealer/system-info/process::targeted-app-recon-exfil
objectives/exfiltration/stealer/sweep::android-upload-transport,objectives/exfiltration/stealer/sweep/android-credential-store.yaml,composite_rules,objectives/exfiltration/stealer/credential,implemented,Upload capability or primitive alternatives; the credential consumer supplies source and intent. Inlined into its sole consumer with matching scopes; the redundant OR helper is retired.,objectives/exfiltration/stealer/credential::android-credential-upload-exfil
objectives/exfiltration/stealer/sweep::android-credential-http-exfil,objectives/exfiltration/stealer/sweep/android-credential-store.yaml,composite_rules,objectives/exfiltration/stealer/credential,implemented,Authentication material is the common target; alternatives or overlapping indicators do not require one narrower store or independent source classes.,objectives/exfiltration/stealer/credential::android-credential-http-exfil
objectives/exfiltration/stealer/sweep::android-credential-upload-exfil,objectives/exfiltration/stealer/sweep/android-credential-store.yaml,composite_rules,objectives/exfiltration/stealer/credential,implemented,Authentication material is the common target; alternatives or overlapping indicators do not require one narrower store or independent source classes.,objectives/exfiltration/stealer/credential::android-credential-upload-exfil
objectives/exfiltration/stealer/sweep::android-sensitive-location-file-collection,objectives/exfiltration/stealer/sweep/android-location-contacts-files.yaml,composite_rules,micro-behaviors/os/privilege/manifest,implemented,Permission combination supports access capabilities; it contains no capture or transfer implementation evidence.,micro-behaviors/os/privilege/manifest::android-sensitive-access-permissions
objectives/exfiltration/stealer/sweep::android-webview-location-file-spyware,objectives/exfiltration/stealer/sweep/android-location-contacts-files.yaml,composite_rules,,retired,"Retired from the stealer tier: permission declarations, remote WebView content, and Base64 do not establish sensitive-data reads or transfer. Individual capability findings remain available.",
objectives/exfiltration/stealer/sweep::applescript-grabber-zip-exfil,objectives/exfiltration/stealer/sweep/applescript-amos.yaml,composite_rules,objectives/exfiltration/stealer/file,implemented,Export targets files or a staged file bundle without a mandatory narrower information source.,objectives/exfiltration/stealer/file::applescript-grabber-zip-exfil
objectives/exfiltration/stealer/sweep::applescript-complete-infostealer,objectives/exfiltration/stealer/sweep/applescript-amos.yaml,composite_rules,objectives/exfiltration/stealer/file,implemented,"Staged file export; collection helper can select different file-source combinations, and phishing can merely unlock them.",objectives/exfiltration/stealer/file::applescript-complete-infostealer
objectives/exfiltration/stealer/sweep::macos-curl-tmp-upload-signal,objectives/exfiltration/stealer/sweep/applescript-macos-curl-tmp-upload.yaml,composite_rules,micro-behaviors/communications/http/upload,implemented,Upload capability or primitive alternatives; the credential consumer supplies source and intent.,micro-behaviors/communications/http/upload::macos-curl-tmp-upload-signal
objectives/exfiltration/stealer/sweep::macos-stealer-curl-tmp-form-upload,objectives/exfiltration/stealer/sweep/applescript-macos-curl-tmp-upload.yaml,composite_rules,objectives/exfiltration/stealer/multi-source,implemented,Required evidence identifies independent source datasets; host context and transport do not supply source votes.,objectives/exfiltration/stealer/multi-source::macos-stealer-curl-tmp-form-upload
objectives/exfiltration/stealer/sweep::browser-identity-network-profile-exfiltration,objectives/exfiltration/stealer/sweep/browser-network-profile.yaml,composite_rules,objectives/exfiltration/stealer/system-info/profile,implemented,"Required host-report, profiling, or inventory evidence spans or leaves open multiple host-information domains; no narrower source is required by every alternative.",objectives/exfiltration/stealer/system-info/profile::browser-identity-network-profile-exfiltration
objectives/exfiltration/stealer/sweep::c-unix-credential-http-exfil,objectives/exfiltration/stealer/sweep/c-unix-collect-post.yaml,composite_rules,objectives/exfiltration/stealer/multi-source,implemented,Required evidence identifies independent source datasets; host context and transport do not supply source votes.,objectives/exfiltration/stealer/multi-source::c-unix-credential-http-exfil
objectives/exfiltration/stealer/sweep::native-mcp-credential-snapshot-language,objectives/exfiltration/stealer/sweep/credential-snapshot-tunnel-native.yaml,traits,micro-behaviors/os/security/auth/secret,implemented,Credential/secret snapshot or capture wording supports a neutral secret-access capability; transfer context is supplied by consumers.,micro-behaviors/os/security/auth/secret::native-credential-snapshot-language
objectives/exfiltration/stealer/sweep::native-mcp-token-capture-language,objectives/exfiltration/stealer/sweep/credential-snapshot-tunnel-native.yaml,traits,micro-behaviors/os/security/auth/secret,implemented,Credential/secret snapshot or capture wording supports a neutral secret-access capability; transfer context is supplied by consumers.,micro-behaviors/os/security/auth/secret::native-token-capture-language
objectives/exfiltration/stealer/sweep::native-mcp-snapshot-upload-language,objectives/exfiltration/stealer/sweep/credential-snapshot-tunnel-native.yaml,traits,micro-behaviors/communications/transfer,implemented,"Moved protocol-neutral snapshot/export plus upload/send/post wording clues into transfer. Two directional atoms feed one notable composite, avoiding an overlong regex while preserving both word orders.",micro-behaviors/communications/transfer::native-snapshot-upload-language
objectives/exfiltration/stealer/sweep::native-mcp-credential-tunnel,objectives/exfiltration/stealer/sweep/credential-snapshot-tunnel-native.yaml,composite_rules,objectives/exfiltration/stealer/credential,implemented,"The credential composite requires the protocol-neutral transfer-language composite, a Cloudflare tunnel, and either a credential-snapshot or token-capture clue within 128 bytes; the original ID remains stable.",objectives/exfiltration/stealer/credential::native-credential-snapshot-tunnel
objectives/exfiltration/stealer/sweep::csharp-unix-credential-beacon,objectives/exfiltration/stealer/sweep/csharp-unix-creds-beacon.yaml,composite_rules,objectives/exfiltration/stealer/multi-source,implemented,Required evidence identifies independent source datasets; host context and transport do not supply source votes.,objectives/exfiltration/stealer/multi-source::csharp-unix-credential-beacon
objectives/exfiltration/stealer/sweep::go-stealer-exfil,objectives/exfiltration/stealer/sweep/go-archive.yaml,composite_rules,objectives/exfiltration/stealer/credential,implemented,"Sensitive archive allows SSH or cloud credential evidence, not independently required sources.",objectives/exfiltration/stealer/credential::go-credential-archive-exfil
objectives/exfiltration/stealer/sweep::macos-telegram-browser-wallet-stealer,objectives/exfiltration/stealer/sweep/go-macos-browser-wallet-telegram.yaml,composite_rules,objectives/exfiltration/stealer/multi-source,implemented,Required evidence identifies independent source datasets; host context and transport do not supply source votes.,objectives/exfiltration/stealer/multi-source::macos-telegram-browser-wallet-stealer
objectives/exfiltration/stealer/sweep::macos-group-container-telegram-stealer,objectives/exfiltration/stealer/sweep/go-macos-browser-wallet-telegram.yaml,composite_rules,objectives/exfiltration/stealer/file,implemented,Export targets files or a staged file bundle without a mandatory narrower information source.,objectives/exfiltration/stealer/file::macos-group-container-telegram-stealer
objectives/exfiltration/stealer/sweep::go-root-credential-path-list,objectives/exfiltration/stealer/sweep/go-unix-root-secrets.yaml,composite_rules,objectives/credential-access/theft/multi-store,implemented,Credential collection evidence without required export; the acquisition family owns the observation.,objectives/credential-access/theft/multi-store::go-root-credential-path-list
objectives/exfiltration/stealer/sweep::go-root-secret-tcp-exfil,objectives/exfiltration/stealer/sweep/go-unix-root-secrets.yaml,composite_rules,objectives/exfiltration/stealer/multi-source,implemented,Required evidence identifies independent source datasets; host context and transport do not supply source votes.,objectives/exfiltration/stealer/multi-source::go-root-secret-tcp-exfil
objectives/exfiltration/stealer/sweep::go-macos-credential-http-exfil,objectives/exfiltration/stealer/sweep/go-unix-root-secrets.yaml,composite_rules,objectives/exfiltration/stealer/credential,implemented,Authentication material is the common target; alternatives or overlapping indicators do not require one narrower store or independent source classes.,objectives/exfiltration/stealer/credential::go-macos-credential-http-exfil
objectives/exfiltration/stealer/sweep::go-root-credential-http-exfil,objectives/exfiltration/stealer/sweep/go-unix-root-secrets.yaml,composite_rules,objectives/exfiltration/stealer/multi-source,implemented,Required evidence identifies independent source datasets; host context and transport do not supply source votes.,objectives/exfiltration/stealer/multi-source::go-root-credential-http-exfil
objectives/exfiltration/stealer/sweep::go-macho-credential-http-exfil,objectives/exfiltration/stealer/sweep/go-unix-root-secrets.yaml,composite_rules,objectives/exfiltration/stealer/credential,implemented,Authentication material is the common target; alternatives or overlapping indicators do not require one narrower store or independent source classes.,objectives/exfiltration/stealer/credential::go-macho-credential-http-exfil
objectives/exfiltration/stealer/sweep::go-windows-credential-http-exfil,objectives/exfiltration/stealer/sweep/http-go-windows.yaml,composite_rules,objectives/exfiltration/http/collect,implemented,HTTP collection with alternatives spanning unrelated source families; no single common source or independent-source requirement.,objectives/exfiltration/http/collect::go-windows-mail-or-credential-http-exfil
objectives/exfiltration/stealer/sweep::go-windows-collect-credential-exfil,objectives/exfiltration/stealer/sweep/http-go-windows.yaml,composite_rules,objectives/exfiltration/stealer/multi-source,implemented,Required evidence identifies independent source datasets; host context and transport do not supply source votes.,objectives/exfiltration/stealer/multi-source::go-windows-collect-credential-exfil
objectives/exfiltration/stealer/sweep::kotlin-windows-credential-sweep,objectives/exfiltration/stealer/sweep/http-kotlin-windows.yaml,composite_rules,objectives/credential-access/theft/multi-store,implemented,Credential collection evidence without required export; the acquisition family owns the observation.,objectives/credential-access/theft/multi-store::kotlin-windows-credential-sweep
objectives/exfiltration/stealer/sweep::kotlin-windows-credential-http-exfil,objectives/exfiltration/stealer/sweep/http-kotlin-windows.yaml,composite_rules,objectives/exfiltration/stealer/credential,implemented,Authentication material is the common target; alternatives or overlapping indicators do not require one narrower store or independent source classes.,objectives/exfiltration/stealer/credential::kotlin-windows-credential-http-exfil
objectives/exfiltration/stealer/sweep::kotlin-windows-bytecode-credential-exfil,objectives/exfiltration/stealer/sweep/http-kotlin-windows.yaml,composite_rules,objectives/exfiltration/stealer/credential,implemented,Authentication material is the common target; alternatives or overlapping indicators do not require one narrower store or independent source classes.,objectives/exfiltration/stealer/credential::kotlin-windows-bytecode-credential-exfil
objectives/exfiltration/stealer/sweep::native-windows-browser-steam-http-exfil,objectives/exfiltration/stealer/sweep/http-native-windows-browser-steam.yaml,composite_rules,objectives/exfiltration/stealer/multi-source,implemented,Required evidence identifies independent source datasets; host context and transport do not supply source votes.,objectives/exfiltration/stealer/multi-source::native-windows-browser-steam-http-exfil
objectives/exfiltration/stealer/sweep::node-windows-credential-http-exfil,objectives/exfiltration/stealer/sweep/http-node-windows.yaml,composite_rules,objectives/exfiltration/stealer/credential,implemented,Authentication material is the common target; alternatives or overlapping indicators do not require one narrower store or independent source classes.,objectives/exfiltration/stealer/credential::node-windows-credential-http-exfil
objectives/exfiltration/stealer/sweep::ps-credential-collect-http-exfil,objectives/exfiltration/stealer/sweep/http-powershell-windows.yaml,composite_rules,objectives/exfiltration/stealer/credential,implemented,Authentication material is the common target; alternatives or overlapping indicators do not require one narrower store or independent source classes.,objectives/exfiltration/stealer/credential::ps-credential-collect-http-exfil
objectives/exfiltration/stealer/sweep::ps-credential-archive-http-exfil,objectives/exfiltration/stealer/sweep/http-powershell-windows.yaml,composite_rules,objectives/exfiltration/stealer/credential,implemented,Authentication material is the common target; alternatives or overlapping indicators do not require one narrower store or independent source classes.,objectives/exfiltration/stealer/credential::ps-credential-archive-http-exfil
objectives/exfiltration/stealer/sweep::ps-sweep-archive-http-exfil,objectives/exfiltration/stealer/sweep/http-powershell-windows.yaml,composite_rules,objectives/exfiltration/stealer/file,implemented,Export targets files or a staged file bundle without a mandatory narrower information source.,objectives/exfiltration/stealer/file::ps-sweep-archive-http-exfil
objectives/exfiltration/stealer/sweep::rust-collector-functions,objectives/exfiltration/stealer/sweep/http-rust-netbsd.yaml,traits,objectives/credential-access/theft/multi-store,implemented,Credential collection evidence without required export; the acquisition family owns the observation.,objectives/credential-access/theft/multi-store::rust-collector-functions
objectives/exfiltration/stealer/sweep::rust-netbsd-credential-upload,objectives/exfiltration/stealer/sweep/http-rust-netbsd.yaml,composite_rules,objectives/exfiltration/stealer/multi-source,implemented,Required evidence identifies independent source datasets; host context and transport do not supply source votes.,objectives/exfiltration/stealer/multi-source::rust-netbsd-credential-upload
objectives/exfiltration/stealer/sweep::rust-netbsd-credential-upload-elf,objectives/exfiltration/stealer/sweep/http-rust-netbsd.yaml,composite_rules,objectives/exfiltration/stealer/multi-source,implemented,Required evidence identifies independent source datasets; host context and transport do not supply source votes.,objectives/exfiltration/stealer/multi-source::rust-netbsd-credential-upload-elf
objectives/exfiltration/stealer/sweep::rust-windows-collect-credential-exfil,objectives/exfiltration/stealer/sweep/http-rust-windows-collect.yaml,composite_rules,objectives/exfiltration/stealer/credential,implemented,Authentication material is the common target; alternatives or overlapping indicators do not require one narrower store or independent source classes.,objectives/exfiltration/stealer/credential::rust-windows-collect-credential-exfil
objectives/exfiltration/stealer/sweep::shell-sensitive-config-http-exfil,objectives/exfiltration/stealer/sweep/http-shell-openbsd.yaml,composite_rules,objectives/exfiltration/http/collect,implemented,HTTP collection with alternatives spanning unrelated source families; no single common source or independent-source requirement.,objectives/exfiltration/http/collect::shell-sensitive-config-http-exfil
objectives/exfiltration/stealer/sweep::java-db-and-secret-harvest,objectives/exfiltration/stealer/sweep/java-unix-config-secrets.yaml,composite_rules,objectives/credential-access/theft/multi-store,implemented,Credential collection evidence without required export; the acquisition family owns the observation.,objectives/credential-access/theft/multi-store::java-db-and-secret-harvest
objectives/exfiltration/stealer/sweep::java-sensitive-file-harvest,objectives/exfiltration/stealer/sweep/java-unix-config-secrets.yaml,composite_rules,objectives/credential-access/theft/multi-store,implemented,Credential collection evidence without required export; the acquisition family owns the observation.,objectives/credential-access/theft/multi-store::java-sensitive-file-harvest
objectives/exfiltration/stealer/sweep::js-external-http-upload-target,objectives/exfiltration/stealer/sweep/javascript-targeted-sensitive-path-upload.yaml,composite_rules,micro-behaviors/communications/ip/endpoint,implemented,IP endpoint used with upload capability; alternatives include bare IP/port literals as well as HTTP URLs.,micro-behaviors/communications/ip/endpoint::js-external-http-upload-target
objectives/exfiltration/stealer/sweep::js-sensitive-target-file-marker,objectives/exfiltration/stealer/sweep/javascript-targeted-sensitive-path-upload.yaml,composite_rules,objectives/collection/file-targeting/identity-set,implemented,"Target selection evidence, not export; multiple indicators need not represent multiple source classes.",objectives/collection/file-targeting/identity-set::js-sensitive-target-file-marker
objectives/exfiltration/stealer/sweep::js-targeted-file-upload-exfil,objectives/exfiltration/stealer/sweep/javascript-targeted-sensitive-path-upload.yaml,composite_rules,objectives/exfiltration/stealer/file,implemented,Export targets files or a staged file bundle without a mandatory narrower information source.,objectives/exfiltration/stealer/file::js-targeted-file-upload-exfil
objectives/exfiltration/stealer/sweep::macos-credential-file-targeting,objectives/exfiltration/stealer/sweep/macho-key-files-csidentity.yaml,composite_rules,objectives/collection/file-targeting/filter,implemented,"Target selection evidence, not export; multiple indicators need not represent multiple source classes.",objectives/collection/file-targeting/filter::macos-credential-file-targeting
objectives/exfiltration/stealer/sweep::credential-stealer-macos,objectives/exfiltration/stealer/sweep/macho-key-files-csidentity.yaml,composite_rules,objectives/exfiltration/stealer/file,implemented,Export targets files or a staged file bundle without a mandatory narrower information source.,objectives/exfiltration/stealer/file::credential-stealer-macos
objectives/exfiltration/stealer/sweep::macos-sensitive-store-password-exfil,objectives/exfiltration/stealer/sweep/macos-notes-safari-cookies-password-phish.yaml,composite_rules,objectives/exfiltration/stealer/multi-source,implemented,Required evidence identifies independent source datasets; host context and transport do not supply source votes.,objectives/exfiltration/stealer/multi-source::macos-sensitive-store-password-exfil
objectives/exfiltration/stealer/sweep::windows-domain-recon-http-exfil,objectives/exfiltration/stealer/sweep/mixed-source-profile.yaml,composite_rules,objectives/exfiltration/stealer/system-info/network,implemented,Domain-controller and interface configuration report describes network reconnaissance; both sources are within the network inventory domain.,objectives/exfiltration/stealer/system-info/network::windows-domain-recon-http-exfil
objectives/exfiltration/stealer/sweep::python-profiler,objectives/exfiltration/stealer/sweep/mixed-source-profile.yaml,composite_rules,objectives/exfiltration/stealer/multi-source,implemented,Required evidence identifies independent source datasets; host context and transport do not supply source votes.,objectives/exfiltration/stealer/multi-source::python-profiler
objectives/exfiltration/stealer/sweep::native-linux-credential-http-exfil,objectives/exfiltration/stealer/sweep/native-linux-credential-files.yaml,composite_rules,objectives/exfiltration/stealer/multi-source,implemented,Required evidence identifies independent source datasets; host context and transport do not supply source votes.,objectives/exfiltration/stealer/multi-source::native-linux-credential-http-exfil
objectives/exfiltration/stealer/sweep::screencapture-with-creds,objectives/exfiltration/stealer/sweep/native-sensitive-file-targeting.yaml,composite_rules,objectives/collection/screenshot,implemented,Screenshot capture with credential context but no required export. Collapse redundant capture child after screen-stream export leaves this branch.,objectives/collection/screenshot::screencapture-with-creds
objectives/exfiltration/stealer/sweep::cis-exclusion-stealer,objectives/exfiltration/stealer/sweep/native-sensitive-file-targeting.yaml,composite_rules,objectives/anti-analysis/geofencing/region/cluster,implemented,Required locale exclusion is the defining behavior; optional credential or identity context does not establish export.,objectives/anti-analysis/geofencing/region/cluster::cis-sensitive-target-exclusion
objectives/exfiltration/stealer/sweep::binary-exfil-to-ip,objectives/exfiltration/stealer/sweep/native-sensitive-file-targeting.yaml,composite_rules,,retired,"Retired from the stealer tier: raw-IP URL, custom libcurl headers, and optional broad context do not establish upload direction or a required data source. Direct-IP channel and libcurl capability findings remain available.",
objectives/exfiltration/stealer/sweep::networked-wallet-and-credential-file-stealer,objectives/exfiltration/stealer/sweep/native-sensitive-file-targeting.yaml,composite_rules,objectives/exfiltration/stealer/wallet,implemented,Wallet targeting is mandatory; generic credential-file extensions do not establish another independent source.,objectives/exfiltration/stealer/wallet::networked-wallet-and-credential-file-stealer
objectives/exfiltration/stealer/sweep::python-multi-app-credential-upload,objectives/exfiltration/stealer/sweep/native-sensitive-file-targeting.yaml,composite_rules,objectives/exfiltration/stealer/multi-source,implemented,Required evidence identifies independent source datasets; host context and transport do not supply source votes.,objectives/exfiltration/stealer/multi-source::python-multi-app-credential-upload
objectives/exfiltration/stealer/sweep::node-sensitive-find-http-exfil,objectives/exfiltration/stealer/sweep/node-unix-multi-source.yaml,composite_rules,objectives/exfiltration/stealer/file,implemented,Export targets files or a staged file bundle without a mandatory narrower information source.,objectives/exfiltration/stealer/file::node-sensitive-find-http-exfil
objectives/exfiltration/stealer/sweep::node-multi-source-secret-http-exfil,objectives/exfiltration/stealer/sweep/node-unix-multi-source.yaml,composite_rules,objectives/exfiltration/http/collect,implemented,"HTTP collector with developer/environment clues; two indicators can concern one source or non-secret development metadata, so multi-source secret export overstates the matcher.",objectives/exfiltration/http/collect::node-development-data-http-collector
objectives/exfiltration/stealer/sweep::node-unix-secret-http-exfil,objectives/exfiltration/stealer/sweep/node-unix-secret-sweep.yaml,composite_rules,objectives/exfiltration/stealer/credential,implemented,Authentication material is the common target; alternatives or overlapping indicators do not require one narrower store or independent source classes. Separately repaired the role threshold: source evidence AND either endpoint are now required; endpoint-only and source-only counterexamples are covered.,objectives/exfiltration/stealer/credential::node-unix-secret-http-exfil
objectives/exfiltration/stealer/sweep::objc-bsd-credential-http-exfil,objectives/exfiltration/stealer/sweep/objc-bsd-http.yaml,composite_rules,objectives/exfiltration/stealer/multi-source,implemented,Required evidence identifies independent source datasets; host context and transport do not supply source votes.,objectives/exfiltration/stealer/multi-source::objc-bsd-credential-http-exfil
objectives/exfiltration/stealer/sweep::php-unix-secret-curl-exfil,objectives/exfiltration/stealer/sweep/php-unix-secret-post.yaml,composite_rules,objectives/exfiltration/stealer/multi-source,implemented,Required evidence identifies independent source datasets; host context and transport do not supply source votes.,objectives/exfiltration/stealer/multi-source::php-unix-secret-curl-exfil
objectives/exfiltration/stealer/sweep::php-unix-secret-raw-http-exfil,objectives/exfiltration/stealer/sweep/php-unix-secret-post.yaml,composite_rules,objectives/exfiltration/stealer/credential,implemented,Authentication material is the common target; alternatives or overlapping indicators do not require one narrower store or independent source classes.,objectives/exfiltration/stealer/credential::php-unix-secret-raw-http-exfil
objectives/exfiltration/stealer/sweep::infostealer,objectives/exfiltration/stealer/sweep/python-infostealer.yaml,composite_rules,objectives/exfiltration/http/collect,implemented,"Profiled HTTP collection with sensitive-source indicators. Overlapping acquisition/export conditions count observations, not independent data classes; HTTP collect owns the aggregate.",objectives/exfiltration/http/collect::python-profiled-http-collector
objectives/exfiltration/stealer/sweep::python-json-request-call,objectives/exfiltration/stealer/sweep/python-unix-env-ssh.yaml,composite_rules,micro-behaviors/communications/http/request/json,implemented,"urllib request plus JSON header is a neutral request capability, not secret export.",micro-behaviors/communications/http/request/json::python-json-request-call
objectives/exfiltration/stealer/sweep::python-unix-secret-http-exfil,objectives/exfiltration/stealer/sweep/python-unix-env-ssh.yaml,composite_rules,objectives/exfiltration/stealer/credential,implemented,Authentication material is the common target; alternatives or overlapping indicators do not require one narrower store or independent source classes.,objectives/exfiltration/stealer/credential::python-unix-secret-http-exfil
objectives/exfiltration/stealer/sweep::ruby-system-sensitive-payload,objectives/exfiltration/stealer/sweep/ruby-tcp.yaml,traits,objectives/credential-access/theft/multi-store,implemented,Credential collection evidence without required export; the acquisition family owns the observation.,objectives/credential-access/theft/multi-store::ruby-host-and-secret-targets
objectives/exfiltration/stealer/sweep::ruby-system-info-tcp-exfil,objectives/exfiltration/stealer/sweep/ruby-tcp.yaml,composite_rules,objectives/exfiltration/stealer/multi-source,implemented,Required evidence identifies independent source datasets; host context and transport do not supply source votes.,objectives/exfiltration/stealer/multi-source::ruby-account-ssh-tcp-exfil
objectives/exfiltration/stealer/sweep::rust-sensitive-tcp-exfil,objectives/exfiltration/stealer/sweep/rust-aix-tcp.yaml,composite_rules,objectives/exfiltration/stealer/file,implemented,Export targets files or a staged file bundle without a mandatory narrower information source.,objectives/exfiltration/stealer/file::rust-sensitive-tcp-exfil
objectives/exfiltration/stealer/sweep::shell-macos-cloud-info-exfil,objectives/exfiltration/stealer/sweep/shell-macos.yaml,composite_rules,objectives/exfiltration/stealer/credential,implemented,Authentication material is the common target; alternatives or overlapping indicators do not require one narrower store or independent source classes.,objectives/exfiltration/stealer/credential::shell-macos-cloud-info-exfil
objectives/exfiltration/stealer/sweep::shell-package-token-bundle,objectives/exfiltration/stealer/sweep/shell-unix-local-secrets.yaml,composite_rules,objectives/credential-access/theft/file,implemented,Copies or archives credential files locally; no transfer condition.,objectives/credential-access/theft/file::shell-package-token-bundle
objectives/exfiltration/stealer/sweep::shell-local-secret-collector,objectives/exfiltration/stealer/sweep/shell-unix-local-secrets.yaml,composite_rules,objectives/credential-access/theft/multi-store,implemented,Credential collection evidence without required export; the acquisition family owns the observation.,objectives/credential-access/theft/multi-store::shell-local-secret-collector
objectives/exfiltration/stealer/sweep::shell-credential-bundle-collector,objectives/exfiltration/stealer/sweep/shell-unix-local-secrets.yaml,composite_rules,objectives/credential-access/theft/multi-store,implemented,Credential collection evidence without required export; the acquisition family owns the observation.,objectives/credential-access/theft/multi-store::shell-credential-bundle-collector
objectives/exfiltration/stealer/sweep::automated-webapp-secret-harvester,objectives/exfiltration/stealer/sweep/shell-webapp-harvester.yaml,composite_rules,objectives/credential-access/theft/multi-store,implemented,Credential collection evidence without required export; the acquisition family owns the observation.,objectives/credential-access/theft/multi-store::automated-webapp-secret-harvester
objectives/exfiltration/stealer/sweep::cloud-kube-webapp-secret-sweep,objectives/exfiltration/stealer/sweep/shell-webapp-harvester.yaml,composite_rules,objectives/credential-access/theft/multi-store,implemented,Credential collection evidence without required export; the acquisition family owns the observation.,objectives/credential-access/theft/multi-store::cloud-kube-webapp-secret-sweep
objectives/exfiltration/stealer/sweep::nexus-phase-callback-url,objectives/exfiltration/stealer/sweep/shell-webapp-harvester.yaml,composite_rules,objectives/exfiltration/http/query,implemented,Collection-protocol query fields; aggregate with their existing query-field atoms rather than asserting acquired datasets.,objectives/exfiltration/http/query::nexus-phase-callback-url
objectives/exfiltration/stealer/sweep::harvest-phase-names,objectives/exfiltration/stealer/sweep/shell-webapp-harvester.yaml,composite_rules,objectives/exfiltration/http/query,implemented,Collection-protocol query fields; aggregate with their existing query-field atoms rather than asserting acquired datasets.,objectives/exfiltration/http/query::harvest-phase-names
objectives/exfiltration/stealer/sweep::shell-history-harvest-files,objectives/exfiltration/stealer/sweep/shell-webapp-harvester.yaml,composite_rules,micro-behaviors/fs/path/personal,implemented,History path-pair references do not themselves establish theft.,micro-behaviors/fs/path/personal::shell-history-harvest-files
objectives/exfiltration/stealer/sweep::package-auth-file-harvest,objectives/exfiltration/stealer/sweep/shell-webapp-harvester.yaml,composite_rules,micro-behaviors/fs/path/secret-config,implemented,Credential configuration path-pair references do not themselves establish theft.,micro-behaviors/fs/path/secret-config::package-auth-file-harvest
objectives/exfiltration/stealer/sweep::multi-store-staged-collection-protocol,objectives/exfiltration/stealer/sweep/staged-stage-query-protocol.yaml,composite_rules,objectives/exfiltration/stealer/multi-source,implemented,Required evidence identifies independent source datasets; host context and transport do not supply source votes.,objectives/exfiltration/stealer/multi-source::multi-store-staged-collection-protocol
objectives/exfiltration/stealer/sweep::swift-shadow-collect-upload,objectives/exfiltration/stealer/sweep/swift-shadow-ssh-history.yaml,composite_rules,objectives/exfiltration/stealer/multi-source,implemented,Required evidence identifies independent source datasets; host context and transport do not supply source votes.,objectives/exfiltration/stealer/multi-source::swift-shadow-collect-upload
objectives/exfiltration/stealer/sweep::swift-bsd-credential-http-exfil,objectives/exfiltration/stealer/sweep/swift-unix-bsd-credentials.yaml,composite_rules,objectives/exfiltration/stealer/multi-source,implemented,Required evidence identifies independent source datasets; host context and transport do not supply source votes.,objectives/exfiltration/stealer/multi-source::swift-bsd-credential-http-exfil
objectives/exfiltration/stealer/sweep::swift-bsd-credential-urlrequest-exfil,objectives/exfiltration/stealer/sweep/swift-unix-bsd-credentials.yaml,composite_rules,objectives/exfiltration/stealer/multi-source,implemented,Required evidence identifies independent source datasets; host context and transport do not supply source votes.,objectives/exfiltration/stealer/multi-source::swift-bsd-credential-urlrequest-exfil
objectives/exfiltration/stealer/sweep::multi-store-credential-upload,objectives/exfiltration/stealer/sweep/windows-pe-filezilla-firefox-upload.yaml,composite_rules,objectives/exfiltration/stealer/multi-source,implemented,Required evidence identifies independent source datasets; host context and transport do not supply source votes.,objectives/exfiltration/stealer/multi-source::multi-store-credential-upload
objectives/exfiltration/stealer/sweep::recon-telegram-exfil,objectives/exfiltration/stealer/sweep/windows-pe-telegram-recon.yaml,composite_rules,objectives/exfiltration/stealer/system-info/profile,implemented,"Required host-report, profiling, or inventory evidence spans or leaves open multiple host-information domains; no narrower source is required by every alternative.",objectives/exfiltration/stealer/system-info/profile::recon-telegram-exfil
objectives/exfiltration/stealer/sweep::windows-recon-http-exfil,objectives/exfiltration/stealer/sweep/windows-recon-export.yaml,composite_rules,objectives/exfiltration/stealer/system-info/profile,implemented,"Required host-report, profiling, or inventory evidence spans or leaves open multiple host-information domains; no narrower source is required by every alternative.",objectives/exfiltration/stealer/system-info/profile::windows-recon-http-exfil
objectives/exfiltration/stealer/sweep::windows-recon-paste-exfil,objectives/exfiltration/stealer/sweep/windows-recon-export.yaml,composite_rules,objectives/exfiltration/stealer/system-info/profile,implemented,"Required host-report, profiling, or inventory evidence spans or leaves open multiple host-information domains; no narrower source is required by every alternative.",objectives/exfiltration/stealer/system-info/profile::windows-recon-paste-exfil
objectives/exfiltration/stealer/phish::kotlin-login-credential-exfil,objectives/exfiltration/stealer/phish/android-login-kotlin.yaml,composite_rules,objectives/exfiltration/stealer/input,implemented,Required captured credentials/input plus sending or download-serving; acquisition method does not select the source directory.,objectives/exfiltration/stealer/input::kotlin-login-credential-exfil
objectives/exfiltration/stealer/phish::python-discord-credential-exfiltration,objectives/exfiltration/stealer/phish/discord-prompt-python.yaml,composite_rules,objectives/exfiltration/stealer/input,implemented,Required captured credentials/input plus sending or download-serving; acquisition method does not select the source directory.,objectives/exfiltration/stealer/input::python-discord-credential-exfiltration
objectives/exfiltration/stealer/phish::js-emailjs-credential-exfil,objectives/exfiltration/stealer/phish/emailjs-javascript.yaml,composite_rules,objectives/exfiltration/stealer/input,implemented,Required captured credentials/input plus sending or download-serving; acquisition method does not select the source directory.,objectives/exfiltration/stealer/input::js-emailjs-credential-exfil
objectives/exfiltration/stealer/phish::python-intercepted-auth-credential-forwarding,objectives/exfiltration/stealer/phish/http-python-auth-relay.yaml,composite_rules,objectives/exfiltration/stealer/input,implemented,Required captured credentials/input plus sending or download-serving; acquisition method does not select the source directory.,objectives/exfiltration/stealer/input::python-intercepted-auth-credential-forwarding
objectives/exfiltration/stealer/phish::php-submitted-password-file-dump,objectives/exfiltration/stealer/phish/php-kit.yaml,composite_rules,objectives/credential-access/capture/input,implemented,Required captured credentials/input plus sending or download-serving; acquisition method does not select the source directory.,objectives/credential-access/capture/input::php-submitted-password-file-dump
objectives/exfiltration/stealer/phish::php-mail-credential-phish,objectives/exfiltration/stealer/phish/php-kit.yaml,composite_rules,objectives/exfiltration/stealer/input,implemented,Required captured credentials/input plus sending or download-serving; acquisition method does not select the source directory.,objectives/exfiltration/stealer/input::php-mail-credential-phish
objectives/exfiltration/stealer/phish::php-redirecting-credential-phish,objectives/exfiltration/stealer/phish/php-kit.yaml,composite_rules,objectives/credential-access/capture/input,implemented,Required captured credentials/input plus sending or download-serving; acquisition method does not select the source directory.,objectives/credential-access/capture/input::php-redirecting-credential-phish
objectives/exfiltration/stealer/phish::php-archives-target-credentials,objectives/exfiltration/stealer/phish/php-kit.yaml,composite_rules,objectives/collection/archive/stage,implemented,Creates an archive of captured passwords without requiring export; staging is the defining operation.,objectives/collection/archive/stage::php-archives-target-credentials
objectives/exfiltration/stealer/phish::php-credential-dump-remote-unserialize,objectives/exfiltration/stealer/phish/php-kit.yaml,composite_rules,objectives/credential-access/capture/input,implemented,Required captured credentials/input plus sending or download-serving; acquisition method does not select the source directory.,objectives/credential-access/capture/input::php-credential-dump-remote-unserialize
objectives/exfiltration/stealer/phish::php-credentials-zipped-for-download,objectives/exfiltration/stealer/phish/php-kit.yaml,composite_rules,objectives/exfiltration/stealer/input,implemented,Required captured credentials/input plus sending or download-serving; acquisition method does not select the source directory.,objectives/exfiltration/stealer/input::php-credentials-zipped-for-download
objectives/exfiltration/stealer/phish::php-card-mail-phish,objectives/exfiltration/stealer/phish/php-kit.yaml,composite_rules,objectives/exfiltration/stealer/input,implemented,Required captured credentials/input plus sending or download-serving; acquisition method does not select the source directory.,objectives/exfiltration/stealer/input::php-card-mail-phish
objectives/exfiltration/stealer/phish::php-card-filedump-phish,objectives/exfiltration/stealer/phish/php-kit.yaml,composite_rules,objectives/credential-access/financial/credit-card/form-capture,implemented,"Captured password/card data, credential dump, or phishing redirect without a required export; retain credential-acquisition evidence.",objectives/credential-access/financial/credit-card/form-capture::php-card-filedump-phish
objectives/exfiltration/stealer/surveillance::go-input-surveillance-http-exfil,objectives/exfiltration/stealer/surveillance/go-input-http.yaml,composite_rules,objectives/exfiltration/stealer/input,implemented,"Global input-state capture plus HTTP export; host identity and anti-debugging are context, not the exported source.",objectives/exfiltration/stealer/input::go-input-surveillance-http-exfil
objectives/exfiltration/stealer/surveillance::go-anti-debug-input-profile-agent,objectives/exfiltration/stealer/surveillance/go-input-http.yaml,composite_rules,objectives/exfiltration/stealer/input,implemented,"Global input-state capture plus HTTP export; host identity and anti-debugging are context, not the exported source.",objectives/exfiltration/stealer/input::go-anti-debug-input-profile-agent
micro-behaviors/communications/http/user-agent::go-client-hint-header-assignment,micro-behaviors/communications/http/user-agent/go.yaml,traits,micro-behaviors/communications/http/fingerprint,implemented,"Client hints, fetch metadata, and their combined browser header profile go beyond User-Agent.",micro-behaviors/communications/http/fingerprint::go-client-hint-header-assignment
micro-behaviors/communications/http/user-agent::go-fetch-metadata-header-set,micro-behaviors/communications/http/user-agent/go.yaml,traits,micro-behaviors/communications/http/fingerprint,implemented,"Client hints, fetch metadata, and their combined browser header profile go beyond User-Agent.",micro-behaviors/communications/http/fingerprint::go-fetch-metadata-header-set
micro-behaviors/communications/http/user-agent::go-browser-header-profile,micro-behaviors/communications/http/user-agent/go.yaml,composite_rules,micro-behaviors/communications/http/fingerprint,implemented,"Client hints, fetch metadata, and their combined browser header profile go beyond User-Agent.",micro-behaviors/communications/http/fingerprint::go-browser-header-profile
micro-behaviors/communications/http/user-agent::curl-cffi-chrome-impersonation,micro-behaviors/communications/http/user-agent/python.yaml,traits,micro-behaviors/communications/http/tls,implemented,"Browser client impersonation/profile selection governs TLS/HTTP transport fingerprint, not just the User-Agent header.",micro-behaviors/communications/http/tls::curl-cffi-chrome-impersonation
micro-behaviors/communications/http/user-agent::curl-cffi-chrome-profile-reference,micro-behaviors/communications/http/user-agent/python.yaml,traits,micro-behaviors/communications/http/tls,implemented,"Browser client impersonation/profile selection governs TLS/HTTP transport fingerprint, not just the User-Agent header.",micro-behaviors/communications/http/tls::curl-cffi-chrome-profile-reference
micro-behaviors/communications/http/user-agent::curl-cffi-safari-profile-reference,micro-behaviors/communications/http/user-agent/python.yaml,traits,micro-behaviors/communications/http/tls,implemented,"Browser client impersonation/profile selection governs TLS/HTTP transport fingerprint, not just the User-Agent header.",micro-behaviors/communications/http/tls::curl-cffi-safari-profile-reference
micro-behaviors/communications/http/user-agent::curl-cffi-firefox-profile-reference,micro-behaviors/communications/http/user-agent/python.yaml,traits,micro-behaviors/communications/http/tls,implemented,"Browser client impersonation/profile selection governs TLS/HTTP transport fingerprint, not just the User-Agent header.",micro-behaviors/communications/http/tls::curl-cffi-firefox-profile-reference
micro-behaviors/communications/http/user-agent::curl-cffi-edge-profile-reference,micro-behaviors/communications/http/user-agent/python.yaml,traits,micro-behaviors/communications/http/tls,implemented,"Browser client impersonation/profile selection governs TLS/HTTP transport fingerprint, not just the User-Agent header.",micro-behaviors/communications/http/tls::curl-cffi-edge-profile-reference
micro-behaviors/communications/http/user-agent::python-tls-fingerprint-impersonation-target,micro-behaviors/communications/http/user-agent/python.yaml,traits,micro-behaviors/communications/http/tls,implemented,"Browser client impersonation/profile selection governs TLS/HTTP transport fingerprint, not just the User-Agent header.",micro-behaviors/communications/http/tls::python-tls-fingerprint-impersonation-target
micro-behaviors/communications/http/user-agent::curl-cffi-browser-profile-rotation,micro-behaviors/communications/http/user-agent/python.yaml,composite_rules,micro-behaviors/communications/http/tls,implemented,"Browser client impersonation/profile selection governs TLS/HTTP transport fingerprint, not just the User-Agent header.",micro-behaviors/communications/http/tls::curl-cffi-browser-profile-rotation
micro-behaviors/communications/http/user-agent::boto3-explicit-credentials-code,micro-behaviors/communications/http/user-agent/cloudtrail.yaml,traits,micro-behaviors/os/security/auth/cloud,implemented,"Credential-provider mode or assumed-role session is authentication context, not a User-Agent value.",micro-behaviors/os/security/auth/cloud::boto3-explicit-credentials-code
micro-behaviors/communications/http/user-agent::cloudtrail-assumed-role-session,micro-behaviors/communications/http/user-agent/cloudtrail.yaml,traits,micro-behaviors/os/security/auth/cloud,implemented,"Credential-provider mode or assumed-role session is authentication context, not a User-Agent value.",micro-behaviors/os/security/auth/cloud::cloudtrail-assumed-role-session
micro-behaviors/communications/http/fingerprint::msapphost-user-agent,micro-behaviors/communications/http/fingerprint/headers.yaml,traits,micro-behaviors/communications/http/user-agent,implemented,The matcher recognizes only User-Agent values or a pool of those values; no multi-header fingerprint is required.,micro-behaviors/communications/http/user-agent::msapphost-user-agent
micro-behaviors/communications/http/fingerprint::browser-user-agent-string,micro-behaviors/communications/http/fingerprint/headers.yaml,traits,micro-behaviors/communications/http/user-agent,implemented,The matcher recognizes only User-Agent values or a pool of those values; no multi-header fingerprint is required.,micro-behaviors/communications/http/user-agent::browser-user-agent-string
micro-behaviors/communications/http/fingerprint::chrome-user-agent-literal,micro-behaviors/communications/http/fingerprint/headers.yaml,traits,micro-behaviors/communications/http/user-agent,implemented,The matcher recognizes only User-Agent values or a pool of those values; no multi-header fingerprint is required.,micro-behaviors/communications/http/user-agent::chrome-user-agent-literal
micro-behaviors/communications/http/fingerprint::native-browser-user-agent-pool,micro-behaviors/communications/http/fingerprint/headers.yaml,traits,micro-behaviors/communications/http/user-agent,implemented,The matcher recognizes only User-Agent values or a pool of those values; no multi-header fingerprint is required.,micro-behaviors/communications/http/user-agent::native-browser-user-agent-pool
objectives/discovery/system/profile::routeros-api-system-profile-query,objectives/discovery/system/profile/routeros-api.yaml,traits,micro-behaviors/os/sysinfo/profile,implemented,"A system-profile API query whose target alternatives span host identity, hardware, health, or software; neutral capability rather than reconnaissance intent.",micro-behaviors/os/sysinfo/profile::routeros-api-system-profile-query
objectives/discovery/system/profile::routeros-api-host-profile-call,objectives/discovery/system/profile/routeros-api.yaml,traits,micro-behaviors/os/sysinfo/profile,implemented,"A system-profile API query whose target alternatives span host identity, hardware, health, or software; neutral capability rather than reconnaissance intent.",micro-behaviors/os/sysinfo/profile::routeros-api-host-profile-call
objectives/discovery/system/profile::routeros-js-system-profile-query,objectives/discovery/system/profile/routeros-js.yaml,traits,micro-behaviors/os/sysinfo/profile,implemented,"A system-profile API query whose target alternatives span host identity, hardware, health, or software; neutral capability rather than reconnaissance intent.",micro-behaviors/os/sysinfo/profile::routeros-js-system-profile-query
objectives/discovery/system/profile::routeros-js-system-config-query,objectives/discovery/system/profile/routeros-js.yaml,traits,micro-behaviors/os/sysinfo/config,implemented,"Queries configured system facilities or administrative tools, without requiring export or reconnaissance intent.",micro-behaviors/os/sysinfo/config::routeros-js-system-config-query
objectives/discovery/system/profile::routeros-js-tool-config-query,objectives/discovery/system/profile/routeros-js.yaml,traits,micro-behaviors/os/sysinfo/config,implemented,"Queries configured system facilities or administrative tools, without requiring export or reconnaissance intent.",micro-behaviors/os/sysinfo/config::routeros-js-tool-config-query
objectives/discovery/system/profile::routeros-api-network-profile-query,objectives/discovery/system/profile/routeros-api.yaml,traits,micro-behaviors/os/network/status,implemented,Queries local network addresses/routes/neighbors/resolver state; alternatives share network-configuration status.,micro-behaviors/os/network/status::routeros-api-network-profile-query
objectives/discovery/system/profile::routeros-js-ip-config-query,objectives/discovery/system/profile/routeros-js.yaml,traits,micro-behaviors/os/network/status,implemented,Queries local network addresses/routes/neighbors/resolver state; alternatives share network-configuration status.,micro-behaviors/os/network/status::routeros-js-ip-config-query
objectives/discovery/system/profile::routeros-api-interface-query,objectives/discovery/system/profile/routeros-api.yaml,traits,micro-behaviors/network/interface,implemented,Interface configuration query is a neutral interface capability.,micro-behaviors/network/interface::routeros-api-interface-query
objectives/discovery/system/profile::routeros-js-interface-query,objectives/discovery/system/profile/routeros-js.yaml,traits,micro-behaviors/network/interface,implemented,Interface configuration query is a neutral interface capability.,micro-behaviors/network/interface::routeros-js-interface-query
objectives/discovery/system/profile::routeros-api-firewall-query,objectives/discovery/system/profile/routeros-api.yaml,traits,micro-behaviors/os/firewall/query,implemented,Reads firewall rule/connection configuration; distinguish from probing whether firewall tooling is installed.,micro-behaviors/os/firewall/query::routeros-api-firewall-query
objectives/discovery/system/profile::routeros-js-firewall-query,objectives/discovery/system/profile/routeros-js.yaml,traits,micro-behaviors/os/firewall/query,implemented,Reads firewall rule/connection configuration; distinguish from probing whether firewall tooling is installed.,micro-behaviors/os/firewall/query::routeros-js-firewall-query
objectives/discovery/system/profile::routeros-js-routing-query,objectives/discovery/system/profile/routeros-js.yaml,traits,micro-behaviors/os/network/route,implemented,Queries routing configuration and protocol/table state.,micro-behaviors/os/network/route::routeros-js-routing-query
objectives/discovery/system/profile::routeros-js-wireless-query,objectives/discovery/system/profile/routeros-js.yaml,traits,micro-behaviors/hardware/wireless/network,implemented,Queries wireless network/controller configuration.,micro-behaviors/hardware/wireless/network::routeros-js-wireless-query
objectives/discovery/system/profile::routeros-js-network-config-query-set,objectives/discovery/system/profile/routeros-js.yaml,composite_rules,objectives/discovery/network/enumeration,implemented,Requires several network-configuration query categories; network survey rather than arbitrary system profiling.,objectives/discovery/network/enumeration::routeros-js-network-config-query-set
micro-behaviors/os/sysinfo/config::routeros-firewall-inventory,micro-behaviors/os/sysinfo/config/routeros.yaml,traits,micro-behaviors/os/firewall/query,implemented,"Firewall inventory is the queried resource, not generic host configuration.",micro-behaviors/os/firewall/query::routeros-firewall-inventory
micro-behaviors/data/serialize/schema-object::json-pointer-token-escape,micro-behaviors/data/serialize/schema-object/fields.yaml,traits,micro-behaviors/data/encode/json-pointer,implemented,"Escapes JSON Pointer path tokens (~ and /); this is an encoding operation, not an object-field schema.",micro-behaviors/data/encode/json-pointer::json-pointer-token-escape
micro-behaviors/communications/http/upload::curl-upload-filename-header,micro-behaviors/communications/http/upload/binary-post.yaml,traits,micro-behaviors/communications/http/header/custom,implemented,Custom header identity or setting; no upload operation required.,micro-behaviors/communications/http/header/custom::curl-filename-header-option
micro-behaviors/communications/http/upload::pe-filename-upload-header,micro-behaviors/communications/http/upload/binary-post.yaml,traits,micro-behaviors/communications/http/header/custom,implemented,Custom header identity or setting; no upload operation required.,micro-behaviors/communications/http/header/custom::pe-filename-header
micro-behaviors/communications/http/upload::pe-browser-type-upload-header,micro-behaviors/communications/http/upload/binary-post.yaml,traits,micro-behaviors/communications/http/header/custom,implemented,Custom header identity or setting; no upload operation required.,micro-behaviors/communications/http/header/custom::pe-browser-type-header
micro-behaviors/communications/http/upload::pe-profile-name-upload-header,micro-behaviors/communications/http/upload/binary-post.yaml,traits,micro-behaviors/communications/http/header/custom,implemented,Custom header identity or setting; no upload operation required.,micro-behaviors/communications/http/header/custom::pe-profile-name-header
micro-behaviors/communications/http/upload::pe-octet-stream-content-type,micro-behaviors/communications/http/upload/binary-post.yaml,traits,micro-behaviors/communications/http/header/content-type,implemented,"Media-type header, not an upload. Identical octet-stream bodies retain different effective scopes and confidence.",micro-behaviors/communications/http/header/content-type::pe-octet-stream-content-type
micro-behaviors/communications/http/upload::pe-jpeg-content-type,micro-behaviors/communications/http/upload/binary-post.yaml,traits,micro-behaviors/communications/http/header/content-type,implemented,"Media-type header, not an upload. Identical octet-stream bodies retain different effective scopes and confidence.",micro-behaviors/communications/http/header/content-type::pe-jpeg-content-type
micro-behaviors/communications/http/upload::octet-stream-upload-header,micro-behaviors/communications/http/upload/generic.yaml,traits,micro-behaviors/communications/http/header/content-type,implemented,"Media-type header, not an upload. Identical octet-stream bodies retain different effective scopes and confidence.",micro-behaviors/communications/http/header/content-type::octet-stream-content-type
micro-behaviors/communications/http/upload::jvm-okhttp-multipart-builder-class-ref,micro-behaviors/communications/http/upload/java.yaml,traits,micro-behaviors/communications/http/form,implemented,"Form/multipart construction, fields, attachments, or form submission; file transmission is not required by every matcher.",micro-behaviors/communications/http/form::jvm-okhttp-multipart-builder-class-ref
micro-behaviors/communications/http/upload::form-data-append,micro-behaviors/communications/http/upload/javascript.yaml,traits,micro-behaviors/communications/http/form,implemented,"Form/multipart construction, fields, attachments, or form submission; file transmission is not required by every matcher.",micro-behaviors/communications/http/form::form-data-append
micro-behaviors/communications/http/upload::media-webm-form-field,micro-behaviors/communications/http/upload/javascript.yaml,traits,micro-behaviors/communications/http/form,implemented,"Form/multipart construction, fields, attachments, or form submission; file transmission is not required by every matcher.",micro-behaviors/communications/http/form::media-webm-form-field
micro-behaviors/communications/http/upload::pdf-formdata-fields,micro-behaviors/communications/http/upload/javascript.yaml,traits,micro-behaviors/communications/http/form,implemented,"Form/multipart construction, fields, attachments, or form submission; file transmission is not required by every matcher.",micro-behaviors/communications/http/form::pdf-formdata-fields
micro-behaviors/communications/http/upload::node-manual-multipart-body,micro-behaviors/communications/http/upload/javascript.yaml,traits,micro-behaviors/communications/http/form,implemented,"Form/multipart construction, fields, attachments, or form submission; file transmission is not required by every matcher.",micro-behaviors/communications/http/form::node-manual-multipart-body
micro-behaviors/communications/http/upload::form-data-username-field,micro-behaviors/communications/http/upload/javascript.yaml,traits,micro-behaviors/communications/http/form,implemented,"Form/multipart construction, fields, attachments, or form submission; file transmission is not required by every matcher.",micro-behaviors/communications/http/form::form-data-username-field
micro-behaviors/communications/http/upload::form-data-stream-upload,micro-behaviors/communications/http/upload/javascript.yaml,composite_rules,micro-behaviors/communications/http/form,implemented,"Form/multipart construction, fields, attachments, or form submission; file transmission is not required by every matcher.",micro-behaviors/communications/http/form::formdata-file-stream
micro-behaviors/communications/http/upload::python-multipart-files-map,micro-behaviors/communications/http/upload/python.yaml,traits,micro-behaviors/communications/http/form,implemented,"Form/multipart construction, fields, attachments, or form submission; file transmission is not required by every matcher.",micro-behaviors/communications/http/form::python-multipart-files-map
micro-behaviors/communications/http/upload::python-multipart-empty-name-tuple,micro-behaviors/communications/http/upload/python.yaml,traits,micro-behaviors/communications/http/form,implemented,"Form/multipart construction, fields, attachments, or form submission; file transmission is not required by every matcher.",micro-behaviors/communications/http/form::python-multipart-empty-name-tuple
micro-behaviors/communications/http/upload::multipart-file-array-field,micro-behaviors/communications/http/upload/traits.yaml,traits,micro-behaviors/communications/http/form,implemented,"Form/multipart construction, fields, attachments, or form submission; file transmission is not required by every matcher.",micro-behaviors/communications/http/form::multipart-file-array-field
micro-behaviors/communications/http/upload::multipart-empty-filename,micro-behaviors/communications/http/upload/traits.yaml,traits,micro-behaviors/communications/http/form,implemented,"Form/multipart construction, fields, attachments, or form submission; file transmission is not required by every matcher.",micro-behaviors/communications/http/form::multipart-empty-filename
micro-behaviors/communications/http/upload::multipart-php-script-filename,micro-behaviors/communications/http/upload/traits.yaml,traits,micro-behaviors/communications/http/form,implemented,"Form/multipart construction, fields, attachments, or form submission; file transmission is not required by every matcher.",micro-behaviors/communications/http/form::multipart-php-script-filename
micro-behaviors/communications/http/upload::multipart-managed-script-filename,micro-behaviors/communications/http/upload/traits.yaml,traits,micro-behaviors/communications/http/form,implemented,"Form/multipart construction, fields, attachments, or form submission; file transmission is not required by every matcher.",micro-behaviors/communications/http/form::multipart-managed-script-filename
micro-behaviors/communications/http/upload::multipart-cgi-script-filename,micro-behaviors/communications/http/upload/traits.yaml,traits,micro-behaviors/communications/http/form,implemented,"Form/multipart construction, fields, attachments, or form submission; file transmission is not required by every matcher.",micro-behaviors/communications/http/form::multipart-cgi-script-filename
micro-behaviors/communications/http/upload::dotnet-webclient-uploadvalues,micro-behaviors/communications/http/upload/traits.yaml,traits,micro-behaviors/communications/http/form,implemented,"Form/multipart construction, fields, attachments, or form submission; file transmission is not required by every matcher.",micro-behaviors/communications/http/form::dotnet-webclient-uploadvalues
micro-behaviors/communications/http/upload::blob-gzip-create,micro-behaviors/communications/http/upload/javascript.yaml,traits,micro-behaviors/data/buffer/alloc,implemented,Constructs a Blob with a gzip media type; neither compression nor network transfer is required.,micro-behaviors/data/buffer/alloc::blob-with-gzip-media-type
micro-behaviors/communications/http/upload::python-server-script-literal,micro-behaviors/communications/http/upload/python.yaml,traits,micro-behaviors/fs/path/extension,implemented,Filename suffix or script-path literal; no upload context is required.,micro-behaviors/fs/path/extension::python-server-script-literal
micro-behaviors/communications/http/upload::php-script-extension-token,micro-behaviors/communications/http/upload/traits.yaml,traits,micro-behaviors/fs/path/extension,implemented,Filename suffix or script-path literal; no upload context is required.,micro-behaviors/fs/path/extension::php-script-extension-token
micro-behaviors/communications/http/upload::managed-script-extension-token,micro-behaviors/communications/http/upload/traits.yaml,traits,micro-behaviors/fs/path/extension,implemented,Filename suffix or script-path literal; no upload context is required.,micro-behaviors/fs/path/extension::managed-script-extension-token
micro-behaviors/communications/http/upload::cgi-script-extension-token,micro-behaviors/communications/http/upload/traits.yaml,traits,micro-behaviors/fs/path/extension,implemented,Filename suffix or script-path literal; no upload context is required.,micro-behaviors/fs/path/extension::cgi-script-extension-token
micro-behaviors/communications/http/upload::yarn-standalone-text,micro-behaviors/communications/http/upload/javascript.yaml,traits,well-known/tool/packaging/yarn,implemented,"Yarn artifact identity, unrelated to HTTP upload.",well-known/tool/packaging/yarn::yarn-standalone-text
micro-behaviors/communications/http/upload::yarn-standalone-bundle,micro-behaviors/communications/http/upload/javascript.yaml,composite_rules,well-known/tool/packaging/yarn,implemented,"Yarn artifact identity, unrelated to HTTP upload.",well-known/tool/packaging/yarn::yarn-standalone-bundle
micro-behaviors/communications/http/upload::python-post-content-field,micro-behaviors/communications/http/upload/python.yaml,traits,micro-behaviors/communications/http/request/body,implemented,"POST content field is request-body evidence, not specifically file upload.",micro-behaviors/communications/http/request/body::python-post-content-field
objectives/exfiltration/http/collect::credential-endpoint-literal,objectives/exfiltration/http/collect/captured-credentials-node.yaml,traits,micro-behaviors/communications/http/url/endpoint,implemented,Endpoint literal or endpoint reference with client context; no unauthorized transfer or stolen source is established.,micro-behaviors/communications/http/url/endpoint::credential-endpoint-literal
objectives/exfiltration/http/collect::go-macho-http-collect-url,objectives/exfiltration/http/collect/go-collect-post.yaml,traits,micro-behaviors/communications/http/url/endpoint,implemented,Endpoint literal or endpoint reference with client context; no unauthorized transfer or stolen source is established.,micro-behaviors/communications/http/url/endpoint::go-macho-http-collect-url
objectives/exfiltration/http/collect::go-exfil-endpoint-path,objectives/exfiltration/http/collect/go-exfil-path.yaml,traits,micro-behaviors/communications/http/url/endpoint,implemented,Endpoint literal or endpoint reference with client context; no unauthorized transfer or stolen source is established.,micro-behaviors/communications/http/url/endpoint::go-exfil-endpoint-path
objectives/exfiltration/http/collect::jvm-exfil-path-bytecode,objectives/exfiltration/http/collect/jvm-unix.yaml,traits,micro-behaviors/communications/http/url/endpoint,implemented,Endpoint literal or endpoint reference with client context; no unauthorized transfer or stolen source is established.,micro-behaviors/communications/http/url/endpoint::jvm-exfil-path-bytecode
objectives/exfiltration/http/collect::lua-netscaler-collect-post,objectives/exfiltration/http/collect/lua-netscaler-hex.yaml,traits,micro-behaviors/communications/http/url/endpoint,implemented,Endpoint literal or endpoint reference with client context; no unauthorized transfer or stolen source is established.,micro-behaviors/communications/http/url/endpoint::lua-netscaler-collect-post
objectives/exfiltration/http/collect::node-exfil-endpoint,objectives/exfiltration/http/collect/node-endpoints.yaml,traits,micro-behaviors/communications/http/url/endpoint,implemented,Endpoint literal or endpoint reference with client context; no unauthorized transfer or stolen source is established.,micro-behaviors/communications/http/url/endpoint::node-exfil-endpoint
objectives/exfiltration/http/collect::node-collect-or-exfil-endpoint,objectives/exfiltration/http/collect/node-endpoints.yaml,composite_rules,micro-behaviors/communications/http/url/endpoint,implemented,Endpoint literal or endpoint reference with client context; no unauthorized transfer or stolen source is established.,micro-behaviors/communications/http/url/endpoint::node-collect-or-exfil-endpoint
objectives/exfiltration/http/collect::qnx-go-collect-endpoint-path,objectives/exfiltration/http/collect/qnx-go.yaml,traits,micro-behaviors/communications/http/url/endpoint,implemented,Endpoint literal or endpoint reference with client context; no unauthorized transfer or stolen source is established.,micro-behaviors/communications/http/url/endpoint::qnx-go-collect-endpoint-path
objectives/exfiltration/http/collect::rust-generic-collect-url,objectives/exfiltration/http/collect/routeros-rust.yaml,traits,micro-behaviors/communications/http/url/endpoint,implemented,Endpoint literal or endpoint reference with client context; no unauthorized transfer or stolen source is established.,micro-behaviors/communications/http/url/endpoint::rust-generic-collect-url
objectives/exfiltration/http/collect::rust-routeros-collect-marker,objectives/exfiltration/http/collect/routeros-rust.yaml,traits,micro-behaviors/communications/http/url/endpoint,implemented,Endpoint literal or endpoint reference with client context; no unauthorized transfer or stolen source is established.,micro-behaviors/communications/http/url/endpoint::rust-routeros-collect-marker
objectives/exfiltration/http/collect::rust-routeros-exfil-path,objectives/exfiltration/http/collect/routeros-rust.yaml,traits,micro-behaviors/communications/http/url/endpoint,implemented,Endpoint literal or endpoint reference with client context; no unauthorized transfer or stolen source is established.,micro-behaviors/communications/http/url/endpoint::rust-routeros-exfil-path
objectives/exfiltration/http/collect::ruby-openbsd-collect-path,objectives/exfiltration/http/collect/ruby-openbsd.yaml,traits,micro-behaviors/communications/http/url/endpoint,implemented,Endpoint literal or endpoint reference with client context; no unauthorized transfer or stolen source is established.,micro-behaviors/communications/http/url/endpoint::ruby-openbsd-collect-path
objectives/exfiltration/http/collect::rust-exfil-path-marker,objectives/exfiltration/http/collect/rust-unix.yaml,traits,micro-behaviors/communications/http/url/endpoint,implemented,Endpoint literal or endpoint reference with client context; no unauthorized transfer or stolen source is established.,micro-behaviors/communications/http/url/endpoint::rust-exfil-path-marker
objectives/exfiltration/http/collect::shell-http-collect-url,objectives/exfiltration/http/collect/shell.yaml,traits,micro-behaviors/communications/http/url/endpoint,implemented,Endpoint literal or endpoint reference with client context; no unauthorized transfer or stolen source is established.,micro-behaviors/communications/http/url/endpoint::shell-http-collect-url
objectives/exfiltration/http/collect::dom-post-method,objectives/exfiltration/http/collect/hidden-form-post-javascript.yaml,traits,micro-behaviors/communications/http/form,implemented,"Form method or submission target, not theft.",micro-behaviors/communications/http/form::dom-post-method
objectives/exfiltration/http/collect::dom-hidden-target,objectives/exfiltration/http/collect/hidden-form-post-javascript.yaml,traits,micro-behaviors/communications/http/form,implemented,"Form method or submission target, not theft.",micro-behaviors/communications/http/form::dom-hidden-target
objectives/exfiltration/http/collect::capture-all-credentials-call,objectives/exfiltration/http/collect/captured-credentials-node.yaml,traits,micro-behaviors/os/security/auth/secret,implemented,"Secret-access function name or secret/token variable assignment is neutral credential handling, not export.",micro-behaviors/os/security/auth/secret::capture-all-credentials-call
objectives/exfiltration/http/collect::perl-secret-assignment,objectives/exfiltration/http/collect/perl-multipart.yaml,traits,micro-behaviors/os/security/auth/secret,implemented,"Secret-access function name or secret/token variable assignment is neutral credential handling, not export.",micro-behaviors/os/security/auth/secret::perl-secret-assignment
objectives/exfiltration/http/collect::perl-token-assignment,objectives/exfiltration/http/collect/perl-multipart.yaml,traits,micro-behaviors/os/security/auth/secret,implemented,"Secret-access function name or secret/token variable assignment is neutral credential handling, not export.",micro-behaviors/os/security/auth/secret::perl-token-assignment
objectives/exfiltration/http/collect::perl-api-key-assignment,objectives/exfiltration/http/collect/perl-multipart.yaml,traits,micro-behaviors/os/security/auth/secret,implemented,"Secret-access function name or secret/token variable assignment is neutral credential handling, not export.",micro-behaviors/os/security/auth/secret::perl-api-key-assignment
objectives/exfiltration/http/collect::shell-harvest-credentials-func,objectives/exfiltration/http/collect/shell-zos.yaml,traits,micro-behaviors/os/security/auth/secret,implemented,"Secret-access function name or secret/token variable assignment is neutral credential handling, not export.",micro-behaviors/os/security/auth/secret::shell-harvest-credentials-func
objectives/exfiltration/http/collect::perl-password-assignment,objectives/exfiltration/http/collect/perl-multipart.yaml,traits,micro-behaviors/os/security/auth/password,implemented,"Password variable assignment, not export.",micro-behaviors/os/security/auth/password::perl-password-assignment
objectives/exfiltration/http/collect::perl-passwd-assignment,objectives/exfiltration/http/collect/perl-multipart.yaml,traits,micro-behaviors/os/security/auth/password,implemented,"Password variable assignment, not export.",micro-behaviors/os/security/auth/password::perl-passwd-assignment
objectives/exfiltration/http/collect::csharp-unix-secret-file-list,objectives/exfiltration/http/collect/csharp-unix.yaml,traits,micro-behaviors/fs/path/credential,implemented,Credential/configuration file-path cluster; no transmission is required.,micro-behaviors/fs/path/credential::csharp-unix-secret-file-list
objectives/exfiltration/http/collect::shell-zos-credential-files,objectives/exfiltration/http/collect/shell-zos.yaml,traits,micro-behaviors/fs/path/credential,implemented,Credential/configuration file-path cluster; no transmission is required.,micro-behaviors/fs/path/credential::shell-zos-credential-files
objectives/exfiltration/http/collect::csharp-bytearray-content,objectives/exfiltration/http/collect/csharp-unix.yaml,traits,micro-behaviors/communications/http/request/body,implemented,"HTTP byte-array body content type, not export intent.",micro-behaviors/communications/http/request/body::csharp-bytearray-content
objectives/exfiltration/http/collect::csharp-multi-app-http-exfil,objectives/exfiltration/http/collect/csharp.yaml,composite_rules,objectives/exfiltration/stealer/multi-source,implemented,Required independently identified application datasets plus POST; source takes precedence over transport.,objectives/exfiltration/stealer/multi-source::csharp-multi-app-http-exfil
objectives/exfiltration/http/collect::dotnet-module-init-env-file-http-exfil,objectives/exfiltration/http/collect/dotnet-env.yaml,composite_rules,objectives/exfiltration/stealer/dev-secret,implemented,"Environment-file search/parsing plus a request; source is developer configuration, not process environment.",objectives/exfiltration/stealer/dev-secret::dotnet-module-init-env-file-http-exfil
objectives/exfiltration/http/collect::import-host-profile-json-ip-post,objectives/exfiltration/http/collect/external-ip-json-post.yaml,composite_rules,objectives/exfiltration/stealer/system-info/identity,implemented,Required host or account identity and a request; ancillary encoding/thread/import context does not change the source.,objectives/exfiltration/stealer/system-info/identity::import-host-profile-json-ip-post
objectives/exfiltration/http/collect::urlopen-host-profile-to-external-ip,objectives/exfiltration/http/collect/external-ip-json-post.yaml,composite_rules,objectives/exfiltration/stealer/system-info/identity,implemented,Required host or account identity and a request; ancillary encoding/thread/import context does not change the source.,objectives/exfiltration/stealer/system-info/identity::urlopen-host-profile-to-external-ip
objectives/exfiltration/http/collect::python-b64-host-profile-http-post,objectives/exfiltration/http/collect/external-ip-json-post.yaml,composite_rules,objectives/exfiltration/stealer/system-info/identity,implemented,Required host or account identity and a request; ancillary encoding/thread/import context does not change the source.,objectives/exfiltration/stealer/system-info/identity::python-b64-host-profile-http-post
objectives/exfiltration/http/collect::daemon-thread-host-profile-json-post,objectives/exfiltration/http/collect/external-ip-json-post.yaml,composite_rules,objectives/exfiltration/stealer/system-info/identity,implemented,Required host or account identity and a request; ancillary encoding/thread/import context does not change the source.,objectives/exfiltration/stealer/system-info/identity::daemon-thread-host-profile-json-post
objectives/exfiltration/http/collect::python-posts-host-field-to-raw-ip,objectives/exfiltration/http/collect/external-ip-json-post.yaml,composite_rules,objectives/exfiltration/stealer/system-info/identity,implemented,Required host or account identity and a request; ancillary encoding/thread/import context does not change the source.,objectives/exfiltration/stealer/system-info/identity::python-posts-host-field-to-raw-ip
objectives/exfiltration/http/collect::python-wallet-key-posted-to-ip,objectives/exfiltration/http/collect/external-ip-json-post.yaml,composite_rules,objectives/exfiltration/stealer/wallet,implemented,Wallet private-key API plus POST; known source takes precedence over HTTP.,objectives/exfiltration/stealer/wallet::python-wallet-key-posted-to-ip
objectives/exfiltration/http/collect::python-posts-private-key-field,objectives/exfiltration/http/collect/external-ip-json-post.yaml,composite_rules,objectives/exfiltration/stealer/credential,implemented,Authentication material export without one mandatory narrower store; indicator count is not source count.,objectives/exfiltration/stealer/credential::python-posts-private-key-field
objectives/exfiltration/http/collect::credential-sweep-posted-out,objectives/exfiltration/http/collect/external-ip-json-post.yaml,composite_rules,objectives/exfiltration/stealer/credential,implemented,Authentication material export without one mandatory narrower store; indicator count is not source count.,objectives/exfiltration/stealer/credential::credential-sweep-posted-out
objectives/exfiltration/http/collect::perl-multipart-credential-exfil,objectives/exfiltration/http/collect/perl-multipart.yaml,composite_rules,objectives/exfiltration/stealer/credential,implemented,Authentication material export without one mandatory narrower store; indicator count is not source count.,objectives/exfiltration/stealer/credential::perl-multipart-credential-exfil
objectives/exfiltration/http/collect::python-posts-ssh-files-to-raw-ip,objectives/exfiltration/http/collect/external-ip-json-post.yaml,composite_rules,objectives/exfiltration/stealer/ssh,implemented,SSH source is required; harvest-function context does not establish additional data sources.,objectives/exfiltration/stealer/ssh::python-posts-ssh-files-to-raw-ip
objectives/exfiltration/http/collect::shell-zos-credential-http-exfil,objectives/exfiltration/http/collect/shell-zos.yaml,composite_rules,objectives/exfiltration/stealer/ssh,implemented,SSH source is required; harvest-function context does not establish additional data sources.,objectives/exfiltration/stealer/ssh::shell-zos-credential-http-exfil
objectives/exfiltration/http/collect::python-posts-aws-config-to-raw-ip,objectives/exfiltration/http/collect/external-ip-json-post.yaml,composite_rules,objectives/exfiltration/stealer/cloud,implemented,AWS configuration source plus POST.,objectives/exfiltration/stealer/cloud::python-posts-aws-config-to-raw-ip
objectives/exfiltration/http/collect::python-json-request-payload,objectives/exfiltration/http/collect/python-urllib.yaml,traits,micro-behaviors/communications/http/request/json,implemented,JSON serialization beside a request constructor; neutral payload preparation.,micro-behaviors/communications/http/request/json::python-json-request-payload
objectives/exfiltration/http/collect::routeros-http-data-upload,objectives/exfiltration/http/collect/routeros-fetch.yaml,traits,micro-behaviors/communications/http/upload,implemented,RouterOS HTTP data submission primitive; no stolen source or unauthorized destination required.,micro-behaviors/communications/http/upload::routeros-http-data-upload
objectives/exfiltration/http/upload::raw-exfil-post-path,objectives/exfiltration/http/upload/generic-endpoint.yaml,traits,micro-behaviors/communications/http/url/endpoint,implemented,Raw POST /exfil request path is neutral endpoint evidence; moving it also removes the tier inversion in the transport helper.,micro-behaviors/communications/http/url/endpoint::raw-exfil-post-path
objectives/collection/screenshot/capture::dotnet-screenshot-webclient-upload,objectives/collection/screenshot/capture/dotnet.yaml,composite_rules,objectives/exfiltration/stealer/screen,implemented,Screen/window/tab content or screen-derived text with transfer context. Host identifiers do not create another acquired dataset.,objectives/exfiltration/stealer/screen::dotnet-screenshot-webclient-upload
objectives/collection/screenshot/capture::dotnet-screenshot-with-exfil,objectives/collection/screenshot/capture/dotnet.yaml,composite_rules,objectives/exfiltration/stealer/screen,implemented,Screen/window/tab content or screen-derived text with transfer context. Host identifiers do not create another acquired dataset.,objectives/exfiltration/stealer/screen::dotnet-screenshot-with-exfil
objectives/collection/screenshot/capture::embedded-powershell-screenshot-exfil,objectives/collection/screenshot/capture/embedded-exfil.yaml,composite_rules,objectives/exfiltration/stealer/screen,implemented,Screen/window/tab content or screen-derived text with transfer context. Host identifiers do not create another acquired dataset.,objectives/exfiltration/stealer/screen::embedded-powershell-screenshot-exfil
objectives/collection/screenshot/capture::java-screenshot-http-exfil,objectives/collection/screenshot/capture/java.yaml,composite_rules,objectives/exfiltration/stealer/screen,implemented,Screen/window/tab content or screen-derived text with transfer context. Host identifiers do not create another acquired dataset.,objectives/exfiltration/stealer/screen::java-screenshot-http-exfil
objectives/collection/screenshot/capture::qnx-objc-screenshot-http-delivery,objectives/collection/screenshot/capture/objc-qnx.yaml,composite_rules,objectives/exfiltration/stealer/screen,implemented,Screen/window/tab content or screen-derived text with transfer context. Host identifiers do not create another acquired dataset.,objectives/exfiltration/stealer/screen::qnx-objc-screenshot-http-delivery
objectives/collection/screenshot/capture::python-screenshot-exfil,objectives/collection/screenshot/capture/python.yaml,composite_rules,objectives/exfiltration/stealer/screen,implemented,Screen/window/tab content or screen-derived text with transfer context. Host identifiers do not create another acquired dataset.,objectives/exfiltration/stealer/screen::python-screenshot-exfil
objectives/collection/screenshot/capture::python-overlay-screenshot-vercel-exfil,objectives/collection/screenshot/capture/python.yaml,composite_rules,objectives/exfiltration/stealer/screen,implemented,Screen/window/tab content or screen-derived text with transfer context. Host identifiers do not create another acquired dataset.,objectives/exfiltration/stealer/screen::python-overlay-screenshot-vercel-exfil
objectives/collection/screenshot/capture::python-device-screenshot-exfil,objectives/collection/screenshot/capture/python.yaml,composite_rules,objectives/exfiltration/stealer/screen,implemented,Screen/window/tab content or screen-derived text with transfer context. Host identifiers do not create another acquired dataset.,objectives/exfiltration/stealer/screen::python-device-screenshot-exfil
objectives/collection/screenshot/capture::python-xor-endpoint-posts-screenshot,objectives/collection/screenshot/capture/python.yaml,composite_rules,objectives/exfiltration/stealer/screen,implemented,Screen/window/tab content or screen-derived text with transfer context. Host identifiers do not create another acquired dataset.,objectives/exfiltration/stealer/screen::python-xor-endpoint-posts-screenshot
objectives/collection/screenshot/capture::powershell-screenshot-upload,objectives/collection/screenshot/capture/source.yaml,composite_rules,objectives/exfiltration/stealer/screen,implemented,Screen/window/tab content or screen-derived text with transfer context. Host identifiers do not create another acquired dataset.,objectives/exfiltration/stealer/screen::powershell-screenshot-upload
objectives/collection/screenshot/capture::powershell-screenshot-surveillance-upload,objectives/collection/screenshot/capture/source.yaml,composite_rules,objectives/exfiltration/stealer/screen,implemented,Screen/window/tab content or screen-derived text with transfer context. Host identifiers do not create another acquired dataset.,objectives/exfiltration/stealer/screen::powershell-screenshot-surveillance-upload
objectives/collection/screenshot/capture::pe-screenshot-jpeg-upload,objectives/collection/screenshot/capture/windows.yaml,composite_rules,objectives/exfiltration/stealer/screen,implemented,Screen/window/tab content or screen-derived text with transfer context. Host identifiers do not create another acquired dataset.,objectives/exfiltration/stealer/screen::pe-screenshot-jpeg-upload
objectives/collection/screenshot/capture::gdi-capture-http-exfil,objectives/collection/screenshot/capture/windows.yaml,composite_rules,objectives/exfiltration/stealer/screen,implemented,Screen/window/tab content or screen-derived text with transfer context. Host identifiers do not create another acquired dataset.,objectives/exfiltration/stealer/screen::gdi-capture-http-exfil
objectives/collection/screenshot/stream::android-screen-stream-to-c2,objectives/collection/screenshot/stream/android.yaml,composite_rules,objectives/exfiltration/stealer/screen,implemented,Screen/window/tab content or screen-derived text with transfer context. Host identifiers do not create another acquired dataset.,objectives/exfiltration/stealer/screen::android-screen-stream-to-c2
objectives/collection/screenshot/stream::android-phone-spoofed-screen-stream,objectives/collection/screenshot/stream/android.yaml,composite_rules,objectives/exfiltration/stealer/screen,implemented,Screen/window/tab content or screen-derived text with transfer context. Host identifiers do not create another acquired dataset.,objectives/exfiltration/stealer/screen::android-phone-spoofed-screen-stream
objectives/exfiltration/stealer/surveillance::screenpipe-activity-to-llm-api,objectives/exfiltration/stealer/surveillance/agent-skill.yaml,composite_rules,objectives/exfiltration/stealer/screen,implemented,Screen/window/tab content or screen-derived text with transfer context. Host identifiers do not create another acquired dataset.,objectives/exfiltration/stealer/screen::screenpipe-activity-to-llm-api
objectives/exfiltration/stealer/surveillance::android-a11y-screen-socket-rat,objectives/exfiltration/stealer/surveillance/android-accessibility-screen-rat.yaml,composite_rules,objectives/exfiltration/stealer/screen,implemented,Screen/window/tab content or screen-derived text with transfer context. Host identifiers do not create another acquired dataset.,objectives/exfiltration/stealer/screen::android-a11y-screen-socket-rat
objectives/exfiltration/stealer/surveillance::android-accessibility-screen-tree-websocket-control,objectives/exfiltration/stealer/surveillance/android.yaml,composite_rules,objectives/exfiltration/stealer/screen,implemented,Screen/window/tab content or screen-derived text with transfer context. Host identifiers do not create another acquired dataset.,objectives/exfiltration/stealer/screen::android-accessibility-screen-tree-websocket-control
objectives/exfiltration/stealer/surveillance::android-obfuscated-accessibility-screen-channel,objectives/exfiltration/stealer/surveillance/android.yaml,composite_rules,objectives/exfiltration/stealer/screen,implemented,Screen/window/tab content or screen-derived text with transfer context. Host identifiers do not create another acquired dataset.,objectives/exfiltration/stealer/screen::android-obfuscated-accessibility-screen-channel
objectives/exfiltration/stealer/surveillance::browser-extension-screenshot-json-upload,objectives/exfiltration/stealer/surveillance/browser-extension-screenshot.yaml,composite_rules,objectives/exfiltration/stealer/screen,implemented,Screen/window/tab content or screen-derived text with transfer context. Host identifiers do not create another acquired dataset.,objectives/exfiltration/stealer/screen::browser-extension-screenshot-json-upload
objectives/exfiltration/stealer/surveillance::powershell-smtp-attachment-exfil,objectives/exfiltration/stealer/surveillance/powershell-smtp-screenshot-folder.yaml,composite_rules,objectives/exfiltration/stealer/screen,implemented,Screen/window/tab content or screen-derived text with transfer context. Host identifiers do not create another acquired dataset.,objectives/exfiltration/stealer/screen::powershell-smtp-attachment-exfil
objectives/exfiltration/stealer/surveillance::native-screen-streaming-surveillance-channel,objectives/exfiltration/stealer/surveillance/windows.yaml,composite_rules,objectives/exfiltration/stealer/screen,implemented,Screen/window/tab content or screen-derived text with transfer context. Host identifiers do not create another acquired dataset.,objectives/exfiltration/stealer/screen::native-screen-streaming-surveillance-channel
objectives/collection/screenshot/capture::screenshot-exfil,objectives/collection/screenshot/capture/windows.yaml,composite_rules,objectives/exfiltration/stealer/image,implemented,Bitmap/image processing plus transfer context; the matcher does not require a screen-specific acquisition source.,objectives/exfiltration/stealer/image::gdi-image-exfil
objectives/collection/screenshot/capture::raw-gdi-screenshot-exfil,objectives/collection/screenshot/capture/windows.yaml,composite_rules,objectives/exfiltration/stealer/image,implemented,Bitmap/image processing plus transfer context; the matcher does not require a screen-specific acquisition source.,objectives/exfiltration/stealer/image::raw-gdi-image-exfil
objectives/collection/screenshot/capture::directx-tor-screenshot-exfil,objectives/collection/screenshot/capture/windows.yaml,composite_rules,objectives/exfiltration/stealer/image,implemented,Bitmap/image processing plus transfer context; the matcher does not require a screen-specific acquisition source.,objectives/exfiltration/stealer/image::directx-tor-image-exfil
objectives/exfiltration/stealer/surveillance::tor-proxy-screenshot-stealer,objectives/exfiltration/stealer/surveillance/windows.yaml,composite_rules,objectives/exfiltration/stealer/image,implemented,Bitmap/image processing plus transfer context; the matcher does not require a screen-specific acquisition source.,objectives/exfiltration/stealer/image::tor-proxy-image-stealer
objectives/exfiltration/stealer/surveillance::recon-screenshot-telegram,objectives/exfiltration/stealer/surveillance/windows.yaml,composite_rules,objectives/exfiltration/stealer/image,implemented,Bitmap/image processing plus transfer context; the matcher does not require a screen-specific acquisition source.,objectives/exfiltration/stealer/image::recon-image-telegram
objectives/exfiltration/stealer/surveillance::recon-screenshot-exfil,objectives/exfiltration/stealer/surveillance/windows.yaml,composite_rules,objectives/exfiltration/stealer/image,implemented,Bitmap/image processing plus transfer context; the matcher does not require a screen-specific acquisition source.,objectives/exfiltration/stealer/image::recon-image-exfil
objectives/exfiltration/stealer/surveillance::recon-screenshot-socket-exfil,objectives/exfiltration/stealer/surveillance/windows.yaml,composite_rules,objectives/exfiltration/stealer/image,implemented,Bitmap/image processing plus transfer context; the matcher does not require a screen-specific acquisition source.,objectives/exfiltration/stealer/image::recon-image-socket-exfil
objectives/exfiltration/stealer/surveillance::surveillance-capture,objectives/exfiltration/stealer/surveillance/windows.yaml,composite_rules,objectives/exfiltration/stealer/image,implemented,Bitmap/image processing plus transfer context; the matcher does not require a screen-specific acquisition source.,objectives/exfiltration/stealer/image::image-process-inventory-upload
objectives/exfiltration/stealer/surveillance::browser-focused-injection-surveillance,objectives/exfiltration/stealer/surveillance/windows.yaml,composite_rules,objectives/exfiltration/stealer/image,implemented,Bitmap/image processing plus transfer context; the matcher does not require a screen-specific acquisition source.,objectives/exfiltration/stealer/image::browser-focused-injection-image-export
objectives/exfiltration/stealer/surveillance::tor-proxy-minidump-stealer,objectives/exfiltration/stealer/surveillance/windows.yaml,composite_rules,objectives/exfiltration/stealer/multi-source,implemented,Required process dump plus image export are independent acquired datasets.,objectives/exfiltration/stealer/multi-source::tor-proxy-minidump-stealer
objectives/exfiltration/stealer/surveillance::android-dump-screenshot-obfuscated,objectives/exfiltration/stealer/surveillance/android.yaml,composite_rules,objectives/collection/screenshot,implemented,"Screen capture plus local authority/obfuscation/stealth context, without a required export leg. Collapse redundant capture child after screen-stream export leaves this branch.",objectives/collection/screenshot::android-dump-screenshot-obfuscated
objectives/exfiltration/stealer/surveillance::android-admin-dump-screenshot,objectives/exfiltration/stealer/surveillance/android.yaml,composite_rules,objectives/collection/screenshot,implemented,"Screen capture plus local authority/obfuscation/stealth context, without a required export leg. Collapse redundant capture child after screen-stream export leaves this branch.",objectives/collection/screenshot::android-admin-dump-screenshot
objectives/exfiltration/stealer/surveillance::stealth-screenshot,objectives/exfiltration/stealer/surveillance/macos-stealth-screencapture.yaml,composite_rules,objectives/collection/screenshot,implemented,"Screen capture plus local authority/obfuscation/stealth context, without a required export leg. Collapse redundant capture child after screen-stream export leaves this branch.",objectives/collection/screenshot::stealth-screenshot
objectives/collection/screenshot/capture::broad-cookie-screen-collection-authority,objectives/collection/screenshot/capture/browser-extension.yaml,composite_rules,micro-behaviors/browser-extension/tabs,implemented,"Tab capture and extension authority are capabilities, not independent malicious intent.",micro-behaviors/browser-extension/tabs::broad-cookie-screen-collection-authority
objectives/collection/screenshot/capture::all-url-extension-visible-tab-capture,objectives/collection/screenshot/capture/browser-extension.yaml,composite_rules,micro-behaviors/browser-extension/tabs,implemented,"Tab capture and extension authority are capabilities, not independent malicious intent.",micro-behaviors/browser-extension/tabs::all-url-extension-visible-tab-capture
objectives/collection/screenshot/capture::directx-desktop-duplication-capture,objectives/collection/screenshot/capture/desktop-duplication.yaml,composite_rules,micro-behaviors/hardware/display/directx/calls,implemented,"DXGI interface identifiers identify a graphics capture mechanism, without collection intent.",micro-behaviors/hardware/display/directx/calls::directx-desktop-duplication-interface
objectives/collection/screenshot/capture::java-screenshot-capture,objectives/collection/screenshot/capture/java.yaml,traits,micro-behaviors/hardware/display/screenshot,implemented,"Explicit screen/window capture capability, without additional surveillance or theft evidence.",micro-behaviors/hardware/display/screenshot::java-screenshot-capture
objectives/collection/screenshot/capture::jvm-screenshot-capture-method,objectives/collection/screenshot/capture/java.yaml,traits,micro-behaviors/hardware/display/screenshot,implemented,"Explicit screen/window capture capability, without additional surveillance or theft evidence.",micro-behaviors/hardware/display/screenshot::jvm-screenshot-capture-method
objectives/collection/screenshot/capture::java-robot-screen-capture-call,objectives/collection/screenshot/capture/jsp.yaml,traits,micro-behaviors/hardware/display/screenshot,implemented,"Explicit screen/window capture capability, without additional surveillance or theft evidence.",micro-behaviors/hardware/display/screenshot::java-robot-screen-capture-call
objectives/collection/screenshot/capture::lua-ios-keywindow-render,objectives/collection/screenshot/capture/lua-ios.yaml,traits,micro-behaviors/hardware/display/screenshot,implemented,"Explicit screen/window capture capability, without additional surveillance or theft evidence.",micro-behaviors/hardware/display/screenshot::lua-ios-keywindow-render
objectives/collection/screenshot/capture::qnx-objc-photon-getimage,objectives/collection/screenshot/capture/objc-qnx.yaml,traits,micro-behaviors/hardware/display/screenshot,implemented,"Explicit screen/window capture capability, without additional surveillance or theft evidence.",micro-behaviors/hardware/display/screenshot::qnx-objc-photon-getimage
objectives/collection/screenshot/capture::python-framebuffer-capture,objectives/collection/screenshot/capture/python.yaml,traits,micro-behaviors/hardware/display/screenshot,implemented,"Explicit screen/window capture capability, without additional surveillance or theft evidence.",micro-behaviors/hardware/display/screenshot::python-framebuffer-capture
objectives/collection/screenshot/capture::python-collect-screenshots-name,objectives/collection/screenshot/capture/python.yaml,traits,micro-behaviors/hardware/display/screenshot,implemented,"Explicit screen/window capture capability, without additional surveillance or theft evidence.",micro-behaviors/hardware/display/screenshot::python-collect-screenshots-name
objectives/collection/screenshot/capture::ps-save-screenshot-function,objectives/collection/screenshot/capture/source.yaml,traits,micro-behaviors/hardware/display/screenshot,implemented,"Explicit screen/window capture capability, without additional surveillance or theft evidence.",micro-behaviors/hardware/display/screenshot::ps-save-screenshot-function
objectives/collection/screenshot/capture::ps-virtual-screen-capture--rx-4,objectives/collection/screenshot/capture/source.yaml,traits,micro-behaviors/hardware/display/screenshot,implemented,"Explicit screen/window capture capability, without additional surveillance or theft evidence.",micro-behaviors/hardware/display/screenshot::ps-virtual-screen-pixel-copy
objectives/collection/screenshot/capture::go-rpc-screen-api,objectives/collection/screenshot/capture/source.yaml,traits,micro-behaviors/hardware/display/screenshot,implemented,"Explicit screen/window capture capability, without additional surveillance or theft evidence.",micro-behaviors/hardware/display/screenshot::go-screen-api-reference
objectives/collection/screenshot/capture::pinvoke-gdi-screenshot-source,objectives/collection/screenshot/capture/source.yaml,composite_rules,micro-behaviors/hardware/display/screenshot,implemented,"Explicit screen/window capture capability, without additional surveillance or theft evidence.",micro-behaviors/hardware/display/screenshot::pinvoke-gdi-screenshot-source
objectives/collection/screenshot/capture::powershell-copyfromscreen,objectives/collection/screenshot/capture/windows.yaml,traits,micro-behaviors/hardware/display/screenshot,implemented,"Explicit screen/window capture capability, without additional surveillance or theft evidence.",micro-behaviors/hardware/display/screenshot::powershell-copyfromscreen
objectives/collection/screenshot/capture::powershell-printwindow-call,objectives/collection/screenshot/capture/windows.yaml,traits,micro-behaviors/hardware/display/screenshot,implemented,"Explicit screen/window capture capability, without additional surveillance or theft evidence.",micro-behaviors/hardware/display/screenshot::powershell-printwindow-call
objectives/collection/screenshot/capture::dotnet-active-and-multiscreen-capture,objectives/collection/screenshot/capture/windows.yaml,composite_rules,micro-behaviors/hardware/display/screenshot,implemented,"Explicit screen/window capture capability, without additional surveillance or theft evidence.",micro-behaviors/hardware/display/screenshot::dotnet-active-and-multiscreen-capture
objectives/collection/screenshot/capture::dotnet-gdi-active-window-png-capture,objectives/collection/screenshot/capture/windows.yaml,composite_rules,micro-behaviors/hardware/display/screenshot,implemented,"Explicit screen/window capture capability, without additional surveillance or theft evidence.",micro-behaviors/hardware/display/screenshot::dotnet-gdi-active-window-png-capture
objectives/collection/screenshot/capture::printwindow-jpeg-capture,objectives/collection/screenshot/capture/windows.yaml,composite_rules,micro-behaviors/hardware/display/screenshot,implemented,"Explicit screen/window capture capability, without additional surveillance or theft evidence.",micro-behaviors/hardware/display/screenshot::printwindow-jpeg-capture
objectives/collection/screenshot/capture::winrt-graphics-capture,objectives/collection/screenshot/capture/windows.yaml,composite_rules,micro-behaviors/hardware/display/screenshot,implemented,"Explicit screen/window capture capability, without additional surveillance or theft evidence.",micro-behaviors/hardware/display/screenshot::winrt-graphics-capture
objectives/collection/screenshot/capture::jvm-multipart-form-disposition,objectives/collection/screenshot/capture/java.yaml,traits,micro-behaviors/communications/http/form,implemented,Multipart field structure or an image attachment name; not screen acquisition.,micro-behaviors/communications/http/form::jvm-multipart-form-disposition
objectives/collection/screenshot/capture::jvm-multipart-image-filename,objectives/collection/screenshot/capture/java.yaml,traits,micro-behaviors/communications/http/form,implemented,Multipart field structure or an image attachment name; not screen acquisition.,micro-behaviors/communications/http/form::jvm-multipart-image-filename
objectives/collection/screenshot/capture::jvm-multipart-image-form-field,objectives/collection/screenshot/capture/java.yaml,composite_rules,micro-behaviors/communications/http/form,implemented,Multipart field structure or an image attachment name; not screen acquisition.,micro-behaviors/communications/http/form::jvm-multipart-image-form-field
objectives/collection/screenshot/capture::java-awt-robot-ref,objectives/collection/screenshot/capture/java.yaml,composite_rules,micro-behaviors/hardware/input/robot,implemented,"General AWT Robot automation reference, not specifically screen capture.",micro-behaviors/hardware/input/robot::java-awt-robot-ref
objectives/collection/screenshot/capture::java-screenshot-png-output,objectives/collection/screenshot/capture/java.yaml,composite_rules,micro-behaviors/ui/graphics/image,implemented,"Image construction, saving, pixel readback, or unspecified image output; no required screen source.",micro-behaviors/ui/graphics/image::java-robot-png-output
objectives/collection/screenshot/capture::java-imageio-write-call,objectives/collection/screenshot/capture/jsp.yaml,traits,micro-behaviors/ui/graphics/image,implemented,"Image construction, saving, pixel readback, or unspecified image output; no required screen source.",micro-behaviors/ui/graphics/image::java-imageio-write-call
objectives/collection/screenshot/capture::ps-addtype-drawing-screenshot--rx-2,objectives/collection/screenshot/capture/source.yaml,traits,micro-behaviors/ui/graphics/image,implemented,"Image construction, saving, pixel readback, or unspecified image output; no required screen source.",micro-behaviors/ui/graphics/image::ps-addtype-bitmap-reference
objectives/collection/screenshot/capture::rust-save-image-error,objectives/collection/screenshot/capture/source.yaml,traits,micro-behaviors/ui/graphics/image,implemented,"Image construction, saving, pixel readback, or unspecified image output; no required screen source.",micro-behaviors/ui/graphics/image::rust-save-image-error
objectives/collection/screenshot/capture::rust-capture-frame-error,objectives/collection/screenshot/capture/source.yaml,traits,micro-behaviors/ui/graphics/image,implemented,"Image construction, saving, pixel readback, or unspecified image output; no required screen source.",micro-behaviors/ui/graphics/image::rust-capture-frame-error
objectives/collection/screenshot/capture::gdi-gdiplus-capture,objectives/collection/screenshot/capture/windows.yaml,composite_rules,micro-behaviors/ui/graphics/image,implemented,"Image construction, saving, pixel readback, or unspecified image output; no required screen source.",micro-behaviors/ui/graphics/image::gdi-raster-copy-image-save
objectives/collection/screenshot/capture::directx-gdiplus-screenshot-capture,objectives/collection/screenshot/capture/windows.yaml,composite_rules,micro-behaviors/ui/graphics/image,implemented,"Image construction, saving, pixel readback, or unspecified image output; no required screen source.",micro-behaviors/ui/graphics/image::directx-gdiplus-image-encoding
micro-behaviors/hardware/display/screenshot::create-dib-section,micro-behaviors/hardware/display/screenshot/dib.yaml,traits,micro-behaviors/ui/graphics/image,implemented,"Image construction, saving, pixel readback, or unspecified image output; no required screen source.",micro-behaviors/ui/graphics/image::create-dib-section
micro-behaviors/hardware/display/screenshot::raw-gdi-screen-capture-primitives,micro-behaviors/hardware/display/screenshot/traits.yaml,composite_rules,micro-behaviors/ui/graphics/image,implemented,"Image construction, saving, pixel readback, or unspecified image output; no required screen source.",micro-behaviors/ui/graphics/image::raw-gdi-bitmap-readback-primitives
micro-behaviors/hardware/display/screenshot::gdi-dib-section-source,micro-behaviors/hardware/display/screenshot/windows-gdi-source.yaml,traits,micro-behaviors/ui/graphics/image,implemented,"Image construction, saving, pixel readback, or unspecified image output; no required screen source.",micro-behaviors/ui/graphics/image::gdi-dib-section-source
objectives/collection/screenshot/capture::lua-ios-image-marker,objectives/collection/screenshot/capture/lua-ios.yaml,traits,micro-behaviors/ui/graphics/draw,implemented,Graphics/raster operations or graphics APIs beside display geometry; neither alone requires capture.,micro-behaviors/ui/graphics/draw::lua-ios-image-context
objectives/collection/screenshot/capture::bitblt-dllimport,objectives/collection/screenshot/capture/source.yaml,traits,micro-behaviors/ui/graphics/draw,implemented,Graphics/raster operations or graphics APIs beside display geometry; neither alone requires capture.,micro-behaviors/ui/graphics/draw::bitblt-dllimport
objectives/collection/screenshot/capture::ps-addtype-drawing-screenshot--rx-1,objectives/collection/screenshot/capture/source.yaml,traits,micro-behaviors/ui/graphics/draw,implemented,Graphics/raster operations or graphics APIs beside display geometry; neither alone requires capture.,micro-behaviors/ui/graphics/draw::ps-addtype-drawing-reference
objectives/collection/screenshot/capture::ps-addtype-drawing-screenshot--rx-3,objectives/collection/screenshot/capture/source.yaml,traits,micro-behaviors/ui/graphics/draw,implemented,Graphics/raster operations or graphics APIs beside display geometry; neither alone requires capture.,micro-behaviors/ui/graphics/draw::ps-addtype-bitblt-reference
objectives/collection/screenshot/capture::ps-virtual-screen-capture--rx-5,objectives/collection/screenshot/capture/source.yaml,traits,micro-behaviors/ui/graphics/draw,implemented,Graphics/raster operations or graphics APIs beside display geometry; neither alone requires capture.,micro-behaviors/ui/graphics/draw::ps-virtual-screen-graphics
objectives/collection/screenshot/capture::ps-virtual-screen-capture--rx-6,objectives/collection/screenshot/capture/source.yaml,traits,micro-behaviors/ui/graphics/draw,implemented,Graphics/raster operations or graphics APIs beside display geometry; neither alone requires capture.,micro-behaviors/ui/graphics/draw::ps-primary-screen-graphics
objectives/collection/screenshot/capture::ps-addtype-drawing-screenshot,objectives/collection/screenshot/capture/source.yaml,composite_rules,micro-behaviors/ui/graphics/draw,implemented,Graphics/raster operations or graphics APIs beside display geometry; neither alone requires capture.,micro-behaviors/ui/graphics/draw::ps-addtype-drawing-apis
objectives/collection/screenshot/capture::ps-virtual-screen-capture,objectives/collection/screenshot/capture/source.yaml,composite_rules,micro-behaviors/ui/graphics/draw,implemented,Graphics/raster operations or graphics APIs beside display geometry; neither alone requires capture.,micro-behaviors/ui/graphics/draw::ps-screen-graphics-apis
objectives/collection/screenshot/capture::gdi-gdiplus-init-capture,objectives/collection/screenshot/capture/windows.yaml,composite_rules,micro-behaviors/ui/graphics/draw,implemented,Graphics/raster operations or graphics APIs beside display geometry; neither alone requires capture.,micro-behaviors/ui/graphics/draw::gdi-raster-copy-gdiplus-init
micro-behaviors/hardware/display/screenshot::gdi-bitblt-source,micro-behaviors/hardware/display/screenshot/windows-gdi-source.yaml,traits,micro-behaviors/ui/graphics/draw,implemented,Graphics/raster operations or graphics APIs beside display geometry; neither alone requires capture.,micro-behaviors/ui/graphics/draw::gdi-bitblt-source
objectives/collection/screenshot/capture::lua-ios-png-representation,objectives/collection/screenshot/capture/lua-ios.yaml,traits,micro-behaviors/data/encode/image/png,implemented,"PNG representation or encoding, independent of image origin.",micro-behaviors/data/encode/image/png::lua-ios-png-representation
objectives/collection/screenshot/capture::powershell-png-image,objectives/collection/screenshot/capture/windows.yaml,traits,micro-behaviors/data/encode/image/png,implemented,"PNG representation or encoding, independent of image origin.",micro-behaviors/data/encode/image/png::powershell-png-image
objectives/collection/screenshot/capture::lua-xor-beacon-routine,objectives/collection/screenshot/capture/lua.yaml,traits,micro-behaviors/crypto/symmetric/xor/term,implemented,XOR-named routine; no beacon or capture is required.,micro-behaviors/crypto/symmetric/xor/term::lua-xor-named-routine
objectives/collection/screenshot/capture::private-etc-screen-staging,objectives/collection/screenshot/capture/macos.yaml,traits,micro-behaviors/fs/path/system,implemented,"Image path beneath a system directory, not an acquisition operation.",micro-behaviors/fs/path/system::private-etc-image-path
objectives/collection/screenshot/capture::qnx-objc-photon-screen-attach,objectives/collection/screenshot/capture/objc-qnx.yaml,traits,micro-behaviors/hardware/display/connection,implemented,"Attaches to a display, without reading screen pixels.",micro-behaviors/hardware/display/connection::qnx-objc-photon-screen-attach
objectives/collection/screenshot/capture::qnx-objc-capture-api-path,objectives/collection/screenshot/capture/objc-qnx.yaml,traits,micro-behaviors/communications/http/url/endpoint,implemented,Capture/upload endpoint path; purpose alone does not establish the acquired data or transmission.,micro-behaviors/communications/http/url/endpoint::qnx-objc-capture-api-path
objectives/collection/monitor/capture::tgfrg-audio-upload-path,objectives/collection/monitor/capture/mp3-exfil.yaml,traits,micro-behaviors/communications/http/url/endpoint,implemented,Capture/upload endpoint path; purpose alone does not establish the acquired data or transmission.,micro-behaviors/communications/http/url/endpoint::tgfrg-audio-upload-path
objectives/collection/screenshot/capture::objc-x11-root-capture,objectives/collection/screenshot/capture/objc-x11.yaml,traits,micro-behaviors/ui/window/probe,implemented,Window/root-window or device-context access; no pixel readback is required.,micro-behaviors/ui/window/probe::objc-x11-root-window
micro-behaviors/hardware/display/screenshot::gdi-screen-device-context-source,micro-behaviors/hardware/display/screenshot/windows-gdi-source.yaml,traits,micro-behaviors/ui/window/probe,implemented,Window/root-window or device-context access; no pixel readback is required.,micro-behaviors/ui/window/probe::gdi-window-device-context-source
objectives/collection/screenshot/capture::objc-ppm-screenshot-temp,objectives/collection/screenshot/capture/objc-x11.yaml,traits,micro-behaviors/fs/path/media,implemented,"Image filename/path pattern, without capture operation. Specific source consumers retain explicit references.",micro-behaviors/fs/path/media::objc-ppm-screenshot-temp
objectives/collection/screenshot/capture::powershell-screenshot-folder,objectives/collection/screenshot/capture/powershell-screenshot-folder.yaml,traits,micro-behaviors/fs/path/media,implemented,"Image filename/path pattern, without capture operation. Specific source consumers retain explicit references.",micro-behaviors/fs/path/media::powershell-screenshot-folder
objectives/collection/screenshot/capture::screenshot-name-artifact,objectives/collection/screenshot/capture/python.yaml,traits,micro-behaviors/fs/path/media,implemented,"Image filename/path pattern, without capture operation. Specific source consumers retain explicit references.",micro-behaviors/fs/path/media::screenshot-name-artifact
objectives/collection/screenshot/capture::screenshot-image-extension,objectives/collection/screenshot/capture/python.yaml,traits,micro-behaviors/fs/path/media,implemented,"Image filename/path pattern, without capture operation. Specific source consumers retain explicit references.",micro-behaviors/fs/path/media::screenshot-image-extension
objectives/collection/screenshot/capture::go-screenshots-dir,objectives/collection/screenshot/capture/source.yaml,traits,micro-behaviors/fs/path/media,implemented,"Image filename/path pattern, without capture operation. Specific source consumers retain explicit references.",micro-behaviors/fs/path/media::go-screenshots-dir
objectives/collection/screenshot/capture::rust-randomized-png-filename,objectives/collection/screenshot/capture/source.yaml,traits,micro-behaviors/fs/path/media,implemented,"Image filename/path pattern, without capture operation. Specific source consumers retain explicit references.",micro-behaviors/fs/path/media::rust-randomized-png-filename
objectives/collection/screenshot/capture::screenshot-jpg-artifact,objectives/collection/screenshot/capture/windows.yaml,traits,micro-behaviors/fs/path/media,implemented,"Image filename/path pattern, without capture operation. Specific source consumers retain explicit references.",micro-behaviors/fs/path/media::screenshot-jpg-artifact
micro-behaviors/hardware/display/screenshot::screenshot-jpg-template,micro-behaviors/hardware/display/screenshot/dotnet.yaml,traits,micro-behaviors/fs/path/media,implemented,"Image filename/path pattern, without capture operation. Specific source consumers retain explicit references.",micro-behaviors/fs/path/media::screenshot-jpg-template
micro-behaviors/hardware/display/screenshot::screenshot-counter-filename,micro-behaviors/hardware/display/screenshot/javascript.yaml,traits,micro-behaviors/fs/path/media,implemented,"Image filename/path pattern, without capture operation. Specific source consumers retain explicit references.",micro-behaviors/fs/path/media::screenshot-counter-filename
objectives/collection/screenshot/capture::screenshot-tmp-snap-path,objectives/collection/screenshot/capture/tmp-staging.yaml,traits,micro-behaviors/fs/temp/reference,implemented,Temporary snapshot-name prefix; no image extension or capture operation is required.,micro-behaviors/fs/temp/reference::tmp-snap-path-prefix
objectives/collection/screenshot/capture::go-empty-recover,objectives/collection/screenshot/capture/go.yaml,traits,micro-behaviors/data/control-flow/error-handling,implemented,"Empty panic recovery is error suppression, not screenshot behavior.",micro-behaviors/data/control-flow/error-handling::go-empty-recover
objectives/collection/screenshot/capture::batch-goto-colon-loop,objectives/collection/screenshot/capture/batch.yaml,traits,micro-behaviors/data/control-flow/branch,implemented,Unconditional label jump; no capture operation is required.,micro-behaviors/data/control-flow/branch::batch-goto-colon-loop
objectives/collection/screenshot/capture::screen-primaryscreen,objectives/collection/screenshot/capture/source.yaml,traits,micro-behaviors/hardware/display/state,implemented,"Display geometry/monitor inventory, distinct from reading displayed pixels.",micro-behaviors/hardware/display/state::screen-primaryscreen
micro-behaviors/hardware/display/screenshot::embedded-powershell-screen-bounds,micro-behaviors/hardware/display/screenshot/embedded-powershell.yaml,traits,micro-behaviors/hardware/display/state,implemented,"Display geometry/monitor inventory, distinct from reading displayed pixels.",micro-behaviors/hardware/display/state::embedded-powershell-screen-bounds
micro-behaviors/hardware/display/screenshot::node-screenshots-monitor-all,micro-behaviors/hardware/display/screenshot/javascript.yaml,traits,micro-behaviors/hardware/display/state,implemented,"Display geometry/monitor inventory, distinct from reading displayed pixels.",micro-behaviors/hardware/display/state::node-screenshots-monitor-all
micro-behaviors/hardware/display/screenshot::gdi-screen-dimensions-source,micro-behaviors/hardware/display/screenshot/windows-gdi-source.yaml,traits,micro-behaviors/hardware/display/state,implemented,"Display geometry/monitor inventory, distinct from reading displayed pixels.",micro-behaviors/hardware/display/state::gdi-screen-dimensions-source
objectives/collection/screenshot/capture::cursor-position-draw,objectives/collection/screenshot/capture/source.yaml,traits,micro-behaviors/hardware/input/mouse/position,implemented,"Cursor position access, not cursor drawing or capture.",micro-behaviors/hardware/input/mouse/position::cursor-position-reference
objectives/collection/screenshot/capture::powershell-window-bounds,objectives/collection/screenshot/capture/windows.yaml,traits,micro-behaviors/ui/window/region,implemented,Window bounds query; capture consumers supply pixel acquisition.,micro-behaviors/ui/window/region::powershell-window-bounds
objectives/collection/screenshot/capture::powershell-enum-child-windows,objectives/collection/screenshot/capture/windows.yaml,traits,micro-behaviors/ui/window/enumerate,implemented,"Window/child-window enumeration, not screen capture.",micro-behaviors/ui/window/enumerate::powershell-enum-child-windows
objectives/collection/screenshot/capture::powershell-find-webview-child,objectives/collection/screenshot/capture/windows.yaml,traits,micro-behaviors/ui/window/enumerate,implemented,"Window/child-window enumeration, not screen capture.",micro-behaviors/ui/window/enumerate::powershell-find-webview-child
objectives/collection/screenshot/capture::powershell-child-window-enumeration,objectives/collection/screenshot/capture/windows.yaml,composite_rules,micro-behaviors/ui/window/enumerate,implemented,"Window/child-window enumeration, not screen capture.",micro-behaviors/ui/window/enumerate::powershell-child-window-enumeration
objectives/collection/screenshot/capture::powershell-chrome-widget-class,objectives/collection/screenshot/capture/windows.yaml,traits,micro-behaviors/ui/window/webview,implemented,"WebView/Chromium window-class identity, not captured image data.",micro-behaviors/ui/window/webview::powershell-chrome-widget-class
objectives/collection/screenshot/capture::powershell-chrome-render-class,objectives/collection/screenshot/capture/windows.yaml,traits,micro-behaviors/ui/window/webview,implemented,"WebView/Chromium window-class identity, not captured image data.",micro-behaviors/ui/window/webview::powershell-chrome-render-class
objectives/collection/screenshot/capture::powershell-webview-class-marker,objectives/collection/screenshot/capture/windows.yaml,composite_rules,micro-behaviors/ui/window/webview,implemented,"WebView/Chromium window-class identity, not captured image data.",micro-behaviors/ui/window/webview::powershell-webview-class-marker
objectives/collection/screenshot/capture::powershell-base64-image,objectives/collection/screenshot/capture/windows.yaml,traits,micro-behaviors/data/encode/base64,implemented,Image-related Base64 conversion; screenshot origin is not required by every alternative.,micro-behaviors/data/encode/base64::powershell-base64-image
micro-behaviors/hardware/display/screenshot::android-installed-apps-enumeration,micro-behaviors/hardware/display/screenshot/android-source.yaml,traits,micro-behaviors/os/package-manager/management,implemented,"Installed application enumeration, unrelated to screen capture.",micro-behaviors/os/package-manager/management::android-installed-apps-enumeration
micro-behaviors/hardware/display/screenshot::dotnet-capture-or-input-apis,micro-behaviors/hardware/display/screenshot/dotnet.yaml,composite_rules,micro-behaviors/ui/window/automation,implemented,Desktop input/capture alternatives or remote-desktop control tokens; no single capture source or export is required.,micro-behaviors/ui/window/automation::dotnet-capture-or-input-apis
objectives/collection/monitor/capture::remote-desktop-control-fragments--rx-1,objectives/collection/monitor/capture/go-rat-fragments.yaml,traits,micro-behaviors/ui/window/automation,implemented,Desktop input/capture alternatives or remote-desktop control tokens; no single capture source or export is required.,micro-behaviors/ui/window/automation::remote-desktop-control-fragments--rx-1
objectives/collection/monitor/capture::remote-desktop-control-fragments--rx-2,objectives/collection/monitor/capture/go-rat-fragments.yaml,traits,micro-behaviors/ui/window/automation,implemented,Desktop input/capture alternatives or remote-desktop control tokens; no single capture source or export is required.,micro-behaviors/ui/window/automation::remote-desktop-control-fragments--rx-2
objectives/collection/monitor/capture::remote-desktop-control-fragments,objectives/collection/monitor/capture/go-rat-fragments.yaml,composite_rules,micro-behaviors/ui/window/automation,implemented,Desktop input/capture alternatives or remote-desktop control tokens; no single capture source or export is required.,micro-behaviors/ui/window/automation::remote-desktop-control-fragments
micro-behaviors/hardware/display/screenshot::node-screenshots-jpeg-frame,micro-behaviors/hardware/display/screenshot/javascript.yaml,traits,micro-behaviors/data/encode/image/jpeg,implemented,JPEG encoding method; no screenshot acquisition is required.,micro-behaviors/data/encode/image/jpeg::node-screenshots-jpeg-frame
objectives/collection/monitor/capture::java-target-data-line-source,objectives/collection/monitor/capture/java-audio.yaml,traits,micro-behaviors/hardware/input/audio,implemented,"Audio capture interface reference, not a collection objective.",micro-behaviors/hardware/input/audio::java-target-data-line-source
micro-behaviors/hardware/display/native-capture::source-gdi-desktop-device-context,micro-behaviors/hardware/display/native-capture/traits.yaml,traits,micro-behaviors/ui/window/region,implemented,"Native/source form is not a subtechnique. Classify device context, bitmap allocation, raster copy, or desktop pixel capture.",micro-behaviors/ui/window/region::source-gdi-desktop-device-context
micro-behaviors/hardware/display/native-capture::source-gdi-compatible-device-context,micro-behaviors/hardware/display/native-capture/traits.yaml,traits,micro-behaviors/ui/graphics/draw,implemented,"Native/source form is not a subtechnique. Classify device context, bitmap allocation, raster copy, or desktop pixel capture.",micro-behaviors/ui/graphics/draw::source-gdi-compatible-device-context
micro-behaviors/hardware/display/native-capture::source-gdi-compatible-bitmap,micro-behaviors/hardware/display/native-capture/traits.yaml,traits,micro-behaviors/ui/graphics/image,implemented,"Native/source form is not a subtechnique. Classify device context, bitmap allocation, raster copy, or desktop pixel capture.",micro-behaviors/ui/graphics/image::source-gdi-compatible-bitmap
micro-behaviors/hardware/display/native-capture::source-gdi-raster-copy,micro-behaviors/hardware/display/native-capture/traits.yaml,traits,micro-behaviors/ui/graphics/draw,implemented,"Native/source form is not a subtechnique. Classify device context, bitmap allocation, raster copy, or desktop pixel capture.",micro-behaviors/ui/graphics/draw::source-gdi-raster-copy
micro-behaviors/hardware/display/native-capture::source-gdi-screen-capture-primitives,micro-behaviors/hardware/display/native-capture/traits.yaml,composite_rules,micro-behaviors/hardware/display/screenshot,implemented,"Native/source form is not a subtechnique. Classify device context, bitmap allocation, raster copy, or desktop pixel capture.",micro-behaviors/hardware/display/screenshot::source-gdi-screen-capture-primitives
objectives/collection/monitor/capture::go-snapshot-credential-filename,objectives/collection/monitor/capture/go-iot.yaml,traits,micro-behaviors/fs/path/media,implemented,"JPEG filename template, without required credential semantics or capture. Specific source consumers retain the exact reference.",micro-behaviors/fs/path/media::go-jpeg-filename-template
objectives/collection/screenshot/capture::nircmd-savescreenshot-loop,objectives/collection/screenshot/capture/batch.yaml,traits,objectives/collection/screenshot,implemented,Local screenshot collection. Collapse redundant capture child after screen-stream export leaves this branch.,objectives/collection/screenshot::nircmd-savescreenshot-loop
objectives/collection/screenshot/capture::screenshot-directory-create,objectives/collection/screenshot/capture/batch.yaml,traits,objectives/collection/screenshot,implemented,Local screenshot collection. Collapse redundant capture child after screen-stream export leaves this branch.,objectives/collection/screenshot::screenshot-directory-create
objectives/collection/screenshot/capture::batch-nircmd-screenshot-loop,objectives/collection/screenshot/capture/batch.yaml,composite_rules,objectives/collection/screenshot,implemented,Local screenshot collection. Collapse redundant capture child after screen-stream export leaves this branch.,objectives/collection/screenshot::batch-nircmd-screenshot-loop
objectives/collection/screenshot/capture::encrypted-pe-desktop-duplication,objectives/collection/screenshot/capture/desktop-duplication.yaml,composite_rules,objectives/collection/screenshot,implemented,Local screenshot collection. Collapse redundant capture child after screen-stream export leaves this branch.,objectives/collection/screenshot::encrypted-pe-desktop-duplication
objectives/collection/screenshot/capture::dotnet-managed-screenshot-encrypted-remote-control,objectives/collection/screenshot/capture/dotnet.yaml,composite_rules,objectives/collection/screenshot,implemented,Local screenshot collection. Collapse redundant capture child after screen-stream export leaves this branch.,objectives/collection/screenshot::dotnet-managed-screenshot-encrypted-remote-control
objectives/collection/screenshot/capture::dotnet-screenshot-file-capture,objectives/collection/screenshot/capture/dotnet.yaml,composite_rules,objectives/collection/screenshot,implemented,Local screenshot collection. Collapse redundant capture child after screen-stream export leaves this branch.,objectives/collection/screenshot::dotnet-screenshot-file-capture
objectives/collection/screenshot/capture::dotnet-screenshot-capture,objectives/collection/screenshot/capture/dotnet.yaml,composite_rules,objectives/collection/screenshot,implemented,Local screenshot collection. Collapse redundant capture child after screen-stream export leaves this branch.,objectives/collection/screenshot::dotnet-screenshot-capture
objectives/collection/screenshot/capture::dotnet-multimedia-surveillance-tcp,objectives/collection/screenshot/capture/dotnet.yaml,composite_rules,objectives/collection/screenshot,implemented,Local screenshot collection. Collapse redundant capture child after screen-stream export leaves this branch.,objectives/collection/screenshot::dotnet-multimedia-surveillance-tcp
objectives/collection/screenshot/capture::dotnet-resource-backed-screen-surveillance,objectives/collection/screenshot/capture/dotnet.yaml,composite_rules,objectives/collection/screenshot,implemented,Local screenshot collection. Collapse redundant capture child after screen-stream export leaves this branch.,objectives/collection/screenshot::dotnet-resource-backed-screen-surveillance
objectives/collection/screenshot/capture::go-windows-desktop-capture-reset,objectives/collection/screenshot/capture/go.yaml,traits,objectives/collection/screenshot,implemented,Local screenshot collection. Collapse redundant capture child after screen-stream export leaves this branch.,objectives/collection/screenshot::go-windows-desktop-capture-reset
objectives/collection/screenshot/capture::go-stealth-screenshot-capture,objectives/collection/screenshot/capture/go.yaml,composite_rules,objectives/collection/screenshot,implemented,Local screenshot collection. Collapse redundant capture child after screen-stream export leaves this branch.,objectives/collection/screenshot::go-stealth-screenshot-capture
objectives/collection/screenshot/capture::lua-ios-screenshot-capture,objectives/collection/screenshot/capture/lua-ios.yaml,composite_rules,objectives/collection/screenshot,implemented,Local screenshot collection. Collapse redundant capture child after screen-stream export leaves this branch.,objectives/collection/screenshot::lua-ios-screenshot-capture
objectives/collection/screenshot/capture::android-wireless-adb-c2-screenshot,objectives/collection/screenshot/capture/android-adb.yaml,composite_rules,objectives/collection/screenshot,implemented,Local screenshot collection. Collapse redundant capture child after screen-stream export leaves this branch.,objectives/collection/screenshot::android-wireless-adb-c2-screenshot
objectives/collection/screenshot/capture::lua-gdi-dib-screen-capture,objectives/collection/screenshot/capture/lua.yaml,composite_rules,objectives/collection/screenshot,implemented,Local screenshot collection. Collapse redundant capture child after screen-stream export leaves this branch.,objectives/collection/screenshot::lua-gdi-dib-screen-capture
objectives/collection/screenshot/capture::lua-gdi-screenshot-beacon,objectives/collection/screenshot/capture/lua.yaml,composite_rules,objectives/collection/screenshot,implemented,Local screenshot collection. Collapse redundant capture child after screen-stream export leaves this branch.,objectives/collection/screenshot::lua-gdi-screenshot-beacon
objectives/collection/screenshot/capture::objc-x11-getimage,objectives/collection/screenshot/capture/objc-x11.yaml,composite_rules,objectives/collection/screenshot,implemented,Local screenshot collection. Collapse redundant capture child after screen-stream export leaves this branch.,objectives/collection/screenshot::objc-x11-getimage
objectives/collection/screenshot/capture::objc-x11-screenshot-capture,objectives/collection/screenshot/capture/objc-x11.yaml,composite_rules,objectives/collection/screenshot,implemented,Local screenshot collection. Collapse redundant capture child after screen-stream export leaves this branch.,objectives/collection/screenshot::objc-x11-screenshot-capture
objectives/collection/screenshot/capture::python-exfiltrate-raw-name,objectives/collection/screenshot/capture/python.yaml,traits,objectives/collection/screenshot,implemented,Local screenshot collection. Collapse redundant capture child after screen-stream export leaves this branch.,objectives/collection/screenshot::python-exfiltrate-raw-name
objectives/collection/screenshot/capture::python-temp-screen-staging,objectives/collection/screenshot/capture/python.yaml,composite_rules,objectives/collection/screenshot,implemented,Local screenshot collection. Collapse redundant capture child after screen-stream export leaves this branch.,objectives/collection/screenshot::python-temp-screen-staging
objectives/collection/screenshot/capture::python-remote-surveillance-collection-agent,objectives/collection/screenshot/capture/python.yaml,composite_rules,objectives/collection/screenshot,implemented,Local screenshot collection. Collapse redundant capture child after screen-stream export leaves this branch.,objectives/collection/screenshot::python-remote-surveillance-collection-agent
objectives/collection/screenshot/capture::python-xor-endpoint-posts-shell-output,objectives/collection/screenshot/capture/python.yaml,composite_rules,objectives/collection/screenshot,implemented,Local screenshot collection. Collapse redundant capture child after screen-stream export leaves this branch.,objectives/collection/screenshot::python-xor-endpoint-posts-shell-output
objectives/collection/screenshot/capture::macos-tmp-snap-screenshot-capture,objectives/collection/screenshot/capture/tmp-staging.yaml,composite_rules,objectives/collection/screenshot,implemented,Local screenshot collection. Collapse redundant capture child after screen-stream export leaves this branch.,objectives/collection/screenshot::macos-tmp-snap-screenshot-capture
objectives/collection/screenshot/capture::x11-desktop-capture-reset-behavior,objectives/collection/screenshot/capture/x11-capture.yaml,composite_rules,objectives/collection/screenshot,implemented,Local screenshot collection. Collapse redundant capture child after screen-stream export leaves this branch.,objectives/collection/screenshot::x11-desktop-capture-reset-behavior
objectives/collection/screenshot/capture::ffmpeg-avfoundation-frame-capture,objectives/collection/screenshot/capture/macos.yaml,traits,objectives/collection/screenshot,implemented,Local screenshot collection. Collapse redundant capture child after screen-stream export leaves this branch.,objectives/collection/screenshot::ffmpeg-avfoundation-frame-capture
objectives/collection/screenshot/capture::macos-screenshot-launchd-surveillance,objectives/collection/screenshot/capture/macos.yaml,composite_rules,objectives/collection/screenshot,implemented,Local screenshot collection. Collapse redundant capture child after screen-stream export leaves this branch.,objectives/collection/screenshot::macos-screenshot-launchd-surveillance
objectives/collection/screenshot/capture::macos-ffmpeg-stealth-screenshot,objectives/collection/screenshot/capture/macos.yaml,composite_rules,objectives/collection/screenshot,implemented,Local screenshot collection. Collapse redundant capture child after screen-stream export leaves this branch.,objectives/collection/screenshot::macos-ffmpeg-stealth-screenshot
objectives/collection/screenshot/capture::jsp-desktop-image-response,objectives/collection/screenshot/capture/jsp.yaml,composite_rules,objectives/collection/screenshot,implemented,Local screenshot collection. Collapse redundant capture child after screen-stream export leaves this branch.,objectives/collection/screenshot::jsp-desktop-image-response
objectives/collection/screenshot/capture::android-accessibility-screen-capture,objectives/collection/screenshot/capture/android-accessibility-projection.yaml,composite_rules,objectives/collection/screenshot,implemented,Local screenshot collection. Collapse redundant capture child after screen-stream export leaves this branch.,objectives/collection/screenshot::android-accessibility-screen-capture
objectives/collection/screenshot/capture::android-a11y-settings-screen-rat,objectives/collection/screenshot/capture/android-accessibility-projection.yaml,composite_rules,objectives/collection/screenshot,implemented,Local screenshot collection. Collapse redundant capture child after screen-stream export leaves this branch.,objectives/collection/screenshot::android-a11y-settings-screen-rat
objectives/collection/screenshot/capture::powershell-full-desktop-capture-to-file,objectives/collection/screenshot/capture/powershell-desktop-file.yaml,composite_rules,objectives/collection/screenshot,implemented,Local screenshot collection. Collapse redundant capture child after screen-stream export leaves this branch.,objectives/collection/screenshot::powershell-full-desktop-capture-to-file
objectives/collection/screenshot/capture::powershell-desktop-capture-staged-machine-wide,objectives/collection/screenshot/capture/powershell-desktop-file.yaml,composite_rules,objectives/collection/screenshot,implemented,Local screenshot collection. Collapse redundant capture child after screen-stream export leaves this branch.,objectives/collection/screenshot::powershell-desktop-capture-staged-machine-wide
objectives/collection/screenshot/capture::powershell-copyfromscreen-programdata-png,objectives/collection/screenshot/capture/powershell-desktop-file.yaml,composite_rules,objectives/collection/screenshot,implemented,Local screenshot collection. Collapse redundant capture child after screen-stream export leaves this branch.,objectives/collection/screenshot::powershell-copyfromscreen-programdata-png
objectives/collection/screenshot/capture::powershell-virtualscreen-programdata-png,objectives/collection/screenshot/capture/powershell-desktop-file.yaml,composite_rules,objectives/collection/screenshot,implemented,Local screenshot collection. Collapse redundant capture child after screen-stream export leaves this branch.,objectives/collection/screenshot::powershell-virtualscreen-programdata-png
objectives/collection/screenshot/capture::powershell-virtualscreen-copyfromscreen-programdata,objectives/collection/screenshot/capture/powershell-desktop-file.yaml,composite_rules,objectives/collection/screenshot,implemented,Local screenshot collection. Collapse redundant capture child after screen-stream export leaves this branch.,objectives/collection/screenshot::powershell-virtualscreen-copyfromscreen-programdata
objectives/collection/screenshot/capture::ps-screenshot-loop--rx-7,objectives/collection/screenshot/capture/source.yaml,traits,objectives/collection/screenshot,implemented,Local screenshot collection. Collapse redundant capture child after screen-stream export leaves this branch.,objectives/collection/screenshot::ps-screenshot-loop--rx-7
objectives/collection/screenshot/capture::ps-screenshot-loop--rx-8,objectives/collection/screenshot/capture/source.yaml,traits,objectives/collection/screenshot,implemented,Local screenshot collection. Collapse redundant capture child after screen-stream export leaves this branch.,objectives/collection/screenshot::ps-screenshot-loop--rx-8
objectives/collection/screenshot/capture::csharp-screenshot,objectives/collection/screenshot/capture/source.yaml,composite_rules,objectives/collection/screenshot,implemented,Local screenshot collection. Collapse redundant capture child after screen-stream export leaves this branch.,objectives/collection/screenshot::csharp-screenshot
objectives/collection/screenshot/capture::powershell-addtype-screenshot,objectives/collection/screenshot/capture/source.yaml,composite_rules,objectives/collection/screenshot,implemented,Local screenshot collection. Collapse redundant capture child after screen-stream export leaves this branch.,objectives/collection/screenshot::powershell-addtype-screenshot
objectives/collection/screenshot/capture::powershell-screenshot-timer,objectives/collection/screenshot/capture/source.yaml,composite_rules,objectives/collection/screenshot,implemented,Local screenshot collection. Collapse redundant capture child after screen-stream export leaves this branch.,objectives/collection/screenshot::powershell-screenshot-timer
objectives/collection/screenshot/capture::go-rpc-screenshot-capture,objectives/collection/screenshot/capture/source.yaml,composite_rules,objectives/collection/screenshot,implemented,Local screenshot collection. Collapse redundant capture child after screen-stream export leaves this branch.,objectives/collection/screenshot::go-rpc-screenshot-capture
objectives/collection/screenshot/capture::rust-temp-png-screenshot,objectives/collection/screenshot/capture/source.yaml,composite_rules,objectives/collection/screenshot,implemented,Local screenshot collection. Collapse redundant capture child after screen-stream export leaves this branch.,objectives/collection/screenshot::rust-temp-png-screenshot
objectives/collection/screenshot/capture::ps-screenshot-loop,objectives/collection/screenshot/capture/source.yaml,composite_rules,objectives/collection/screenshot,implemented,Local screenshot collection. Collapse redundant capture child after screen-stream export leaves this branch.,objectives/collection/screenshot::ps-screenshot-loop
objectives/collection/screenshot/capture::gdi-screen-network-file-cleanup,objectives/collection/screenshot/capture/windows.yaml,composite_rules,objectives/collection/screenshot,implemented,Local screenshot collection. Collapse redundant capture child after screen-stream export leaves this branch.,objectives/collection/screenshot::gdi-screen-network-file-cleanup
objectives/collection/screenshot/capture::powershell-foreground-window-screenshot,objectives/collection/screenshot/capture/windows.yaml,composite_rules,objectives/collection/screenshot,implemented,Local screenshot collection. Collapse redundant capture child after screen-stream export leaves this branch.,objectives/collection/screenshot::powershell-foreground-window-screenshot
objectives/collection/screenshot/capture::powershell-protected-webview-capture,objectives/collection/screenshot/capture/windows.yaml,composite_rules,objectives/collection/screenshot,implemented,Local screenshot collection. Collapse redundant capture child after screen-stream export leaves this branch.,objectives/collection/screenshot::powershell-protected-webview-capture
objectives/collection/screenshot/capture::gdi-input-hook-surveillance,objectives/collection/screenshot/capture/windows.yaml,composite_rules,objectives/collection/screenshot,implemented,Local screenshot collection. Collapse redundant capture child after screen-stream export leaves this branch.,objectives/collection/screenshot::gdi-input-hook-surveillance
objectives/collection/screenshot/capture::gdi-window-capture,objectives/collection/screenshot/capture/windows.yaml,composite_rules,objectives/collection/screenshot,implemented,Local screenshot collection. Collapse redundant capture child after screen-stream export leaves this branch.,objectives/collection/screenshot::gdi-window-capture
objectives/collection/screenshot/capture::printwindow-window-capture,objectives/collection/screenshot/capture/windows.yaml,composite_rules,objectives/collection/screenshot,implemented,Local screenshot collection. Collapse redundant capture child after screen-stream export leaves this branch.,objectives/collection/screenshot::printwindow-window-capture
objectives/collection/screenshot/capture::gdi-capture-clipboard-desktop-access,objectives/collection/screenshot/capture/windows.yaml,composite_rules,objectives/collection/screenshot,implemented,Local screenshot collection. Collapse redundant capture child after screen-stream export leaves this branch.,objectives/collection/screenshot::gdi-capture-clipboard-desktop-access
objectives/collection/screenshot/capture::gdi-clipboard-socks5-executable-loader,objectives/collection/screenshot/capture/windows.yaml,composite_rules,objectives/collection/screenshot,implemented,Local screenshot collection. Collapse redundant capture child after screen-stream export leaves this branch.,objectives/collection/screenshot::gdi-clipboard-socks5-executable-loader
objectives/collection/screenshot/capture::gdi-capture-clipboard-hook-surveillance,objectives/collection/screenshot/capture/windows.yaml,composite_rules,objectives/collection/screenshot,implemented,Local screenshot collection. Collapse redundant capture child after screen-stream export leaves this branch.,objectives/collection/screenshot::gdi-capture-clipboard-hook-surveillance
objectives/collection/screenshot/capture::windows-stealer-dpapi-screen-exfil,objectives/collection/screenshot/capture/windows.yaml,composite_rules,objectives/collection/screenshot,implemented,Local screenshot collection. Collapse redundant capture child after screen-stream export leaves this branch.,objectives/collection/screenshot::windows-stealer-dpapi-screen-exfil
objectives/collection/screenshot/capture::gdi-keyboard-capture-through-tunnel,objectives/collection/screenshot/capture/windows.yaml,composite_rules,objectives/collection/screenshot,implemented,Local screenshot collection. Collapse redundant capture child after screen-stream export leaves this branch.,objectives/collection/screenshot::gdi-keyboard-capture-through-tunnel
objectives/collection/screenshot/capture::unsigned-obfuscated-screen-clipboard-surveillance,objectives/collection/screenshot/capture/windows.yaml,composite_rules,objectives/collection/screenshot,implemented,Local screenshot collection. Collapse redundant capture child after screen-stream export leaves this branch.,objectives/collection/screenshot::unsigned-obfuscated-screen-clipboard-surveillance
objectives/collection/monitor/capture::lame-mp3-http-audio-exfil,objectives/collection/monitor/capture/mp3-exfil.yaml,composite_rules,objectives/exfiltration/stealer/audio,implemented,"Audio data with export context. The source is sound, not necessarily microphone acquisition; MP3 encoding alone does not identify microphone origin.",objectives/exfiltration/stealer/audio::lame-mp3-http-audio-exfil
objectives/collection/monitor/capture::client-id-mp3-upload-exfil,objectives/collection/monitor/capture/mp3-exfil.yaml,composite_rules,objectives/exfiltration/stealer/audio,implemented,"Audio data with export context. The source is sound, not necessarily microphone acquisition; MP3 encoding alone does not identify microphone origin.",objectives/exfiltration/stealer/audio::client-id-mp3-upload-exfil
objectives/collection/monitor/capture::windows-audio-capture-http-exfil,objectives/collection/monitor/capture/windows.yaml,composite_rules,objectives/exfiltration/stealer/audio,implemented,"Audio data with export context. The source is sound, not necessarily microphone acquisition; MP3 encoding alone does not identify microphone origin.",objectives/exfiltration/stealer/audio::windows-audio-capture-http-exfil
objectives/collection/monitor/capture::windows-webcam-capture-http-exfil,objectives/collection/monitor/capture/windows.yaml,composite_rules,objectives/exfiltration/stealer/camera,implemented,Camera data or a specifically named webcam stream with remote delivery context. HTTP responses are delivery as well as outbound uploads.,objectives/exfiltration/stealer/camera::windows-webcam-capture-http-exfil
objectives/collection/monitor/capture::rust-http-webcam-stream,objectives/collection/monitor/capture/rust.yaml,composite_rules,objectives/exfiltration/stealer/camera,implemented,Camera data or a specifically named webcam stream with remote delivery context. HTTP responses are delivery as well as outbound uploads.,objectives/exfiltration/stealer/camera::rust-http-webcam-stream
objectives/collection/monitor/capture::rust-ngrok-webcam-surveillance,objectives/collection/monitor/capture/rust.yaml,composite_rules,objectives/exfiltration/stealer/camera,implemented,Camera data or a specifically named webcam stream with remote delivery context. HTTP responses are delivery as well as outbound uploads.,objectives/exfiltration/stealer/camera::rust-ngrok-webcam-surveillance
objectives/collection/monitor/capture::rust-tunneled-webcam-stream-dispatch,objectives/collection/monitor/capture/rust.yaml,composite_rules,objectives/exfiltration/stealer/camera,implemented,Camera data or a specifically named webcam stream with remote delivery context. HTTP responses are delivery as well as outbound uploads.,objectives/exfiltration/stealer/camera::rust-tunneled-webcam-stream-dispatch
objectives/collection/monitor/capture::hardware-assisted-screen-relay,objectives/collection/monitor/capture/remote-presence.yaml,composite_rules,objectives/exfiltration/stealer/screen,implemented,"Display content delivered through stream responses, public relays, or tunnels. Transport does not override the acquired source.",objectives/exfiltration/stealer/screen::hardware-assisted-screen-relay
objectives/collection/monitor/capture::rust-http-desktop-stream,objectives/collection/monitor/capture/rust.yaml,composite_rules,objectives/exfiltration/stealer/screen,implemented,"Display content delivered through stream responses, public relays, or tunnels. Transport does not override the acquired source.",objectives/exfiltration/stealer/screen::rust-http-desktop-stream
objectives/collection/monitor/capture::rust-tunneled-desktop-stream-dispatch,objectives/collection/monitor/capture/rust.yaml,composite_rules,objectives/exfiltration/stealer/screen,implemented,"Display content delivered through stream responses, public relays, or tunnels. Transport does not override the acquired source.",objectives/exfiltration/stealer/screen::rust-tunneled-desktop-stream-dispatch
objectives/collection/monitor/capture::go-session-multi-sensor-stream,objectives/collection/monitor/capture/go-rat-fragments.yaml,composite_rules,objectives/exfiltration/stealer/multi-source,implemented,"Independently required screen/camera streams, or at least two exact distinct screen/microphone/camera stream markers. This is not a threshold over overlapping directory indicators.",objectives/exfiltration/stealer/multi-source::go-session-multi-sensor-stream
objectives/collection/monitor/capture::rust-dual-stream-surveillance,objectives/collection/monitor/capture/rust.yaml,composite_rules,objectives/exfiltration/stealer/multi-source,implemented,"Independently required screen/camera streams, or at least two exact distinct screen/microphone/camera stream markers. This is not a threshold over overlapping directory indicators.",objectives/exfiltration/stealer/multi-source::rust-dual-stream-surveillance
objectives/collection/monitor/capture::rust-ngrok-surveillance-stream,objectives/collection/monitor/capture/rust.yaml,composite_rules,objectives/exfiltration/stealer/multi-source,implemented,"Independently required screen/camera streams, or at least two exact distinct screen/microphone/camera stream markers. This is not a threshold over overlapping directory indicators.",objectives/exfiltration/stealer/multi-source::rust-ngrok-surveillance-stream
objectives/collection/monitor/capture::rust-tunneled-dual-stream-dispatch,objectives/collection/monitor/capture/rust.yaml,composite_rules,objectives/exfiltration/stealer/multi-source,implemented,"Independently required screen/camera streams, or at least two exact distinct screen/microphone/camera stream markers. This is not a threshold over overlapping directory indicators.",objectives/exfiltration/stealer/multi-source::rust-tunneled-dual-stream-dispatch
objectives/exfiltration/stealer/surveillance::browser-av-recording-form-upload,objectives/exfiltration/stealer/surveillance/browser-av-upload.yaml,composite_rules,objectives/exfiltration/stealer/audiovisual,implemented,"Recorded user media is sent, but getUserMedia leaves audio/video selection open. One recording may contain either or both; it is not proof of independently stolen datasets.",objectives/exfiltration/stealer/audiovisual::browser-av-recording-form-upload
objectives/exfiltration/stealer/surveillance::android-accessibility-transaction-spyware,objectives/exfiltration/stealer/surveillance/android-accessibility-screen-rat.yaml,composite_rules,objectives/exfiltration/stealer/screen,implemented,"Required screen capture accompanies a transaction-control protocol or screen-sender fields. Account paths, recorder references and SMS commands remain supporting context, not separate proven export sources.",objectives/exfiltration/stealer/screen::android-screen-transaction-channel
objectives/exfiltration/stealer/surveillance::android-transaction-account-spyware,objectives/exfiltration/stealer/surveillance/android-accessibility-screen-rat.yaml,composite_rules,objectives/exfiltration/stealer/screen,implemented,"Required screen capture accompanies a transaction-control protocol or screen-sender fields. Account paths, recorder references and SMS commands remain supporting context, not separate proven export sources.",objectives/exfiltration/stealer/screen::android-screen-channel-account-reference
objectives/exfiltration/stealer/surveillance::android-obfuscated-screen-sms-surveillance-rat,objectives/exfiltration/stealer/surveillance/android-accessibility-screen-rat.yaml,composite_rules,objectives/exfiltration/stealer/screen,implemented,"Required screen capture accompanies a transaction-control protocol or screen-sender fields. Account paths, recorder references and SMS commands remain supporting context, not separate proven export sources.",objectives/exfiltration/stealer/screen::android-obfuscated-screen-sms-export
objectives/exfiltration/stealer/surveillance::js-spyware-bundle,objectives/exfiltration/stealer/surveillance/javascript-keylog-screenshot.yaml,composite_rules,objectives/exfiltration/stealer/multi-source,implemented,Required keyboard-listener and screenshot capabilities with HTTP-client context support a probable multi-source export inference. Keep static-evidence strength explicit.,objectives/exfiltration/stealer/multi-source::js-keyboard-screen-http-collector
objectives/exfiltration/stealer/surveillance::js-wallet-spyware-collector,objectives/exfiltration/stealer/surveillance/javascript-keylog-screenshot.yaml,composite_rules,objectives/collection/multi-source,implemented,"Required keyboard and screenshot acquisition clues, with wallet terms and form preparation but no required transfer client.",objectives/collection/multi-source::js-keyboard-screen-wallet-collector
objectives/exfiltration/stealer/surveillance::obfuscated-java-capture-archive-upload,objectives/exfiltration/stealer/surveillance/java-robot-archive.yaml,composite_rules,objectives/collection/archive/stage,implemented,Obfuscated Java code combines ZIP staging and multipart preparation. Robot is general desktop automation; neither screen acquisition nor sending is required.,objectives/collection/archive/stage::obfuscated-java-archive-form-staging
objectives/exfiltration/stealer/surveillance::windows-opaque-clipboard-surveillance-loader,objectives/exfiltration/stealer/surveillance/windows.yaml,composite_rules,objectives/collection/clipboard/capture,implemented,"Clipboard access with opaque code and temporary staging; raster copying does not identify a second captured source, and no transfer or payload execution is required.",objectives/collection/clipboard/capture::windows-opaque-clipboard-collector
objectives/collection/monitor/capture::java-microphone-capture-to-file,objectives/collection/monitor/capture/java-audio.yaml,composite_rules,objectives/collection/audio,implemented,"Probable local acquisition of audio, with file/encoding/staging or additional collection context; no required export.",objectives/collection/audio::java-microphone-capture-to-file
objectives/collection/monitor/capture::lame-mp3-microphone-capture,objectives/collection/monitor/capture/mp3-exfil.yaml,composite_rules,objectives/collection/audio,implemented,"Probable local acquisition of audio, with file/encoding/staging or additional collection context; no required export.",objectives/collection/audio::lame-mp3-microphone-capture
objectives/collection/monitor/capture::rust-random-temp-wav-recording,objectives/collection/monitor/capture/rust.yaml,composite_rules,objectives/collection/audio,implemented,"Probable local acquisition of audio, with file/encoding/staging or additional collection context; no required export.",objectives/collection/audio::rust-random-temp-wav-recording
objectives/collection/monitor/capture::rust-covert-timed-mic-wav,objectives/collection/monitor/capture/rust.yaml,composite_rules,objectives/collection/audio,implemented,"Probable local acquisition of audio, with file/encoding/staging or additional collection context; no required export.",objectives/collection/audio::rust-covert-timed-mic-wav
objectives/collection/monitor/capture::android-sideload-audio-recorder,objectives/collection/monitor/capture/android-camera-audio-screen.yaml,composite_rules,objectives/collection/audio,implemented,"Probable local acquisition of audio, with file/encoding/staging or additional collection context; no required export.",objectives/collection/audio::android-sideload-audio-recorder
objectives/collection/monitor/capture::go-compromised-camera-snapshot,objectives/collection/monitor/capture/go-iot.yaml,composite_rules,objectives/collection/camera,implemented,Camera acquisition with device compromise or existing collection inference; no export. Preserve severity for this relocation; review bare API-combination intent independently.,objectives/collection/camera::go-compromised-camera-snapshot
objectives/collection/monitor/capture::powershell-avicap-savedib-capture,objectives/collection/monitor/capture/powershell-avicap.yaml,composite_rules,objectives/collection/camera,implemented,Camera acquisition with device compromise or existing collection inference; no export. Preserve severity for this relocation; review bare API-combination intent independently.,objectives/collection/camera::powershell-avicap-savedib-capture
objectives/collection/monitor/capture::powershell-avicap-grab-capture,objectives/collection/monitor/capture/powershell-avicap.yaml,composite_rules,objectives/collection/camera,implemented,Camera acquisition with device compromise or existing collection inference; no export. Preserve severity for this relocation; review bare API-combination intent independently.,objectives/collection/camera::powershell-avicap-grab-capture
objectives/collection/monitor/capture::powershell-vfw-savedib-grab,objectives/collection/monitor/capture/powershell-avicap.yaml,composite_rules,objectives/collection/camera,implemented,Camera acquisition with device compromise or existing collection inference; no export. Preserve severity for this relocation; review bare API-combination intent independently.,objectives/collection/camera::powershell-vfw-savedib-grab
objectives/collection/monitor/capture::go-multi-sensor-surveillance-collection,objectives/collection/monitor/capture/go-surveillance.yaml,composite_rules,objectives/collection/multi-source,implemented,"Separately required sources such as screen/camera or keyboard/clipboard; local collection, not transfer. Supporting capabilities stay neutral.",objectives/collection/multi-source::go-multi-sensor-surveillance-collection
objectives/collection/monitor/capture::android-camera-screen-capture,objectives/collection/monitor/capture/android-camera-audio-screen.yaml,composite_rules,objectives/collection/multi-source,implemented,"Separately required sources such as screen/camera or keyboard/clipboard; local collection, not transfer. Supporting capabilities stay neutral.",objectives/collection/multi-source::android-camera-screen-capture
objectives/collection/monitor/capture::android-sms-camera-screen-spyware,objectives/collection/monitor/capture/android-camera-audio-screen.yaml,composite_rules,objectives/collection/multi-source,implemented,"Separately required sources such as screen/camera or keyboard/clipboard; local collection, not transfer. Supporting capabilities stay neutral.",objectives/collection/multi-source::android-sms-camera-screen-spyware
objectives/collection/monitor/capture::android-audio-video-spyware,objectives/collection/monitor/capture/android-camera-audio-screen.yaml,composite_rules,objectives/collection/multi-source,implemented,"Separately required sources such as screen/camera or keyboard/clipboard; local collection, not transfer. Supporting capabilities stay neutral.",objectives/collection/multi-source::android-audio-video-spyware
objectives/collection/monitor/capture::android-accessibility-sensor-spyware,objectives/collection/monitor/capture/source-android-camera-audio-screen.yaml,composite_rules,objectives/collection/multi-source,implemented,"Separately required sources such as screen/camera or keyboard/clipboard; local collection, not transfer. Supporting capabilities stay neutral.",objectives/collection/multi-source::android-accessibility-sensor-spyware
objectives/collection/monitor/capture::windows-native-surveillance-stealer,objectives/collection/monitor/capture/windows-input-screen-collector.yaml,composite_rules,objectives/collection/multi-source,implemented,"Separately required sources such as screen/camera or keyboard/clipboard; local collection, not transfer. Supporting capabilities stay neutral.",objectives/collection/multi-source::windows-native-surveillance-stealer
objectives/collection/monitor/capture::go-redundant-persistence-watchdog,objectives/collection/monitor/capture/go-surveillance.yaml,composite_rules,objectives/persistence/login/multi-technique,implemented,"Required service, Run-key and scheduled-task persistence. The optional screenshot clue is context, not this rule's defining purpose.",objectives/persistence/login/multi-technique::go-multi-mechanism-persistence
objectives/collection/monitor/capture::go-windows-keylogger-foreground,objectives/collection/monitor/capture/go-surveillance.yaml,composite_rules,objectives/collection/keylog/polling,implemented,Keyboard-state polling with foreground context and character translation. Use the polling technique rather than the oversized generic capture leaf.,objectives/collection/keylog/polling::go-windows-keylogger-foreground
objectives/collection/monitor/capture::ai-agent-persistent-memory-capture,objectives/collection/monitor/capture/agent-skill.yaml,composite_rules,objectives/collection/monitor/agent-observation,implemented,"Captures persistent agent/session memory; the observed source is agent activity, not hardware capture.",objectives/collection/monitor/agent-observation::ai-agent-persistent-memory-capture
objectives/collection/monitor/capture::ai-agent-prompted-user-data-collection,objectives/collection/monitor/capture/agent-skill.yaml,composite_rules,objectives/collection/file-targeting/llm,implemented,"Prompt-directed selection of user folders and sensitive data, without a required upload.",objectives/collection/file-targeting/llm::ai-agent-prompted-user-data-collection
objectives/collection/monitor/capture::go-camera-snapshot-request,objectives/collection/monitor/capture/go-iot.yaml,composite_rules,micro-behaviors/hardware/display/camera,implemented,"Camera-specific interfaces, source paths, frame commands or named stream routes. Code references support probable capability without proving surveillance.",micro-behaviors/hardware/display/camera::go-camera-snapshot-request
objectives/collection/monitor/capture::camera-framework-paths,objectives/collection/monitor/capture/rust-rat.yaml,traits,micro-behaviors/hardware/display/camera,implemented,"Camera-specific interfaces, source paths, frame commands or named stream routes. Code references support probable capability without proving surveillance.",micro-behaviors/hardware/display/camera::camera-framework-paths
objectives/collection/monitor/capture::powershell-avicap-dllimport,objectives/collection/monitor/capture/powershell-avicap.yaml,traits,micro-behaviors/hardware/display/camera,implemented,"Camera-specific interfaces, source paths, frame commands or named stream routes. Code references support probable capability without proving surveillance.",micro-behaviors/hardware/display/camera::powershell-avicap-dllimport
objectives/collection/monitor/capture::powershell-vfw-savedib,objectives/collection/monitor/capture/powershell-avicap.yaml,traits,micro-behaviors/hardware/display/camera,implemented,"Camera-specific interfaces, source paths, frame commands or named stream routes. Code references support probable capability without proving surveillance.",micro-behaviors/hardware/display/camera::powershell-vfw-savedib
objectives/collection/monitor/capture::powershell-vfw-grab-frame,objectives/collection/monitor/capture/powershell-avicap.yaml,traits,micro-behaviors/hardware/display/camera,implemented,"Camera-specific interfaces, source paths, frame commands or named stream routes. Code references support probable capability without proving surveillance.",micro-behaviors/hardware/display/camera::powershell-vfw-grab-frame
objectives/collection/monitor/capture::webcam-stream-handler,objectives/collection/monitor/capture/rust.yaml,traits,micro-behaviors/hardware/display/camera,implemented,"Camera-specific interfaces, source paths, frame commands or named stream routes. Code references support probable capability without proving surveillance.",micro-behaviors/hardware/display/camera::webcam-stream-handler
objectives/collection/monitor/capture::stream-webcam-command,objectives/collection/monitor/capture/rust.yaml,traits,micro-behaviors/hardware/display/camera,implemented,"Camera-specific interfaces, source paths, frame commands or named stream routes. Code references support probable capability without proving surveillance.",micro-behaviors/hardware/display/camera::stream-webcam-command
objectives/collection/monitor/capture::webcam-microphone-fragments,objectives/collection/monitor/capture/go-rat-fragments.yaml,traits,micro-behaviors/hardware/input/media,implemented,Alternatives among webcam or microphone control tokens; neither device class is independently required.,micro-behaviors/hardware/input/media::webcam-microphone-fragments
micro-behaviors/hardware/display/camera::browser-media-capture-api,micro-behaviors/hardware/display/camera/web.yaml,traits,micro-behaviors/hardware/input/media,implemented,"getUserMedia may acquire audio, video, or both; classify general audiovisual input rather than asserting a camera source.",micro-behaviors/hardware/input/media::browser-media-capture-api
micro-behaviors/hardware/input/audio::android-media-recorder-reference,micro-behaviors/hardware/input/audio/android.yaml,traits,micro-behaviors/data/stream/record,implemented,MediaRecorder can record audio or video and does not identify a microphone by itself. The reference follows recording mechanics.,micro-behaviors/data/stream/record::android-media-recorder-reference
micro-behaviors/hardware/display/record::media-stream-recorder,micro-behaviors/hardware/display/record/javascript.yaml,traits,micro-behaviors/data/stream/record,implemented,"MediaRecorder stores stream chunks, including synthetic streams. It does not inherently acquire display or hardware input.",micro-behaviors/data/stream/record::media-stream-recorder
micro-behaviors/hardware/display/record::media-recorder-data-handler,micro-behaviors/hardware/display/record/javascript.yaml,traits,micro-behaviors/data/stream/record,implemented,"MediaRecorder stores stream chunks, including synthetic streams. It does not inherently acquire display or hardware input.",micro-behaviors/data/stream/record::media-recorder-data-handler
objectives/collection/monitor/capture::randomized-wav-filename-format,objectives/collection/monitor/capture/rust.yaml,traits,micro-behaviors/fs/path/media,implemented,WAV filename template; randomness and microphone origin require other evidence.,micro-behaviors/fs/path/media::wav-filename-template
objectives/collection/monitor/capture::rust-timed-audio-record-api,objectives/collection/monitor/capture/rust.yaml,traits,micro-behaviors/data/stream/record,implemented,Function declaration for timed recording; its name alone does not identify the recording source.,micro-behaviors/data/stream/record::rust-timed-record-declaration
objectives/collection/monitor/capture::stream-handler-fn,objectives/collection/monitor/capture/rust.yaml,traits,micro-behaviors/process/io/stream,implemented,Generic stream handler or shutdown marker; no particular media source or network protocol is required.,micro-behaviors/process/io/stream::stream-handler-fn
objectives/collection/monitor/capture::stream-stop-function,objectives/collection/monitor/capture/rust.yaml,traits,micro-behaviors/process/io/stream,implemented,Generic stream handler or shutdown marker; no particular media source or network protocol is required.,micro-behaviors/process/io/stream::stream-stop-function
objectives/collection/monitor/capture::stream-handler-route,objectives/collection/monitor/capture/rust.yaml,traits,micro-behaviors/communications/http/server/route,implemented,HTTP root route to a desktop or webcam stream handler; route definition has no required external delivery.,micro-behaviors/communications/http/server/route::stream-handler-route
objectives/collection/monitor/capture::local-tunnel-start,objectives/collection/monitor/capture/rust.yaml,traits,micro-behaviors/communications/proxy/tunnel,implemented,Local HTTP tunnel bootstrap/server selection. Numeric selector 1 or 2 does not independently identify desktop or camera data.,micro-behaviors/communications/proxy/tunnel::local-tunnel-start
objectives/collection/monitor/capture::desktop-tunnel-server,objectives/collection/monitor/capture/rust.yaml,traits,micro-behaviors/communications/proxy/tunnel,implemented,Local HTTP tunnel bootstrap/server selection. Numeric selector 1 or 2 does not independently identify desktop or camera data.,micro-behaviors/communications/proxy/tunnel::local-http-tunnel-server-one
objectives/collection/monitor/capture::webcam-tunnel-server,objectives/collection/monitor/capture/rust.yaml,traits,micro-behaviors/communications/proxy/tunnel,implemented,Local HTTP tunnel bootstrap/server selection. Numeric selector 1 or 2 does not independently identify desktop or camera data.,micro-behaviors/communications/proxy/tunnel::local-http-tunnel-server-two
objectives/collection/monitor/capture::screen-webcam-control-labels,objectives/collection/monitor/capture/rust-rat.yaml,traits,micro-behaviors/hardware/display/stream,implemented,"Screen-stream controls, frames or named routes. Do not label screen_start/screen_stop as webcam controls.",micro-behaviors/hardware/display/stream::screen-stream-control-labels
objectives/collection/monitor/capture::screen-frame-label,objectives/collection/monitor/capture/rust-rat.yaml,traits,micro-behaviors/hardware/display/stream,implemented,"Screen-stream controls, frames or named routes. Do not label screen_start/screen_stop as webcam controls.",micro-behaviors/hardware/display/stream::screen-frame-label
objectives/collection/monitor/capture::image-screen-frame-label,objectives/collection/monitor/capture/rust-rat.yaml,traits,micro-behaviors/hardware/display/stream,implemented,"Screen-stream controls, frames or named routes. Do not label screen_start/screen_stop as webcam controls.",micro-behaviors/hardware/display/stream::image-screen-frame-label
objectives/collection/monitor/capture::desktop-stream-handler,objectives/collection/monitor/capture/rust.yaml,traits,micro-behaviors/hardware/display/stream,implemented,"Screen-stream controls, frames or named routes. Do not label screen_start/screen_stop as webcam controls.",micro-behaviors/hardware/display/stream::desktop-stream-handler
objectives/collection/monitor/capture::stream-desktop-command,objectives/collection/monitor/capture/rust.yaml,traits,micro-behaviors/hardware/display/stream,implemented,"Screen-stream controls, frames or named routes. Do not label screen_start/screen_stop as webcam controls.",micro-behaviors/hardware/display/stream::stream-desktop-command
objectives/collection/monitor/watch::windows-user-activity-collection-triad,objectives/collection/monitor/watch/windows.yaml,composite_rules,objectives/collection/multi-source,implemented,"Required keylogging, screenshot and clipboard acquisition; collection context rather than exported data.",objectives/collection/multi-source::windows-user-activity-collection-triad
micro-behaviors/hardware/input/audio::android-audio-recording-capability,micro-behaviors/hardware/input/audio/android.yaml,composite_rules,micro-behaviors/hardware/input/media,implemented,"Alternatives include a generic media recorder or audio authority. The common capability is media acquisition/recording, not necessarily microphone audio.",micro-behaviors/hardware/input/media::android-recording-api-or-audio-authority
objectives/collection/keylog/capture::osascript-title,objectives/collection/keylog/capture/traits.yaml,traits,micro-behaviors/process/create/script/osascript,implemented,Interpreter references or execution; no keyboard acquisition is required.,micro-behaviors/process/create/script/osascript::osascript-title
objectives/collection/keylog/capture::osascript-upper,objectives/collection/keylog/capture/traits.yaml,traits,micro-behaviors/process/create/script/osascript,implemented,Interpreter references or execution; no keyboard acquisition is required.,micro-behaviors/process/create/script/osascript::osascript-upper
objectives/collection/keylog/capture::osascript-keyword,objectives/collection/keylog/capture/traits.yaml,composite_rules,micro-behaviors/process/create/script/osascript,implemented,Interpreter references or execution; no keyboard acquisition is required.,micro-behaviors/process/create/script/osascript::osascript-keyword
objectives/collection/keylog/capture::osascript-exec-via-execsync,objectives/collection/keylog/capture/traits.yaml,composite_rules,micro-behaviors/process/create/script/osascript,implemented,Interpreter references or execution; no keyboard acquisition is required.,micro-behaviors/process/create/script/osascript::osascript-exec-via-execsync
objectives/collection/keylog/capture::node-applescript,objectives/collection/keylog/capture/traits.yaml,composite_rules,micro-behaviors/process/create/script/osascript,implemented,Interpreter references or execution; no keyboard acquisition is required.,micro-behaviors/process/create/script/osascript::node-applescript
objectives/collection/keylog/capture::system-events-lower,objectives/collection/keylog/capture/traits.yaml,traits,micro-behaviors/process/create/script/automation,implemented,System Events automation target; keyboard operations must be established independently.,micro-behaviors/process/create/script/automation::system-events-lower
objectives/collection/keylog/capture::system-events-title,objectives/collection/keylog/capture/traits.yaml,traits,micro-behaviors/process/create/script/automation,implemented,System Events automation target; keyboard operations must be established independently.,micro-behaviors/process/create/script/automation::system-events-title
objectives/collection/keylog/capture::system-events-upper,objectives/collection/keylog/capture/traits.yaml,traits,micro-behaviors/process/create/script/automation,implemented,System Events automation target; keyboard operations must be established independently.,micro-behaviors/process/create/script/automation::system-events-upper
objectives/collection/keylog/capture::system-events-phrase,objectives/collection/keylog/capture/traits.yaml,composite_rules,micro-behaviors/process/create/script/automation,implemented,System Events automation target; keyboard operations must be established independently.,micro-behaviors/process/create/script/automation::system-events-phrase
objectives/collection/keylog/capture::key-down-lower,objectives/collection/keylog/capture/traits.yaml,traits,micro-behaviors/hardware/input/keyboard/simulate,implemented,System Events keystroke automation generates input. It is not observation of typed input.,micro-behaviors/hardware/input/keyboard/simulate::key-down-lower
objectives/collection/keylog/capture::key-down-title,objectives/collection/keylog/capture/traits.yaml,traits,micro-behaviors/hardware/input/keyboard/simulate,implemented,System Events keystroke automation generates input. It is not observation of typed input.,micro-behaviors/hardware/input/keyboard/simulate::key-down-title
objectives/collection/keylog/capture::key-down-upper,objectives/collection/keylog/capture/traits.yaml,traits,micro-behaviors/hardware/input/keyboard/simulate,implemented,System Events keystroke automation generates input. It is not observation of typed input.,micro-behaviors/hardware/input/keyboard/simulate::key-down-upper
objectives/collection/keylog/capture::key-down-phrase,objectives/collection/keylog/capture/traits.yaml,composite_rules,micro-behaviors/hardware/input/keyboard/simulate,implemented,System Events keystroke automation generates input. It is not observation of typed input.,micro-behaviors/hardware/input/keyboard/simulate::key-down-phrase
objectives/collection/keylog/capture::applescript-keystroke,objectives/collection/keylog/capture/traits.yaml,composite_rules,micro-behaviors/hardware/input/keyboard/simulate,implemented,System Events keystroke automation generates input. It is not observation of typed input.,micro-behaviors/hardware/input/keyboard/simulate::applescript-keystroke-automation
objectives/collection/keylog/capture::jxa-keystroke,objectives/collection/keylog/capture/traits.yaml,composite_rules,micro-behaviors/hardware/input/keyboard/simulate,implemented,System Events keystroke automation generates input. It is not observation of typed input.,micro-behaviors/hardware/input/keyboard/simulate::jxa-keystroke-automation
objectives/collection/keylog/capture::keystroke-lower,objectives/collection/keylog/capture/traits.yaml,traits,micro-behaviors/hardware/input/keyboard/label,implemented,"Names, key labels, or declared/placeholder keylogging. The wording is a capability clue; it does not independently establish event acquisition.",micro-behaviors/hardware/input/keyboard/label::keystroke-lower
objectives/collection/keylog/capture::keystroke-title,objectives/collection/keylog/capture/traits.yaml,traits,micro-behaviors/hardware/input/keyboard/label,implemented,"Names, key labels, or declared/placeholder keylogging. The wording is a capability clue; it does not independently establish event acquisition.",micro-behaviors/hardware/input/keyboard/label::keystroke-title
objectives/collection/keylog/capture::keystroke-upper,objectives/collection/keylog/capture/traits.yaml,traits,micro-behaviors/hardware/input/keyboard/label,implemented,"Names, key labels, or declared/placeholder keylogging. The wording is a capability clue; it does not independently establish event acquisition.",micro-behaviors/hardware/input/keyboard/label::keystroke-upper
objectives/collection/keylog/capture::keystroke-keyword,objectives/collection/keylog/capture/traits.yaml,composite_rules,micro-behaviors/hardware/input/keyboard/label,implemented,"Names, key labels, or declared/placeholder keylogging. The wording is a capability clue; it does not independently establish event acquisition.",micro-behaviors/hardware/input/keyboard/label::keystroke-keyword
objectives/collection/keylog/capture::applescript-keywords,objectives/collection/keylog/capture/traits.yaml,composite_rules,micro-behaviors/hardware/input/keyboard/label,implemented,"Names, key labels, or declared/placeholder keylogging. The wording is a capability clue; it does not independently establish event acquisition.",micro-behaviors/hardware/input/keyboard/label::applescript-keywords
objectives/collection/keylog/capture::jxa-keystroke-keywords,objectives/collection/keylog/capture/traits.yaml,composite_rules,micro-behaviors/hardware/input/keyboard/label,implemented,"Names, key labels, or declared/placeholder keylogging. The wording is a capability clue; it does not independently establish event acquisition.",micro-behaviors/hardware/input/keyboard/label::jxa-keystroke-keywords
objectives/collection/keylog/capture::keylogger-identity-label,objectives/collection/keylog/capture/traits.yaml,composite_rules,micro-behaviors/hardware/input/keyboard/label,implemented,"Names, key labels, or declared/placeholder keylogging. The wording is a capability clue; it does not independently establish event acquisition.",micro-behaviors/hardware/input/keyboard/label::keylogger-identity-label
objectives/collection/keylog/capture::rust-special-key-label-run,objectives/collection/keylog/capture/rust.yaml,traits,micro-behaviors/hardware/input/keyboard/label,implemented,"Names, key labels, or declared/placeholder keylogging. The wording is a capability clue; it does not independently establish event acquisition.",micro-behaviors/hardware/input/keyboard/label::rust-special-key-label-run
objectives/collection/keylog/capture::python-keylog-result-label,objectives/collection/keylog/capture/result-label.yaml,traits,micro-behaviors/hardware/input/keyboard/label,implemented,"Names, key labels, or declared/placeholder keylogging. The wording is a capability clue; it does not independently establish event acquisition.",micro-behaviors/hardware/input/keyboard/label::python-keylog-result-label
objectives/collection/keylog/capture::keylogger-not-implemented,objectives/collection/keylog/capture/simulated.yaml,traits,micro-behaviors/hardware/input/keyboard/label,implemented,"Names, key labels, or declared/placeholder keylogging. The wording is a capability clue; it does not independently establish event acquisition.",micro-behaviors/hardware/input/keyboard/label::keylogger-not-implemented
objectives/collection/keylog/capture::keylogger-placeholder-mode,objectives/collection/keylog/capture/simulated.yaml,traits,micro-behaviors/hardware/input/keyboard/label,implemented,"Names, key labels, or declared/placeholder keylogging. The wording is a capability clue; it does not independently establish event acquisition.",micro-behaviors/hardware/input/keyboard/label::keylogger-placeholder-mode
objectives/collection/keylog/capture::simulated-keylogger,objectives/collection/keylog/capture/simulated.yaml,composite_rules,micro-behaviors/hardware/input/keyboard/label,implemented,"Names, key labels, or declared/placeholder keylogging. The wording is a capability clue; it does not independently establish event acquisition.",micro-behaviors/hardware/input/keyboard/label::keylogger-placeholder-disclosure
objectives/collection/keylog/capture::keylogger-action-label,objectives/collection/keylog/capture/browser-dom.yaml,traits,micro-behaviors/hardware/input/keyboard/label,implemented,"Names, key labels, or declared/placeholder keylogging. The wording is a capability clue; it does not independently establish event acquisition.",micro-behaviors/hardware/input/keyboard/label::keylogger-action-label
objectives/collection/keylog/capture::x11-grab,objectives/collection/keylog/capture/traits.yaml,traits,micro-behaviors/hardware/input/keyboard/hook,implemented,"Hook registration, hook-management API or key grab; collection intent belongs in consumers.",micro-behaviors/hardware/input/keyboard/hook::x11-grab
objectives/collection/keylog/capture::python-hook-keyboard,objectives/collection/keylog/capture/python.yaml,traits,micro-behaviors/hardware/input/keyboard/hook,implemented,"Hook registration, hook-management API or key grab; collection intent belongs in consumers.",micro-behaviors/hardware/input/keyboard/hook::python-hook-keyboard
objectives/collection/keylog/capture::python-keyboard-hook-setup,objectives/collection/keylog/capture/python.yaml,composite_rules,micro-behaviors/hardware/input/keyboard/hook,implemented,"Hook registration, hook-management API or key grab; collection intent belongs in consumers.",micro-behaviors/hardware/input/keyboard/hook::python-keyboard-hook-setup
objectives/collection/keylog/capture::pynput-import-keyboard,objectives/collection/keylog/capture/traits.yaml,traits,micro-behaviors/hardware/input/keyboard/listener,implemented,Keyboard event/listener interfaces or references without independently required logging or export.,micro-behaviors/hardware/input/keyboard/listener::pynput-import-keyboard
objectives/collection/keylog/capture::pynput-keyboard-import,objectives/collection/keylog/capture/traits.yaml,traits,micro-behaviors/hardware/input/keyboard/listener,implemented,Keyboard event/listener interfaces or references without independently required logging or export.,micro-behaviors/hardware/input/keyboard/listener::pynput-keyboard-import
objectives/collection/keylog/capture::python-pynput,objectives/collection/keylog/capture/traits.yaml,composite_rules,micro-behaviors/hardware/input/keyboard/listener,implemented,Keyboard event/listener interfaces or references without independently required logging or export.,micro-behaviors/hardware/input/keyboard/listener::python-pynput
objectives/collection/keylog/capture::import-keyboard,objectives/collection/keylog/capture/python.yaml,traits,micro-behaviors/hardware/input/keyboard/listener,implemented,Keyboard event/listener interfaces or references without independently required logging or export.,micro-behaviors/hardware/input/keyboard/listener::import-keyboard
objectives/collection/keylog/capture::keyboard-on-press-dup,objectives/collection/keylog/capture/python.yaml,traits,micro-behaviors/hardware/input/keyboard/listener,implemented,Keyboard event/listener interfaces or references without independently required logging or export.,micro-behaviors/hardware/input/keyboard/listener::keyboard-on-press-dup
objectives/collection/keylog/capture::keyboard-on-release,objectives/collection/keylog/capture/python.yaml,traits,micro-behaviors/hardware/input/keyboard/listener,implemented,Keyboard event/listener interfaces or references without independently required logging or export.,micro-behaviors/hardware/input/keyboard/listener::keyboard-on-release
objectives/collection/keylog/capture::keyboard-wait,objectives/collection/keylog/capture/python.yaml,traits,micro-behaviors/hardware/input/keyboard/listener,implemented,Keyboard event/listener interfaces or references without independently required logging or export.,micro-behaviors/hardware/input/keyboard/listener::keyboard-wait
objectives/collection/keylog/capture::keyboard-hook,objectives/collection/keylog/capture/python.yaml,traits,micro-behaviors/hardware/input/keyboard/listener,implemented,Keyboard event/listener interfaces or references without independently required logging or export.,micro-behaviors/hardware/input/keyboard/listener::keyboard-hook
objectives/collection/keylog/capture::keyboard-record,objectives/collection/keylog/capture/python.yaml,traits,micro-behaviors/hardware/input/keyboard/listener,implemented,Keyboard event/listener interfaces or references without independently required logging or export.,micro-behaviors/hardware/input/keyboard/listener::keyboard-record
objectives/collection/keylog/capture::python-keydown-handler,objectives/collection/keylog/capture/python.yaml,traits,micro-behaviors/hardware/input/keyboard/listener,implemented,Keyboard event/listener interfaces or references without independently required logging or export.,micro-behaviors/hardware/input/keyboard/listener::python-keydown-handler
objectives/collection/keylog/capture::python-keyboard,objectives/collection/keylog/capture/python.yaml,composite_rules,micro-behaviors/hardware/input/keyboard/listener,implemented,Keyboard event/listener interfaces or references without independently required logging or export.,micro-behaviors/hardware/input/keyboard/listener::python-keyboard
objectives/collection/keylog/capture::global-keyboard-listener-description,objectives/collection/keylog/capture/javascript-native.yaml,traits,micro-behaviors/hardware/input/keyboard/listener,implemented,Keyboard event/listener interfaces or references without independently required logging or export.,micro-behaviors/hardware/input/keyboard/listener::global-keyboard-listener-description
objectives/collection/keylog/capture::import-pyhook,objectives/collection/keylog/capture/python.yaml,traits,micro-behaviors/hardware/input/event,implemented,General input-event libraries can handle mouse and keyboard; the import alone does not establish keyboard-specific logging.,micro-behaviors/hardware/input/event::import-pyhook
objectives/collection/keylog/capture::from-pyhook,objectives/collection/keylog/capture/python.yaml,traits,micro-behaviors/hardware/input/event,implemented,General input-event libraries can handle mouse and keyboard; the import alone does not establish keyboard-specific logging.,micro-behaviors/hardware/input/event::from-pyhook
objectives/collection/keylog/capture::pyhook-hookmanager,objectives/collection/keylog/capture/python.yaml,traits,micro-behaviors/hardware/input/event,implemented,General input-event libraries can handle mouse and keyboard; the import alone does not establish keyboard-specific logging.,micro-behaviors/hardware/input/event::pyhook-hookmanager
objectives/collection/keylog/capture::import-pywinhook,objectives/collection/keylog/capture/python.yaml,traits,micro-behaviors/hardware/input/event,implemented,General input-event libraries can handle mouse and keyboard; the import alone does not establish keyboard-specific logging.,micro-behaviors/hardware/input/event::import-pywinhook
objectives/collection/keylog/capture::from-pywinhook,objectives/collection/keylog/capture/python.yaml,traits,micro-behaviors/hardware/input/event,implemented,General input-event libraries can handle mouse and keyboard; the import alone does not establish keyboard-specific logging.,micro-behaviors/hardware/input/event::from-pywinhook
objectives/collection/keylog/capture::pywinhook-hookmanager,objectives/collection/keylog/capture/python.yaml,traits,micro-behaviors/hardware/input/event,implemented,General input-event libraries can handle mouse and keyboard; the import alone does not establish keyboard-specific logging.,micro-behaviors/hardware/input/event::pywinhook-hookmanager
objectives/collection/keylog/capture::python-pyhook,objectives/collection/keylog/capture/python.yaml,composite_rules,micro-behaviors/hardware/input/event,implemented,General input-event libraries can handle mouse and keyboard; the import alone does not establish keyboard-specific logging.,micro-behaviors/hardware/input/event::python-pyhook
objectives/collection/keylog/capture::python-pywinhook,objectives/collection/keylog/capture/python.yaml,composite_rules,micro-behaviors/hardware/input/event,implemented,General input-event libraries can handle mouse and keyboard; the import alone does not establish keyboard-specific logging.,micro-behaviors/hardware/input/event::python-pywinhook
objectives/collection/keylog/capture::python-keylogger-import,objectives/collection/keylog/capture/python.yaml,composite_rules,micro-behaviors/hardware/input/event,implemented,General input-event libraries can handle mouse and keyboard; the import alone does not establish keyboard-specific logging.,micro-behaviors/hardware/input/event::python-input-library-import
objectives/collection/keylog/capture::go-gohook,objectives/collection/keylog/capture/traits.yaml,traits,micro-behaviors/hardware/input/event,implemented,General input-event libraries can handle mouse and keyboard; the import alone does not establish keyboard-specific logging.,micro-behaviors/hardware/input/event::go-gohook
objectives/collection/keylog/capture::require-iohook,objectives/collection/keylog/capture/traits.yaml,traits,micro-behaviors/hardware/input/event,implemented,General input-event libraries can handle mouse and keyboard; the import alone does not establish keyboard-specific logging.,micro-behaviors/hardware/input/event::require-iohook
objectives/collection/keylog/capture::import-iohook,objectives/collection/keylog/capture/traits.yaml,traits,micro-behaviors/hardware/input/event,implemented,General input-event libraries can handle mouse and keyboard; the import alone does not establish keyboard-specific logging.,micro-behaviors/hardware/input/event::import-iohook
objectives/collection/keylog/capture::use-rdev,objectives/collection/keylog/capture/traits.yaml,traits,micro-behaviors/hardware/input/event,implemented,General input-event libraries can handle mouse and keyboard; the import alone does not establish keyboard-specific logging.,micro-behaviors/hardware/input/event::use-rdev
objectives/collection/keylog/capture::extern-crate-rdev,objectives/collection/keylog/capture/traits.yaml,traits,micro-behaviors/hardware/input/event,implemented,General input-event libraries can handle mouse and keyboard; the import alone does not establish keyboard-specific logging.,micro-behaviors/hardware/input/event::extern-crate-rdev
objectives/collection/keylog/capture::node-global-keyboard-hook,objectives/collection/keylog/capture/traits.yaml,traits,micro-behaviors/hardware/input/event,implemented,General input-event libraries can handle mouse and keyboard; the import alone does not establish keyboard-specific logging.,micro-behaviors/hardware/input/event::node-global-input-hook
objectives/collection/keylog/capture::js-iohook,objectives/collection/keylog/capture/traits.yaml,composite_rules,micro-behaviors/hardware/input/event,implemented,General input-event libraries can handle mouse and keyboard; the import alone does not establish keyboard-specific logging.,micro-behaviors/hardware/input/event::js-iohook
objectives/collection/keylog/capture::rust-rdev,objectives/collection/keylog/capture/traits.yaml,composite_rules,micro-behaviors/hardware/input/event,implemented,General input-event libraries can handle mouse and keyboard; the import alone does not establish keyboard-specific logging.,micro-behaviors/hardware/input/event::rust-rdev
objectives/collection/keylog/capture::pynput-import,objectives/collection/keylog/capture/python.yaml,traits,micro-behaviors/hardware/input/event,implemented,General input-event libraries can handle mouse and keyboard; the import alone does not establish keyboard-specific logging.,micro-behaviors/hardware/input/event::pynput-import
objectives/collection/keylog/capture::on-press-eq,objectives/collection/keylog/capture/python.yaml,traits,micro-behaviors/hardware/input/event,implemented,"Event callback, payload, or event-value handling. Generic send/post/write names do not independently establish a remote theft objective.",micro-behaviors/hardware/input/event::on-press-eq
objectives/collection/keylog/capture::on-release-eq,objectives/collection/keylog/capture/python.yaml,traits,micro-behaviors/hardware/input/event,implemented,"Event callback, payload, or event-value handling. Generic send/post/write names do not independently establish a remote theft objective.",micro-behaviors/hardware/input/event::on-release-eq
objectives/collection/keylog/capture::keyboard-text-event-payload,objectives/collection/keylog/capture/javascript-native.yaml,traits,micro-behaviors/hardware/input/event,implemented,"Event callback, payload, or event-value handling. Generic send/post/write names do not independently establish a remote theft objective.",micro-behaviors/hardware/input/event::keyboard-text-event-payload
objectives/collection/keylog/capture::key-value-write-action,objectives/collection/keylog/capture/python.yaml,traits,micro-behaviors/hardware/input/event,implemented,"Event callback, payload, or event-value handling. Generic send/post/write names do not independently establish a remote theft objective.",micro-behaviors/hardware/input/event::key-value-write-action
objectives/collection/keylog/capture::key-value-send-action,objectives/collection/keylog/capture/python.yaml,traits,micro-behaviors/hardware/input/event,implemented,"Event callback, payload, or event-value handling. Generic send/post/write names do not independently establish a remote theft objective.",micro-behaviors/hardware/input/event::key-value-send-action
objectives/collection/keylog/capture::key-value-recorded-to-event,objectives/collection/keylog/capture/browser-dom.yaml,traits,micro-behaviors/hardware/input/event,implemented,"Event callback, payload, or event-value handling. Generic send/post/write names do not independently establish a remote theft objective.",micro-behaviors/hardware/input/event::key-value-recorded-to-event
objectives/collection/keylog/capture::browser-key-event-object-queued,objectives/collection/keylog/capture/browser-dom.yaml,traits,micro-behaviors/hardware/input/event,implemented,"Event callback, payload, or event-value handling. Generic send/post/write names do not independently establish a remote theft objective.",micro-behaviors/hardware/input/event::browser-key-event-object-queued
objectives/collection/keylog/capture::pynput-key-value-write,objectives/collection/keylog/capture/python.yaml,composite_rules,micro-behaviors/hardware/input/event,implemented,"Event callback, payload, or event-value handling. Generic send/post/write names do not independently establish a remote theft objective.",micro-behaviors/hardware/input/event::pynput-key-value-write
objectives/collection/keylog/capture::pynput-key-value-send,objectives/collection/keylog/capture/python.yaml,composite_rules,micro-behaviors/hardware/input/event,implemented,"Event callback, payload, or event-value handling. Generic send/post/write names do not independently establish a remote theft objective.",micro-behaviors/hardware/input/event::pynput-key-value-send
objectives/collection/keylog/capture::pynput-key-value-record,objectives/collection/keylog/capture/python.yaml,composite_rules,micro-behaviors/hardware/input/event,implemented,"Event callback, payload, or event-value handling. Generic send/post/write names do not independently establish a remote theft objective.",micro-behaviors/hardware/input/event::pynput-key-value-record
objectives/collection/keylog/capture::document-key-handler-assignment,objectives/collection/keylog/capture/browser-dom.yaml,traits,micro-behaviors/hardware/input/keyboard/listener,implemented,Keyboard event registration or keyboard-event code identity; no recording or export is required.,micro-behaviors/hardware/input/keyboard/listener::document-key-handler-assignment
objectives/collection/keylog/capture::keycode-camel,objectives/collection/keylog/capture/traits.yaml,traits,micro-behaviors/hardware/input/keyboard/listener,implemented,Keyboard event registration or keyboard-event code identity; no recording or export is required.,micro-behaviors/hardware/input/keyboard/listener::keycode-camel
objectives/collection/keylog/capture::input-textarea-node-watch-list,objectives/collection/keylog/capture/browser-input-history.yaml,traits,micro-behaviors/ui/window/form-input,implemented,"Form input element selectors or field labels, without collection or transmission.",micro-behaviors/ui/window/form-input::input-textarea-node-list
objectives/collection/keylog/capture::input-textarea-field-selector,objectives/collection/keylog/capture/browser-dom.yaml,traits,micro-behaviors/ui/window/form-input,implemented,"Form input element selectors or field labels, without collection or transmission.",micro-behaviors/ui/window/form-input::input-textarea-field-selector
objectives/collection/keylog/capture::ext-captured-field-prefix,objectives/collection/keylog/capture/browser-dom.yaml,traits,micro-behaviors/ui/window/form-input,implemented,"Form input element selectors or field labels, without collection or transmission.",micro-behaviors/ui/window/form-input::ext-form-field-prefix
objectives/collection/keylog/capture::keyboard-buffer-character-append,objectives/collection/keylog/capture/javascript-native.yaml,traits,micro-behaviors/data/string/concat,implemented,Character append to a named buffer; explicit keyboard consumers provide acquisition context.,micro-behaviors/data/string/concat::kbd-buffer-character-append
objectives/collection/keylog/capture::mouse-state-tracking,objectives/collection/keylog/capture/keylog-filename.yaml,traits,micro-behaviors/hardware/input/event,implemented,"Mouse state label, not keyboard or clipboard capture.",micro-behaviors/hardware/input/event::mouse-state-tracking
objectives/collection/keylog/capture::browser-window-class-target-set,objectives/collection/keylog/capture/source-windows.yaml,traits,micro-behaviors/ui/window/probe,implemented,UI window-class names without an acquisition operation; retain source-specific consumers.,micro-behaviors/ui/window/probe::gui-window-class-reference
objectives/collection/keylog/capture::evt-marker-file,objectives/collection/keylog/capture/keylog-filename.yaml,traits,micro-behaviors/fs/path/cache,implemented,Hidden cache marker path or its touch command; no input source is established.,micro-behaviors/fs/path/cache::evt-marker-file
objectives/collection/keylog/capture::php-stty-cmd,objectives/collection/keylog/capture/php.yaml,traits,micro-behaviors/process/tty/terminal,implemented,Terminal setting command; capture requires a separate terminal-read/logging context.,micro-behaviors/process/tty/terminal::php-stty-cmd
objectives/collection/keylog/capture::python-file-open-write,objectives/collection/keylog/capture/python.yaml,composite_rules,micro-behaviors/fs/write/file/mode,implemented,"Writable/append/create file modes, independent of recorded data.",micro-behaviors/fs/write/file/mode::python-file-open-write
objectives/collection/keylog/capture::p-user-proxy-dll,objectives/collection/keylog/capture/traits.yaml,traits,metadata/file/naming,implemented,"Matches the analyzed artifact basename, not strings in its content; keep metadata distinct from capability content.",metadata/file/naming::p-user-proxy-dll
objectives/collection/keylog/capture::hotkey-ts-basename,objectives/collection/keylog/capture/traits.yaml,traits,metadata/file/naming,implemented,"Matches the analyzed artifact basename, not strings in its content; keep metadata distinct from capability content.",metadata/file/naming::hotkey-ts-basename
objectives/collection/keylog/capture::cpp-windows-polling-keylogger-source,objectives/collection/keylog/capture/cpp-source.yaml,composite_rules,objectives/collection/keylog/polling,implemented,Keyboard-state polling defines the acquisition method; optional thread/window context does not change it.,objectives/collection/keylog/polling::cpp-windows-polling-keylogger-source
objectives/collection/keylog/capture::cpp-dll-thread-keylog-writer,objectives/collection/keylog/capture/cpp-source.yaml,composite_rules,objectives/collection/keylog/polling,implemented,Keyboard-state polling defines the acquisition method; optional thread/window context does not change it.,objectives/collection/keylog/polling::cpp-dll-thread-keylog-writer
objectives/collection/keylog/capture::packed-sparse-key-state-collector,objectives/collection/keylog/capture/polling.yaml,composite_rules,objectives/collection/keylog/polling,implemented,Keyboard-state polling defines the acquisition method; optional thread/window context does not change it.,objectives/collection/keylog/polling::packed-sparse-key-state-collector
objectives/collection/keylog/capture::api-resolved-input-window-surveillance,objectives/collection/keylog/capture/windows.yaml,composite_rules,objectives/collection/keylog/polling,implemented,Keyboard-state polling defines the acquisition method; optional thread/window context does not change it.,objectives/collection/keylog/polling::api-resolved-input-window-surveillance
objectives/collection/keylog/capture::hashed-polling-keylogger-window-surveillance,objectives/collection/keylog/capture/windows.yaml,composite_rules,objectives/collection/keylog/polling,implemented,Keyboard-state polling defines the acquisition method; optional thread/window context does not change it.,objectives/collection/keylog/polling::hashed-polling-keylogger-window-surveillance
objectives/collection/keylog/capture::dotnet-polling-keylogger,objectives/collection/keylog/capture/dotnet.yaml,composite_rules,objectives/collection/keylog/polling,implemented,Keyboard-state polling defines the acquisition method; optional thread/window context does not change it.,objectives/collection/keylog/polling::dotnet-polling-keylogger
objectives/collection/keylog/capture::csharp-low-level-keylogger-source,objectives/collection/keylog/capture/csharp-source.yaml,composite_rules,objectives/collection/keylog/hook,implemented,"Required keyboard hook/listener interception defines acquisition even when state polling, window identity, or file staging also appears.",objectives/collection/keylog/hook::csharp-low-level-keylogger-source
objectives/collection/keylog/capture::csharp-low-level-keylogger-file-output,objectives/collection/keylog/capture/csharp-source.yaml,composite_rules,objectives/collection/keylog/hook,implemented,"Required keyboard hook/listener interception defines acquisition even when state polling, window identity, or file staging also appears.",objectives/collection/keylog/hook::csharp-low-level-keylogger-file-output
objectives/collection/keylog/capture::javascript-native-global-key-capture,objectives/collection/keylog/capture/javascript-native.yaml,composite_rules,objectives/collection/keylog/hook,implemented,"Required keyboard hook/listener interception defines acquisition even when state polling, window identity, or file staging also appears.",objectives/collection/keylog/hook::javascript-native-global-key-capture
objectives/collection/keylog/capture::rust-global-hook-random-temp-keylog,objectives/collection/keylog/capture/rust-source.yaml,composite_rules,objectives/collection/keylog/hook,implemented,"Required keyboard hook/listener interception defines acquisition even when state polling, window identity, or file staging also appears.",objectives/collection/keylog/hook::rust-global-hook-random-temp-keylog
objectives/collection/keylog/capture::iso-windows-hook-file-logger,objectives/collection/keylog/capture/iso.yaml,composite_rules,objectives/collection/keylog/hook,implemented,"Required keyboard hook/listener interception defines acquisition even when state polling, window identity, or file staging also appears.",objectives/collection/keylog/hook::iso-windows-hook-file-logger
objectives/collection/keylog/capture::numeric-low-level-keyboard-hook-file-logger,objectives/collection/keylog/capture/source-windows.yaml,composite_rules,objectives/collection/keylog/hook,implemented,"Required keyboard hook/listener interception defines acquisition even when state polling, window identity, or file staging also appears.",objectives/collection/keylog/hook::numeric-low-level-keyboard-hook-file-logger
objectives/collection/keylog/capture::numeric-low-level-keyboard-hook-hidden-file-logger,objectives/collection/keylog/capture/source-windows.yaml,composite_rules,objectives/collection/keylog/hook,implemented,"Required keyboard hook/listener interception defines acquisition even when state polling, window identity, or file staging also appears.",objectives/collection/keylog/hook::numeric-low-level-keyboard-hook-hidden-file-logger
objectives/collection/keylog/capture::browser-gated-low-level-keylogger,objectives/collection/keylog/capture/source-windows.yaml,composite_rules,objectives/collection/keylog/hook,implemented,"Required keyboard hook/listener interception defines acquisition even when state polling, window identity, or file staging also appears.",objectives/collection/keylog/hook::window-gated-low-level-keylogger
objectives/collection/keylog/capture::windows-input-hook-key-state-monitor,objectives/collection/keylog/capture/windows.yaml,composite_rules,objectives/collection/keylog/hook,implemented,"Required keyboard hook/listener interception defines acquisition even when state polling, window identity, or file staging also appears.",objectives/collection/keylog/hook::windows-input-hook-key-state-monitor
objectives/collection/keylog/capture::windows-hook-keyboard-state-window-surveillance,objectives/collection/keylog/capture/windows.yaml,composite_rules,objectives/collection/keylog/hook,implemented,"Required keyboard hook/listener interception defines acquisition even when state polling, window identity, or file staging also appears.",objectives/collection/keylog/hook::windows-hook-keyboard-state-window-surveillance
objectives/collection/keylog/capture::windows-hook-keypoll-foreground,objectives/collection/keylog/capture/windows.yaml,composite_rules,objectives/collection/keylog/hook,implemented,"Required keyboard hook/listener interception defines acquisition even when state polling, window identity, or file staging also appears.",objectives/collection/keylog/hook::windows-hook-keypoll-foreground
objectives/collection/keylog/capture::windows-hook-keylogger,objectives/collection/keylog/capture/windows.yaml,composite_rules,objectives/collection/keylog/hook,implemented,"Required keyboard hook/listener interception defines acquisition even when state polling, window identity, or file staging also appears.",objectives/collection/keylog/hook::windows-hook-keylogger
objectives/collection/keylog/capture::windows-active-window-keylogger,objectives/collection/keylog/capture/windows.yaml,composite_rules,objectives/collection/keylog/hook,implemented,"Required keyboard hook/listener interception defines acquisition even when state polling, window identity, or file staging also appears.",objectives/collection/keylog/hook::windows-active-window-keylogger
objectives/collection/keylog/capture::windows-hook-state-keylogger,objectives/collection/keylog/capture/windows.yaml,composite_rules,objectives/collection/keylog/hook,implemented,"Required keyboard hook/listener interception defines acquisition even when state polling, window identity, or file staging also appears.",objectives/collection/keylog/hook::windows-hook-state-keylogger
objectives/collection/keylog/capture::windows-hook-window-title-keylogger,objectives/collection/keylog/capture/windows.yaml,composite_rules,objectives/collection/keylog/hook,implemented,"Required keyboard hook/listener interception defines acquisition even when state polling, window identity, or file staging also appears.",objectives/collection/keylog/hook::windows-hook-window-title-keylogger
objectives/collection/keylog/capture::keylogger-protected-by-defender-exclusion,objectives/collection/keylog/capture/windows.yaml,composite_rules,objectives/collection/keylog/hook,implemented,"Required keyboard hook/listener interception defines acquisition even when state polling, window identity, or file staging also appears.",objectives/collection/keylog/hook::keylogger-protected-by-defender-exclusion
objectives/collection/keylog/capture::windows-hook-keypoll-window-title,objectives/collection/keylog/capture/windows.yaml,composite_rules,objectives/collection/keylog/hook,implemented,"Required keyboard hook/listener interception defines acquisition even when state polling, window identity, or file staging also appears.",objectives/collection/keylog/hook::windows-hook-keypoll-window-title
objectives/collection/keylog/capture::windows-keylogger,objectives/collection/keylog/capture/traits.yaml,composite_rules,objectives/collection/keylog/hook,implemented,"Required keyboard hook/listener interception defines acquisition even when state polling, window identity, or file staging also appears.",objectives/collection/keylog/hook::windows-keylogger
objectives/collection/keylog/capture::windows-keylogger-source,objectives/collection/keylog/capture/traits.yaml,composite_rules,objectives/collection/keylog/hook,implemented,"Required keyboard hook/listener interception defines acquisition even when state polling, window identity, or file staging also appears.",objectives/collection/keylog/hook::windows-keylogger-source
objectives/collection/keylog/capture::python-on-release-keyboard-wait,objectives/collection/keylog/capture/python.yaml,composite_rules,objectives/collection/keylog/hook,implemented,"Required keyboard hook/listener interception defines acquisition even when state polling, window identity, or file staging also appears.",objectives/collection/keylog/hook::python-on-release-keyboard-wait
objectives/collection/keylog/capture::dotnet-global-key-event-stream,objectives/collection/keylog/capture/dotnet.yaml,composite_rules,objectives/collection/keylog/hook,implemented,"Required keyboard hook/listener interception defines acquisition even when state polling, window identity, or file staging also appears.",objectives/collection/keylog/hook::dotnet-global-key-event-stream
objectives/collection/keylog/capture::php-tty-keylog,objectives/collection/keylog/capture/php.yaml,composite_rules,objectives/collection/keylog/terminal,implemented,"Terminal source and terminal-mode/write context, not system-wide input hooks.",objectives/collection/keylog/terminal::php-tty-keylog
objectives/collection/keylog/capture::swift-hid-keyboard-input-monitor,objectives/collection/keylog/capture/swift.yaml,composite_rules,objectives/collection/keylog/device,implemented,"HID device callbacks and usage/scancode data define the acquisition method, independent of language or OS.",objectives/collection/keylog/device::swift-hid-keyboard-input-monitor
objectives/collection/keylog/capture::swift-hid-keylogger-active-app-log,objectives/collection/keylog/capture/swift.yaml,composite_rules,objectives/collection/keylog/device,implemented,"HID device callbacks and usage/scancode data define the acquisition method, independent of language or OS.",objectives/collection/keylog/device::swift-hid-keylogger-active-app-log
objectives/collection/keylog/capture::swift-hid-keypress-file-logger,objectives/collection/keylog/capture/swift.yaml,composite_rules,objectives/collection/keylog/device,implemented,"HID device callbacks and usage/scancode data define the acquisition method, independent of language or OS.",objectives/collection/keylog/device::swift-hid-keypress-file-logger
objectives/collection/keylog/capture::swift-hid-scancode-keylog-filter,objectives/collection/keylog/capture/swift.yaml,composite_rules,objectives/collection/keylog/device,implemented,"HID device callbacks and usage/scancode data define the acquisition method, independent of language or OS.",objectives/collection/keylog/device::swift-hid-scancode-keylog-filter
objectives/collection/keylog/capture::swift-hid-device-and-key-log,objectives/collection/keylog/capture/swift.yaml,composite_rules,objectives/collection/keylog/device,implemented,"HID device callbacks and usage/scancode data define the acquisition method, independent of language or OS.",objectives/collection/keylog/device::swift-hid-device-and-key-log
objectives/collection/keylog/capture::swift-hid-keylog-creates-logfile,objectives/collection/keylog/capture/swift.yaml,composite_rules,objectives/collection/keylog/device,implemented,"HID device callbacks and usage/scancode data define the acquisition method, independent of language or OS.",objectives/collection/keylog/device::swift-hid-keylog-creates-logfile
objectives/collection/keylog/capture::dotnet-ios-keylog-http-exfil,objectives/collection/keylog/capture/ios-dotnet.yaml,composite_rules,objectives/exfiltration/stealer/input,implemented,Captured key/form input with transfer context; the source wins over acquisition mechanism and transport.,objectives/exfiltration/stealer/input::dotnet-ios-keylog-http-exfil
objectives/collection/keylog/capture::node-global-keyboard-event-exfil,objectives/collection/keylog/capture/javascript-native.yaml,composite_rules,objectives/exfiltration/stealer/input,implemented,Captured key/form input with transfer context; the source wins over acquisition mechanism and transport.,objectives/exfiltration/stealer/input::node-global-keyboard-event-exfil
objectives/collection/keylog/capture::browser-input-values-exfiltrated,objectives/collection/keylog/capture/web-form-grabber.yaml,composite_rules,objectives/exfiltration/stealer/input,implemented,Captured key/form input with transfer context; the source wins over acquisition mechanism and transport.,objectives/exfiltration/stealer/input::browser-input-values-exfiltrated
objectives/collection/keylog/capture::browser-form-values-remote-activity-api,objectives/collection/keylog/capture/web-form-grabber.yaml,composite_rules,objectives/exfiltration/stealer/input,implemented,Captured key/form input with transfer context; the source wins over acquisition mechanism and transport.,objectives/exfiltration/stealer/input::browser-form-values-remote-activity-api
objectives/collection/keylog/capture::python-keylogger-file-with-smtp-exfil,objectives/collection/keylog/capture/python.yaml,composite_rules,objectives/exfiltration/stealer/input,implemented,Captured key/form input with transfer context; the source wins over acquisition mechanism and transport.,objectives/exfiltration/stealer/input::python-keylogger-file-with-smtp-exfil
objectives/collection/keylog/capture::python-keyboard-discord-webhook-exfil,objectives/collection/keylog/capture/python.yaml,composite_rules,objectives/exfiltration/stealer/input,implemented,Captured key/form input with transfer context; the source wins over acquisition mechanism and transport.,objectives/exfiltration/stealer/input::python-keyboard-discord-webhook-exfil
objectives/collection/keylog/capture::python-keylog-discord-file-upload,objectives/collection/keylog/capture/python.yaml,composite_rules,objectives/exfiltration/stealer/input,implemented,Captured key/form input with transfer context; the source wins over acquisition mechanism and transport.,objectives/exfiltration/stealer/input::python-keylog-discord-file-upload
objectives/collection/keylog/capture::dotnet-continuous-keylog-http-exfiltration,objectives/collection/keylog/capture/dotnet.yaml,composite_rules,objectives/exfiltration/stealer/input,implemented,Captured key/form input with transfer context; the source wins over acquisition mechanism and transport.,objectives/exfiltration/stealer/input::dotnet-continuous-keylog-http-exfiltration
objectives/collection/keylog/capture::dotnet-hook-keylogger-http-upload,objectives/collection/keylog/capture/dotnet.yaml,composite_rules,objectives/exfiltration/stealer/input,implemented,Captured key/form input with transfer context; the source wins over acquisition mechanism and transport.,objectives/exfiltration/stealer/input::dotnet-hook-keylogger-http-upload
objectives/collection/keylog/capture::dotnet-hook-keylogger-mail-bot-exfil,objectives/collection/keylog/capture/dotnet.yaml,composite_rules,objectives/exfiltration/stealer/input,implemented,Captured key/form input with transfer context; the source wins over acquisition mechanism and transport.,objectives/exfiltration/stealer/input::dotnet-hook-keylogger-mail-bot-exfil
objectives/collection/keylog/capture::dotnet-hook-keylogger-network-exfil,objectives/collection/keylog/capture/dotnet.yaml,composite_rules,objectives/exfiltration/stealer/input,implemented,Captured key/form input with transfer context; the source wins over acquisition mechanism and transport.,objectives/exfiltration/stealer/input::dotnet-hook-keylogger-network-exfil
objectives/collection/keylog/capture::dotnet-keylogger-with-exfil,objectives/collection/keylog/capture/dotnet.yaml,composite_rules,objectives/exfiltration/stealer/input,implemented,Captured key/form input with transfer context; the source wins over acquisition mechanism and transport.,objectives/exfiltration/stealer/input::dotnet-keylogger-with-exfil
objectives/collection/keylog/capture::windows-surveillance-c2-exfil,objectives/collection/keylog/capture/combos.yaml,composite_rules,objectives/exfiltration/stealer/multi-source,implemented,Independently required keyboard and screen acquisition with HTTP-client context.,objectives/exfiltration/stealer/multi-source::windows-surveillance-c2-exfil
objectives/collection/keylog/capture::packed-upx-hook-screen-collector,objectives/collection/keylog/capture/windows.yaml,composite_rules,objectives/collection/multi-source,implemented,Independently required keyboard plus clipboard or screen acquisition. Generic bitmap operations do not add a screen source; there is no required export.,objectives/collection/multi-source::packed-upx-hook-screen-collector
objectives/collection/keylog/capture::api-resolved-keyboard-clipboard-surveillance,objectives/collection/keylog/capture/windows.yaml,composite_rules,objectives/collection/multi-source,implemented,Independently required keyboard plus clipboard or screen acquisition. Generic bitmap operations do not add a screen source; there is no required export.,objectives/collection/multi-source::api-resolved-keyboard-clipboard-surveillance
objectives/collection/keylog/capture::opaque-api-resolved-keyboard-clipboard-screen-loader,objectives/collection/keylog/capture/windows.yaml,composite_rules,objectives/collection/multi-source,implemented,Independently required keyboard plus clipboard or screen acquisition. Generic bitmap operations do not add a screen source; there is no required export.,objectives/collection/multi-source::opaque-api-resolved-keyboard-clipboard-screen-loader
objectives/collection/keylog/capture::windows-global-hook-screen-clipboard-collector,objectives/collection/keylog/capture/windows.yaml,composite_rules,objectives/collection/multi-source,implemented,Independently required keyboard plus clipboard or screen acquisition. Generic bitmap operations do not add a screen source; there is no required export.,objectives/collection/multi-source::windows-global-hook-screen-clipboard-collector
objectives/collection/keylog/capture::windows-keylogger-clipboard-stealer,objectives/collection/keylog/capture/combos.yaml,composite_rules,objectives/collection/multi-source,implemented,Independently required keyboard plus clipboard or screen acquisition. Generic bitmap operations do not add a screen source; there is no required export.,objectives/collection/multi-source::windows-keylogger-clipboard-stealer
objectives/collection/keylog/capture::windows-input-screen-clipboard-surveillance,objectives/collection/keylog/capture/combos.yaml,composite_rules,objectives/collection/multi-source,implemented,Independently required keyboard plus clipboard or screen acquisition. Generic bitmap operations do not add a screen source; there is no required export.,objectives/collection/multi-source::windows-input-screen-clipboard-surveillance
objectives/collection/keylog/capture::microsoft-masquerading-injected-surveillance,objectives/collection/keylog/capture/combos.yaml,composite_rules,objectives/collection/multi-source,implemented,Independently required keyboard plus clipboard or screen acquisition. Generic bitmap operations do not add a screen source; there is no required export.,objectives/collection/multi-source::microsoft-masquerading-injected-surveillance
objectives/collection/keylog/capture::windows-foreground-input-screen-surveillance,objectives/collection/keylog/capture/combos.yaml,composite_rules,objectives/collection/multi-source,implemented,Independently required keyboard plus clipboard or screen acquisition. Generic bitmap operations do not add a screen source; there is no required export.,objectives/collection/multi-source::windows-foreground-input-screen-surveillance
objectives/collection/keylog/capture::windows-surveillance-target-launch,objectives/collection/keylog/capture/combos.yaml,composite_rules,objectives/collection/multi-source,implemented,Independently required keyboard plus clipboard or screen acquisition. Generic bitmap operations do not add a screen source; there is no required export.,objectives/collection/multi-source::windows-surveillance-target-launch
objectives/collection/keylog/hook::ps-addtype-setwindowshookex,objectives/collection/keylog/hook/powershell-windows.yaml,traits,micro-behaviors/ui/window/hook,implemented,Generic window hook API; without its hook type it does not specifically identify keyboard interception.,micro-behaviors/ui/window/hook::ps-addtype-window-hook
objectives/collection/keylog/hook::windows-lowlevel-keyboard-hook-api,objectives/collection/keylog/hook/rust.yaml,traits,micro-behaviors/ui/window/hook,implemented,Generic window hook API; without its hook type it does not specifically identify keyboard interception.,micro-behaviors/ui/window/hook::windows-window-hook-api-call
objectives/collection/keylog/hook::ps-registerobjectevent-keypress,objectives/collection/keylog/hook/powershell-windows.yaml,traits,micro-behaviors/hardware/input/keyboard/listener,implemented,KeyPress registration or event character access; no global scope or logging is required.,micro-behaviors/hardware/input/keyboard/listener::ps-registerobjectevent-keypress
objectives/collection/keylog/hook::ps-eventargs-keychar-capture,objectives/collection/keylog/hook/powershell-windows.yaml,traits,micro-behaviors/hardware/input/keyboard/listener,implemented,KeyPress registration or event character access; no global scope or logging is required.,micro-behaviors/hardware/input/keyboard/listener::ps-eventargs-keychar-capture
objectives/collection/keylog/hook::unix-input-devices-proc,objectives/collection/keylog/hook/rust.yaml,traits,micro-behaviors/hardware/input/device,implemented,Input-device inventory or event-device paths. They may describe non-keyboard devices and are not evidence of reading events.,micro-behaviors/hardware/input/device::unix-input-devices-proc
objectives/collection/keylog/hook::unix-evdev-input-path,objectives/collection/keylog/hook/rust.yaml,traits,micro-behaviors/hardware/input/device,implemented,Input-device inventory or event-device paths. They may describe non-keyboard devices and are not evidence of reading events.,micro-behaviors/hardware/input/device::unix-evdev-input-path
objectives/collection/keylog/hook::rust-dev-input-dir,objectives/collection/keylog/hook/rust.yaml,traits,micro-behaviors/hardware/input/device,implemented,Input-device inventory or event-device paths. They may describe non-keyboard devices and are not evidence of reading events.,micro-behaviors/hardware/input/device::rust-dev-input-dir
objectives/collection/keylog/hook::rust-event-device-filter,objectives/collection/keylog/hook/rust.yaml,traits,micro-behaviors/data/string/compare,implemented,"String prefix test for event, without required device-directory or enumeration context.",micro-behaviors/data/string/compare::rust-event-prefix-test
objectives/collection/keylog/hook::macos-cgevent-tap-create,objectives/collection/keylog/hook/rust.yaml,traits,micro-behaviors/hardware/input/event,implemented,General event-tap creation; the event mask and collection context come from consumers.,micro-behaviors/hardware/input/event::rust-swift-event-tap-reference
objectives/collection/keylog/hook::macos-swiftc-eventtap-helper,objectives/collection/keylog/hook/rust.yaml,traits,micro-behaviors/process/create/compile,implemented,Invokes the Swift compiler; no event-tap code is required by this matcher.,micro-behaviors/process/create/compile::rust-swiftc-command
objectives/collection/keylog/hook::keylog-window-header-format,objectives/collection/keylog/hook/rust.yaml,traits,micro-behaviors/data/format/string,implemented,Generic formatted heading template; neither a window title nor keylogging is required.,micro-behaviors/data/format/string::formatted-heading-template
objectives/collection/keylog/hook::randomized-log-filename-format,objectives/collection/keylog/hook/rust.yaml,traits,micro-behaviors/fs/path/reference,implemented,Log filename template; randomness and keylogging require separate evidence.,micro-behaviors/fs/path/reference::log-filename-template
objectives/collection/keylog/hook::rust-window-title-api,objectives/collection/keylog/hook/rust.yaml,traits,micro-behaviors/ui/window/enumerate,implemented,Window title/text queries; collection consumers add acquisition intent.,micro-behaviors/ui/window/enumerate::rust-window-title-api
objectives/collection/keylog/hook::rust-window-title-length-api,objectives/collection/keylog/hook/rust.yaml,traits,micro-behaviors/ui/window/enumerate,implemented,Window title/text queries; collection consumers add acquisition intent.,micro-behaviors/ui/window/enumerate::rust-window-title-length-api
objectives/collection/keylog/hook::rust-keylogger-managed-hook-thread,objectives/collection/keylog/hook/rust.yaml,composite_rules,micro-behaviors/ui/window/hook,implemented,Window hook and message-loop lifecycle; no stored keystrokes or malicious purpose is required.,micro-behaviors/ui/window/hook::rust-window-hook-message-loop
objectives/collection/keylog/hook::rust-keylogger-random-temp-log,objectives/collection/keylog/hook/rust.yaml,composite_rules,micro-behaviors/fs/temp/reference,implemented,Temporary log filename construction and task/format context; no keyboard acquisition or file-write operation is required.,micro-behaviors/fs/temp/reference::rust-temp-log-name-construction
objectives/collection/keylog/hook::rust-evdev-dir-event-scan,objectives/collection/keylog/hook/rust.yaml,composite_rules,micro-behaviors/hardware/input/device,implemented,Input-device directory/proc references and name filtering; no required keyboard event read.,micro-behaviors/hardware/input/device::rust-input-device-name-filter
objectives/collection/keylog/hook::rust-unix-evdev-proc-keylogger,objectives/collection/keylog/hook/rust.yaml,composite_rules,micro-behaviors/hardware/input/device,implemented,Input-device directory/proc references and name filtering; no required keyboard event read.,micro-behaviors/hardware/input/device::rust-input-device-inventory-paths
objectives/collection/keylog/hook::rust-unix-evdev-keylogger,objectives/collection/keylog/hook/rust.yaml,composite_rules,micro-behaviors/hardware/input/device,implemented,Input-device directory/proc references and name filtering; no required keyboard event read.,micro-behaviors/hardware/input/device::rust-input-device-paths
objectives/collection/keylog/hook::keyboard-hook-raw-socket-control,objectives/collection/keylog/hook/windows-binary.yaml,composite_rules,objectives/exfiltration/stealer/input,implemented,Keyboard-hook acquisition clues with socket/POST delivery context. Preserve the original inference strength; protocol context alone is not runtime proof.,objectives/exfiltration/stealer/input::keyboard-hook-raw-socket-control
objectives/collection/keylog/hook::jvm-jna-keyboard-hook-networked,objectives/collection/keylog/hook/jvm-jna.yaml,composite_rules,objectives/exfiltration/stealer/input,implemented,Keyboard-hook acquisition clues with socket/POST delivery context. Preserve the original inference strength; protocol context alone is not runtime proof.,objectives/exfiltration/stealer/input::jvm-jna-keyboard-hook-networked
micro-behaviors/hardware/input/keyboard/hook::set-windows-hook,micro-behaviors/hardware/input/keyboard/hook/windows.yaml,traits,micro-behaviors/ui/window/hook,implemented,"Generic window hook installation/lifecycle or HookOn/Off labels. Keyboard specificity requires a hook type, keyboard event, or independently required keyboard context.",micro-behaviors/ui/window/hook::set-windows-hook
micro-behaviors/hardware/input/keyboard/hook::unhook-windows-hook,micro-behaviors/hardware/input/keyboard/hook/windows.yaml,traits,micro-behaviors/ui/window/hook,implemented,"Generic window hook installation/lifecycle or HookOn/Off labels. Keyboard specificity requires a hook type, keyboard event, or independently required keyboard context.",micro-behaviors/ui/window/hook::unhook-windows-hook
micro-behaviors/hardware/input/keyboard/hook::call-next-hook-ex,micro-behaviors/hardware/input/keyboard/hook/windows.yaml,traits,micro-behaviors/ui/window/hook,implemented,"Generic window hook installation/lifecycle or HookOn/Off labels. Keyboard specificity requires a hook type, keyboard event, or independently required keyboard context.",micro-behaviors/ui/window/hook::call-next-hook-ex
micro-behaviors/hardware/input/keyboard/hook::set-windows-hook-text,micro-behaviors/hardware/input/keyboard/hook/windows.yaml,traits,micro-behaviors/ui/window/hook,implemented,"Generic window hook installation/lifecycle or HookOn/Off labels. Keyboard specificity requires a hook type, keyboard event, or independently required keyboard context.",micro-behaviors/ui/window/hook::set-windows-hook-text
micro-behaviors/hardware/input/keyboard/hook::set-windows-hook-a-container-string,micro-behaviors/hardware/input/keyboard/hook/windows.yaml,traits,micro-behaviors/ui/window/hook,implemented,"Generic window hook installation/lifecycle or HookOn/Off labels. Keyboard specificity requires a hook type, keyboard event, or independently required keyboard context.",micro-behaviors/ui/window/hook::set-windows-hook-a-container-string
micro-behaviors/hardware/input/keyboard/hook::unhook-windows-hook-text,micro-behaviors/hardware/input/keyboard/hook/windows.yaml,traits,micro-behaviors/ui/window/hook,implemented,"Generic window hook installation/lifecycle or HookOn/Off labels. Keyboard specificity requires a hook type, keyboard event, or independently required keyboard context.",micro-behaviors/ui/window/hook::unhook-windows-hook-text
micro-behaviors/hardware/input/keyboard/hook::call-next-hook-ex-text,micro-behaviors/hardware/input/keyboard/hook/windows.yaml,traits,micro-behaviors/ui/window/hook,implemented,"Generic window hook installation/lifecycle or HookOn/Off labels. Keyboard specificity requires a hook type, keyboard event, or independently required keyboard context.",micro-behaviors/ui/window/hook::call-next-hook-ex-text
micro-behaviors/hardware/input/keyboard/hook::hookon-hookoff-exports,micro-behaviors/hardware/input/keyboard/hook/windows.yaml,traits,micro-behaviors/ui/window/hook,implemented,"Generic window hook installation/lifecycle or HookOn/Off labels. Keyboard specificity requires a hook type, keyboard event, or independently required keyboard context.",micro-behaviors/ui/window/hook::hookon-hookoff-exports
micro-behaviors/hardware/input/keyboard/hook::hookon-export-text,micro-behaviors/hardware/input/keyboard/hook/windows.yaml,traits,micro-behaviors/ui/window/hook,implemented,"Generic window hook installation/lifecycle or HookOn/Off labels. Keyboard specificity requires a hook type, keyboard event, or independently required keyboard context.",micro-behaviors/ui/window/hook::hookon-export-text
micro-behaviors/hardware/input/keyboard/hook::hookoff-export-text,micro-behaviors/hardware/input/keyboard/hook/windows.yaml,traits,micro-behaviors/ui/window/hook,implemented,"Generic window hook installation/lifecycle or HookOn/Off labels. Keyboard specificity requires a hook type, keyboard event, or independently required keyboard context.",micro-behaviors/ui/window/hook::hookoff-export-text
micro-behaviors/hardware/input/keyboard/hook::python-low-level-keyboard-hook,micro-behaviors/hardware/input/keyboard/hook/windows.yaml,traits,micro-behaviors/ui/window/hook,implemented,"Generic window hook installation/lifecycle or HookOn/Off labels. Keyboard specificity requires a hook type, keyboard event, or independently required keyboard context.",micro-behaviors/ui/window/hook::python-window-hook-install
micro-behaviors/hardware/input/keyboard/hook::windows-hook-chain-api-cluster,micro-behaviors/hardware/input/keyboard/hook/windows.yaml,composite_rules,micro-behaviors/ui/window/hook,implemented,"Generic window hook installation/lifecycle or HookOn/Off labels. Keyboard specificity requires a hook type, keyboard event, or independently required keyboard context.",micro-behaviors/ui/window/hook::windows-hook-chain-api-cluster
micro-behaviors/hardware/input/keyboard/hook::windows-hook-lifecycle,micro-behaviors/hardware/input/keyboard/hook/windows.yaml,composite_rules,micro-behaviors/ui/window/hook,implemented,"Generic window hook installation/lifecycle or HookOn/Off labels. Keyboard specificity requires a hook type, keyboard event, or independently required keyboard context.",micro-behaviors/ui/window/hook::windows-hook-lifecycle
micro-behaviors/hardware/input/keyboard/hook::windows-hook-install,micro-behaviors/hardware/input/keyboard/hook/windows.yaml,composite_rules,micro-behaviors/ui/window/hook,implemented,"Generic window hook installation/lifecycle or HookOn/Off labels. Keyboard specificity requires a hook type, keyboard event, or independently required keyboard context.",micro-behaviors/ui/window/hook::windows-hook-install
micro-behaviors/hardware/input/keyboard/hook::windows-hook-chain-management,micro-behaviors/hardware/input/keyboard/hook/windows.yaml,composite_rules,micro-behaviors/ui/window/hook,implemented,"Generic window hook installation/lifecycle or HookOn/Off labels. Keyboard specificity requires a hook type, keyboard event, or independently required keyboard context.",micro-behaviors/ui/window/hook::windows-hook-chain-management
micro-behaviors/hardware/input/keyboard/hook::hookon-hookoff-export-pair,micro-behaviors/hardware/input/keyboard/hook/windows.yaml,composite_rules,micro-behaviors/ui/window/hook,implemented,"Generic window hook installation/lifecycle or HookOn/Off labels. Keyboard specificity requires a hook type, keyboard event, or independently required keyboard context.",micro-behaviors/ui/window/hook::hookon-hookoff-export-pair
micro-behaviors/hardware/input/keyboard/hook::to-unicode-ex-str,micro-behaviors/hardware/input/keyboard/hook/windows.yaml,traits,micro-behaviors/hardware/input/keyboard/layout,implemented,"Keyboard layout or key-code/character translation, independent of hook installation.",micro-behaviors/hardware/input/keyboard/layout::to-unicode-ex-str
micro-behaviors/hardware/input/keyboard/hook::map-virtual-key,micro-behaviors/hardware/input/keyboard/hook/windows.yaml,traits,micro-behaviors/hardware/input/keyboard/layout,implemented,"Keyboard layout or key-code/character translation, independent of hook installation.",micro-behaviors/hardware/input/keyboard/layout::map-virtual-key
micro-behaviors/hardware/input/keyboard/hook::get-keyboard-layout-str,micro-behaviors/hardware/input/keyboard/hook/windows.yaml,traits,micro-behaviors/hardware/input/keyboard/layout,implemented,"Keyboard layout or key-code/character translation, independent of hook installation.",micro-behaviors/hardware/input/keyboard/layout::get-keyboard-layout-str
micro-behaviors/hardware/input/keyboard/hook::keybd-event,micro-behaviors/hardware/input/keyboard/hook/windows.yaml,traits,micro-behaviors/hardware/input/keyboard/simulate,implemented,Synthesizes keyboard input; it does not observe keystrokes.,micro-behaviors/hardware/input/keyboard/simulate::keybd-event
micro-behaviors/hardware/input/keyboard/hook::python-async-key-state-poll,micro-behaviors/hardware/input/keyboard/hook/windows.yaml,traits,micro-behaviors/hardware/input/keyboard/poll,implemented,"Keyboard state polling, including a virtual-key scan loop; no hook is required.",micro-behaviors/hardware/input/keyboard/poll::python-async-key-state-poll
micro-behaviors/hardware/input/keyboard/hook::cpp-virtual-key-range-loop,micro-behaviors/hardware/input/keyboard/hook/windows.yaml,traits,micro-behaviors/hardware/input/keyboard/poll,implemented,"Keyboard state polling, including a virtual-key scan loop; no hook is required.",micro-behaviors/hardware/input/keyboard/poll::cpp-virtual-key-range-loop
micro-behaviors/hardware/input/keyboard/hook::python-key-event-type,micro-behaviors/hardware/input/keyboard/hook/windows.yaml,traits,micro-behaviors/hardware/input/keyboard/listener,implemented,"Named keyboard event/dispatcher capability, independent of hook mechanism.",micro-behaviors/hardware/input/keyboard/listener::python-key-event-type
micro-behaviors/hardware/input/keyboard/hook::python-keyboard-dispatcher,micro-behaviors/hardware/input/keyboard/hook/windows.yaml,traits,micro-behaviors/hardware/input/keyboard/listener,implemented,"Named keyboard event/dispatcher capability, independent of hook mechanism.",micro-behaviors/hardware/input/keyboard/listener::python-keyboard-dispatcher
micro-behaviors/hardware/input/keyboard/hook::virtual-key-label-fkeys,micro-behaviors/hardware/input/keyboard/hook/windows.yaml,traits,micro-behaviors/hardware/input/keyboard/label,implemented,Key-name tables and combinations of those labels; neither hook installation nor capture is required.,micro-behaviors/hardware/input/keyboard/label::virtual-key-label-fkeys
micro-behaviors/hardware/input/keyboard/hook::virtual-key-label-modifiers,micro-behaviors/hardware/input/keyboard/hook/windows.yaml,traits,micro-behaviors/hardware/input/keyboard/label,implemented,Key-name tables and combinations of those labels; neither hook installation nor capture is required.,micro-behaviors/hardware/input/keyboard/label::virtual-key-label-modifiers
micro-behaviors/hardware/input/keyboard/hook::virtual-key-label-extended,micro-behaviors/hardware/input/keyboard/hook/windows.yaml,traits,micro-behaviors/hardware/input/keyboard/label,implemented,Key-name tables and combinations of those labels; neither hook installation nor capture is required.,micro-behaviors/hardware/input/keyboard/label::virtual-key-label-extended
micro-behaviors/hardware/input/keyboard/hook::cpp-key-label-editing,micro-behaviors/hardware/input/keyboard/hook/windows.yaml,traits,micro-behaviors/hardware/input/keyboard/label,implemented,Key-name tables and combinations of those labels; neither hook installation nor capture is required.,micro-behaviors/hardware/input/keyboard/label::cpp-key-label-editing
micro-behaviors/hardware/input/keyboard/hook::cpp-key-label-navigation,micro-behaviors/hardware/input/keyboard/hook/windows.yaml,traits,micro-behaviors/hardware/input/keyboard/label,implemented,Key-name tables and combinations of those labels; neither hook installation nor capture is required.,micro-behaviors/hardware/input/keyboard/label::cpp-key-label-navigation
micro-behaviors/hardware/input/keyboard/hook::cpp-key-label-map-uppercase,micro-behaviors/hardware/input/keyboard/hook/windows.yaml,composite_rules,micro-behaviors/hardware/input/keyboard/label,implemented,Key-name tables and combinations of those labels; neither hook installation nor capture is required.,micro-behaviors/hardware/input/keyboard/label::cpp-key-label-map-uppercase
micro-behaviors/hardware/input/keyboard/hook::virtual-key-label-map,micro-behaviors/hardware/input/keyboard/hook/windows.yaml,composite_rules,micro-behaviors/hardware/input/keyboard/label,implemented,Key-name tables and combinations of those labels; neither hook installation nor capture is required.,micro-behaviors/hardware/input/keyboard/label::virtual-key-label-map
micro-behaviors/hardware/input/keyboard/hook::cpp-dll-thread-entry,micro-behaviors/hardware/input/keyboard/hook/windows.yaml,traits,micro-behaviors/process/create/thread,implemented,Starts a thread during DLL attachment; no input-related operation is required.,micro-behaviors/process/create/thread::cpp-dll-thread-entry
micro-behaviors/hardware/input/mouse/synthesis::mouse-event,micro-behaviors/hardware/input/mouse/synthesis/windows.yaml,traits,micro-behaviors/hardware/input/mouse/simulate,implemented,Mouse input generation; synthesis and simulate described the same technique.,micro-behaviors/hardware/input/mouse/simulate::mouse-event
micro-behaviors/hardware/input/mouse/synthesis::mouse-event-src,micro-behaviors/hardware/input/mouse/synthesis/windows.yaml,traits,micro-behaviors/hardware/input/mouse/simulate,implemented,Mouse input generation; synthesis and simulate described the same technique.,micro-behaviors/hardware/input/mouse/simulate::mouse-event-src
micro-behaviors/hardware/input/mouse/synthesis::synthetic-user-input,micro-behaviors/hardware/input/mouse/synthesis/windows.yaml,composite_rules,micro-behaviors/hardware/input/event,implemented,Requires both keyboard and mouse synthesis; not solely a mouse operation.,micro-behaviors/hardware/input/event::synthetic-user-input
micro-behaviors/hardware/input/mouse/synthesis::synthetic-user-input-src,micro-behaviors/hardware/input/mouse/synthesis/windows.yaml,composite_rules,micro-behaviors/hardware/input/event,implemented,Requires both keyboard and mouse synthesis; not solely a mouse operation.,micro-behaviors/hardware/input/event::synthetic-user-input-src
micro-behaviors/hardware/input/mouse/robot::java-robot-mouse,micro-behaviors/hardware/input/mouse/robot/java.yaml,traits,micro-behaviors/hardware/input/mouse/position,implemented,MouseInfo queries pointer information; it is not Robot input synthesis.,micro-behaviors/hardware/input/mouse/position::java-mouse-info
micro-behaviors/hardware/input/mouse/message::windows-key-message-constants,micro-behaviors/hardware/input/mouse/message/windows.yaml,traits,micro-behaviors/hardware/input/keyboard/listener,implemented,Keyboard event message constants are not mouse events.,micro-behaviors/hardware/input/keyboard/listener::windows-key-message-constants
micro-behaviors/hardware/input/mouse/message::postmessage-input-injection,micro-behaviors/hardware/input/mouse/message/windows.yaml,composite_rules,micro-behaviors/hardware/input/event,implemented,Posts keyboard or mouse event messages; neither source is independently required.,micro-behaviors/hardware/input/event::postmessage-input-injection
objectives/collection/keylog/evdev::php-dev-input-events,objectives/collection/keylog/evdev/php.yaml,traits,micro-behaviors/hardware/input/device,implemented,Event device pathname glob; no read operation is required.,micro-behaviors/hardware/input/device::php-input-event-device-glob
objectives/collection/keylog/evdev::php-ev-key-unpack,objectives/collection/keylog/evdev/php.yaml,traits,micro-behaviors/hardware/input/event,implemented,Unpacks an input-event record layout; the matcher does not require EV_KEY filtering or logging.,micro-behaviors/hardware/input/event::php-input-event-record-unpack
objectives/collection/keylog/evdev::php-keylog-file-write,objectives/collection/keylog/evdev/php.yaml,traits,micro-behaviors/hardware/input/keyboard/label,implemented,Key-event record format or named keylog buffer; does not independently identify a file write.,micro-behaviors/hardware/input/keyboard/label::php-key-event-record-format
objectives/collection/keylog/evdev::qnx-zig-keylog-buffer,objectives/collection/keylog/evdev/zig-qnx.yaml,traits,micro-behaviors/hardware/input/keyboard/label,implemented,Key-event record format or named keylog buffer; does not independently identify a file write.,micro-behaviors/hardware/input/keyboard/label::qnx-zig-keylog-buffer
objectives/collection/keylog/evdev::php-evdev-keylogger,objectives/collection/keylog/evdev/php.yaml,composite_rules,objectives/collection/keylog/device,implemented,Direct input-device collection; evdev is redundant with this mechanism.,objectives/collection/keylog/device::php-evdev-keylogger
objectives/collection/keylog/evdev::qnx-zig-keyboard-device-list,objectives/collection/keylog/evdev/zig-qnx.yaml,traits,micro-behaviors/hardware/input/device,implemented,Keyboard device and network-stack path references; no reading or delivery required.,micro-behaviors/hardware/input/device::qnx-zig-keyboard-device-list
objectives/collection/keylog/evdev::qnx-zig-keylog-c2-send,objectives/collection/keylog/evdev/zig-qnx.yaml,traits,objectives/exfiltration/stealer/input,implemented,"Named keylog flushing paired with socket send; classify probable input export, without claiming C2 specifically.",objectives/exfiltration/stealer/input::qnx-zig-keylog-send
objectives/collection/keylog/evdev::qnx-zig-keylog-c2-stream,objectives/collection/keylog/evdev/zig-qnx.yaml,composite_rules,objectives/exfiltration/stealer/input,implemented,"Named keylog flushing paired with socket send; classify probable input export, without claiming C2 specifically.",objectives/exfiltration/stealer/input::qnx-zig-keylog-stream
objectives/collection/keylog/kernel::lkm-keyboard-header,objectives/collection/keylog/kernel/linux-lkm.yaml,traits,micro-behaviors/hardware/input/keyboard/listener,implemented,Keyboard interface header or keyboard event-code gate; generic keyboard handling independent of collection.,micro-behaviors/hardware/input/keyboard/listener::linux-keyboard-header
objectives/collection/keylog/kernel::lkm-keycode-event-gate,objectives/collection/keylog/kernel/linux-lkm.yaml,traits,micro-behaviors/hardware/input/keyboard/listener,implemented,Keyboard interface header or keyboard event-code gate; generic keyboard handling independent of collection.,micro-behaviors/hardware/input/keyboard/listener::kernel-keycode-event-gate
objectives/collection/keylog/kernel::lkm-key-map-arrays,objectives/collection/keylog/kernel/linux-lkm.yaml,traits,micro-behaviors/data/collection/array,implemented,Arrays named keys/keysShift; the pattern alone does not establish key-code mapping.,micro-behaviors/data/collection/array::keys-array-declaration
objectives/collection/keylog/kernel::lkm-copy-keys-to-user,objectives/collection/keylog/kernel/linux-lkm.yaml,traits,micro-behaviors/os/kernel/routines,implemented,Copies named buffer to user space; collection intent supplied by notifier consumer.,micro-behaviors/os/kernel/routines::copy-key-buffer-to-user
objectives/collection/keylog/kernel::shell-mknod-keylog-device,objectives/collection/keylog/kernel/linux-lkm.yaml,traits,micro-behaviors/fs/device/mknod,implemented,Character-device creation command without keyboard source specificity.,micro-behaviors/fs/device/mknod::mknod-variable-char-device
objectives/collection/keylog/kernel::lkm-keyboard-notifier-capture,objectives/collection/keylog/kernel/linux-lkm.yaml,composite_rules,objectives/collection/keylog/hook,implemented,Keyboard notifier interception with key-buffer exposure; execution in kernel space does not create an alternative acquisition home.,objectives/collection/keylog/hook::lkm-keyboard-notifier-capture
objectives/collection/keylog/css-selector::css-value-suffix-image-exfil,objectives/collection/keylog/css-selector/javascript.yaml,traits,micro-behaviors/data/format/css,implemented,Styles a value suffix with an image URL; no remote URL or character enumeration is required.,micro-behaviors/data/format/css::css-input-suffix-image-url
objectives/collection/keylog/css-selector::css-keylog-char-route,objectives/collection/keylog/css-selector/javascript.yaml,traits,micro-behaviors/communications/http/server/route,implemented,Parameterized character-log or field-focus route literals; no collector established alone.,micro-behaviors/communications/http/server/route::character-log-route
objectives/collection/keylog/css-selector::css-keylog-focus-route,objectives/collection/keylog/css-selector/javascript.yaml,traits,micro-behaviors/communications/http/server/route,implemented,Parameterized character-log or field-focus route literals; no collector established alone.,micro-behaviors/communications/http/server/route::field-focus-route
objectives/collection/keylog/css-selector::css-keylog-ip-buffer,objectives/collection/keylog/css-selector/javascript.yaml,traits,micro-behaviors/data/property/access,implemented,Indexes logs by ip; does not require key acquisition or export.,micro-behaviors/data/property/access::ip-indexed-log-access
objectives/collection/keylog/css-selector::html-loads-bad-css-keylogger,objectives/collection/keylog/css-selector/javascript.yaml,traits,micro-behaviors/fs/path/reference,implemented,Linked stylesheet pathname; a chosen filename alone does not establish input capture.,micro-behaviors/fs/path/reference::bad-css-href
objectives/collection/keylog/css-selector::html-password-value-sync-demo,objectives/collection/keylog/css-selector/javascript.yaml,traits,micro-behaviors/ui/window/form-input,implemented,"Password field and attribute-setting context, optionally with a stylesheet reference; no required collection or remote transfer.",micro-behaviors/ui/window/form-input::password-field-attribute-update
objectives/collection/keylog/css-selector::css-selector-keylogger-demo-page,objectives/collection/keylog/css-selector/javascript.yaml,composite_rules,micro-behaviors/ui/window/form-input,implemented,"Password field and attribute-setting context, optionally with a stylesheet reference; no required collection or remote transfer.",micro-behaviors/ui/window/form-input::password-field-stylesheet-attribute-context
objectives/collection/keylog/css-selector::css-selector-keylogger-server,objectives/collection/keylog/css-selector/javascript.yaml,composite_rules,objectives/exfiltration/stealer/input,implemented,Field-value conditional URL requests or corresponding character-log receiving service; information source wins over CSS mechanism.,objectives/exfiltration/stealer/input::css-input-character-log-service
objectives/collection/keylog/css-selector::css-value-selector-url-exfil,objectives/collection/keylog/css-selector/stylesheet.yaml,composite_rules,objectives/exfiltration/stealer/input,implemented,Field-value conditional URL requests or corresponding character-log receiving service; information source wins over CSS mechanism.,objectives/exfiltration/stealer/input::css-value-selector-url-exfil
objectives/collection/keylog/css-selector::css-checked-option-url-keylogger,objectives/collection/keylog/css-selector/stylesheet.yaml,composite_rules,objectives/exfiltration/stealer/input,implemented,Field-value conditional URL requests or corresponding character-log receiving service; information source wins over CSS mechanism.,objectives/exfiltration/stealer/input::css-checked-option-url-keylogger
objectives/collection/keylog/css-selector::css-masked-select-keylogger,objectives/collection/keylog/css-selector/stylesheet.yaml,composite_rules,objectives/exfiltration/stealer/input,implemented,Field-value conditional URL requests or corresponding character-log receiving service; information source wins over CSS mechanism.,objectives/exfiltration/stealer/input::css-masked-select-keylogger
objectives/collection/keylog/device::android-keylogger-db-name,objectives/collection/keylog/device/android-java.yaml,traits,micro-behaviors/hardware/input/keyboard/label,implemented,Named keyboard history database/table identifiers; no direct input-device acquisition.,micro-behaviors/hardware/input/keyboard/label::android-keylogger-db-name
objectives/collection/keylog/device::android-appwise-keyevents-table,objectives/collection/keylog/device/android-java.yaml,traits,micro-behaviors/hardware/input/keyboard/label,implemented,Named keyboard history database/table identifiers; no direct input-device acquisition.,micro-behaviors/hardware/input/keyboard/label::android-appwise-keyevents-table
objectives/collection/keylog/device::android-saved-keyevents-table,objectives/collection/keylog/device/android-java.yaml,traits,micro-behaviors/hardware/input/keyboard/label,implemented,Named keyboard history database/table identifiers; no direct input-device acquisition.,micro-behaviors/hardware/input/keyboard/label::android-saved-keyevents-table
objectives/collection/keylog/device::android-keyevents-table,objectives/collection/keylog/device/android-java.yaml,composite_rules,micro-behaviors/hardware/input/keyboard/label,implemented,Named keyboard history database/table identifiers; no direct input-device acquisition.,micro-behaviors/hardware/input/keyboard/label::android-keyevents-table
objectives/collection/keylog/device::android-typedtext-column,objectives/collection/keylog/device/android-java.yaml,traits,micro-behaviors/ui/window/form-input,implemented,TypedText literal names typed content; it does not independently establish a database column.,micro-behaviors/ui/window/form-input::typed-text-label
objectives/collection/keylog/device::android-keylogger-typed-text-store,objectives/collection/keylog/device/android-java.yaml,composite_rules,objectives/collection/keylog/capture,implemented,"Combined keylogger database, event-table and typed-text identifiers suggest recording but leave acquisition mechanism unspecified.",objectives/collection/keylog/capture::android-keylogger-typed-text-store
objectives/collection/keylog/device::native-hex-dev-kbd-path,objectives/collection/keylog/device/native-unix.yaml,traits,micro-behaviors/fs/path/device/special,implemented,Hex representation of a specific keyboard path remains a path observation; consumers supply collection context.,micro-behaviors/fs/path/device/special::native-hex-dev-kbd-path
objectives/collection/keylog/device::android-raw-touch-coordinate-capture,objectives/collection/keylog/device/android-raw.yaml,composite_rules,micro-behaviors/hardware/input/device,implemented,Device event reading plus raw touch-coordinate decoding is a neutral input capability.,micro-behaviors/hardware/input/device::android-raw-touch-coordinate-capture
objectives/collection/keylog/device::android-wireless-adb-raw-touch-keylogger,objectives/collection/keylog/device/android-raw.yaml,composite_rules,objectives/collection/touch,implemented,"Remotely tasked agent collecting touch coordinates, without keyboard decoding or input export required.",objectives/collection/touch::android-wireless-adb-touch-collector
objectives/collection/activity/browser::applescript-browser-active-tab-url,objectives/collection/activity/browser/applescript-macos.yaml,traits,micro-behaviors/communications/http/url/navigation,implemented,Reads active-tab URL; no activity retention or export required.,micro-behaviors/communications/http/url/navigation::applescript-browser-active-tab-url
objectives/collection/activity/browser::hardcoded-bearer-token,objectives/collection/activity/browser/history-exfil.yaml,traits,micro-behaviors/communications/http/auth,implemented,Bearer credential syntax; not browser collection.,micro-behaviors/communications/http/auth::hardcoded-bearer-token
objectives/collection/activity/browser::dexie-indexeddb-wrapper,objectives/collection/activity/browser/history-exfil.yaml,traits,micro-behaviors/data/db/web-storage,implemented,IndexedDB wrapper construction; no collected data source established.,micro-behaviors/data/db/web-storage::dexie-indexeddb-wrapper
objectives/collection/activity/browser::js-empty-gate-array,objectives/collection/activity/browser/history-exfil.yaml,traits,micro-behaviors/data/collection/array,implemented,"Empty allowlist and failed index lookup; matcher does not require return, disabled behavior, or a kill switch.",micro-behaviors/data/collection/array::js-empty-allowlist-array
objectives/collection/activity/browser::js-gate-array-miss-return,objectives/collection/activity/browser/history-exfil.yaml,traits,micro-behaviors/data/collection/array,implemented,"Empty allowlist and failed index lookup; matcher does not require return, disabled behavior, or a kill switch.",micro-behaviors/data/collection/array::js-allowlist-index-miss
objectives/collection/activity/browser::extension-dormant-kill-switch,objectives/collection/activity/browser/history-exfil.yaml,composite_rules,micro-behaviors/data/collection/array,implemented,"Empty allowlist and failed index lookup; matcher does not require return, disabled behavior, or a kill switch.",micro-behaviors/data/collection/array::empty-allowlist-index-miss
objectives/collection/activity/browser::js-timestamp-hash,objectives/collection/activity/browser/history-exfil.yaml,traits,micro-behaviors/crypto/hash/digest,implemented,"Timestamp/digest context, optionally with browser identity; no transmission required.",micro-behaviors/crypto/hash/digest::js-timestamp-hash
objectives/collection/activity/browser::js-device-fingerprint-timestamp,objectives/collection/activity/browser/history-exfil.yaml,composite_rules,micro-behaviors/crypto/hash/digest,implemented,"Timestamp/digest context, optionally with browser identity; no transmission required.",micro-behaviors/crypto/hash/digest::browser-identity-timestamp-digest-context
objectives/collection/activity/browser::js-tabs-updated-host-harvest,objectives/collection/activity/browser/history-exfil.yaml,traits,micro-behaviors/browser-extension/tabs,implemented,Tab listener and host extraction are neutral browser capabilities.,micro-behaviors/browser-extension/tabs::js-tabs-updated-host-read
objectives/collection/activity/browser::js-tabs-activated-host-harvest,objectives/collection/activity/browser/history-exfil.yaml,traits,micro-behaviors/browser-extension/tabs,implemented,Tab listener and host extraction are neutral browser capabilities.,micro-behaviors/browser-extension/tabs::js-tabs-activated-host-read
objectives/collection/activity/browser::proxy-request-anal-buffer,objectives/collection/activity/browser/history-exfil.yaml,traits,micro-behaviors/data/db/web-storage,implemented,Array push and local storage under anal key; no intercepted-request source required.,micro-behaviors/data/db/web-storage::array-push-local-anal-storage
objectives/collection/activity/browser::extension-pageview-record-fields,objectives/collection/activity/browser/history-exfil.yaml,traits,micro-behaviors/os/telemetry/activity,implemented,Browsing activity/visit record fields; labels and schema references do not independently establish collection or export.,micro-behaviors/os/telemetry/activity::pageview-record-fields
objectives/collection/activity/browser::extension-browsing-activity-record,objectives/collection/activity/browser/history-exfil.yaml,traits,micro-behaviors/os/telemetry/activity,implemented,Browsing activity/visit record fields; labels and schema references do not independently establish collection or export.,micro-behaviors/os/telemetry/activity::browsing-activity-record-fields
objectives/collection/activity/browser::visited-url-before-json-upload,objectives/collection/activity/browser/history-exfil.yaml,traits,micro-behaviors/data/serialize/json,implemented,"Visited URL or host near JSON serialization, without upload.",micro-behaviors/data/serialize/json::visited-url-before-json-serialization
objectives/collection/activity/browser::json-upload-before-visited-url,objectives/collection/activity/browser/history-exfil.yaml,traits,micro-behaviors/data/serialize/json,implemented,"Visited URL or host near JSON serialization, without upload.",micro-behaviors/data/serialize/json::json-serialization-before-visited-url
objectives/collection/activity/browser::visited-url-before-request-body,objectives/collection/activity/browser/history-exfil.yaml,traits,micro-behaviors/communications/http/request/body,implemented,"Visited URL/host and request body context, without requiring remote delivery.",micro-behaviors/communications/http/request/body::visited-url-before-request-body
objectives/collection/activity/browser::request-body-before-visited-url,objectives/collection/activity/browser/history-exfil.yaml,traits,micro-behaviors/communications/http/request/body,implemented,"Visited URL/host and request body context, without requiring remote delivery.",micro-behaviors/communications/http/request/body::request-body-before-visited-url
objectives/collection/activity/browser::content-filter-request-blocking,objectives/collection/activity/browser/history-exfil.yaml,composite_rules,micro-behaviors/process/hook/webextension,implemented,Neutral request filter exception follows the interception capability; preserve exception usage.,micro-behaviors/process/hook/webextension::content-filter-request-blocking
objectives/collection/activity/browser::extension-visited-url-source,objectives/collection/activity/browser/history-exfil.yaml,composite_rules,micro-behaviors/browser-extension/tabs,implemented,Browser visit/navigation observation interfaces; no retention or transmission required.,micro-behaviors/browser-extension/tabs::extension-navigation-observation-interfaces
objectives/collection/activity/browser::browser-process-name-main,objectives/collection/activity/browser/windows.yaml,traits,micro-behaviors/fs/path/application/executable,implemented,"Browser executable filenames are application resource references, not evidence of process enumeration or browser activity collection.",micro-behaviors/fs/path/application/executable::browser-process-name-main
objectives/collection/activity/browser::browser-process-name-alt,objectives/collection/activity/browser/windows.yaml,traits,micro-behaviors/fs/path/application/executable,implemented,"Browser executable filenames are application resource references, not evidence of process enumeration or browser activity collection.",micro-behaviors/fs/path/application/executable::browser-process-name-alt
objectives/collection/activity/browser::extension-event-name-field,objectives/collection/activity/browser/javascript.yaml,traits,micro-behaviors/os/telemetry/logging/event,implemented,Event-name label; does not identify a browser extension or transmission.,micro-behaviors/os/telemetry/logging/event::event-name-label
objectives/collection/activity/browser::extension-attribution-field,objectives/collection/activity/browser/javascript.yaml,traits,micro-behaviors/communications/http/services/analytics,implemented,"Advertising click attribution, analytics endpoint, or conversion URL builder references; no fraud inferred by the atom.",micro-behaviors/communications/http/services/analytics::extension-attribution-field
objectives/collection/activity/browser::csharp-utm-gif-tracker,objectives/collection/activity/browser/csharp-ad-fraud.yaml,traits,micro-behaviors/communications/http/services/analytics,implemented,"Advertising click attribution, analytics endpoint, or conversion URL builder references; no fraud inferred by the atom.",micro-behaviors/communications/http/services/analytics::csharp-utm-gif-tracker
objectives/collection/activity/browser::csharp-google-conversion-builder,objectives/collection/activity/browser/csharp-ad-fraud.yaml,traits,micro-behaviors/communications/http/services/analytics,implemented,"Advertising click attribution, analytics endpoint, or conversion URL builder references; no fraud inferred by the atom.",micro-behaviors/communications/http/services/analytics::csharp-google-conversion-builder
objectives/collection/activity/browser::extension-search-activity-fields--counter,objectives/collection/activity/browser/javascript.yaml,traits,micro-behaviors/os/telemetry/activity,implemented,Search counter/status or extension-alive labels; no required search query or transmission.,micro-behaviors/os/telemetry/activity::extension-search-activity-fields--counter
objectives/collection/activity/browser::extension-search-activity-fields--searched,objectives/collection/activity/browser/javascript.yaml,traits,micro-behaviors/os/telemetry/activity,implemented,Search counter/status or extension-alive labels; no required search query or transmission.,micro-behaviors/os/telemetry/activity::extension-search-activity-fields--searched
objectives/collection/activity/browser::extension-search-activity-fields--alive,objectives/collection/activity/browser/javascript.yaml,traits,micro-behaviors/os/telemetry/activity,implemented,Search counter/status or extension-alive labels; no required search query or transmission.,micro-behaviors/os/telemetry/activity::extension-search-activity-fields--alive
objectives/collection/activity/browser::extension-search-activity-fields,objectives/collection/activity/browser/javascript.yaml,composite_rules,micro-behaviors/os/telemetry/activity,implemented,Search counter/status or extension-alive labels; no required search query or transmission.,micro-behaviors/os/telemetry/activity::search-or-extension-status-labels
objectives/collection/activity/browser::extension-heartbeat-path,objectives/collection/activity/browser/javascript.yaml,traits,micro-behaviors/communications/http/telemetry,implemented,Telemetry endpoint or event request; no acquisition/theft objective required.,micro-behaviors/communications/http/telemetry::heartbeat-path-literal
objectives/collection/activity/browser::extension-uninstall-endpoint,objectives/collection/activity/browser/javascript.yaml,traits,micro-behaviors/communications/http/telemetry,implemented,Telemetry endpoint or event request; no acquisition/theft objective required.,micro-behaviors/communications/http/telemetry::extension-uninstall-endpoint
objectives/collection/activity/browser::extension-periodic-heartbeat,objectives/collection/activity/browser/javascript.yaml,composite_rules,micro-behaviors/communications/http/telemetry,implemented,Telemetry endpoint or event request; no acquisition/theft objective required.,micro-behaviors/communications/http/telemetry::extension-periodic-heartbeat
objectives/collection/activity/browser::extension-hourly-alarm,objectives/collection/activity/browser/javascript.yaml,traits,micro-behaviors/time/schedule/webextension,implemented,"Hourly interval setting, without required scheduling call.",micro-behaviors/time/schedule/webextension::hourly-alarm-interval
objectives/collection/activity/browser::extension-uninstall-telemetry,objectives/collection/activity/browser/javascript.yaml,composite_rules,micro-behaviors/browser-extension/lifecycle,implemented,Registers uninstall URL; does not itself send data.,micro-behaviors/browser-extension/lifecycle::extension-uninstall-telemetry
objectives/collection/activity/browser::extension-long-lived-cookie,objectives/collection/activity/browser/javascript.yaml,composite_rules,micro-behaviors/communications/http/cookies,implemented,Cookie lifetime or analytics-cookie creation; no forgery or tracking objective from the atom alone.,micro-behaviors/communications/http/cookies::extension-long-lived-cookie
objectives/collection/activity/browser::csharp-utm-cookie-forgery,objectives/collection/activity/browser/csharp-ad-fraud.yaml,traits,micro-behaviors/communications/http/cookies,implemented,Cookie lifetime or analytics-cookie creation; no forgery or tracking objective from the atom alone.,micro-behaviors/communications/http/cookies::csharp-utm-cookie-creation
objectives/collection/activity/browser::csharp-recursive-pixel-crawl,objectives/collection/activity/browser/csharp-ad-fraud.yaml,traits,micro-behaviors/data/parse/html,implemented,Recursive pixel-named method or image source extraction; ad conversion fraud requires consumer context.,micro-behaviors/data/parse/html::recursive-pixel-method-reference
objectives/collection/activity/browser::csharp-html-pixel-src-extraction,objectives/collection/activity/browser/csharp-ad-fraud.yaml,traits,micro-behaviors/data/parse/html,implemented,Recursive pixel-named method or image source extraction; ad conversion fraud requires consumer context.,micro-behaviors/data/parse/html::html-image-source-extraction
objectives/collection/monitor/tracking::uninstall-telemetry-event,objectives/collection/monitor/tracking/privacy.yaml,traits,micro-behaviors/os/telemetry/logging/event,implemented,"Named events/statuses and their vocabulary combinations; no acquisition, persistent recording, or transmission required.",micro-behaviors/os/telemetry/logging/event::uninstall-telemetry-event
objectives/collection/monitor/tracking::terminal-telemetry-events,objectives/collection/monitor/tracking/privacy.yaml,traits,micro-behaviors/os/telemetry/logging/event,implemented,"Named events/statuses and their vocabulary combinations; no acquisition, persistent recording, or transmission required.",micro-behaviors/os/telemetry/logging/event::terminal-telemetry-events
objectives/collection/monitor/tracking::workspace-telemetry-events,objectives/collection/monitor/tracking/privacy.yaml,traits,micro-behaviors/os/telemetry/logging/event,implemented,"Named events/statuses and their vocabulary combinations; no acquisition, persistent recording, or transmission required.",micro-behaviors/os/telemetry/logging/event::workspace-telemetry-events
objectives/collection/monitor/tracking::typecheck-telemetry-events,objectives/collection/monitor/tracking/privacy.yaml,traits,micro-behaviors/os/telemetry/logging/event,implemented,"Named events/statuses and their vocabulary combinations; no acquisition, persistent recording, or transmission required.",micro-behaviors/os/telemetry/logging/event::typecheck-telemetry-events
objectives/collection/monitor/tracking::browser-telemetry-events--browser-open-clicked,objectives/collection/monitor/tracking/privacy.yaml,traits,micro-behaviors/os/telemetry/logging/event,implemented,"Named events/statuses and their vocabulary combinations; no acquisition, persistent recording, or transmission required.",micro-behaviors/os/telemetry/logging/event::browser-telemetry-events--browser-open-clicked
objectives/collection/monitor/tracking::browser-telemetry-events--browser-open-success,objectives/collection/monitor/tracking/privacy.yaml,traits,micro-behaviors/os/telemetry/logging/event,implemented,"Named events/statuses and their vocabulary combinations; no acquisition, persistent recording, or transmission required.",micro-behaviors/os/telemetry/logging/event::browser-telemetry-events--browser-open-success
objectives/collection/monitor/tracking::browser-telemetry-events--agent-browser-open-triggered,objectives/collection/monitor/tracking/privacy.yaml,traits,micro-behaviors/os/telemetry/logging/event,implemented,"Named events/statuses and their vocabulary combinations; no acquisition, persistent recording, or transmission required.",micro-behaviors/os/telemetry/logging/event::browser-telemetry-events--agent-browser-open-triggered
objectives/collection/monitor/tracking::browser-telemetry-events,objectives/collection/monitor/tracking/privacy.yaml,composite_rules,micro-behaviors/os/telemetry/logging/event,implemented,"Named events/statuses and their vocabulary combinations; no acquisition, persistent recording, or transmission required.",micro-behaviors/os/telemetry/logging/event::browser-telemetry-events
objectives/collection/monitor/tracking::file-operation-telemetry-events--read-file-error,objectives/collection/monitor/tracking/privacy.yaml,traits,micro-behaviors/os/telemetry/logging/event,implemented,"Named events/statuses and their vocabulary combinations; no acquisition, persistent recording, or transmission required.",micro-behaviors/os/telemetry/logging/event::file-operation-telemetry-events--read-file-error
objectives/collection/monitor/tracking::file-operation-telemetry-events--write-file-error,objectives/collection/monitor/tracking/privacy.yaml,traits,micro-behaviors/os/telemetry/logging/event,implemented,"Named events/statuses and their vocabulary combinations; no acquisition, persistent recording, or transmission required.",micro-behaviors/os/telemetry/logging/event::file-operation-telemetry-events--write-file-error
objectives/collection/monitor/tracking::file-operation-telemetry-events--delete-file-error,objectives/collection/monitor/tracking/privacy.yaml,traits,micro-behaviors/os/telemetry/logging/event,implemented,"Named events/statuses and their vocabulary combinations; no acquisition, persistent recording, or transmission required.",micro-behaviors/os/telemetry/logging/event::file-operation-telemetry-events--delete-file-error
objectives/collection/monitor/tracking::file-operation-telemetry-events--rename-file-error,objectives/collection/monitor/tracking/privacy.yaml,traits,micro-behaviors/os/telemetry/logging/event,implemented,"Named events/statuses and their vocabulary combinations; no acquisition, persistent recording, or transmission required.",micro-behaviors/os/telemetry/logging/event::file-operation-telemetry-events--rename-file-error
objectives/collection/monitor/tracking::file-operation-telemetry-events,objectives/collection/monitor/tracking/privacy.yaml,composite_rules,micro-behaviors/os/telemetry/logging/event,implemented,"Named events/statuses and their vocabulary combinations; no acquisition, persistent recording, or transmission required.",micro-behaviors/os/telemetry/logging/event::file-operation-telemetry-events
objectives/collection/monitor/tracking::screenshot-telemetry-events--screenshot-failure,objectives/collection/monitor/tracking/privacy.yaml,traits,micro-behaviors/os/telemetry/logging/event,implemented,"Named events/statuses and their vocabulary combinations; no acquisition, persistent recording, or transmission required.",micro-behaviors/os/telemetry/logging/event::screenshot-telemetry-events--screenshot-failure
objectives/collection/monitor/tracking::screenshot-telemetry-events--screenshot-success,objectives/collection/monitor/tracking/privacy.yaml,traits,micro-behaviors/os/telemetry/logging/event,implemented,"Named events/statuses and their vocabulary combinations; no acquisition, persistent recording, or transmission required.",micro-behaviors/os/telemetry/logging/event::screenshot-telemetry-events--screenshot-success
objectives/collection/monitor/tracking::screenshot-telemetry-events--heatmap-failure,objectives/collection/monitor/tracking/privacy.yaml,traits,micro-behaviors/os/telemetry/logging/event,implemented,"Named events/statuses and their vocabulary combinations; no acquisition, persistent recording, or transmission required.",micro-behaviors/os/telemetry/logging/event::screenshot-telemetry-events--heatmap-failure
objectives/collection/monitor/tracking::screenshot-telemetry-events--heatmap-success,objectives/collection/monitor/tracking/privacy.yaml,traits,micro-behaviors/os/telemetry/logging/event,implemented,"Named events/statuses and their vocabulary combinations; no acquisition, persistent recording, or transmission required.",micro-behaviors/os/telemetry/logging/event::screenshot-telemetry-events--heatmap-success
objectives/collection/monitor/tracking::screenshot-telemetry-events,objectives/collection/monitor/tracking/privacy.yaml,composite_rules,micro-behaviors/os/telemetry/logging/event,implemented,"Named events/statuses and their vocabulary combinations; no acquisition, persistent recording, or transmission required.",micro-behaviors/os/telemetry/logging/event::screenshot-telemetry-events
objectives/collection/monitor/tracking::canvas-telemetry-events--canvascreated,objectives/collection/monitor/tracking/privacy.yaml,traits,micro-behaviors/os/telemetry/logging/event,implemented,"Named events/statuses and their vocabulary combinations; no acquisition, persistent recording, or transmission required.",micro-behaviors/os/telemetry/logging/event::canvas-telemetry-events--canvascreated
objectives/collection/monitor/tracking::canvas-telemetry-events--canvasrenamed,objectives/collection/monitor/tracking/privacy.yaml,traits,micro-behaviors/os/telemetry/logging/event,implemented,"Named events/statuses and their vocabulary combinations; no acquisition, persistent recording, or transmission required.",micro-behaviors/os/telemetry/logging/event::canvas-telemetry-events--canvasrenamed
objectives/collection/monitor/tracking::canvas-telemetry-events--canvasundo,objectives/collection/monitor/tracking/privacy.yaml,traits,micro-behaviors/os/telemetry/logging/event,implemented,"Named events/statuses and their vocabulary combinations; no acquisition, persistent recording, or transmission required.",micro-behaviors/os/telemetry/logging/event::canvas-telemetry-events--canvasundo
objectives/collection/monitor/tracking::canvas-telemetry-events--canvasredo,objectives/collection/monitor/tracking/privacy.yaml,traits,micro-behaviors/os/telemetry/logging/event,implemented,"Named events/statuses and their vocabulary combinations; no acquisition, persistent recording, or transmission required.",micro-behaviors/os/telemetry/logging/event::canvas-telemetry-events--canvasredo
objectives/collection/monitor/tracking::canvas-telemetry-events,objectives/collection/monitor/tracking/privacy.yaml,composite_rules,micro-behaviors/os/telemetry/logging/event,implemented,"Named events/statuses and their vocabulary combinations; no acquisition, persistent recording, or transmission required.",micro-behaviors/os/telemetry/logging/event::canvas-telemetry-events
objectives/collection/monitor/tracking::node-telemetry-events--nodecreated,objectives/collection/monitor/tracking/privacy.yaml,traits,micro-behaviors/os/telemetry/logging/event,implemented,"Named events/statuses and their vocabulary combinations; no acquisition, persistent recording, or transmission required.",micro-behaviors/os/telemetry/logging/event::node-telemetry-events--nodecreated
objectives/collection/monitor/tracking::node-telemetry-events--nodedeleted,objectives/collection/monitor/tracking/privacy.yaml,traits,micro-behaviors/os/telemetry/logging/event,implemented,"Named events/statuses and their vocabulary combinations; no acquisition, persistent recording, or transmission required.",micro-behaviors/os/telemetry/logging/event::node-telemetry-events--nodedeleted
objectives/collection/monitor/tracking::node-telemetry-events--nodesbatchdeleted,objectives/collection/monitor/tracking/privacy.yaml,traits,micro-behaviors/os/telemetry/logging/event,implemented,"Named events/statuses and their vocabulary combinations; no acquisition, persistent recording, or transmission required.",micro-behaviors/os/telemetry/logging/event::node-telemetry-events--nodesbatchdeleted
objectives/collection/monitor/tracking::node-telemetry-events,objectives/collection/monitor/tracking/privacy.yaml,composite_rules,micro-behaviors/os/telemetry/logging/event,implemented,"Named events/statuses and their vocabulary combinations; no acquisition, persistent recording, or transmission required.",micro-behaviors/os/telemetry/logging/event::node-telemetry-events
objectives/collection/monitor/tracking::node-undo-telemetry-events--nodeundo,objectives/collection/monitor/tracking/privacy.yaml,traits,micro-behaviors/os/telemetry/logging/event,implemented,"Named events/statuses and their vocabulary combinations; no acquisition, persistent recording, or transmission required.",micro-behaviors/os/telemetry/logging/event::node-undo-telemetry-events--nodeundo
objectives/collection/monitor/tracking::node-undo-telemetry-events--noderedo,objectives/collection/monitor/tracking/privacy.yaml,traits,micro-behaviors/os/telemetry/logging/event,implemented,"Named events/statuses and their vocabulary combinations; no acquisition, persistent recording, or transmission required.",micro-behaviors/os/telemetry/logging/event::node-undo-telemetry-events--noderedo
objectives/collection/monitor/tracking::node-undo-telemetry-events,objectives/collection/monitor/tracking/privacy.yaml,composite_rules,micro-behaviors/os/telemetry/logging/event,implemented,"Named events/statuses and their vocabulary combinations; no acquisition, persistent recording, or transmission required.",micro-behaviors/os/telemetry/logging/event::node-undo-telemetry-events
objectives/collection/monitor/tracking::theme-telemetry-events--themeapplied,objectives/collection/monitor/tracking/privacy.yaml,traits,micro-behaviors/os/telemetry/logging/event,implemented,"Named events/statuses and their vocabulary combinations; no acquisition, persistent recording, or transmission required.",micro-behaviors/os/telemetry/logging/event::theme-telemetry-events--themeapplied
objectives/collection/monitor/tracking::theme-telemetry-events--themeduplicated,objectives/collection/monitor/tracking/privacy.yaml,traits,micro-behaviors/os/telemetry/logging/event,implemented,"Named events/statuses and their vocabulary combinations; no acquisition, persistent recording, or transmission required.",micro-behaviors/os/telemetry/logging/event::theme-telemetry-events--themeduplicated
objectives/collection/monitor/tracking::theme-telemetry-events--themecreated,objectives/collection/monitor/tracking/privacy.yaml,traits,micro-behaviors/os/telemetry/logging/event,implemented,"Named events/statuses and their vocabulary combinations; no acquisition, persistent recording, or transmission required.",micro-behaviors/os/telemetry/logging/event::theme-telemetry-events--themecreated
objectives/collection/monitor/tracking::theme-telemetry-events,objectives/collection/monitor/tracking/privacy.yaml,composite_rules,micro-behaviors/os/telemetry/logging/event,implemented,"Named events/statuses and their vocabulary combinations; no acquisition, persistent recording, or transmission required.",micro-behaviors/os/telemetry/logging/event::theme-telemetry-events
objectives/collection/monitor/tracking::theme-change-telemetry-events--themeupdated,objectives/collection/monitor/tracking/privacy.yaml,traits,micro-behaviors/os/telemetry/logging/event,implemented,"Named events/statuses and their vocabulary combinations; no acquisition, persistent recording, or transmission required.",micro-behaviors/os/telemetry/logging/event::theme-change-telemetry-events--themeupdated
objectives/collection/monitor/tracking::theme-change-telemetry-events--themedeleted,objectives/collection/monitor/tracking/privacy.yaml,traits,micro-behaviors/os/telemetry/logging/event,implemented,"Named events/statuses and their vocabulary combinations; no acquisition, persistent recording, or transmission required.",micro-behaviors/os/telemetry/logging/event::theme-change-telemetry-events--themedeleted
objectives/collection/monitor/tracking::theme-change-telemetry-events,objectives/collection/monitor/tracking/privacy.yaml,composite_rules,micro-behaviors/os/telemetry/logging/event,implemented,"Named events/statuses and their vocabulary combinations; no acquisition, persistent recording, or transmission required.",micro-behaviors/os/telemetry/logging/event::theme-change-telemetry-events
objectives/collection/monitor/tracking::style-export-telemetry-events--styleguidecreated,objectives/collection/monitor/tracking/privacy.yaml,traits,micro-behaviors/os/telemetry/logging/event,implemented,"Named events/statuses and their vocabulary combinations; no acquisition, persistent recording, or transmission required.",micro-behaviors/os/telemetry/logging/event::style-export-telemetry-events--styleguidecreated
objectives/collection/monitor/tracking::style-export-telemetry-events--styleguideupdated,objectives/collection/monitor/tracking/privacy.yaml,traits,micro-behaviors/os/telemetry/logging/event,implemented,"Named events/statuses and their vocabulary combinations; no acquisition, persistent recording, or transmission required.",micro-behaviors/os/telemetry/logging/event::style-export-telemetry-events--styleguideupdated
objectives/collection/monitor/tracking::style-export-telemetry-events--styleguidedeleted,objectives/collection/monitor/tracking/privacy.yaml,traits,micro-behaviors/os/telemetry/logging/event,implemented,"Named events/statuses and their vocabulary combinations; no acquisition, persistent recording, or transmission required.",micro-behaviors/os/telemetry/logging/event::style-export-telemetry-events--styleguidedeleted
objectives/collection/monitor/tracking::style-export-telemetry-events--fileexported,objectives/collection/monitor/tracking/privacy.yaml,traits,micro-behaviors/os/telemetry/logging/event,implemented,"Named events/statuses and their vocabulary combinations; no acquisition, persistent recording, or transmission required.",micro-behaviors/os/telemetry/logging/event::style-export-telemetry-events--fileexported
objectives/collection/monitor/tracking::style-export-telemetry-events,objectives/collection/monitor/tracking/privacy.yaml,composite_rules,micro-behaviors/os/telemetry/logging/event,implemented,"Named events/statuses and their vocabulary combinations; no acquisition, persistent recording, or transmission required.",micro-behaviors/os/telemetry/logging/event::style-export-telemetry-events
objectives/collection/monitor/tracking::browser-telemetry-events--send-to-chat,objectives/collection/monitor/tracking/privacy.yaml,traits,micro-behaviors/communications/messaging/send,implemented,Chat-send action label; no browser source or telemetry operation required.,micro-behaviors/communications/messaging/send::send-to-chat-label
objectives/collection/monitor/tracking::sentry-self-hosted-dsn,objectives/collection/monitor/tracking/privacy.yaml,traits,micro-behaviors/communications/http/telemetry,implemented,"Telemetry service DSN endpoint, without required data transfer.",micro-behaviors/communications/http/telemetry::sentry-self-hosted-dsn
objectives/collection/monitor/tracking::sentry-worker-identity-bridge,objectives/collection/monitor/tracking/privacy.yaml,traits,micro-behaviors/os/telemetry/logging/analytics,implemented,"Instrumentation interfaces, properties, identity context, and event handling; no attacker collection objective required.",micro-behaviors/os/telemetry/logging/analytics::sentry-worker-identity-bridge
objectives/collection/monitor/tracking::design-telemetry-forwarder,objectives/collection/monitor/tracking/privacy.yaml,traits,micro-behaviors/os/telemetry/logging/analytics,implemented,"Instrumentation interfaces, properties, identity context, and event handling; no attacker collection objective required.",micro-behaviors/os/telemetry/logging/analytics::design-telemetry-forwarder
objectives/collection/monitor/tracking::telemetry-profile-writer,objectives/collection/monitor/tracking/privacy.yaml,traits,micro-behaviors/os/telemetry/logging/analytics,implemented,"Instrumentation interfaces, properties, identity context, and event handling; no attacker collection objective required.",micro-behaviors/os/telemetry/logging/analytics::telemetry-store-routine-label
objectives/collection/monitor/tracking::sentry-user-context-telemetry,objectives/collection/monitor/tracking/privacy.yaml,composite_rules,micro-behaviors/os/telemetry/logging/analytics,implemented,"Instrumentation interfaces, properties, identity context, and event handling; no attacker collection objective required.",micro-behaviors/os/telemetry/logging/analytics::sentry-identity-context
objectives/collection/monitor/tracking::worker-telemetry-forwarding,objectives/collection/monitor/tracking/privacy.yaml,composite_rules,micro-behaviors/os/telemetry/logging/analytics,implemented,"Instrumentation interfaces, properties, identity context, and event handling; no attacker collection objective required.",micro-behaviors/os/telemetry/logging/analytics::worker-analytics-event-context
objectives/collection/monitor/tracking::design-activity-telemetry,objectives/collection/monitor/tracking/privacy.yaml,composite_rules,micro-behaviors/os/telemetry/logging/analytics,implemented,"Instrumentation interfaces, properties, identity context, and event handling; no attacker collection objective required.",micro-behaviors/os/telemetry/logging/analytics::design-event-analytics-context
objectives/collection/monitor/tracking::telemetry-profile-file,objectives/collection/monitor/tracking/privacy.yaml,traits,micro-behaviors/fs/path/reference,implemented,Telemetry file basename mentioned in content; no write or artifact-basename matcher.,micro-behaviors/fs/path/reference::telemetry-json-path-reference
objectives/collection/monitor/tracking::telemetry-file-path-fields--newfilepath,objectives/collection/monitor/tracking/privacy.yaml,traits,micro-behaviors/fs/path/reference,implemented,Named path fields without independently required telemetry or access operation.,micro-behaviors/fs/path/reference::new-file-path-label
objectives/collection/monitor/tracking::telemetry-file-path-fields--tsconfigpath,objectives/collection/monitor/tracking/privacy.yaml,traits,micro-behaviors/fs/path/reference,implemented,Named path fields without independently required telemetry or access operation.,micro-behaviors/fs/path/reference::tsconfig-path-label
objectives/collection/monitor/tracking::telemetry-terminal-fields--shellpath,objectives/collection/monitor/tracking/privacy.yaml,traits,micro-behaviors/fs/path/reference,implemented,Named path fields without independently required telemetry or access operation.,micro-behaviors/fs/path/reference::shell-path-label
objectives/collection/monitor/tracking::telemetry-distinct-id-fields--uniqueid,objectives/collection/monitor/tracking/privacy.yaml,traits,micro-behaviors/os/telemetry/activity,implemented,"Activity instrumentation fields/events or their combinations; names identify probable logging interests, not independent acquired datasets.",micro-behaviors/os/telemetry/activity::telemetry-distinct-id-fields--uniqueid
objectives/collection/monitor/tracking::telemetry-file-path-fields--filepath,objectives/collection/monitor/tracking/privacy.yaml,traits,micro-behaviors/os/telemetry/activity,implemented,"Activity instrumentation fields/events or their combinations; names identify probable logging interests, not independent acquired datasets.",micro-behaviors/os/telemetry/activity::telemetry-file-path-fields--filepath
objectives/collection/monitor/tracking::telemetry-file-path-fields--directorypath,objectives/collection/monitor/tracking/privacy.yaml,traits,micro-behaviors/os/telemetry/activity,implemented,"Activity instrumentation fields/events or their combinations; names identify probable logging interests, not independent acquired datasets.",micro-behaviors/os/telemetry/activity::telemetry-file-path-fields--directorypath
objectives/collection/monitor/tracking::telemetry-workspace-path-fields--workspacepath,objectives/collection/monitor/tracking/privacy.yaml,traits,micro-behaviors/os/telemetry/activity,implemented,"Activity instrumentation fields/events or their combinations; names identify probable logging interests, not independent acquired datasets.",micro-behaviors/os/telemetry/activity::telemetry-workspace-path-fields--workspacepath
objectives/collection/monitor/tracking::telemetry-terminal-fields--terminalid,objectives/collection/monitor/tracking/privacy.yaml,traits,micro-behaviors/os/telemetry/activity,implemented,"Activity instrumentation fields/events or their combinations; names identify probable logging interests, not independent acquired datasets.",micro-behaviors/os/telemetry/activity::telemetry-terminal-fields--terminalid
objectives/collection/monitor/tracking::telemetry-file-path-fields,objectives/collection/monitor/tracking/privacy.yaml,composite_rules,micro-behaviors/os/telemetry/activity,implemented,"Activity instrumentation fields/events or their combinations; names identify probable logging interests, not independent acquired datasets.",micro-behaviors/os/telemetry/activity::path-or-telemetry-field-labels
objectives/collection/monitor/tracking::telemetry-terminal-fields,objectives/collection/monitor/tracking/privacy.yaml,composite_rules,micro-behaviors/os/telemetry/activity,implemented,"Activity instrumentation fields/events or their combinations; names identify probable logging interests, not independent acquired datasets.",micro-behaviors/os/telemetry/activity::terminal-or-shell-path-labels
objectives/collection/monitor/tracking::telemetry-browser-url-fields,objectives/collection/monitor/tracking/privacy.yaml,composite_rules,micro-behaviors/os/telemetry/activity,implemented,"Activity instrumentation fields/events or their combinations; names identify probable logging interests, not independent acquired datasets.",micro-behaviors/os/telemetry/activity::telemetry-context-id-labels
objectives/collection/monitor/tracking::developer-activity-telemetry-fields,objectives/collection/monitor/tracking/privacy.yaml,composite_rules,micro-behaviors/os/telemetry/activity,implemented,"Activity instrumentation fields/events or their combinations; names identify probable logging interests, not independent acquired datasets.",micro-behaviors/os/telemetry/activity::developer-activity-telemetry-fields
objectives/collection/monitor/tracking::developer-activity-telemetry-events,objectives/collection/monitor/tracking/privacy.yaml,composite_rules,micro-behaviors/os/telemetry/activity,implemented,"Activity instrumentation fields/events or their combinations; names identify probable logging interests, not independent acquired datasets.",micro-behaviors/os/telemetry/activity::developer-activity-telemetry-events
objectives/collection/monitor/tracking::design-activity-telemetry-events,objectives/collection/monitor/tracking/privacy.yaml,composite_rules,micro-behaviors/os/telemetry/activity,implemented,"Activity instrumentation fields/events or their combinations; names identify probable logging interests, not independent acquired datasets.",micro-behaviors/os/telemetry/activity::design-activity-telemetry-events
objectives/collection/monitor/tracking::developer-activity-telemetry,objectives/collection/monitor/tracking/privacy.yaml,composite_rules,micro-behaviors/os/telemetry/activity,implemented,"Activity instrumentation fields/events or their combinations; names identify probable logging interests, not independent acquired datasets.",micro-behaviors/os/telemetry/activity::developer-activity-instrumentation-context
objectives/collection/monitor/tracking::extension-uid-sync-storage,objectives/collection/monitor/tracking/browser-extension.yaml,traits,micro-behaviors/data/db/web-storage,implemented,Writes a uid field to synchronized storage; no persistent user tracking required.,micro-behaviors/data/db/web-storage::extension-uid-sync-storage
objectives/collection/monitor/tracking::extension-cookie-expiration-field,objectives/collection/monitor/tracking/browser-extension.yaml,traits,micro-behaviors/communications/http/cookies,implemented,"Cookie identity, expiration, or change interface references; intent belongs to consumers.",micro-behaviors/communications/http/cookies::extension-cookie-expiration-field
objectives/collection/monitor/tracking::extension-cookie-change-listener,objectives/collection/monitor/tracking/browser-extension.yaml,traits,micro-behaviors/communications/http/cookies,implemented,"Cookie identity, expiration, or change interface references; intent belongs to consumers.",micro-behaviors/communications/http/cookies::extension-cookie-change-listener
objectives/collection/monitor/tracking::extension-uid-cookie-name,objectives/collection/monitor/tracking/browser-extension.yaml,traits,micro-behaviors/communications/http/cookies,implemented,"Cookie identity, expiration, or change interface references; intent belongs to consumers.",micro-behaviors/communications/http/cookies::uid-cookie-name-field
objectives/collection/monitor/tracking::extension-config-cookie-name,objectives/collection/monitor/tracking/browser-extension.yaml,traits,micro-behaviors/communications/http/cookies,implemented,"Cookie identity, expiration, or change interface references; intent belongs to consumers.",micro-behaviors/communications/http/cookies::extension-config-cookie-name
objectives/collection/monitor/tracking::extension-uninstall-uid-url,objectives/collection/monitor/tracking/browser-extension.yaml,traits,micro-behaviors/browser-extension/lifecycle,implemented,Uninstall/installation URL registration and navigation with identity or feedback; no unauthorized collection required.,micro-behaviors/browser-extension/lifecycle::extension-uninstall-uid-url
objectives/collection/monitor/tracking::extension-uninstall-feedback-url,objectives/collection/monitor/tracking/browser-extension.yaml,traits,micro-behaviors/browser-extension/lifecycle,implemented,Uninstall/installation URL registration and navigation with identity or feedback; no unauthorized collection required.,micro-behaviors/browser-extension/lifecycle::extension-uninstall-feedback-url
objectives/collection/monitor/tracking::extension-client-id-lifecycle-navigation,objectives/collection/monitor/tracking/browser-extension.yaml,composite_rules,micro-behaviors/browser-extension/lifecycle,implemented,Uninstall/installation URL registration and navigation with identity or feedback; no unauthorized collection required.,micro-behaviors/browser-extension/lifecycle::extension-client-id-lifecycle-navigation
objectives/collection/monitor/tracking::extension-install-uninstall-feedback-tracking,objectives/collection/monitor/tracking/browser-extension.yaml,composite_rules,micro-behaviors/browser-extension/lifecycle,implemented,Uninstall/installation URL registration and navigation with identity or feedback; no unauthorized collection required.,micro-behaviors/browser-extension/lifecycle::extension-uninstall-feedback-context
objectives/exfiltration/stealer/browser::batch-browser-credential-archive-upload,objectives/exfiltration/stealer/browser/batch-windows.yaml,composite_rules,objectives/exfiltration/stealer/credential,implemented,Source alternatives share authentication material but do not require browser ownership or independent datasets.,objectives/exfiltration/stealer/credential::batch-credential-archive-upload
objectives/exfiltration/stealer/browser::js-discord-stealer,objectives/exfiltration/stealer/browser/javascript-c2-discord.yaml,composite_rules,objectives/exfiltration/stealer/credential,implemented,Source alternatives share authentication material but do not require browser ownership or independent datasets.,objectives/exfiltration/stealer/credential::js-discord-credential-stealer
objectives/exfiltration/stealer/browser::credential-stealer-http-post,objectives/exfiltration/stealer/browser/windows-pe-browser-http-upload.yaml,composite_rules,objectives/exfiltration/stealer/credential,implemented,Source alternatives share authentication material but do not require browser ownership or independent datasets.,objectives/exfiltration/stealer/credential::credential-stealer-http-post
objectives/exfiltration/stealer/browser::js-browser-wallet-upload-exfil,objectives/exfiltration/stealer/browser/javascript.yaml,composite_rules,objectives/exfiltration/stealer/credential,implemented,Source alternatives share authentication material but do not require browser ownership or independent datasets.,objectives/exfiltration/stealer/credential::js-browser-wallet-upload-exfil
objectives/exfiltration/stealer/browser::js-browser-discord-webhook-exfiltration,objectives/exfiltration/stealer/browser/javascript.yaml,composite_rules,objectives/exfiltration/stealer/credential,implemented,Source alternatives share authentication material but do not require browser ownership or independent datasets.,objectives/exfiltration/stealer/credential::js-credential-discord-webhook-exfiltration
objectives/exfiltration/stealer/browser::js-electron-browser-discord-stealer,objectives/exfiltration/stealer/browser/javascript.yaml,composite_rules,objectives/exfiltration/stealer/credential,implemented,Source alternatives share authentication material but do not require browser ownership or independent datasets.,objectives/exfiltration/stealer/credential::js-electron-credential-discord-stealer
objectives/exfiltration/stealer/browser::python-browser-discord-screenshot-exfiltration,objectives/exfiltration/stealer/browser/discord-webhook-python.yaml,composite_rules,objectives/exfiltration/stealer/multi-source,implemented,"Required credential/browser acquisition plus separately required screenshot, keyboard or clipboard collection and transport.",objectives/exfiltration/stealer/multi-source::python-browser-discord-screenshot-exfiltration
objectives/exfiltration/stealer/browser::browser-cookie-screen-websocket-collection,objectives/exfiltration/stealer/browser/javascript-extension-cookie-websocket.yaml,composite_rules,objectives/exfiltration/stealer/multi-source,implemented,"Required credential/browser acquisition plus separately required screenshot, keyboard or clipboard collection and transport.",objectives/exfiltration/stealer/multi-source::browser-cookie-screen-websocket-collection
objectives/exfiltration/stealer/browser::encoded-browser-surveillance-exfil,objectives/exfiltration/stealer/browser/python-encoded-telegram.yaml,composite_rules,objectives/exfiltration/stealer/multi-source,implemented,"Required credential/browser acquisition plus separately required screenshot, keyboard or clipboard collection and transport.",objectives/exfiltration/stealer/multi-source::encoded-browser-surveillance-exfil
objectives/exfiltration/stealer/browser::encoded-browser-credential-telegram-clipboard,objectives/exfiltration/stealer/browser/python-encoded-telegram.yaml,composite_rules,objectives/exfiltration/stealer/multi-source,implemented,"Required credential/browser acquisition plus separately required screenshot, keyboard or clipboard collection and transport.",objectives/exfiltration/stealer/multi-source::encoded-browser-credential-telegram-clipboard
objectives/exfiltration/stealer/browser::javascript-browser-screenshot-upload,objectives/exfiltration/stealer/browser/upload-javascript-python.yaml,composite_rules,objectives/exfiltration/stealer/multi-source,implemented,"Required credential/browser acquisition plus separately required screenshot, keyboard or clipboard collection and transport.",objectives/exfiltration/stealer/multi-source::javascript-browser-screenshot-upload
objectives/exfiltration/stealer/browser::js-browser-discord-screenshot-exfiltration,objectives/exfiltration/stealer/browser/javascript.yaml,composite_rules,objectives/exfiltration/stealer/multi-source,implemented,"Required credential/browser acquisition plus separately required screenshot, keyboard or clipboard collection and transport.",objectives/exfiltration/stealer/multi-source::js-credential-discord-screenshot-exfiltration
objectives/exfiltration/stealer/browser::pstore-password-report-form-post-exfil,objectives/exfiltration/stealer/browser/windows-pe-browser-http-upload.yaml,composite_rules,objectives/exfiltration/stealer/keychain,implemented,Protected Storage passwords are OS-managed secrets; the required report format does not identify a browser.,objectives/exfiltration/stealer/keychain::pstore-password-report-form-post-exfil
objectives/exfiltration/stealer/browser::js-browser-wallet-stealer-source,objectives/exfiltration/stealer/browser/javascript.yaml,composite_rules,objectives/credential-access/theft/multi-app,implemented,OR over credential theft sources does not itself require export or multiple independent datasets.,objectives/credential-access/theft/multi-app::js-browser-wallet-credential-source
objectives/exfiltration/stealer/browser::python-browser-session-cookie-transport,objectives/exfiltration/stealer/browser/python.yaml,composite_rules,micro-behaviors/communications/http/cookies,implemented,Browser context cookies and authenticated request APIs are neutral session capabilities.,micro-behaviors/communications/http/cookies::python-browser-session-cookie-transport
objectives/exfiltration/stealer/browser::vsent-near-document-cookie,objectives/exfiltration/stealer/browser/cookie-skimmer-javascript.yaml,traits,micro-behaviors/communications/http/cookie-store,implemented,Cookie access near a label does not independently establish theft or outbound transport.,micro-behaviors/communications/http/cookie-store::vsent-near-document-cookie
objectives/exfiltration/stealer/browser::vsent-before-document-cookie,objectives/exfiltration/stealer/browser/cookie-skimmer-javascript.yaml,traits,micro-behaviors/communications/http/cookie-store,implemented,Cookie access near a label does not independently establish theft or outbound transport.,micro-behaviors/communications/http/cookie-store::vsent-before-document-cookie
objectives/exfiltration/stealer/browser::vsent-cookie-access,objectives/exfiltration/stealer/browser/cookie-skimmer-javascript.yaml,composite_rules,micro-behaviors/communications/http/cookie-store,implemented,Cookie access near a label does not independently establish theft or outbound transport.,micro-behaviors/communications/http/cookie-store::vsent-cookie-access
objectives/exfiltration/stealer/browser::cookie-filter-vwo-vis-opt--vwo,objectives/exfiltration/stealer/browser/cookie-skimmer-javascript.yaml,traits,micro-behaviors/communications/http/services/analytics,implemented,Analytics tokens do not establish cookie filtering or evasion.,micro-behaviors/communications/http/services/analytics::vwo-token
objectives/exfiltration/stealer/browser::cookie-filter-vwo-vis-opt--vis-opt,objectives/exfiltration/stealer/browser/cookie-skimmer-javascript.yaml,traits,micro-behaviors/communications/http/services/analytics,implemented,Analytics tokens do not establish cookie filtering or evasion.,micro-behaviors/communications/http/services/analytics::vis-opt-token
objectives/exfiltration/stealer/browser::cookie-filter-vwo-vis-opt,objectives/exfiltration/stealer/browser/cookie-skimmer-javascript.yaml,composite_rules,micro-behaviors/communications/http/services/analytics,implemented,Analytics tokens do not establish cookie filtering or evasion.,micro-behaviors/communications/http/services/analytics::vwo-or-vis-opt-token
objectives/exfiltration/stealer/browser::json-stringify-post-body,objectives/exfiltration/stealer/browser/cookie-skimmer-javascript.yaml,composite_rules,micro-behaviors/data/serialize/json,implemented,Request JSON serialization does not establish a browser source or unauthorized transfer.,micro-behaviors/data/serialize/json::json-stringify-post-body
objectives/exfiltration/stealer/browser::js-obfuscated-browser-storage-http-workflow,objectives/exfiltration/stealer/browser/cookie-skimmer-javascript.yaml,composite_rules,objectives/anti-static/obfuscation/obfuscator/js-obfuscator,implemented,"Required obfuscated-code pattern plus storage and request APIs establishes an obfuscated workflow, not theft data flow.",objectives/anti-static/obfuscation/obfuscator/js-obfuscator::js-obfuscated-storage-http-workflow
objectives/exfiltration/stealer/browser::ps-browser-sidechannel-exfil,objectives/exfiltration/stealer/browser/powershell-netscaler.yaml,composite_rules,objectives/exfiltration/http/header,implemented,Explicit exfiltration-header vocabulary is required; browser source and DNS preparation are alternatives.,objectives/exfiltration/http/header::ps-exfil-header-channel
objectives/exfiltration/side-channel/dns::ps-exfil-http-headers,objectives/exfiltration/side-channel/dns/powershell-netscaler.yaml,traits,objectives/exfiltration/http/header,implemented,"Attack-specific HTTP exfiltration header names are header transport evidence, not DNS.",objectives/exfiltration/http/header::ps-exfil-http-headers
micro-behaviors/communications/http/request/client::requests-post-json-payload,micro-behaviors/communications/http/request/client/python.yaml,traits,micro-behaviors/communications/http/request/json,implemented,"Required request facet (JSON, body, verb or authorization) takes precedence over a general client observation.",micro-behaviors/communications/http/request/json::requests-post-json-payload
micro-behaviors/communications/http/request/client::urllib-json-request-body,micro-behaviors/communications/http/request/client/python.yaml,composite_rules,micro-behaviors/communications/http/request/json,implemented,"Required request facet (JSON, body, verb or authorization) takes precedence over a general client observation.",micro-behaviors/communications/http/request/json::urllib-json-request-body
micro-behaviors/communications/http/request/client::python-structured-post-transport,micro-behaviors/communications/http/request/client/python.yaml,composite_rules,micro-behaviors/communications/http/request/json,implemented,"Required request facet (JSON, body, verb or authorization) takes precedence over a general client observation.",micro-behaviors/communications/http/request/json::python-structured-post-transport
micro-behaviors/communications/http/request/client::fetch-json-body,micro-behaviors/communications/http/request/client/javascript.yaml,traits,micro-behaviors/communications/http/request/json,implemented,"Required request facet (JSON, body, verb or authorization) takes precedence over a general client observation.",micro-behaviors/communications/http/request/json::fetch-json-body
micro-behaviors/communications/http/request/client::node-http-post-json-body,micro-behaviors/communications/http/request/client/javascript.yaml,composite_rules,micro-behaviors/communications/http/request/json,implemented,"Required request facet (JSON, body, verb or authorization) takes precedence over a general client observation.",micro-behaviors/communications/http/request/json::node-http-post-json-body
micro-behaviors/communications/http/request/client::http-post-json,micro-behaviors/communications/http/request/client/javascript.yaml,composite_rules,micro-behaviors/communications/http/request/json,implemented,"Required request facet (JSON, body, verb or authorization) takes precedence over a general client observation.",micro-behaviors/communications/http/request/json::http-post-json
micro-behaviors/communications/http/request/client::http-post-json-small-script,micro-behaviors/communications/http/request/client/generic.yaml,composite_rules,micro-behaviors/communications/http/request/json,implemented,"Required request facet (JSON, body, verb or authorization) takes precedence over a general client observation.",micro-behaviors/communications/http/request/json::http-post-json-small-script
micro-behaviors/communications/http/request/client::python-request-data-argument,micro-behaviors/communications/http/request/client/python.yaml,traits,micro-behaviors/communications/http/request/body,implemented,"Required request facet (JSON, body, verb or authorization) takes precedence over a general client observation.",micro-behaviors/communications/http/request/body::python-request-data-argument
micro-behaviors/communications/http/request/client::node-http-request-stream-body,micro-behaviors/communications/http/request/client/javascript.yaml,composite_rules,micro-behaviors/communications/http/request/body,implemented,"Required request facet (JSON, body, verb or authorization) takes precedence over a general client observation.",micro-behaviors/communications/http/request/body::node-http-request-stream-body
micro-behaviors/communications/http/request/client::js-http-post-body,micro-behaviors/communications/http/request/client/javascript.yaml,composite_rules,micro-behaviors/communications/http/request/body,implemented,"Required request facet (JSON, body, verb or authorization) takes precedence over a general client observation.",micro-behaviors/communications/http/request/body::js-http-post-body
micro-behaviors/communications/http/request/client::node-http-request-end-body,micro-behaviors/communications/http/request/client/javascript.yaml,composite_rules,micro-behaviors/communications/http/request/body,implemented,"Required request facet (JSON, body, verb or authorization) takes precedence over a general client observation.",micro-behaviors/communications/http/request/body::node-http-request-end-body
micro-behaviors/communications/http/request/client::node-request-payload-serialization,micro-behaviors/communications/http/request/client/javascript.yaml,composite_rules,micro-behaviors/communications/http/request/body,implemented,"Required request facet (JSON, body, verb or authorization) takes precedence over a general client observation.",micro-behaviors/communications/http/request/body::node-request-payload-serialization
micro-behaviors/communications/http/request/client::node-http-request-body,micro-behaviors/communications/http/request/client/javascript.yaml,composite_rules,micro-behaviors/communications/http/request/body,implemented,"Required request facet (JSON, body, verb or authorization) takes precedence over a general client observation.",micro-behaviors/communications/http/request/body::node-http-request-body
micro-behaviors/communications/http/request/client::post-method-text,micro-behaviors/communications/http/request/client/javascript.yaml,traits,micro-behaviors/communications/http/request/verb,implemented,"Required request facet (JSON, body, verb or authorization) takes precedence over a general client observation.",micro-behaviors/communications/http/request/verb::post-method-text
micro-behaviors/communications/http/request/client::python-explicit-http-method-call,micro-behaviors/communications/http/request/client/python.yaml,traits,micro-behaviors/communications/http/request/verb,implemented,"Required request facet (JSON, body, verb or authorization) takes precedence over a general client observation.",micro-behaviors/communications/http/request/verb::python-explicit-http-method-call
micro-behaviors/communications/http/request/client::bearer-header-from-storage,micro-behaviors/communications/http/request/client/javascript.yaml,composite_rules,micro-behaviors/communications/http/authorization-header,implemented,"Required request facet (JSON, body, verb or authorization) takes precedence over a general client observation.",micro-behaviors/communications/http/authorization-header::bearer-header-from-storage
objectives/exfiltration/stealer/browser::vsent-near-fetch-send,objectives/exfiltration/stealer/browser/cookie-skimmer-javascript.yaml,traits,micro-behaviors/communications/http/request/client,implemented,Request/send syntax near a label is a client capability clue without required stolen data.,micro-behaviors/communications/http/request/client::vsent-near-fetch-send
objectives/exfiltration/stealer/browser::vsent-after-fetch-send,objectives/exfiltration/stealer/browser/cookie-skimmer-javascript.yaml,traits,micro-behaviors/communications/http/request/client,implemented,Request/send syntax near a label is a client capability clue without required stolen data.,micro-behaviors/communications/http/request/client::vsent-after-fetch-send
objectives/exfiltration/stealer/browser::vsent-near-xhr-send,objectives/exfiltration/stealer/browser/cookie-skimmer-javascript.yaml,traits,micro-behaviors/communications/http/request/client,implemented,Request/send syntax near a label is a client capability clue without required stolen data.,micro-behaviors/communications/http/request/client::vsent-before-client-send
objectives/exfiltration/stealer/browser::vsent-after-xhr-send,objectives/exfiltration/stealer/browser/cookie-skimmer-javascript.yaml,traits,micro-behaviors/communications/http/request/client,implemented,Request/send syntax near a label is a client capability clue without required stolen data.,micro-behaviors/communications/http/request/client::vsent-after-client-send
objectives/exfiltration/stealer/cloud::cloud-credential-upload-channel,objectives/exfiltration/stealer/cloud/multi-cloud-config.yaml,composite_rules,micro-behaviors/communications/http/request/client,implemented,"POST/upload/curl OR identifies HTTP client mechanisms, without required cloud, credential or theft evidence.",micro-behaviors/communications/http/request/client::http-post-upload-or-curl
micro-behaviors/communications/http/body::fetch-post-b64encode-body,micro-behaviors/communications/http/body/generic.yaml,traits,micro-behaviors/communications/http/request/body,implemented,Retire duplicate HTTP body branch: required outbound body belongs in request/body; no-cors request mode belongs in request/configuration.,micro-behaviors/communications/http/request/body::fetch-post-b64encode-body
micro-behaviors/communications/http/body::no-cors-before-post,micro-behaviors/communications/http/body/generic.yaml,traits,micro-behaviors/communications/http/request/configuration,implemented,Retire duplicate HTTP body branch: required outbound body belongs in request/body; no-cors request mode belongs in request/configuration.,micro-behaviors/communications/http/request/configuration::no-cors-before-post
micro-behaviors/communications/http/body::post-before-no-cors,micro-behaviors/communications/http/body/generic.yaml,traits,micro-behaviors/communications/http/request/configuration,implemented,Retire duplicate HTTP body branch: required outbound body belongs in request/body; no-cors request mode belongs in request/configuration.,micro-behaviors/communications/http/request/configuration::post-before-no-cors
micro-behaviors/communications/http/body::js-fetch-body-variable,micro-behaviors/communications/http/body/generic.yaml,traits,micro-behaviors/communications/http/request/body,implemented,Retire duplicate HTTP body branch: required outbound body belongs in request/body; no-cors request mode belongs in request/configuration.,micro-behaviors/communications/http/request/body::js-fetch-body-variable
micro-behaviors/communications/http/body::request-write-payload-variable,micro-behaviors/communications/http/body/generic.yaml,traits,micro-behaviors/communications/http/request/body,implemented,Retire duplicate HTTP body branch: required outbound body belongs in request/body; no-cors request mode belongs in request/configuration.,micro-behaviors/communications/http/request/body::request-write-payload-variable
micro-behaviors/communications/http/body::request-write-file-data-variable,micro-behaviors/communications/http/body/generic.yaml,traits,micro-behaviors/communications/http/request/body,implemented,Retire duplicate HTTP body branch: required outbound body belongs in request/body; no-cors request mode belongs in request/configuration.,micro-behaviors/communications/http/request/body::request-write-file-data-variable
micro-behaviors/communications/http/body::request-write-raw-data-variable,micro-behaviors/communications/http/body/generic.yaml,traits,micro-behaviors/communications/http/request/body,implemented,Retire duplicate HTTP body branch: required outbound body belongs in request/body; no-cors request mode belongs in request/configuration.,micro-behaviors/communications/http/request/body::request-write-raw-data-variable
micro-behaviors/communications/http/body::no-cors-post-request,micro-behaviors/communications/http/body/generic.yaml,composite_rules,micro-behaviors/communications/http/request/configuration,implemented,Retire duplicate HTTP body branch: required outbound body belongs in request/body; no-cors request mode belongs in request/configuration.,micro-behaviors/communications/http/request/configuration::no-cors-post-request
micro-behaviors/communications/http/body::js-fetch-post-body-variable,micro-behaviors/communications/http/body/generic.yaml,composite_rules,micro-behaviors/communications/http/request/body,implemented,Retire duplicate HTTP body branch: required outbound body belongs in request/body; no-cors request mode belongs in request/configuration.,micro-behaviors/communications/http/request/body::js-fetch-post-body-variable
objectives/collection/activity/browser::extension-visited-domain-history-exfil,objectives/collection/activity/browser/history-exfil.yaml,composite_rules,objectives/exfiltration/stealer/browser,implemented,Required browser navigation/history source plus probable transfer; source ownership takes precedence over collection and transport.,objectives/exfiltration/stealer/browser::extension-visited-domain-history-exfil
objectives/collection/activity/browser::extension-tab-visited-url-exfil,objectives/collection/activity/browser/history-exfil.yaml,composite_rules,objectives/exfiltration/stealer/browser,implemented,Required browser navigation/history source plus probable transfer; source ownership takes precedence over collection and transport.,objectives/exfiltration/stealer/browser::extension-tab-visited-url-exfil
objectives/collection/activity/browser::extension-history-api-harvest-exfil,objectives/collection/activity/browser/history-exfil.yaml,composite_rules,objectives/exfiltration/stealer/browser,implemented,Required browser navigation/history source plus probable transfer; source ownership takes precedence over collection and transport.,objectives/exfiltration/stealer/browser::extension-history-api-harvest-exfil
objectives/collection/activity/browser::extension-request-host-upload,objectives/collection/activity/browser/history-exfil.yaml,composite_rules,objectives/exfiltration/stealer/browser,implemented,Required browser navigation/history source plus probable transfer; source ownership takes precedence over collection and transport.,objectives/exfiltration/stealer/browser::extension-request-host-upload
objectives/collection/activity/browser::extension-all-urls-surveillance-package,objectives/collection/activity/browser/history-exfil.yaml,composite_rules,objectives/exfiltration/stealer/browser,implemented,Required browser navigation/history source plus probable transfer; source ownership takes precedence over collection and transport.,objectives/exfiltration/stealer/browser::extension-all-urls-surveillance-package
objectives/collection/activity/browser::extension-all-urls-browsing-activity-upload,objectives/collection/activity/browser/history-exfil.yaml,composite_rules,objectives/exfiltration/stealer/browser,implemented,Required browser navigation/history source plus probable transfer; source ownership takes precedence over collection and transport.,objectives/exfiltration/stealer/browser::extension-all-urls-browsing-activity-upload
objectives/collection/activity/browser::all-url-pageview-record-upload,objectives/collection/activity/browser/history-exfil.yaml,composite_rules,objectives/exfiltration/stealer/browser,implemented,Required browser navigation/history source plus probable transfer; source ownership takes precedence over collection and transport.,objectives/exfiltration/stealer/browser::all-url-pageview-record-upload
objectives/collection/monitor/tracking::extension-sentry-navigation-surveillance,objectives/collection/monitor/tracking/browser-extension.yaml,composite_rules,objectives/exfiltration/stealer/browser,implemented,"Required navigation, origin or referrer source with its remote reporting channel; not source-neutral tracking.",objectives/exfiltration/stealer/browser::extension-sentry-navigation-surveillance
objectives/collection/monitor/tracking::extension-remote-origin-tracking-beacon,objectives/collection/monitor/tracking/browser-extension.yaml,composite_rules,objectives/exfiltration/stealer/browser,implemented,"Required navigation, origin or referrer source with its remote reporting channel; not source-neutral tracking.",objectives/exfiltration/stealer/browser::extension-remote-origin-tracking-beacon
objectives/collection/monitor/tracking::browser-hijacker-page-telemetry,objectives/collection/monitor/tracking/browser-extension.yaml,composite_rules,objectives/exfiltration/stealer/browser,implemented,"Required navigation, origin or referrer source with its remote reporting channel; not source-neutral tracking.",objectives/exfiltration/stealer/browser::browser-hijacker-page-telemetry
objectives/collection/activity/browser::extension-local-staging,objectives/collection/activity/browser/history-exfil.yaml,composite_rules,micro-behaviors/data/db/web-storage,implemented,"Refined helper requires local storage interfaces, not encryption alone; neutral capability reused by collection/export classifiers.",micro-behaviors/data/db/web-storage::browser-local-storage-interfaces
objectives/collection/monitor/tracking::browser-page-referrer-uid-telemetry,objectives/collection/monitor/tracking/browser-extension.yaml,traits,micro-behaviors/communications/http/url/navigation,implemented,"User identifier near referrer/location reads establishes navigation observations, not reporting.",micro-behaviors/communications/http/url/navigation::identified-page-referrer-access
objectives/collection/monitor/tracking::extension-target-referrer-userid-payload,objectives/collection/monitor/tracking/browser-extension.yaml,traits,micro-behaviors/os/telemetry/activity,implemented,User/referrer/target fields describe a navigation activity record; no transmission is required.,micro-behaviors/os/telemetry/activity::navigation-user-referrer-target-fields
objectives/exfiltration/stealer/browser::recognized-haddock-cookie-helper-pair,objectives/exfiltration/stealer/browser/cookie-skimmer-javascript.yaml,composite_rules,,implemented,Retired redundant conjunction wrapper; existing Haddock identity and cookie utility observations remain. No single replacement: this was not one coherent observation.,
objectives/exfiltration/stealer/browser::recognized-haddock-cookie-helper,objectives/exfiltration/stealer/browser/cookie-skimmer-javascript.yaml,composite_rules,,implemented,"Retired mixed recognized-helper OR; separate Haddock and i18next identities remain, without theft membership. No single replacement: this was not one coherent observation.",
objectives/exfiltration/stealer/browser::js-cookie-harvest-recognized-marker,objectives/exfiltration/stealer/browser/cookie-skimmer-javascript.yaml,composite_rules,,implemented,Retired mixed utility/identity/bundle OR; its existing observations remain in their own categories. No single replacement: this was not one coherent observation.,
objectives/collection/activity/browser::extension-visited-url-upload-payload,objectives/collection/activity/browser/history-exfil.yaml,composite_rules,objectives/exfiltration/stealer/browser,implemented,Retired mixed payload helper; alternatives now occur directly in its four source-and-channel consumers.,objectives/exfiltration/stealer/browser::extension-visited-domain-history-exfil
objectives/collection/activity/browser::browser-history-telemetry,objectives/collection/activity/browser/windows.yaml,composite_rules,objectives/collection/activity/browser,implemented,Renamed local history acquisition with an HTTP client; matcher does not require an export channel.,objectives/collection/activity/browser::browser-history-with-http-client
objectives/collection/email-harvest::mailitems-accessed-operation,objectives/collection/email-harvest/audit-event.yaml,traits,micro-behaviors/os/telemetry/logging/event,implemented,Mail audit-event fields and recorded combinations do not establish that the analyzed program harvests mail.,micro-behaviors/os/telemetry/logging/event::mailitems-accessed-operation
objectives/collection/email-harvest::mailitems-access-bind,objectives/collection/email-harvest/audit-event.yaml,traits,micro-behaviors/os/telemetry/logging/event,implemented,Mail audit-event fields and recorded combinations do not establish that the analyzed program harvests mail.,micro-behaviors/os/telemetry/logging/event::mailitems-access-bind
objectives/collection/email-harvest::mailitems-access-rest-firefox,objectives/collection/email-harvest/audit-event.yaml,traits,micro-behaviors/os/telemetry/logging/event,implemented,Mail audit-event fields and recorded combinations do not establish that the analyzed program harvests mail.,micro-behaviors/os/telemetry/logging/event::rest-firefox-actor-record
objectives/collection/email-harvest::mailitems-access-rest-firefox-anomaly,objectives/collection/email-harvest/audit-event.yaml,composite_rules,micro-behaviors/os/telemetry/logging/event,implemented,Mail audit-event fields and recorded combinations do not establish that the analyzed program harvests mail.,micro-behaviors/os/telemetry/logging/event::mail-access-rest-firefox-record
objectives/collection/email-harvest::mailitems-access-application-api,objectives/collection/email-harvest/audit-event.yaml,composite_rules,micro-behaviors/os/telemetry/logging/event,implemented,Mail audit-event fields and recorded combinations do not establish that the analyzed program harvests mail.,micro-behaviors/os/telemetry/logging/event::mailitems-access-application-api
objectives/collection/email-harvest::mailitems-access-api-id,objectives/collection/email-harvest/audit-event.yaml,traits,micro-behaviors/data/serialize/schema-object,implemented,"API/client GUID fields alone describe record structure, without required mail access or audit-event context.",micro-behaviors/data/serialize/schema-object::api-id-guid-field
objectives/collection/email-harvest::mailitems-access-api-id-property,objectives/collection/email-harvest/audit-event.yaml,traits,micro-behaviors/data/serialize/schema-object,implemented,"API/client GUID fields alone describe record structure, without required mail access or audit-event context.",micro-behaviors/data/serialize/schema-object::api-id-guid-property
objectives/collection/email-harvest::mailitems-access-client-app-id,objectives/collection/email-harvest/audit-event.yaml,traits,micro-behaviors/data/serialize/schema-object,implemented,"API/client GUID fields alone describe record structure, without required mail access or audit-event context.",micro-behaviors/data/serialize/schema-object::client-app-guid-field
objectives/collection/email-harvest::mailitems-access-client-app-id-property,objectives/collection/email-harvest/audit-event.yaml,traits,micro-behaviors/data/serialize/schema-object,implemented,"API/client GUID fields alone describe record structure, without required mail access or audit-event context.",micro-behaviors/data/serialize/schema-object::client-app-guid-property
objectives/collection/email-harvest::mailitems-access-api-id-field,objectives/collection/email-harvest/audit-event.yaml,composite_rules,micro-behaviors/data/serialize/schema-object,implemented,"API/client GUID fields alone describe record structure, without required mail access or audit-event context.",micro-behaviors/data/serialize/schema-object::api-id-guid-value
objectives/collection/email-harvest::mailitems-access-client-app-id-field,objectives/collection/email-harvest/audit-event.yaml,composite_rules,micro-behaviors/data/serialize/schema-object,implemented,"API/client GUID fields alone describe record structure, without required mail access or audit-event context.",micro-behaviors/data/serialize/schema-object::client-app-guid-value
objectives/collection/email-harvest::email-provider-api-key-fragment,objectives/collection/email-harvest/javascript.yaml,traits,micro-behaviors/communications/email/auth,implemented,"Email/lead-provider API-key vocabulary is authentication capability evidence, not collection.",micro-behaviors/communications/email/auth::email-provider-api-key-fragment
objectives/collection/email-harvest::api-key-email-provider-fragment,objectives/collection/email-harvest/javascript.yaml,traits,micro-behaviors/communications/email/auth,implemented,"Email/lead-provider API-key vocabulary is authentication capability evidence, not collection.",micro-behaviors/communications/email/auth::api-key-email-provider-fragment
objectives/collection/email-harvest::provider-api-key-templates,objectives/collection/email-harvest/javascript.yaml,composite_rules,micro-behaviors/communications/email/auth,implemented,"Email/lead-provider API-key vocabulary is authentication capability evidence, not collection.",micro-behaviors/communications/email/auth::provider-api-key-templates
objectives/collection/email-harvest::imap-cli-url,objectives/collection/email-harvest/cli.yaml,traits,micro-behaviors/communications/email/access/imap,implemented,"IMAP protocol, mailbox access and method references are reusable access capabilities; collection intent is supplied by consumers.",micro-behaviors/communications/email/access/imap::imap-cli-url
objectives/collection/email-harvest::imap-cli-auth,objectives/collection/email-harvest/cli.yaml,traits,micro-behaviors/communications/email/access/imap,implemented,"IMAP protocol, mailbox access and method references are reusable access capabilities; collection intent is supplied by consumers.",micro-behaviors/communications/email/access/imap::imap-cli-auth
objectives/collection/email-harvest::imap-cli-folder-select,objectives/collection/email-harvest/cli.yaml,traits,micro-behaviors/communications/email/access/imap,implemented,"IMAP protocol, mailbox access and method references are reusable access capabilities; collection intent is supplied by consumers.",micro-behaviors/communications/email/access/imap::imap-cli-folder-select
objectives/collection/email-harvest::authenticated-imap-folder-read,objectives/collection/email-harvest/cli.yaml,composite_rules,micro-behaviors/communications/email/access/imap,implemented,"IMAP protocol, mailbox access and method references are reusable access capabilities; collection intent is supplied by consumers.",micro-behaviors/communications/email/access/imap::authenticated-imap-folder-selection
objectives/collection/email-harvest::imap-list-all-mailboxes,objectives/collection/email-harvest/imap-account-scrape.yaml,traits,micro-behaviors/communications/email/access/imap,implemented,"IMAP protocol, mailbox access and method references are reusable access capabilities; collection intent is supplied by consumers.",micro-behaviors/communications/email/access/imap::imap-list-all-mailboxes
objectives/collection/email-harvest::imap-extract-all-folder-messages,objectives/collection/email-harvest/imap-account-scrape.yaml,traits,micro-behaviors/communications/email/access/imap,implemented,"IMAP protocol, mailbox access and method references are reusable access capabilities; collection intent is supplied by consumers.",micro-behaviors/communications/email/access/imap::imap-extract-all-folder-messages
objectives/collection/email-harvest::imap-per-account-extract,objectives/collection/email-harvest/imap-account-scrape.yaml,traits,micro-behaviors/communications/email/access/imap,implemented,"IMAP protocol, mailbox access and method references are reusable access capabilities; collection intent is supplied by consumers.",micro-behaviors/communications/email/access/imap::imap-per-account-extract
objectives/collection/email-harvest::internet-cache-folder,objectives/collection/email-harvest/csharp-source.yaml,traits,micro-behaviors/fs/path/cache,implemented,"Reference to a cache folder is a path capability, not enumeration or harvesting.",micro-behaviors/fs/path/cache::internet-cache-folder
objectives/collection/email-harvest::url-decoded-email-normalization,objectives/collection/email-harvest/csharp-source.yaml,traits,micro-behaviors/data/decode/url,implemented,"Replacing percent-encoded space and at-sign is decoding, independent of harvesting.",micro-behaviors/data/decode/url::url-decoded-email-normalization
objectives/collection/email-harvest::add-pssnapin-exchange,objectives/collection/email-harvest/exchange-snapin.yaml,traits,micro-behaviors/communications/email/access/exchange,implemented,"Exchange management, mailbox enumeration and EWS access references do not independently require harvesting.",micro-behaviors/communications/email/access/exchange::add-pssnapin-exchange
objectives/collection/email-harvest::get-mailbox-enum,objectives/collection/email-harvest/exchange-snapin.yaml,traits,micro-behaviors/communications/email/access/exchange,implemented,"Exchange management, mailbox enumeration and EWS access references do not independently require harvesting.",micro-behaviors/communications/email/access/exchange::get-mailbox-enum
objectives/collection/email-harvest::ews-exchange-export,objectives/collection/email-harvest/exchange-snapin.yaml,traits,micro-behaviors/communications/email/access/exchange,implemented,"Exchange management, mailbox enumeration and EWS access references do not independently require harvesting.",micro-behaviors/communications/email/access/exchange::ews-mailbox-api-reference
objectives/collection/email-harvest::get-user-with-uac,objectives/collection/email-harvest/exchange-snapin.yaml,traits,micro-behaviors/os/security/directory-service,implemented,"Directory-user query with account-control attributes is principal enumeration, not mailbox collection.",micro-behaviors/os/security/directory-service::get-user-with-uac
objectives/collection/email-harvest::zoominfo-email-extractor,objectives/collection/email-harvest/lead-platform-harvester.yaml,traits,micro-behaviors/communications/email/address,implemented,"Email address recognition, extraction, formatting, or references are neutral address handling; source traversal and intent remain in collection composites.",micro-behaviors/communications/email/address::zoominfo-email-extractor
objectives/collection/email-harvest::normalize-enriched-emails,objectives/collection/email-harvest/lead-platform-harvester.yaml,traits,micro-behaviors/communications/email/address,implemented,"Email address recognition, extraction, formatting, or references are neutral address handling; source traversal and intent remain in collection composites.",micro-behaviors/communications/email/address::normalize-enriched-emails
objectives/collection/email-harvest::linkedin-email-extractor,objectives/collection/email-harvest/lead-platform-harvester.yaml,traits,micro-behaviors/communications/email/address,implemented,"Email address recognition, extraction, formatting, or references are neutral address handling; source traversal and intent remain in collection composites.",micro-behaviors/communications/email/address::linkedin-email-extractor
objectives/collection/email-harvest::collect-addresses-from-message,objectives/collection/email-harvest/mailbox-extract-toolkit.yaml,traits,micro-behaviors/communications/email/address,implemented,"Email address recognition, extraction, formatting, or references are neutral address handling; source traversal and intent remain in collection composites.",micro-behaviors/communications/email/address::collect-addresses-from-message
objectives/collection/email-harvest::collect-addresses-from-contacts,objectives/collection/email-harvest/mailbox-extract-toolkit.yaml,traits,micro-behaviors/communications/email/address,implemented,"Email address recognition, extraction, formatting, or references are neutral address handling; source traversal and intent remain in collection composites.",micro-behaviors/communications/email/address::collect-addresses-from-contacts
objectives/collection/email-harvest::native-email-token-extract,objectives/collection/email-harvest/native-unix.yaml,traits,micro-behaviors/communications/email/address,implemented,"Email address recognition, extraction, formatting, or references are neutral address handling; source traversal and intent remain in collection composites.",micro-behaviors/communications/email/address::email-address-predicate-reference
objectives/collection/email-harvest::pitchbook-email-extractor,objectives/collection/email-harvest/pitchbook-harvester.yaml,traits,micro-behaviors/communications/email/address,implemented,"Email address recognition, extraction, formatting, or references are neutral address handling; source traversal and intent remain in collection composites.",micro-behaviors/communications/email/address::pitchbook-email-extractor
objectives/collection/email-harvest::email-domain-filter,objectives/collection/email-harvest/scan-source.yaml,traits,micro-behaviors/communications/email/address,implemented,"Email address recognition, extraction, formatting, or references are neutral address handling; source traversal and intent remain in collection composites.",micro-behaviors/communications/email/address::email-domain-filter
objectives/collection/email-harvest::vscode-email-regex-literal,objectives/collection/email-harvest/vscode.yaml,traits,micro-behaviors/communications/email/address,implemented,"Email address recognition, extraction, formatting, or references are neutral address handling; source traversal and intent remain in collection composites.",micro-behaviors/communications/email/address::email-address-text
objectives/collection/email-harvest::vscode-email-regex-localpart,objectives/collection/email-harvest/vscode.yaml,traits,micro-behaviors/communications/email/address,implemented,"Email address recognition, extraction, formatting, or references are neutral address handling; source traversal and intent remain in collection composites.",micro-behaviors/communications/email/address::email-localpart-regex-fragment
objectives/collection/email-harvest::vscode-email-regex-domain,objectives/collection/email-harvest/vscode.yaml,traits,micro-behaviors/communications/email/address,implemented,"Email address recognition, extraction, formatting, or references are neutral address handling; source traversal and intent remain in collection composites.",micro-behaviors/communications/email/address::email-domain-regex-fragment
objectives/collection/email-harvest::vscode-email-regex-structure,objectives/collection/email-harvest/vscode.yaml,composite_rules,micro-behaviors/communications/email/address,implemented,"Email address recognition, extraction, formatting, or references are neutral address handling; source traversal and intent remain in collection composites.",micro-behaviors/communications/email/address::email-regex-structure
objectives/collection/email-harvest::provider-email-extractor-entrypoint,objectives/collection/email-harvest/javascript.yaml,traits,micro-behaviors/communications/email/address,implemented,"Email address recognition, extraction, formatting, or references are neutral address handling; source traversal and intent remain in collection composites.",micro-behaviors/communications/email/address::provider-email-extractor-entrypoint
objectives/collection/email-harvest::email-result-writer-reference,objectives/collection/email-harvest/javascript.yaml,traits,micro-behaviors/communications/email/address,implemented,"Email address recognition, extraction, formatting, or references are neutral address handling; source traversal and intent remain in collection composites.",micro-behaviors/communications/email/address::email-result-writer-reference
objectives/collection/email-harvest::html-mailto-harvest-vb6,objectives/collection/email-harvest/windows-vb6-source.yaml,traits,micro-behaviors/communications/email/address,implemented,"Email address recognition, extraction, formatting, or references are neutral address handling; source traversal and intent remain in collection composites.",micro-behaviors/communications/email/address::vb6-mailto-prefix-reference
objectives/collection/email-harvest::zoominfo-auth,objectives/collection/email-harvest/lead-platform-harvester.yaml,traits,micro-behaviors/communications/http/services/zoominfo,implemented,Named provider authentication/parameter-construction references follow the supported service capability.,micro-behaviors/communications/http/services/zoominfo::zoominfo-auth
objectives/collection/email-harvest::region-to-zoominfo-attributes,objectives/collection/email-harvest/lead-platform-harvester.yaml,traits,micro-behaviors/communications/http/services/zoominfo,implemented,Named provider authentication/parameter-construction references follow the supported service capability.,micro-behaviors/communications/http/services/zoominfo::region-to-zoominfo-attributes
objectives/collection/email-harvest::region-to-linkedin-params,objectives/collection/email-harvest/lead-platform-harvester.yaml,traits,micro-behaviors/communications/http/services/linkedin,implemented,"Provider request-parameter reference follows the supported service, not email harvesting.",micro-behaviors/communications/http/services/linkedin::region-to-linkedin-params
objectives/collection/email-harvest::region-to-pitchbook-params,objectives/collection/email-harvest/pitchbook-harvester.yaml,traits,micro-behaviors/communications/http/services/pitchbook,implemented,Provider request-parameter references do not themselves identify acquired email data.,micro-behaviors/communications/http/services/pitchbook::region-to-pitchbook-params
objectives/collection/email-harvest::product-to-pitchbook-params,objectives/collection/email-harvest/pitchbook-harvester.yaml,traits,micro-behaviors/communications/http/services/pitchbook,implemented,Provider request-parameter references do not themselves identify acquired email data.,micro-behaviors/communications/http/services/pitchbook::product-to-pitchbook-params
objectives/collection/email-harvest::perl-mailstore-harvest-paths,objectives/collection/email-harvest/perl-mailstore.yaml,traits,micro-behaviors/fs/path/personal,implemented,Mailstore/profile path references are neutral location clues.,micro-behaviors/fs/path/personal::perl-mailstore-harvest-paths
objectives/collection/email-harvest::perl-email-header-extract,objectives/collection/email-harvest/perl-mailstore.yaml,traits,micro-behaviors/communications/email/mime,implemented,"From/To header extraction is message parsing, not an acquisition objective.",micro-behaviors/communications/email/mime::perl-email-header-extract
objectives/collection/email-harvest::massmail-queue,objectives/collection/email-harvest/scan-source.yaml,traits,micro-behaviors/communications/email/queue,implemented,"A mass-mail queue identifier describes probable message queuing, not address harvesting.",micro-behaviors/communications/email/queue::massmail-queue
objectives/collection/email-harvest::vscode-email-clipboard-output,objectives/collection/email-harvest/vscode.yaml,traits,micro-behaviors/os/clipboard/write,implemented,"Writing an address list to a clipboard is output, not clipboard acquisition or remote exfiltration.",micro-behaviors/os/clipboard/write::email-list-clipboard-write
objectives/collection/email-harvest::wab-registry-path,objectives/collection/email-harvest/wab.yaml,traits,micro-behaviors/os/registry/keys,implemented,Plain or encoded address-book registry location references share the registry-key home.,micro-behaviors/os/registry/keys::wab-registry-path
objectives/collection/email-harvest::wab-registry-path-rot13,objectives/collection/email-harvest/wab.yaml,traits,micro-behaviors/os/registry/keys,implemented,Plain or encoded address-book registry location references share the registry-key home.,micro-behaviors/os/registry/keys::wab-registry-path-rot13
objectives/collection/email-harvest::recursive-drive-scan-vb6,objectives/collection/email-harvest/windows-vb6-source.yaml,traits,micro-behaviors/fs/enumerate/drives,implemented,For Each over drives identifies enumeration; it does not establish recursive traversal.,micro-behaviors/fs/enumerate/drives::vb6-drive-enumeration
objectives/collection/email-harvest::formdata-mail-append,objectives/collection/email-harvest/formdata-append.yaml,traits,micro-behaviors/communications/http/request/body,implemented,Appending a mail-named field constructs a body without independently acquiring or transmitting mail.,micro-behaviors/communications/http/request/body::mail-form-field-append
objectives/collection/email-harvest::webmail-message-list-fetch,objectives/collection/email-harvest/webmail-source.yaml,traits,micro-behaviors/communications/email/access/webmail,implemented,Webmail application endpoint/action references are mailbox-access capabilities.,micro-behaviors/communications/email/access/webmail::webmail-list-action-reference
objectives/collection/email-harvest::webmail-viewsource-fetch,objectives/collection/email-harvest/webmail-source.yaml,traits,micro-behaviors/communications/email/access/webmail,implemented,Webmail application endpoint/action references are mailbox-access capabilities.,micro-behaviors/communications/email/access/webmail::webmail-message-action-reference
objectives/collection/email-harvest::uid-extraction-regex,objectives/collection/email-harvest/webmail-source.yaml,traits,micro-behaviors/data/parse/regex,implemented,Regex matching of uid tokens does not require email or message semantics.,micro-behaviors/data/parse/regex::uid-regex-matching
objectives/collection/email-harvest::same-origin-mail-url-build,objectives/collection/email-harvest/webmail-source.yaml,traits,micro-behaviors/communications/http/url/build,implemented,Mail endpoint URL construction does not establish collection or a completed request.,micro-behaviors/communications/http/url/build::same-origin-mail-url-build
micro-behaviors/communications/email/send/exchange::exchange-web-services-client,micro-behaviors/communications/email/send/exchange/dotnet.yaml,traits,micro-behaviors/communications/email/access/exchange,implemented,"Mailbox client/read/enumeration APIs are access capabilities, not message sending.",micro-behaviors/communications/email/access/exchange::exchange-web-services-client
micro-behaviors/communications/email/send/exchange::exchange-find-folders-call,micro-behaviors/communications/email/send/exchange/dotnet.yaml,traits,micro-behaviors/communications/email/access/exchange,implemented,"Mailbox client/read/enumeration APIs are access capabilities, not message sending.",micro-behaviors/communications/email/access/exchange::exchange-find-folders-call
micro-behaviors/communications/email/send/exchange::exchange-folder-view,micro-behaviors/communications/email/send/exchange/dotnet.yaml,traits,micro-behaviors/communications/email/access/exchange,implemented,"Mailbox client/read/enumeration APIs are access capabilities, not message sending.",micro-behaviors/communications/email/access/exchange::exchange-folder-view
micro-behaviors/communications/email/send/exchange::exchange-find-items-call,micro-behaviors/communications/email/send/exchange/dotnet.yaml,traits,micro-behaviors/communications/email/access/exchange,implemented,"Mailbox client/read/enumeration APIs are access capabilities, not message sending.",micro-behaviors/communications/email/access/exchange::exchange-find-items-call
micro-behaviors/communications/email/send/exchange::exchange-item-view,micro-behaviors/communications/email/send/exchange/dotnet.yaml,traits,micro-behaviors/communications/email/access/exchange,implemented,"Mailbox client/read/enumeration APIs are access capabilities, not message sending.",micro-behaviors/communications/email/access/exchange::exchange-item-view
micro-behaviors/communications/email/send/exchange::exchange-mime-content-read,micro-behaviors/communications/email/send/exchange/dotnet.yaml,traits,micro-behaviors/communications/email/access/exchange,implemented,"Mailbox client/read/enumeration APIs are access capabilities, not message sending.",micro-behaviors/communications/email/access/exchange::exchange-mime-content-read
micro-behaviors/communications/email/send/exchange::exchange-folder-tree-enumeration,micro-behaviors/communications/email/send/exchange/dotnet.yaml,composite_rules,micro-behaviors/communications/email/access/exchange,implemented,"Mailbox client/read/enumeration APIs are access capabilities, not message sending.",micro-behaviors/communications/email/access/exchange::exchange-folder-tree-enumeration
micro-behaviors/communications/email/send/exchange::exchange-item-enumeration,micro-behaviors/communications/email/send/exchange/dotnet.yaml,composite_rules,micro-behaviors/communications/email/access/exchange,implemented,"Mailbox client/read/enumeration APIs are access capabilities, not message sending.",micro-behaviors/communications/email/access/exchange::exchange-item-enumeration
micro-behaviors/communications/email/send/exchange::exchange-web-credentials,micro-behaviors/communications/email/send/exchange/dotnet.yaml,traits,micro-behaviors/communications/email/auth,implemented,"Explicit email-client credentials express authentication, not sending.",micro-behaviors/communications/email/auth::exchange-web-credentials
micro-behaviors/communications/email/send/exchange::exchange-mail-attachment,micro-behaviors/communications/email/send/exchange/dotnet.yaml,traits,micro-behaviors/communications/email/mime,implemented,Attachment construction is message-content handling; the send consumer supplies transmission.,micro-behaviors/communications/email/mime::exchange-file-attachment-reference
micro-behaviors/communications/email/send/exchange::exchange-tls-validation-override,micro-behaviors/communications/email/send/exchange/dotnet.yaml,traits,micro-behaviors/communications/tls/verify/callback,implemented,A certificate-validation callback setter/customization does not establish verification is disabled.,micro-behaviors/communications/tls/verify/callback::certificate-validation-callback-setter
micro-behaviors/communications/email/send/exchange::exchange-client-tls-validation-override,micro-behaviors/communications/email/send/exchange/dotnet.yaml,composite_rules,micro-behaviors/communications/tls/verify/callback,implemented,A certificate-validation callback setter/customization does not establish verification is disabled.,micro-behaviors/communications/tls/verify/callback::exchange-client-certificate-validation-callback
objectives/exfiltration/stealer/browser::google-session-mailbox-recon,objectives/exfiltration/stealer/browser/google-session.yaml,composite_rules,objectives/collection/email-harvest,implemented,Mailbox reconnaissance is required; sending stolen browser cookies to another destination is not.,objectives/collection/email-harvest::google-session-mailbox-recon
objectives/exfiltration/http/report::extension-proxy-request-history-upload,objectives/exfiltration/http/report/browser-extension.yaml,composite_rules,objectives/exfiltration/stealer/browser,implemented,The required exported source is buffered browser request history; source takes precedence over HTTP reporting.,objectives/exfiltration/stealer/browser::extension-proxy-request-history-upload
objectives/exfiltration/stealer/message::mail-client-account-credential-report-chain,objectives/exfiltration/stealer/message/mail-account-javascript.yaml,composite_rules,objectives/exfiltration/stealer/credential,implemented,"The exported data is authentication material, not message content.",objectives/exfiltration/stealer/credential::mail-client-account-credential-report-chain
objectives/exfiltration/stealer/message::obfuscated-smtp-credential-exfiltration,objectives/exfiltration/stealer/message/mail-account-javascript.yaml,composite_rules,objectives/exfiltration/stealer/credential,implemented,"The exported data is authentication material, not message content.",objectives/exfiltration/stealer/credential::obfuscated-smtp-credential-exfiltration
micro-behaviors/data/serialize/schema-object::mapping-get-action-key,micro-behaviors/data/serialize/schema-object/python.yaml,traits,micro-behaviors/data/collection/map,implemented,"Mapping lookup is an access operation, not a serialized record declaration.",micro-behaviors/data/collection/map::mapping-get-action-key
micro-behaviors/data/serialize/schema-object::mapping-get-code-key,micro-behaviors/data/serialize/schema-object/python.yaml,traits,micro-behaviors/data/collection/map,implemented,"Mapping lookup is an access operation, not a serialized record declaration.",micro-behaviors/data/collection/map::mapping-get-code-key
micro-behaviors/data/serialize/schema-object::mapping-get-executable-field,micro-behaviors/data/serialize/schema-object/python.yaml,traits,micro-behaviors/data/collection/map,implemented,"Mapping lookup is an access operation, not a serialized record declaration.",micro-behaviors/data/collection/map::mapping-get-executable-field
micro-behaviors/data/serialize/schema-object::mapping-get-assets-key,micro-behaviors/data/serialize/schema-object/python.yaml,traits,micro-behaviors/data/collection/map,implemented,"Mapping lookup is an access operation, not a serialized record declaration.",micro-behaviors/data/collection/map::mapping-get-assets-key
micro-behaviors/data/serialize/schema-object::mapping-get-url-key,micro-behaviors/data/serialize/schema-object/python.yaml,traits,micro-behaviors/data/collection/map,implemented,"Mapping lookup is an access operation, not a serialized record declaration.",micro-behaviors/data/collection/map::mapping-get-url-key
micro-behaviors/data/serialize/schema-object::mapping-get-hash-key,micro-behaviors/data/serialize/schema-object/python.yaml,traits,micro-behaviors/data/collection/map,implemented,"Mapping lookup is an access operation, not a serialized record declaration.",micro-behaviors/data/collection/map::mapping-get-hash-key
micro-behaviors/data/serialize/schema-object::mapping-get-args-key,micro-behaviors/data/serialize/schema-object/python.yaml,traits,micro-behaviors/data/collection/map,implemented,"Mapping lookup is an access operation, not a serialized record declaration.",micro-behaviors/data/collection/map::mapping-get-args-key
micro-behaviors/data/serialize/schema-object::mapping-get-platform-key,micro-behaviors/data/serialize/schema-object/python.yaml,traits,micro-behaviors/data/collection/map,implemented,"Mapping lookup is an access operation, not a serialized record declaration.",micro-behaviors/data/collection/map::mapping-get-platform-key
micro-behaviors/data/serialize/schema-object::browser-session-cookie-read,micro-behaviors/data/serialize/schema-object/browser-session.yaml,traits,micro-behaviors/data/collection/map,implemented,"Mapping lookup is an access operation, not a serialized record declaration.",micro-behaviors/data/collection/map::mapping-get-cookies-key
micro-behaviors/data/serialize/schema-object::cdp-cookie-helper-context,micro-behaviors/data/serialize/schema-object/browser-session.yaml,traits,micro-behaviors/communications/http/cookies,implemented,"Named CDP cookie helper supports probable cookie access, not object serialization.",micro-behaviors/communications/http/cookies::cdp-cookie-helper-reference
micro-behaviors/data/serialize/schema-object::browser-session-share-link-generation,micro-behaviors/data/serialize/schema-object/browser-session.yaml,traits,micro-behaviors/communications/http/url/build,implemented,A share-link creation call does not require browser sessions or encryption.,micro-behaviors/communications/http/url/build::share-link-creation-call
micro-behaviors/data/serialize/schema-object::response-json-gating-not,micro-behaviors/data/serialize/schema-object/python.yaml,traits,micro-behaviors/data/control-flow/branch,implemented,Branching on decoded JSON truthiness is control flow rather than object schema.,micro-behaviors/data/control-flow/branch::response-json-gating-not
micro-behaviors/data/serialize/schema-object::response-json-gating-positive,micro-behaviors/data/serialize/schema-object/python.yaml,traits,micro-behaviors/data/control-flow/branch,implemented,Branching on decoded JSON truthiness is control flow rather than object schema.,micro-behaviors/data/control-flow/branch::response-json-gating-positive
objectives/exfiltration/stealer/keychain::dpapi-webhook-stealer,objectives/exfiltration/stealer/keychain/dpapi-discord-python.yaml,composite_rules,objectives/exfiltration/stealer/credential,implemented,"DPAPI unprotect identifies protected secrets, not a specific credential store.",objectives/exfiltration/stealer/credential::dpapi-secret-webhook-export
objectives/exfiltration/stealer/keychain::lua-gamecenter-keychain-targeting,objectives/exfiltration/stealer/keychain/gamecenter-lua-ios.yaml,composite_rules,objectives/credential-access/gaming/mobile,implemented,GameCenter credential acquisition has no required export leg.,objectives/credential-access/gaming/mobile::lua-gamecenter-keychain-targeting
objectives/exfiltration/stealer/keychain::swift-ios-keychain-payload,objectives/exfiltration/stealer/keychain/swift-ios-http.yaml,traits,micro-behaviors/os/security/keychain,implemented,"SecItemCopyMatching near KEYCHAIN= is keychain/output context, not transmission.",micro-behaviors/os/security/keychain::swift-keychain-output-field
objectives/exfiltration/stealer/keychain::ruby-keychain-ssh-harvest,objectives/exfiltration/stealer/keychain/ruby-macos-keychain.yaml,composite_rules,objectives/credential-access/theft/multi-store,implemented,Both secret-store sources are required; no export is required.,objectives/credential-access/theft/multi-store::ruby-keychain-ssh-harvest
objectives/exfiltration/stealer/keychain::rust-binary-osascript-keychain-theft,objectives/exfiltration/stealer/keychain/rust-unix-keychain.yaml,composite_rules,objectives/credential-access/keychain/theft,implemented,"The password prompt and store path infer credential targeting, not remote export or a proven file read.",objectives/credential-access/keychain/theft::password-prompt-with-keychain-path
objectives/exfiltration/stealer/keychain::shell-macos-keychain-http-exfil,objectives/exfiltration/stealer/keychain/shell-macos.yaml,composite_rules,objectives/credential-access/keychain/extract,implemented,Keychain extraction is required; HTTP transmission is not.,objectives/credential-access/keychain/extract::shell-keychain-dump-with-secret-queries
objectives/exfiltration/stealer/keychain::ruby-discord-keychain-exfil,objectives/exfiltration/stealer/keychain/ruby-macos-keychain.yaml,composite_rules,objectives/exfiltration/stealer/credential,implemented,"Alternative Discord tokens or keychain secrets share authentication material, not a required keychain source.",objectives/exfiltration/stealer/credential::ruby-credential-http-export
objectives/exfiltration/stealer/keychain::rust-cloud-keychain-http-exfil,objectives/exfiltration/stealer/keychain/rust-unix-keychain.yaml,composite_rules,objectives/exfiltration/stealer/credential,implemented,"Cloud-variable, secret-file or keychain alternatives require authentication material but no single store.",objectives/exfiltration/stealer/credential::rust-secrets-with-ingest-endpoint
objectives/exfiltration/stealer/keychain::rust-ureq-keychain-http-exfil,objectives/exfiltration/stealer/keychain/rust-unix-keychain.yaml,composite_rules,objectives/exfiltration/stealer/credential,implemented,"Secret-source alternatives do not require keychain, and do not establish independently required sources.",objectives/exfiltration/stealer/credential::rust-ureq-secret-http-export
objectives/exfiltration/stealer/keychain::rust-monitor-credential-exfil,objectives/exfiltration/stealer/keychain/rust-unix-keychain.yaml,composite_rules,objectives/exfiltration/stealer/credential,implemented,Browser login data or keychain alternatives share authentication stores; no single store is required.,objectives/exfiltration/stealer/credential::rust-secret-stores-with-ingest-endpoint
objectives/exfiltration/stealer/keychain::shell-macos-secret-http-exfil,objectives/exfiltration/stealer/keychain/shell-macos.yaml,composite_rules,objectives/exfiltration/stealer/credential,implemented,"Keychain or SSH/browser secret alternatives require authentication material, not keychain alone.",objectives/exfiltration/stealer/credential::shell-secret-http-export
objectives/credential-access/browser/chromium::chrome-path,objectives/credential-access/browser/chromium/traits.yaml,traits,micro-behaviors/fs/path/application/browser,implemented,"Browser profile, history/config or alternative browser store locators support browser-data capability, not credential acquisition by themselves.",micro-behaviors/fs/path/application/browser::chrome-path
objectives/credential-access/browser/chromium::brave-path,objectives/credential-access/browser/chromium/traits.yaml,traits,micro-behaviors/fs/path/application/browser,implemented,"Browser profile, history/config or alternative browser store locators support browser-data capability, not credential acquisition by themselves.",micro-behaviors/fs/path/application/browser::brave-path
objectives/credential-access/browser/chromium::edge-path,objectives/credential-access/browser/chromium/traits.yaml,traits,micro-behaviors/fs/path/application/browser,implemented,"Browser profile, history/config or alternative browser store locators support browser-data capability, not credential acquisition by themselves.",micro-behaviors/fs/path/application/browser::edge-path
objectives/credential-access/browser/chromium::opera-macos-path,objectives/credential-access/browser/chromium/traits.yaml,traits,micro-behaviors/fs/path/application/browser,implemented,"Browser profile, history/config or alternative browser store locators support browser-data capability, not credential acquisition by themselves.",micro-behaviors/fs/path/application/browser::opera-macos-path
objectives/credential-access/browser/chromium::opera-windows-path,objectives/credential-access/browser/chromium/traits.yaml,traits,micro-behaviors/fs/path/application/browser,implemented,"Browser profile, history/config or alternative browser store locators support browser-data capability, not credential acquisition by themselves.",micro-behaviors/fs/path/application/browser::opera-windows-path
objectives/credential-access/browser/chromium::operagx-path,objectives/credential-access/browser/chromium/traits.yaml,traits,micro-behaviors/fs/path/application/browser,implemented,"Browser profile, history/config or alternative browser store locators support browser-data capability, not credential acquisition by themselves.",micro-behaviors/fs/path/application/browser::operagx-path
objectives/credential-access/browser/chromium::vivaldi-path,objectives/credential-access/browser/chromium/traits.yaml,traits,micro-behaviors/fs/path/application/browser,implemented,"Browser profile, history/config or alternative browser store locators support browser-data capability, not credential acquisition by themselves.",micro-behaviors/fs/path/application/browser::vivaldi-path
objectives/credential-access/browser/chromium::yandex-path,objectives/credential-access/browser/chromium/traits.yaml,traits,micro-behaviors/fs/path/application/browser,implemented,"Browser profile, history/config or alternative browser store locators support browser-data capability, not credential acquisition by themselves.",micro-behaviors/fs/path/application/browser::yandex-path
objectives/credential-access/browser/chromium::coccoc-path,objectives/credential-access/browser/chromium/traits.yaml,traits,micro-behaviors/fs/path/application/browser,implemented,"Browser profile, history/config or alternative browser store locators support browser-data capability, not credential acquisition by themselves.",micro-behaviors/fs/path/application/browser::coccoc-path
objectives/credential-access/browser/chromium::opera-path,objectives/credential-access/browser/chromium/traits.yaml,composite_rules,micro-behaviors/fs/path/application/browser,implemented,"Browser profile, history/config or alternative browser store locators support browser-data capability, not credential acquisition by themselves.",micro-behaviors/fs/path/application/browser::opera-path
objectives/credential-access/browser/chromium::history-copy-db,objectives/credential-access/browser/chromium/paths.yaml,traits,micro-behaviors/fs/path/application/browser,implemented,"Browser profile, history/config or alternative browser store locators support browser-data capability, not credential acquisition by themselves.",micro-behaviors/fs/path/application/browser::history-copy-db
objectives/credential-access/browser/chromium::local-state,objectives/credential-access/browser/chromium/paths.yaml,traits,micro-behaviors/fs/path/application/browser,implemented,"Browser profile, history/config or alternative browser store locators support browser-data capability, not credential acquisition by themselves.",micro-behaviors/fs/path/application/browser::local-state
objectives/credential-access/browser/chromium::chromium-browser-store-set,objectives/credential-access/browser/chromium/abe-apc.yaml,traits,micro-behaviors/fs/path/application/browser,implemented,"Browser profile, history/config or alternative browser store locators support browser-data capability, not credential acquisition by themselves.",micro-behaviors/fs/path/application/browser::chromium-browser-store-set
objectives/credential-access/browser/chromium::swift-chrome-login-db,objectives/credential-access/browser/chromium/swift-macos.yaml,traits,micro-behaviors/fs/path/password-store,implemented,"Credential-store file references are path capabilities, not evidence of copying or theft.",micro-behaviors/fs/path/password-store::swift-chrome-login-db
objectives/credential-access/browser/chromium::login-data-string,objectives/credential-access/browser/chromium/traits.yaml,traits,micro-behaviors/fs/path/password-store,implemented,"Credential-store file references are path capabilities, not evidence of copying or theft.",micro-behaviors/fs/path/password-store::login-data-string
objectives/credential-access/browser/chromium::web-data-copy-db,objectives/credential-access/browser/chromium/paths.yaml,traits,micro-behaviors/fs/path/password-store,implemented,"Credential-store file references are path capabilities, not evidence of copying or theft.",micro-behaviors/fs/path/password-store::web-data-copy-db
objectives/credential-access/browser/chromium::login-data-copy-db,objectives/credential-access/browser/chromium/paths.yaml,traits,micro-behaviors/fs/path/password-store,implemented,"Credential-store file references are path capabilities, not evidence of copying or theft.",micro-behaviors/fs/path/password-store::login-data-copy-db
objectives/credential-access/browser/chromium::cookies-copy-db,objectives/credential-access/browser/chromium/paths.yaml,traits,micro-behaviors/fs/path/cookie,implemented,"A copied-cookie database filename is a locator, not a completed copy.",micro-behaviors/fs/path/cookie::cookies-copy-db
objectives/credential-access/browser/chromium::abe-browser-config-mark,objectives/credential-access/browser/chromium/abe-template.yaml,traits,objectives/credential-access/browser/app-bound,implemented,"App-Bound Encryption key recovery, bypass and its specific fragments form a protection-specific technique across browser brands; ordinary DPAPI recovery remains separate.",objectives/credential-access/browser/app-bound::abe-browser-config-mark
objectives/credential-access/browser/chromium::abe-debug-path-placeholder,objectives/credential-access/browser/chromium/abe-template.yaml,traits,objectives/credential-access/browser/app-bound,implemented,"App-Bound Encryption key recovery, bypass and its specific fragments form a protection-specific technique across browser brands; ordinary DPAPI recovery remains separate.",objectives/credential-access/browser/app-bound::abe-debug-path-placeholder
objectives/credential-access/browser/chromium::abe-key-path-placeholder,objectives/credential-access/browser/chromium/abe-template.yaml,traits,objectives/credential-access/browser/app-bound,implemented,"App-Bound Encryption key recovery, bypass and its specific fragments form a protection-specific technique across browser brands; ordinary DPAPI recovery remains separate.",objectives/credential-access/browser/app-bound::abe-key-path-placeholder
objectives/credential-access/browser/chromium::abe-pipe-name-placeholder,objectives/credential-access/browser/chromium/abe-template.yaml,traits,objectives/credential-access/browser/app-bound,implemented,"App-Bound Encryption key recovery, bypass and its specific fragments form a protection-specific technique across browser brands; ordinary DPAPI recovery remains separate.",objectives/credential-access/browser/app-bound::abe-pipe-name-placeholder
objectives/credential-access/browser/chromium::abe-blob-data-placeholder,objectives/credential-access/browser/chromium/abe-template.yaml,traits,objectives/credential-access/browser/app-bound,implemented,"App-Bound Encryption key recovery, bypass and its specific fragments form a protection-specific technique across browser brands; ordinary DPAPI recovery remains separate.",objectives/credential-access/browser/app-bound::abe-blob-data-placeholder
objectives/credential-access/browser/chromium::abe-payload-export-name,objectives/credential-access/browser/chromium/abe-template.yaml,traits,objectives/credential-access/browser/app-bound,implemented,"App-Bound Encryption key recovery, bypass and its specific fragments form a protection-specific technique across browser brands; ordinary DPAPI recovery remains separate.",objectives/credential-access/browser/app-bound::abe-payload-export-name
objectives/credential-access/browser/chromium::abe-helper-dll-patch-template,objectives/credential-access/browser/chromium/abe-template.yaml,composite_rules,objectives/credential-access/browser/app-bound,implemented,"App-Bound Encryption key recovery, bypass and its specific fragments form a protection-specific technique across browser brands; ordinary DPAPI recovery remains separate.",objectives/credential-access/browser/app-bound::abe-helper-dll-patch-template
objectives/credential-access/browser/chromium::v20-master-key-name,objectives/credential-access/browser/chromium/abe-apc.yaml,traits,objectives/credential-access/browser/app-bound,implemented,"App-Bound Encryption key recovery, bypass and its specific fragments form a protection-specific technique across browser brands; ordinary DPAPI recovery remains separate.",objectives/credential-access/browser/app-bound::v20-master-key-name
objectives/credential-access/browser/chromium::v20-key-prefix-bytes,objectives/credential-access/browser/chromium/abe-apc.yaml,traits,objectives/credential-access/browser/app-bound,implemented,"App-Bound Encryption key recovery, bypass and its specific fragments form a protection-specific technique across browser brands; ordinary DPAPI recovery remains separate.",objectives/credential-access/browser/app-bound::v20-key-prefix-bytes
objectives/credential-access/browser/chromium::v20-key-structure-tail,objectives/credential-access/browser/chromium/abe-apc.yaml,traits,objectives/credential-access/browser/app-bound,implemented,"App-Bound Encryption key recovery, bypass and its specific fragments form a protection-specific technique across browser brands; ordinary DPAPI recovery remains separate.",objectives/credential-access/browser/app-bound::v20-key-structure-tail
objectives/credential-access/browser/chromium::chromium-abe-key-label,objectives/credential-access/browser/chromium/abe-apc.yaml,traits,objectives/credential-access/browser/app-bound,implemented,"App-Bound Encryption key recovery, bypass and its specific fragments form a protection-specific technique across browser brands; ordinary DPAPI recovery remains separate.",objectives/credential-access/browser/app-bound::chromium-abe-key-label
objectives/credential-access/browser/chromium::v20-memory-key-signature,objectives/credential-access/browser/chromium/abe-apc.yaml,composite_rules,objectives/credential-access/browser/app-bound,implemented,"App-Bound Encryption key recovery, bypass and its specific fragments form a protection-specific technique across browser brands; ordinary DPAPI recovery remains separate.",objectives/credential-access/browser/app-bound::v20-memory-key-signature
objectives/credential-access/browser/chromium::chromium-abe-memory-apc-bypass,objectives/credential-access/browser/chromium/abe-apc.yaml,composite_rules,objectives/credential-access/browser/app-bound,implemented,"App-Bound Encryption key recovery, bypass and its specific fragments form a protection-specific technique across browser brands; ordinary DPAPI recovery remains separate.",objectives/credential-access/browser/app-bound::chromium-abe-memory-apc-bypass
objectives/credential-access/browser/chromium::chromium-abe-browser-store-access,objectives/credential-access/browser/chromium/abe-apc.yaml,composite_rules,objectives/credential-access/browser/app-bound,implemented,"App-Bound Encryption key recovery, bypass and its specific fragments form a protection-specific technique across browser brands; ordinary DPAPI recovery remains separate.",objectives/credential-access/browser/app-bound::chromium-abe-browser-store-access
objectives/credential-access/browser/chromium::chromium-abe-bypass-secret-dumper,objectives/credential-access/browser/chromium/abe-apc.yaml,composite_rules,objectives/credential-access/browser/app-bound,implemented,"App-Bound Encryption key recovery, bypass and its specific fragments form a protection-specific technique across browser brands; ordinary DPAPI recovery remains separate.",objectives/credential-access/browser/app-bound::chromium-abe-bypass-secret-dumper
objectives/credential-access/browser/chromium::chromium-abe-memory-remote-thread-bypass,objectives/credential-access/browser/chromium/abe-remote-thread.yaml,composite_rules,objectives/credential-access/browser/app-bound,implemented,"App-Bound Encryption key recovery, bypass and its specific fragments form a protection-specific technique across browser brands; ordinary DPAPI recovery remains separate.",objectives/credential-access/browser/app-bound::chromium-abe-memory-remote-thread-bypass
objectives/credential-access/browser/chromium::rust-chromium-abe-injected-key-theft,objectives/credential-access/browser/chromium/abe-remote-thread.yaml,composite_rules,objectives/credential-access/browser/app-bound,implemented,"App-Bound Encryption key recovery, bypass and its specific fragments form a protection-specific technique across browser brands; ordinary DPAPI recovery remains separate.",objectives/credential-access/browser/app-bound::rust-chromium-abe-injected-key-theft
objectives/credential-access/browser/chromium::chromium-app-bound-key-name,objectives/credential-access/browser/chromium/traits.yaml,traits,objectives/credential-access/browser/app-bound,implemented,"App-Bound Encryption key recovery, bypass and its specific fragments form a protection-specific technique across browser brands; ordinary DPAPI recovery remains separate.",objectives/credential-access/browser/app-bound::chromium-app-bound-key-name
objectives/credential-access/browser/chromium::chromium-app-bound-key-name-wide,objectives/credential-access/browser/chromium/traits.yaml,traits,objectives/credential-access/browser/app-bound,implemented,"App-Bound Encryption key recovery, bypass and its specific fragments form a protection-specific technique across browser brands; ordinary DPAPI recovery remains separate.",objectives/credential-access/browser/app-bound::chromium-app-bound-key-name-wide
objectives/credential-access/browser/chromium::edge-ielevator-iid,objectives/credential-access/browser/chromium/traits.yaml,traits,objectives/credential-access/browser/app-bound,implemented,"App-Bound Encryption key recovery, bypass and its specific fragments form a protection-specific technique across browser brands; ordinary DPAPI recovery remains separate.",objectives/credential-access/browser/app-bound::edge-ielevator-iid
objectives/credential-access/browser/chromium::chromium-app-bound-key-theft,objectives/credential-access/browser/chromium/traits.yaml,composite_rules,objectives/credential-access/browser/app-bound,implemented,"App-Bound Encryption key recovery, bypass and its specific fragments form a protection-specific technique across browser brands; ordinary DPAPI recovery remains separate.",objectives/credential-access/browser/app-bound::chromium-app-bound-key-theft
objectives/credential-access/browser/chromium::chromium-app-bound-key-theft-binary,objectives/credential-access/browser/chromium/traits.yaml,composite_rules,objectives/credential-access/browser/app-bound,implemented,"App-Bound Encryption key recovery, bypass and its specific fragments form a protection-specific technique across browser brands; ordinary DPAPI recovery remains separate.",objectives/credential-access/browser/app-bound::chromium-app-bound-key-theft-binary
objectives/credential-access/browser/chromium::native-node-chromium-abe-credential-stealer,objectives/credential-access/browser/chromium/traits.yaml,composite_rules,objectives/credential-access/browser/app-bound,implemented,"App-Bound Encryption key recovery, bypass and its specific fragments form a protection-specific technique across browser brands; ordinary DPAPI recovery remains separate.",objectives/credential-access/browser/app-bound::native-node-chromium-abe-credential-stealer
objectives/credential-access/browser/chromium::browser-app-bound-key-injection,objectives/credential-access/browser/chromium/traits.yaml,composite_rules,objectives/credential-access/browser/app-bound,implemented,"App-Bound Encryption key recovery, bypass and its specific fragments form a protection-specific technique across browser brands; ordinary DPAPI recovery remains separate.",objectives/credential-access/browser/app-bound::browser-app-bound-key-injection
objectives/credential-access/browser/chromium::abe-bypass-hardware-breakpoint,objectives/credential-access/browser/chromium/traits.yaml,composite_rules,objectives/credential-access/browser/app-bound,implemented,"App-Bound Encryption key recovery, bypass and its specific fragments form a protection-specific technique across browser brands; ordinary DPAPI recovery remains separate.",objectives/credential-access/browser/app-bound::abe-bypass-hardware-breakpoint
objectives/credential-access/browser/chromium::abe-bypass-thread-context-register-selection,objectives/credential-access/browser/chromium/traits.yaml,composite_rules,objectives/credential-access/browser/app-bound,implemented,"App-Bound Encryption key recovery, bypass and its specific fragments form a protection-specific technique across browser brands; ordinary DPAPI recovery remains separate.",objectives/credential-access/browser/app-bound::abe-bypass-thread-context-register-selection
objectives/credential-access/browser/chromium::chromium-cdp-cookie-theft,objectives/credential-access/browser/chromium/cdp.yaml,composite_rules,objectives/credential-access/browser/devtools,implemented,"DevTools debugging access and cookie acquisition are a distinct browser-access mechanism, independent of implementation language.",objectives/credential-access/browser/devtools::chromium-cdp-cookie-theft
objectives/credential-access/browser/chromium::chromium-cdp-live-storage-cookie-harvest,objectives/credential-access/browser/chromium/cdp.yaml,composite_rules,objectives/credential-access/browser/devtools,implemented,"DevTools debugging access and cookie acquisition are a distinct browser-access mechanism, independent of implementation language.",objectives/credential-access/browser/devtools::chromium-cdp-live-storage-cookie-harvest
objectives/credential-access/browser/chromium::chromium-cdp-live-network-cookie-harvest,objectives/credential-access/browser/chromium/cdp.yaml,composite_rules,objectives/credential-access/browser/devtools,implemented,"DevTools debugging access and cookie acquisition are a distinct browser-access mechanism, independent of implementation language.",objectives/credential-access/browser/devtools::chromium-cdp-live-network-cookie-harvest
objectives/credential-access/browser/chromium::chromium-cdp-discovered-cookie-harvest,objectives/credential-access/browser/chromium/cdp.yaml,composite_rules,objectives/credential-access/browser/devtools,implemented,"DevTools debugging access and cookie acquisition are a distinct browser-access mechanism, independent of implementation language.",objectives/credential-access/browser/devtools::chromium-cdp-discovered-cookie-harvest
objectives/credential-access/browser/chromium::chromium-in-process-cdp-cookie-theft,objectives/credential-access/browser/chromium/cdp.yaml,composite_rules,objectives/credential-access/browser/devtools,implemented,"DevTools debugging access and cookie acquisition are a distinct browser-access mechanism, independent of implementation language.",objectives/credential-access/browser/devtools::chromium-in-process-cdp-cookie-theft
objectives/credential-access/browser/chromium::chromium-in-process-cdp-server-enable,objectives/credential-access/browser/chromium/cdp.yaml,composite_rules,objectives/credential-access/browser/devtools,implemented,"DevTools debugging access and cookie acquisition are a distinct browser-access mechanism, independent of implementation language.",objectives/credential-access/browser/devtools::chromium-in-process-cdp-server-enable
objectives/credential-access/browser/chromium::browsers-info-artifact,objectives/credential-access/browser/chromium/paths.yaml,traits,objectives/credential-access/browser/loot,implemented,"Explicit collector report/key-dump output markers follow collected artifacts, not one browser implementation or the method used to obtain keys.",objectives/credential-access/browser/loot::browsers-info-artifact
objectives/credential-access/browser/chromium::appbound-key-artifact,objectives/credential-access/browser/chromium/paths.yaml,traits,objectives/credential-access/browser/loot,implemented,"Explicit collector report/key-dump output markers follow collected artifacts, not one browser implementation or the method used to obtain keys.",objectives/credential-access/browser/loot::appbound-key-artifact
objectives/credential-access/browser/chromium::decrypted-browser-key-artifact,objectives/credential-access/browser/chromium/paths.yaml,traits,objectives/credential-access/browser/loot,implemented,"Explicit collector report/key-dump output markers follow collected artifacts, not one browser implementation or the method used to obtain keys.",objectives/credential-access/browser/loot::decrypted-browser-key-artifact
objectives/credential-access/browser/chromium::browser-secret-record-tags,objectives/credential-access/browser/chromium/abe-apc.yaml,traits,objectives/credential-access/browser/loot,implemented,"Explicit collector report/key-dump output markers follow collected artifacts, not one browser implementation or the method used to obtain keys.",objectives/credential-access/browser/loot::browser-secret-record-tags
objectives/credential-access/browser/multi-target::firefox-logins-json-target,objectives/credential-access/browser/multi-target/macos-collect.yaml,traits,micro-behaviors/fs/path/password-store,implemented,"Password-store basenames, key stores, service labels and paired store paths are credential-store locators without an acquisition operation.",micro-behaviors/fs/path/password-store::firefox-logins-json-target
objectives/credential-access/browser/multi-target::key4-db,objectives/credential-access/browser/multi-target/macos-native.yaml,traits,micro-behaviors/fs/path/password-store,implemented,"Password-store basenames, key stores, service labels and paired store paths are credential-store locators without an acquisition operation.",micro-behaviors/fs/path/password-store::key4-db-basename
objectives/credential-access/browser/multi-target::native-browser-credential-paths,objectives/credential-access/browser/multi-target/bsd-native-paths.yaml,traits,micro-behaviors/fs/path/password-store,implemented,"Password-store basenames, key stores, service labels and paired store paths are credential-store locators without an acquisition operation.",micro-behaviors/fs/path/password-store::native-browser-credential-paths
objectives/credential-access/browser/multi-target::java-browser-login-stores,objectives/credential-access/browser/multi-target/jvm-login-stores.yaml,traits,micro-behaviors/fs/path/password-store,implemented,"Password-store basenames, key stores, service labels and paired store paths are credential-store locators without an acquisition operation.",micro-behaviors/fs/path/password-store::java-browser-login-stores
objectives/credential-access/browser/multi-target::jvm-login-data-bytes,objectives/credential-access/browser/multi-target/jvm-login-stores.yaml,traits,micro-behaviors/fs/path/password-store,implemented,"Password-store basenames, key stores, service labels and paired store paths are credential-store locators without an acquisition operation.",micro-behaviors/fs/path/password-store::jvm-login-data-bytes
objectives/credential-access/browser/multi-target::native-firefox-logins-path,objectives/credential-access/browser/multi-target/openbsd-native.yaml,traits,micro-behaviors/fs/path/password-store,implemented,"Password-store basenames, key stores, service labels and paired store paths are credential-store locators without an acquisition operation.",micro-behaviors/fs/path/password-store::native-firefox-logins-path
objectives/credential-access/browser/multi-target::native-firefox-key4-path,objectives/credential-access/browser/multi-target/openbsd-native.yaml,traits,micro-behaviors/fs/path/password-store,implemented,"Password-store basenames, key stores, service labels and paired store paths are credential-store locators without an acquisition operation.",micro-behaviors/fs/path/password-store::native-firefox-key4-path
objectives/credential-access/browser/multi-target::native-chromium-login-data,objectives/credential-access/browser/multi-target/openbsd-native.yaml,traits,micro-behaviors/fs/path/password-store,implemented,"Password-store basenames, key stores, service labels and paired store paths are credential-store locators without an acquisition operation.",micro-behaviors/fs/path/password-store::native-chromium-login-data
objectives/credential-access/browser/multi-target::browser-safe-storage-label,objectives/credential-access/browser/multi-target/python.yaml,traits,micro-behaviors/fs/path/password-store,implemented,"Password-store basenames, key stores, service labels and paired store paths are credential-store locators without an acquisition operation.",micro-behaviors/fs/path/password-store::browser-safe-storage-label
objectives/credential-access/browser/multi-target::browser-process-edge,objectives/credential-access/browser/multi-target/db-unlock-handle-copy-windows.yaml,traits,micro-behaviors/fs/path/application/executable,implemented,Browser process basenames identify executable targets; two names do not establish credential access.,micro-behaviors/fs/path/application/executable::browser-process-edge
objectives/credential-access/browser/multi-target::browser-process-brave,objectives/credential-access/browser/multi-target/db-unlock-handle-copy-windows.yaml,traits,micro-behaviors/fs/path/application/executable,implemented,Browser process basenames identify executable targets; two names do not establish credential access.,micro-behaviors/fs/path/application/executable::browser-process-brave
objectives/credential-access/browser/multi-target::browser-process-opera,objectives/credential-access/browser/multi-target/db-unlock-handle-copy-windows.yaml,traits,micro-behaviors/fs/path/application/executable,implemented,Browser process basenames identify executable targets; two names do not establish credential access.,micro-behaviors/fs/path/application/executable::browser-process-opera
objectives/credential-access/browser/multi-target::browser-process-name-cluster,objectives/credential-access/browser/multi-target/db-unlock-handle-copy-windows.yaml,composite_rules,micro-behaviors/fs/path/application/executable,implemented,Browser process basenames identify executable targets; two names do not establish credential access.,micro-behaviors/fs/path/application/executable::browser-process-name-cluster
objectives/credential-access/browser/multi-target::password-loot-json-field,objectives/credential-access/browser/multi-target/native-c2-harvest.yaml,traits,micro-behaviors/data/serialize/schema-object,implemented,Quoted JSON field syntax describes serialized fields; it does not establish loot or acquisition.,micro-behaviors/data/serialize/schema-object::passwords-json-string-field
objectives/credential-access/browser/multi-target::credit-card-loot-json-field,objectives/credential-access/browser/multi-target/native-c2-harvest.yaml,traits,micro-behaviors/data/serialize/schema-object,implemented,Quoted JSON field syntax describes serialized fields; it does not establish loot or acquisition.,micro-behaviors/data/serialize/schema-object::credit-cards-json-string-field
objectives/credential-access/browser/multi-target::firefox-cookie-loot-json-field,objectives/credential-access/browser/multi-target/native-c2-harvest.yaml,traits,micro-behaviors/data/serialize/schema-object,implemented,Quoted JSON field syntax describes serialized fields; it does not establish loot or acquisition.,micro-behaviors/data/serialize/schema-object::firefox-cookies-json-string-field
objectives/credential-access/browser/multi-target::browser-kwallet-service,objectives/credential-access/browser/multi-target/python.yaml,traits,micro-behaviors/os/security/keyring,implemented,"Keyring service, wallet labels and libsecret schema references support keyring capability, not credential theft.",micro-behaviors/os/security/keyring::browser-kwallet-service
objectives/credential-access/browser/multi-target::browser-keys-wallet,objectives/credential-access/browser/multi-target/python.yaml,traits,micro-behaviors/os/security/keyring,implemented,"Keyring service, wallet labels and libsecret schema references support keyring capability, not credential theft.",micro-behaviors/os/security/keyring::browser-keys-wallet
objectives/credential-access/browser/multi-target::browser-libsecret-schema,objectives/credential-access/browser/multi-target/python.yaml,traits,micro-behaviors/os/security/keyring,implemented,"Keyring service, wallet labels and libsecret schema references support keyring capability, not credential theft.",micro-behaviors/os/security/keyring::browser-libsecret-schema
objectives/credential-access/browser/multi-target::cookiesnamed-symbol,objectives/credential-access/browser/multi-target/macos-native.yaml,traits,micro-behaviors/communications/http/cookies,implemented,Named cookie lookup/set methods support cookie handling independently of the collector consuming them.,micro-behaviors/communications/http/cookies::cookiesnamed-symbol
objectives/credential-access/browser/multi-target::setcookies-symbol,objectives/credential-access/browser/multi-target/macos-native.yaml,traits,micro-behaviors/communications/http/cookies,implemented,Named cookie lookup/set methods support cookie handling independently of the collector consuming them.,micro-behaviors/communications/http/cookies::setcookies-symbol
objectives/credential-access/browser/firefox::logins,objectives/credential-access/browser/firefox/paths.yaml,traits,micro-behaviors/fs/path/password-store,implemented,"Browser credential-store locators do not independently establish reads, copying or theft; descriptions state the matched locations.",micro-behaviors/fs/path/password-store::logins
objectives/credential-access/browser/firefox::jvm-firefox-logins-bytes,objectives/credential-access/browser/firefox/jvm-logins-bytes.yaml,traits,micro-behaviors/fs/path/password-store,implemented,"Browser credential-store locators do not independently establish reads, copying or theft; descriptions state the matched locations.",micro-behaviors/fs/path/password-store::jvm-firefox-logins-bytes
objectives/credential-access/browser/firefox::key4-db,objectives/credential-access/browser/firefox/traits.yaml,traits,micro-behaviors/fs/path/password-store,implemented,"Browser credential-store locators do not independently establish reads, copying or theft; descriptions state the matched locations.",micro-behaviors/fs/path/password-store::firefox-key4-db-reference
objectives/credential-access/browser/firefox::shell-browser-secret-files,objectives/credential-access/browser/firefox/shell-legacy-profiles.yaml,traits,micro-behaviors/fs/path/password-store,implemented,"Browser credential-store locators do not independently establish reads, copying or theft; descriptions state the matched locations.",micro-behaviors/fs/path/password-store::shell-browser-secret-files
objectives/credential-access/browser/firefox::batch-firefox-profile-copy,objectives/credential-access/browser/firefox/batch-windows.yaml,traits,micro-behaviors/fs/path/password-store,implemented,"Browser credential-store locators do not independently establish reads, copying or theft; descriptions state the matched locations.",micro-behaviors/fs/path/password-store::batch-firefox-credential-store-locations
objectives/credential-access/browser/firefox::cookies-dup,objectives/credential-access/browser/firefox/paths.yaml,traits,micro-behaviors/fs/path/cookie,implemented,Cookie-store path reference belongs with cookie locators.,micro-behaviors/fs/path/cookie::firefox-cookie-db-path-reference
objectives/credential-access/browser/firefox::profiles-ini,objectives/credential-access/browser/firefox/paths.yaml,traits,micro-behaviors/fs/path/application/browser,implemented,"Browser profile/config/local-storage locations support browser data handling, not credential theft.",micro-behaviors/fs/path/application/browser::profiles-ini
objectives/credential-access/browser/firefox::firefox-profiles-path,objectives/credential-access/browser/firefox/macos-profiles-applescript.yaml,traits,micro-behaviors/fs/path/application/browser,implemented,"Browser profile/config/local-storage locations support browser data handling, not credential theft.",micro-behaviors/fs/path/application/browser::firefox-profiles-path
objectives/credential-access/browser/firefox::waterfox-profiles-path,objectives/credential-access/browser/firefox/macos-profiles-applescript.yaml,traits,micro-behaviors/fs/path/application/browser,implemented,"Browser profile/config/local-storage locations support browser data handling, not credential theft.",micro-behaviors/fs/path/application/browser::waterfox-profiles-path
objectives/credential-access/browser/firefox::shell-legacy-browser-profiles,objectives/credential-access/browser/firefox/shell-legacy-profiles.yaml,traits,micro-behaviors/fs/path/application/browser,implemented,"Browser profile/config/local-storage locations support browser data handling, not credential theft.",micro-behaviors/fs/path/application/browser::shell-legacy-browser-profiles
objectives/credential-access/browser/firefox::webappsstore-db,objectives/credential-access/browser/firefox/traits.yaml,traits,micro-behaviors/fs/path/application/browser,implemented,"Browser profile/config/local-storage locations support browser data handling, not credential theft.",micro-behaviors/fs/path/application/browser::webappsstore-db
objectives/credential-access/browser/firefox::ls-archive-db,objectives/credential-access/browser/firefox/traits.yaml,traits,micro-behaviors/fs/path/application/browser,implemented,"Browser profile/config/local-storage locations support browser data handling, not credential theft.",micro-behaviors/fs/path/application/browser::ls-archive-db
objectives/credential-access/browser/firefox::storage-default-path,objectives/credential-access/browser/firefox/traits.yaml,traits,micro-behaviors/fs/path/application/browser,implemented,"Browser profile/config/local-storage locations support browser data handling, not credential theft.",micro-behaviors/fs/path/application/browser::storage-default-path
objectives/credential-access/browser/firefox::ls-data-db,objectives/credential-access/browser/firefox/traits.yaml,traits,micro-behaviors/fs/path/application/browser,implemented,"Browser profile/config/local-storage locations support browser data handling, not credential theft.",micro-behaviors/fs/path/application/browser::ls-data-db
objectives/credential-access/browser/safari::objectivec-binarycookies-path,objectives/credential-access/browser/safari/traits.yaml,traits,micro-behaviors/fs/path/cookie,implemented,System/browser cookie-store locators and their wrapper share the cookie path capability.,micro-behaviors/fs/path/cookie::objectivec-binarycookies-path
objectives/credential-access/browser/safari::cookies-path,objectives/credential-access/browser/safari/traits.yaml,traits,micro-behaviors/fs/path/cookie,implemented,System/browser cookie-store locators and their wrapper share the cookie path capability.,micro-behaviors/fs/path/cookie::cookies-path
objectives/credential-access/browser/safari::binarycookies,objectives/credential-access/browser/safari/traits.yaml,traits,micro-behaviors/fs/path/cookie,implemented,System/browser cookie-store locators and their wrapper share the cookie path capability.,micro-behaviors/fs/path/cookie::binarycookies
objectives/credential-access/browser/safari::cookies-binarycookies,objectives/credential-access/browser/safari/traits.yaml,traits,micro-behaviors/fs/path/cookie,implemented,System/browser cookie-store locators and their wrapper share the cookie path capability.,micro-behaviors/fs/path/cookie::cookies-binarycookies
objectives/credential-access/browser/safari::safari-cookie-artifact-reference,objectives/credential-access/browser/safari/traits.yaml,composite_rules,micro-behaviors/fs/path/cookie,implemented,System/browser cookie-store locators and their wrapper share the cookie path capability.,micro-behaviors/fs/path/cookie::safari-cookie-artifact-reference
objectives/credential-access/browser/safari::localstorage,objectives/credential-access/browser/safari/traits.yaml,traits,micro-behaviors/fs/path/application/browser,implemented,Browser local-storage location alone does not establish credential acquisition.,micro-behaviors/fs/path/application/browser::localstorage
micro-behaviors/fs/temp/pyinstaller::pyinstaller-aiohttp-cookiejar,micro-behaviors/fs/temp/pyinstaller/python.yaml,traits,micro-behaviors/communications/http/cookie-store,implemented,Cookie-jar module marker supports cookie storage independent of its bundler.,micro-behaviors/communications/http/cookie-store::aiohttp-cookiejar-module-marker
micro-behaviors/fs/temp/pyinstaller::pyinstaller-browser-cookie3,micro-behaviors/fs/temp/pyinstaller/python.yaml,traits,micro-behaviors/communications/http/cookies,implemented,"Specialized module reference supports browser-cookie capability, not temporary-directory access or theft.",micro-behaviors/communications/http/cookies::browser-cookie3-module-reference
micro-behaviors/fs/temp/pyinstaller::pyinstaller-cookie-read-fail,micro-behaviors/fs/temp/pyinstaller/python.yaml,traits,micro-behaviors/data/archive/custom,implemented,"PyInstaller archive footer diagnostic supports custom archive parsing, not HTTP cookie handling.",micro-behaviors/data/archive/custom::pyinstaller-archive-cookie-read-error
objectives/credential-access/browser/chromium::chromium-extension-storage-http-exfil,objectives/credential-access/browser/chromium/extension-storage.yaml,composite_rules,objectives/exfiltration/stealer/browser,implemented,"Required browser acquisition and transmission belong with browser-source export, not local credential access.",objectives/exfiltration/stealer/browser::chromium-extension-storage-http-exfil
objectives/credential-access/browser/chromium::silent-headless-browser-credential-exfil,objectives/credential-access/browser/chromium/paths.yaml,composite_rules,objectives/exfiltration/stealer/browser,implemented,"Required browser acquisition and transmission belong with browser-source export, not local credential access.",objectives/exfiltration/stealer/browser::silent-headless-browser-credential-exfil
objectives/credential-access/browser/safari::objectivec-facebook-session-cookie-theft,objectives/credential-access/browser/safari/traits.yaml,composite_rules,objectives/exfiltration/stealer/browser,implemented,"Browser cookie targeting, Facebook session fields and TLS write evidence support probable browser-source export.",objectives/exfiltration/stealer/browser::facebook-session-cookie-tls-export
objectives/credential-access/browser/safari::objectivec-ssl-cookie-send,objectives/credential-access/browser/safari/traits.yaml,traits,micro-behaviors/communications/socket/ssl,implemented,SSL_write reference supports TLS writing; it does not independently identify cookies.,micro-behaviors/communications/socket/ssl::objectivec-ssl-write-reference
objectives/exfiltration/stealer/browser::adhoc-browser-data-stealer,objectives/exfiltration/stealer/browser/macos-adhoc-libcurl.yaml,composite_rules,,retired,Unsupported export wrapper retired; underlying observations retained.,
objectives/exfiltration/stealer/browser::native-chromium-wallet-stealer,objectives/exfiltration/stealer/browser/native-windows.yaml,composite_rules,,retired,Unsupported export wrapper retired; underlying observations retained.,
objectives/exfiltration/stealer/browser::pyinstaller-cookie-stealer,objectives/exfiltration/stealer/browser/pyinstaller-browser-cookie3.yaml,composite_rules,,retired,Unsupported export wrapper retired; underlying observations retained.,
objectives/exfiltration/http/upload::groovy-http-post-output,objectives/exfiltration/http/upload/groovy.yaml,traits,micro-behaviors/communications/http/request/body,implemented,"HTTP body configuration or emission supports a neutral request-body capability, independent of exfiltration consumers.",micro-behaviors/communications/http/request/body::groovy-http-post-output
objectives/exfiltration/http/upload::objc-curlopt-postfields,objectives/exfiltration/http/upload/objc-unix.yaml,traits,micro-behaviors/communications/http/request/body,implemented,"HTTP body configuration or emission supports a neutral request-body capability, independent of exfiltration consumers.",micro-behaviors/communications/http/request/body::objc-curlopt-postfields
objectives/exfiltration/http/upload::objc-libcurl-postfields,objectives/exfiltration/http/upload/objc-unix.yaml,composite_rules,micro-behaviors/communications/http/request/body,implemented,"HTTP body configuration or emission supports a neutral request-body capability, independent of exfiltration consumers.",micro-behaviors/communications/http/request/body::objc-libcurl-postfields
objectives/exfiltration/http/upload::node-upload-sink,objectives/exfiltration/http/upload/node.yaml,composite_rules,micro-behaviors/communications/http/request/body,implemented,"HTTP body configuration or emission supports a neutral request-body capability, independent of exfiltration consumers.",micro-behaviors/communications/http/request/body::node-upload-sink
objectives/exfiltration/http/upload::node-http-request-configured-any,objectives/exfiltration/http/upload/node.yaml,composite_rules,micro-behaviors/communications/http/request/configuration,implemented,"HTTP request options are configuration, not theft.",micro-behaviors/communications/http/request/configuration::node-http-request-configured-any
objectives/exfiltration/http/upload::kotlin-ios-socket-send,objectives/exfiltration/http/upload/ios-kotlin.yaml,traits,micro-behaviors/communications/socket/send,implemented,Socket send references have no intrinsic HTTP or stolen-data subject.,micro-behaviors/communications/socket/send::kotlin-socket-request-pointer-send
objectives/exfiltration/http/upload::objc-http-body-send,objectives/exfiltration/http/upload/objc-freebsd.yaml,traits,micro-behaviors/communications/socket/send,implemented,Socket send references have no intrinsic HTTP or stolen-data subject.,micro-behaviors/communications/socket/send::objc-socket-body-buffer-send
objectives/exfiltration/http/upload::swift-ios-urlsession-collect-post,objectives/exfiltration/http/upload/swift-ios.yaml,traits,micro-behaviors/communications/http/request/verb,implemented,POST method/API co-occurrence does not establish a collected source or export objective.,micro-behaviors/communications/http/request/verb::swift-urlsession-post-method-reference
objectives/exfiltration/http/upload::c-ssl-write-http-post,objectives/exfiltration/http/upload/esxi.yaml,traits,micro-behaviors/communications/http/request/verb,implemented,POST method/API co-occurrence does not establish a collected source or export objective.,micro-behaviors/communications/http/request/verb::c-ssl-write-http-post
objectives/exfiltration/http/upload::lua-https-post-request,objectives/exfiltration/http/upload/esxi.yaml,traits,micro-behaviors/communications/http/request/verb,implemented,POST method/API co-occurrence does not establish a collected source or export objective.,micro-behaviors/communications/http/request/verb::lua-https-post-request
objectives/exfiltration/http/upload::kotlin-ios-collection-post,objectives/exfiltration/http/upload/ios-kotlin.yaml,traits,micro-behaviors/communications/http/url/telemetry,implemented,Collection/telemetry request-path references do not independently establish exfiltration.,micro-behaviors/communications/http/url/telemetry::kotlin-ios-collection-post
objectives/exfiltration/http/upload::objc-http-collect-post,objectives/exfiltration/http/upload/objc-freebsd.yaml,traits,micro-behaviors/communications/http/url/telemetry,implemented,Collection/telemetry request-path references do not independently establish exfiltration.,micro-behaviors/communications/http/url/telemetry::objc-http-collect-post
objectives/exfiltration/http/upload::java-collect-upload-path,objectives/exfiltration/http/upload/java-unix.yaml,traits,micro-behaviors/communications/http/url/telemetry,implemented,Collection/telemetry request-path references do not independently establish exfiltration.,micro-behaviors/communications/http/url/telemetry::java-collect-upload-path
objectives/exfiltration/http/upload::groovy-hardcoded-upload-url,objectives/exfiltration/http/upload/groovy.yaml,traits,micro-behaviors/communications/http/url/endpoint,implemented,"Upload/recording route literals identify endpoints, not captured data or transmission.",micro-behaviors/communications/http/url/endpoint::groovy-upload-url-construction
objectives/exfiltration/http/upload::media-recording-upload-route,objectives/exfiltration/http/upload/browser-media.yaml,traits,micro-behaviors/communications/http/url/endpoint,implemented,"Upload/recording route literals identify endpoints, not captured data or transmission.",micro-behaviors/communications/http/url/endpoint::media-recording-upload-route
objectives/exfiltration/http/upload::html-media-recording-upload-route,objectives/exfiltration/http/upload/browser-media.yaml,traits,micro-behaviors/communications/http/url/endpoint,implemented,"Upload/recording route literals identify endpoints, not captured data or transmission.",micro-behaviors/communications/http/url/endpoint::html-media-recording-upload-route
objectives/exfiltration/http/upload::csharp-webclient-base64-upload,objectives/exfiltration/http/upload/csharp-unix.yaml,traits,micro-behaviors/communications/http/upload,implemented,"Neutral upload-related co-occurrence follows HTTP upload; names must state observed evidence, not theft.",micro-behaviors/communications/http/upload::csharp-base64-before-uploadstring
objectives/exfiltration/http/upload::lua-curl-post-temp-file,objectives/exfiltration/http/upload/lua-unix.yaml,traits,micro-behaviors/communications/http/upload,implemented,"Neutral upload-related co-occurrence follows HTTP upload; names must state observed evidence, not theft.",micro-behaviors/communications/http/upload::lua-curl-post-temp-file
objectives/exfiltration/http/upload::curl-file-upload-exfil,objectives/exfiltration/http/upload/curl.yaml,composite_rules,micro-behaviors/communications/http/upload,implemented,"Neutral upload-related co-occurrence follows HTTP upload; names must state observed evidence, not theft.",micro-behaviors/communications/http/upload::curl-file-upload-exfil
objectives/exfiltration/http/upload::shell-curl-octet-upload,objectives/exfiltration/http/upload/shell.yaml,traits,micro-behaviors/communications/http/upload,implemented,"Neutral upload-related co-occurrence follows HTTP upload; names must state observed evidence, not theft.",micro-behaviors/communications/http/upload::shell-curl-octet-upload
objectives/exfiltration/http/upload::mediarecorder-before-network-sink,objectives/exfiltration/http/upload/browser-media.yaml,traits,micro-behaviors/communications/http/upload,implemented,"Neutral upload-related co-occurrence follows HTTP upload; names must state observed evidence, not theft.",micro-behaviors/communications/http/upload::mediarecorder-before-network-sink
objectives/exfiltration/http/upload::mediarecorder-upload-loop,objectives/exfiltration/http/upload/browser-media.yaml,composite_rules,micro-behaviors/communications/http/upload,implemented,"Neutral upload-related co-occurrence follows HTTP upload; names must state observed evidence, not theft.",micro-behaviors/communications/http/upload::mediarecorder-upload-endpoint-context
objectives/exfiltration/http/upload::image-formdata-fields,objectives/exfiltration/http/upload/browser-extension-image.yaml,traits,micro-behaviors/communications/http/form,implemented,FormData field construction belongs with HTTP forms; it does not require submission.,micro-behaviors/communications/http/form::image-formdata-fields
objectives/exfiltration/http/upload::upload-user-id-fields,objectives/exfiltration/http/upload/browser-extension-image.yaml,traits,micro-behaviors/communications/http/form,implemented,FormData field construction belongs with HTTP forms; it does not require submission.,micro-behaviors/communications/http/form::upload-user-id-fields
objectives/exfiltration/http/upload::image-formdata-with-user-id,objectives/exfiltration/http/upload/browser-extension-image.yaml,composite_rules,micro-behaviors/communications/http/form,implemented,FormData field construction belongs with HTTP forms; it does not require submission.,micro-behaviors/communications/http/form::image-formdata-with-user-id
objectives/exfiltration/http/upload::objc-screenshot-media-upload,objectives/exfiltration/http/upload/objc-unix.yaml,traits,micro-behaviors/communications/http/header/content-type,implemented,An image MIME type does not establish screenshot capture or upload.,micro-behaviors/communications/http/header/content-type::image-ppm-content-type
objectives/exfiltration/http/upload::node-chunked-base64-upload,objectives/exfiltration/http/upload/openwrt-node.yaml,traits,micro-behaviors/communications/http/header/transfer-encoding,implemented,"Transfer-Encoding: chunked specifies HTTP message framing, not Base64 or browser collection.",micro-behaviors/communications/http/header/transfer-encoding::node-chunked-transfer-encoding
objectives/exfiltration/http/upload::openwrt-release-recon-path,objectives/exfiltration/http/upload/openwrt-native.yaml,traits,micro-behaviors/fs/path/os/identity,implemented,"OS release/banner locations are identity-file references, not collection operations.",micro-behaviors/fs/path/os/identity::openwrt-release-or-banner-path
objectives/exfiltration/http/upload::openwrt-uci-recon-command,objectives/exfiltration/http/upload/openwrt-native.yaml,traits,micro-behaviors/os/sysinfo/network,implemented,UCI network/wireless/DHCP configuration queries describe network configuration.,micro-behaviors/os/sysinfo/network::openwrt-uci-recon-command
objectives/exfiltration/http/upload::openwrt-sensitive-config-path,objectives/exfiltration/http/upload/openwrt-native.yaml,composite_rules,micro-behaviors/fs/path/config/system,implemented,Alternative appliance configuration paths remain neutral locators.,micro-behaviors/fs/path/config/system::openwrt-sensitive-config-path
objectives/exfiltration/http/upload::native-http-message-api-path,objectives/exfiltration/http/upload/openwrt-native.yaml,traits,micro-behaviors/communications/http/url/api-path,implemented,Versioned messages API path does not identify a stolen local dataset.,micro-behaviors/communications/http/url/api-path::native-http-message-api-path
objectives/exfiltration/http/upload::jvm-root-id-rsa-hex,objectives/exfiltration/http/upload/java-unix.yaml,traits,micro-behaviors/fs/path/private-key,implemented,Root SSH private-key path bytes identify a private-key locator.,micro-behaviors/fs/path/private-key::jvm-root-id-rsa-hex
objectives/exfiltration/http/upload::java-sensitive-command-set,objectives/exfiltration/http/upload/java-unix.yaml,traits,micro-behaviors/fs/path/credential,implemented,Account-store and SSH trust/key paths are paired credential locators; no command is required.,micro-behaviors/fs/path/credential::account-and-root-ssh-path-pair
objectives/exfiltration/http/upload::csharp-activity-report-upload,objectives/exfiltration/http/upload/csharp-unix.yaml,traits,micro-behaviors/os/sysinfo/profile,implemented,"A system activity report banner supports host-report capability, not its transmission.",micro-behaviors/os/sysinfo/profile::system-activity-report-banner
objectives/exfiltration/http/upload::shell-tar-create-file,objectives/exfiltration/http/upload/shell.yaml,traits,micro-behaviors/data/archive/create/tar,implemented,"Tar creation syntax belongs with archive construction, independent of upload consumers.",micro-behaviors/data/archive/create/tar::shell-tar-create-file
objectives/exfiltration/http/upload::powershell-base64-archive-body,objectives/exfiltration/http/upload/powershell-archive.yaml,traits,micro-behaviors/data/archive/create/zip,implemented,"Archive construction preceding Base64 conversion is local packaging, not transmission.",micro-behaviors/data/archive/create/zip::powershell-base64-archive-body
objectives/exfiltration/http/upload::windows-file-base64-encode,objectives/exfiltration/http/upload/windows-archive.yaml,composite_rules,micro-behaviors/data/encode/base64,implemented,Base64 conversion does not identify an upload.,micro-behaviors/data/encode/base64::windows-file-base64-encode
objectives/exfiltration/http/upload::windows-archive-create,objectives/exfiltration/http/upload/windows-archive.yaml,composite_rules,micro-behaviors/data/archive/create/utility,implemented,"An OR across archive utilities describes archive construction, not exfiltration.",micro-behaviors/data/archive/create/utility::windows-archive-create
objectives/collection/archive/compress::powershell-compress-archive,objectives/collection/archive/compress/powershell.yaml,traits,micro-behaviors/data/archive/create/zip,implemented,Compress-Archive is a neutral archive creation capability.,micro-behaviors/data/archive/create/zip::powershell-compress-archive
objectives/exfiltration/http/upload::github-contents-encoded-write,objectives/exfiltration/http/upload/github-release-exfil.yaml,composite_rules,micro-behaviors/communications/http/services/github,implemented,Encoded repository contents publishing remains a GitHub write capability.,micro-behaviors/communications/http/services/github::github-contents-encoded-write
objectives/exfiltration/http/upload::captcha-image-solver-exfiltration,objectives/exfiltration/http/upload/browser-extension-image.yaml,composite_rules,objectives/evasion/security-bypass/anti-bot/captcha-solving,implemented,CAPTCHA submission to a solver is an anti-bot bypass technique; the browser extension is a carrier.,objectives/evasion/security-bypass/anti-bot/captcha-solving::captcha-image-solver-exfiltration
objectives/exfiltration/http/upload::all-site-extension-image-upload,objectives/exfiltration/http/upload/browser-extension-image.yaml,composite_rules,objectives/exfiltration/stealer/image,implemented,Selected-image data supplies the export source; extension authority does not create a separate source class.,objectives/exfiltration/stealer/image::all-site-extension-image-upload
objectives/exfiltration/http/upload::node-encode-exfil,objectives/exfiltration/http/upload/encoded-node.yaml,composite_rules,objectives/exfiltration/stealer/credential,implemented,Alternative credential paths and secret environment variables establish authentication material without requiring one store.,objectives/exfiltration/stealer/credential::node-encode-exfil
objectives/exfiltration/http/upload::python-encoded-environment-raw-http-exfil,objectives/exfiltration/http/upload/raw-socket.yaml,composite_rules,objectives/exfiltration/stealer/env,implemented,Environment data is the required source; transport and execution carrier remain secondary.,objectives/exfiltration/stealer/env::python-encoded-environment-raw-http-exfil
objectives/exfiltration/http/upload::ci-token-curl-upload,objectives/exfiltration/http/upload/shell.yaml,composite_rules,objectives/exfiltration/stealer/env,implemented,Environment data is the required source; transport and execution carrier remain secondary.,objectives/exfiltration/stealer/env::ci-token-curl-upload
objectives/exfiltration/http/upload::curl-post-data,objectives/exfiltration/http/upload/shell.yaml,composite_rules,objectives/exfiltration/stealer/env,implemented,Environment data is the required source; transport and execution carrier remain secondary.,objectives/exfiltration/stealer/env::curl-post-data
objectives/exfiltration/http/upload::openwrt-uci-host-profile-http-exfil,objectives/exfiltration/http/upload/openwrt-native.yaml,composite_rules,objectives/exfiltration/stealer/system-info/network,implemented,"The required source is queried network configuration, not an arbitrary multi-subject host profile.",objectives/exfiltration/stealer/system-info/network::openwrt-uci-host-profile-http-exfil
objectives/exfiltration/http/upload::kotlin-bytecode-sensitive-http-copy-exfil,objectives/exfiltration/http/upload/java.yaml,composite_rules,objectives/exfiltration/stealer/account-db,implemented,The required source alternatives are operating-system account stores.,objectives/exfiltration/stealer/account-db::kotlin-bytecode-sensitive-http-copy-exfil
objectives/exfiltration/http/upload::java-command-sensitive-exfil,objectives/exfiltration/http/upload/java-unix.yaml,composite_rules,objectives/exfiltration/stealer/multi-source,implemented,Both an account store and a root SSH key/trust store are required source classes.,objectives/exfiltration/stealer/multi-source::java-command-sensitive-exfil
objectives/exfiltration/http/upload::jvm-netbsd-sensitive-exfil,objectives/exfiltration/http/upload/java-unix.yaml,composite_rules,objectives/exfiltration/stealer/multi-source,implemented,Both an account store and a root SSH key/trust store are required source classes.,objectives/exfiltration/stealer/multi-source::jvm-netbsd-sensitive-exfil
objectives/exfiltration/http/upload::groovy-http-file-upload,objectives/exfiltration/http/upload/groovy.yaml,composite_rules,objectives/exfiltration/stealer/file,implemented,"Generic local file content or an enumerated file set is the source, before the upload channel.",objectives/exfiltration/stealer/file::groovy-http-file-upload
objectives/exfiltration/http/upload::find-harvest-curl-upload,objectives/exfiltration/http/upload/shell.yaml,composite_rules,objectives/exfiltration/stealer/file,implemented,"Generic local file content or an enumerated file set is the source, before the upload channel.",objectives/exfiltration/stealer/file::find-harvest-curl-upload
objectives/exfiltration/http/upload::openwrt-php-credential-http-exfil,objectives/exfiltration/http/upload/openwrt-php.yaml,composite_rules,objectives/exfiltration/stealer/appliance-config,implemented,Required appliance configuration/credential harvesting establishes the source across implementations and HTTP/DNS transports.,objectives/exfiltration/stealer/appliance-config::openwrt-php-credential-http-exfil
objectives/exfiltration/http/upload::openwrt-powershell-credential-http-exfil,objectives/exfiltration/http/upload/openwrt-powershell.yaml,composite_rules,objectives/exfiltration/stealer/appliance-config,implemented,Required appliance configuration/credential harvesting establishes the source across implementations and HTTP/DNS transports.,objectives/exfiltration/stealer/appliance-config::openwrt-powershell-credential-http-exfil
objectives/exfiltration/http/upload::openwrt-python-credential-http-exfil,objectives/exfiltration/http/upload/openwrt-python.yaml,composite_rules,objectives/exfiltration/stealer/appliance-config,implemented,Required appliance configuration/credential harvesting establishes the source across implementations and HTTP/DNS transports.,objectives/exfiltration/stealer/appliance-config::openwrt-python-credential-http-exfil
objectives/exfiltration/http/upload::openwrt-native-account-config-http-exfil,objectives/exfiltration/http/upload/openwrt-native.yaml,composite_rules,objectives/exfiltration/stealer/appliance-config,implemented,Required appliance configuration/credential harvesting establishes the source across implementations and HTTP/DNS transports.,objectives/exfiltration/stealer/appliance-config::openwrt-native-account-config-http-exfil
objectives/exfiltration/http/upload::openwrt-native-message-api-http-exfil,objectives/exfiltration/http/upload/openwrt-native.yaml,composite_rules,objectives/exfiltration/stealer/appliance-config,implemented,Required appliance configuration/credential harvesting establishes the source across implementations and HTTP/DNS transports.,objectives/exfiltration/stealer/appliance-config::openwrt-native-message-api-http-exfil
objectives/exfiltration/http/upload::openwrt-node-credential-http-exfil,objectives/exfiltration/http/upload/openwrt-node.yaml,composite_rules,objectives/exfiltration/stealer/appliance-config,implemented,Required appliance configuration/credential harvesting establishes the source across implementations and HTTP/DNS transports.,objectives/exfiltration/stealer/appliance-config::openwrt-node-credential-http-exfil
objectives/exfiltration/http/upload::openwrt-node-chunked-http-exfil,objectives/exfiltration/http/upload/openwrt-node.yaml,composite_rules,objectives/exfiltration/stealer/appliance-config,implemented,Required appliance configuration/credential harvesting establishes the source across implementations and HTTP/DNS transports.,objectives/exfiltration/stealer/appliance-config::openwrt-node-chunked-http-exfil
objectives/exfiltration/http/upload::openwrt-lua-credential-http-exfil,objectives/exfiltration/http/upload/openwrt-lua.yaml,composite_rules,objectives/exfiltration/stealer/appliance-config,implemented,Required appliance configuration/credential harvesting establishes the source across implementations and HTTP/DNS transports.,objectives/exfiltration/stealer/appliance-config::openwrt-lua-credential-http-exfil
objectives/exfiltration/http/upload::openwrt-lua-credential-raw-http-exfil,objectives/exfiltration/http/upload/openwrt-lua.yaml,composite_rules,objectives/exfiltration/stealer/appliance-config,implemented,Required appliance configuration/credential harvesting establishes the source across implementations and HTTP/DNS transports.,objectives/exfiltration/stealer/appliance-config::openwrt-lua-credential-raw-http-exfil
objectives/exfiltration/http/upload::openwrt-lua-dns-sidechannel-exfil,objectives/exfiltration/http/upload/openwrt-lua.yaml,composite_rules,objectives/exfiltration/stealer/appliance-config,implemented,Required appliance configuration/credential harvesting establishes the source across implementations and HTTP/DNS transports.,objectives/exfiltration/stealer/appliance-config::openwrt-lua-dns-sidechannel-exfil
objectives/exfiltration/http/upload::python-targz-requests-post,objectives/exfiltration/http/upload/python.yaml,composite_rules,objectives/exfiltration/http/archive,implemented,Required archive packaging or an archive payload refines the HTTP export claim when no narrower collected source is mandatory.,objectives/exfiltration/http/archive::python-targz-requests-post
objectives/exfiltration/http/upload::windows-encoded-archive-http-exfil,objectives/exfiltration/http/upload/windows-archive.yaml,composite_rules,objectives/exfiltration/http/archive,implemented,Required archive packaging or an archive payload refines the HTTP export claim when no narrower collected source is mandatory.,objectives/exfiltration/http/archive::windows-encoded-archive-http-exfil
objectives/exfiltration/http/upload::ps-zip-body-upload,objectives/exfiltration/http/upload/powershell-archive.yaml,composite_rules,objectives/exfiltration/http/archive,implemented,Required archive packaging or an archive payload refines the HTTP export claim when no narrower collected source is mandatory.,objectives/exfiltration/http/archive::ps-zip-body-upload
objectives/exfiltration/http/upload::powershell-base64-archive-http-exfil,objectives/exfiltration/http/upload/powershell-archive.yaml,composite_rules,objectives/exfiltration/http/archive,implemented,Required archive packaging or an archive payload refines the HTTP export claim when no narrower collected source is mandatory.,objectives/exfiltration/http/archive::powershell-base64-archive-http-exfil
objectives/exfiltration/http/upload::shell-staged-tar-http-upload,objectives/exfiltration/http/upload/shell.yaml,composite_rules,objectives/exfiltration/http/archive,implemented,Required archive packaging or an archive payload refines the HTTP export claim when no narrower collected source is mandatory.,objectives/exfiltration/http/archive::shell-staged-tar-http-upload
objectives/exfiltration/http/upload::applescript-profile-and-exfil,objectives/exfiltration/http/upload/applescript-chunked-curl.yaml,composite_rules,objectives/exfiltration/http/archive,implemented,Required archive packaging or an archive payload refines the HTTP export claim when no narrower collected source is mandatory.,objectives/exfiltration/http/archive::applescript-profile-and-exfil
objectives/exfiltration/http/upload::applescript-chunked-curl-exfil,objectives/exfiltration/http/upload/applescript-chunked-curl.yaml,composite_rules,objectives/exfiltration/http/archive,implemented,Required archive packaging or an archive payload refines the HTTP export claim when no narrower collected source is mandatory.,objectives/exfiltration/http/archive::applescript-chunked-curl-exfil
objectives/exfiltration/http/upload::applescript-direct-chunked-upload,objectives/exfiltration/http/upload/applescript-chunked-curl.yaml,composite_rules,objectives/exfiltration/http/archive,implemented,Required archive packaging or an archive payload refines the HTTP export claim when no narrower collected source is mandatory.,objectives/exfiltration/http/archive::applescript-direct-chunked-upload
objectives/exfiltration/http/upload::applescript-outzip-curl-exfil,objectives/exfiltration/http/upload/applescript-chunked-curl.yaml,composite_rules,objectives/exfiltration/http/archive,implemented,Required archive packaging or an archive payload refines the HTTP export claim when no narrower collected source is mandatory.,objectives/exfiltration/http/archive::applescript-outzip-curl-exfil
objectives/exfiltration/http/upload::applescript-outzip-p2p-exfil,objectives/exfiltration/http/upload/applescript-macos.yaml,composite_rules,objectives/exfiltration/http/archive,implemented,Required archive packaging or an archive payload refines the HTTP export claim when no narrower collected source is mandatory.,objectives/exfiltration/http/archive::applescript-outzip-p2p-exfil
objectives/exfiltration/http/upload::github-release-encrypted-archive-exfil,objectives/exfiltration/http/upload/github-release-exfil.yaml,composite_rules,objectives/exfiltration/http/archive,implemented,Required archive packaging or an archive payload refines the HTTP export claim when no narrower collected source is mandatory.,objectives/exfiltration/http/archive::github-release-encrypted-archive-exfil
objectives/exfiltration/http/upload::hybrid-encrypt-exfil,objectives/exfiltration/http/upload/hybrid-encrypt.yaml,composite_rules,objectives/exfiltration/http/encrypted,implemented,Required payload-cryptography evidence distinguishes an encrypted HTTP channel from ordinary encoding; no narrower source is mandatory.,objectives/exfiltration/http/encrypted::hybrid-encrypt-exfil
objectives/exfiltration/http/upload::node-hybrid-encrypted-exfil,objectives/exfiltration/http/upload/hybrid-encrypt.yaml,composite_rules,objectives/exfiltration/http/encrypted,implemented,Required payload-cryptography evidence distinguishes an encrypted HTTP channel from ordinary encoding; no narrower source is mandatory.,objectives/exfiltration/http/encrypted::node-hybrid-encrypted-exfil
objectives/exfiltration/http/upload::node-gcm-rsa-encrypted-exfil,objectives/exfiltration/http/upload/hybrid-encrypt.yaml,composite_rules,objectives/exfiltration/http/encrypted,implemented,Required payload-cryptography evidence distinguishes an encrypted HTTP channel from ordinary encoding; no narrower source is mandatory.,objectives/exfiltration/http/encrypted::node-gcm-rsa-encrypted-exfil
objectives/exfiltration/http/upload::python-hybrid-encrypted-http-upload,objectives/exfiltration/http/upload/hybrid-encrypt.yaml,composite_rules,objectives/exfiltration/http/encrypted,implemented,Required payload-cryptography evidence distinguishes an encrypted HTTP channel from ordinary encoding; no narrower source is mandatory.,objectives/exfiltration/http/encrypted::python-hybrid-encrypted-http-upload
objectives/exfiltration/http/upload::python-cbc-rsa-encrypted-http-upload,objectives/exfiltration/http/upload/hybrid-encrypt.yaml,composite_rules,objectives/exfiltration/http/encrypted,implemented,Required payload-cryptography evidence distinguishes an encrypted HTTP channel from ordinary encoding; no narrower source is mandatory.,objectives/exfiltration/http/encrypted::python-cbc-rsa-encrypted-http-upload
objectives/exfiltration/http/upload::browser-webcrypto-hybrid-http-exfil,objectives/exfiltration/http/upload/hybrid-encrypt.yaml,composite_rules,objectives/exfiltration/http/encrypted,implemented,Required payload-cryptography evidence distinguishes an encrypted HTTP channel from ordinary encoding; no narrower source is mandatory.,objectives/exfiltration/http/encrypted::browser-webcrypto-hybrid-http-exfil
objectives/exfiltration/http/upload::encrypted-icp-canister-exfil,objectives/exfiltration/http/upload/decentralized.yaml,composite_rules,objectives/exfiltration/http/encrypted,implemented,Required payload-cryptography evidence distinguishes an encrypted HTTP channel from ordinary encoding; no narrower source is mandatory.,objectives/exfiltration/http/encrypted::encrypted-icp-canister-exfil
objectives/exfiltration/http/encoded::csharp-aes-http-exfil,objectives/exfiltration/http/encoded/csharp-aes-webrequest.yaml,traits,objectives/exfiltration/http/encrypted,implemented,"Payload cipher evidence, rather than reversible text encoding, defines this HTTP channel.",objectives/exfiltration/http/encrypted::csharp-aes-http-exfil
objectives/exfiltration/http/encoded::go-crypto-exfil,objectives/exfiltration/http/encoded/go-aes-json.yaml,composite_rules,objectives/exfiltration/http/encrypted,implemented,"Payload cipher evidence, rather than reversible text encoding, defines this HTTP channel.",objectives/exfiltration/http/encrypted::go-crypto-exfil
objectives/exfiltration/http/encoded::encrypted-http-upload-client,objectives/exfiltration/http/encoded/dotnet-encrypted-chunked-upload.yaml,composite_rules,objectives/exfiltration/http/encrypted,implemented,"Payload cipher evidence, rather than reversible text encoding, defines this HTTP channel.",objectives/exfiltration/http/encrypted::encrypted-http-upload-client
objectives/exfiltration/http/upload::bittorrent-web-seeded-archive-release,objectives/exfiltration/http/upload/bittorrent-web-seed.yaml,composite_rules,micro-behaviors/data/serialize/bittorrent,implemented,"Building BitTorrent metainfo describes torrent serialization/publication capability, not malicious distribution or HTTP transmission.",micro-behaviors/data/serialize/bittorrent::bittorrent-web-seeded-archive-release
objectives/exfiltration/http/upload::bittorrent-cli-web-seeded-archive-release,objectives/exfiltration/http/upload/bittorrent-web-seed.yaml,composite_rules,micro-behaviors/data/serialize/bittorrent,implemented,"Building BitTorrent metainfo describes torrent serialization/publication capability, not malicious distribution or HTTP transmission.",micro-behaviors/data/serialize/bittorrent::bittorrent-cli-web-seeded-archive-release
objectives/exfiltration/http/upload::bittorrent-cli-tracker-web-seed-release,objectives/exfiltration/http/upload/bittorrent-web-seed.yaml,composite_rules,micro-behaviors/data/serialize/bittorrent,implemented,"Building BitTorrent metainfo describes torrent serialization/publication capability, not malicious distribution or HTTP transmission.",micro-behaviors/data/serialize/bittorrent::bittorrent-cli-tracker-web-seed-release
objectives/exfiltration/http/upload::bittorrent-cli-archive-staging,objectives/exfiltration/http/upload/bittorrent-web-seed.yaml,composite_rules,micro-behaviors/data/serialize/bittorrent,implemented,"Building BitTorrent metainfo describes torrent serialization/publication capability, not malicious distribution or HTTP transmission.",micro-behaviors/data/serialize/bittorrent::bittorrent-cli-archive-staging
objectives/exfiltration/http/upload::bittorrent-web-seeded-archive-upload,objectives/exfiltration/http/upload/bittorrent-web-seed.yaml,composite_rules,micro-behaviors/communications/http/upload,implemented,Torrent metainfo with an HTTP client remains neutral publication capability; no target-data theft is required.,micro-behaviors/communications/http/upload::bittorrent-archive-http-client
objectives/exfiltration/http/upload::session-key-encrypt,objectives/exfiltration/http/upload/hybrid-encrypt.yaml,composite_rules,micro-behaviors/crypto/hybrid,implemented,"Random symmetric-key material with public-key encryption supports hybrid/key-wrapping capability, not transmission.",micro-behaviors/crypto/hybrid::session-key-encrypt
micro-behaviors/crypto/library/hybrid::openssl-rsa-aes-hybrid-encryption,micro-behaviors/crypto/library/hybrid/openssl.yaml,composite_rules,micro-behaviors/crypto/hybrid,implemented,Hybrid symmetric/asymmetric cryptography is the technique; library is not an intermediate technique layer.,micro-behaviors/crypto/hybrid::openssl-rsa-aes-hybrid-encryption
micro-behaviors/crypto/library/hybrid::webcrypto-hybrid-payload-envelope,micro-behaviors/crypto/library/hybrid/webcrypto.yaml,traits,micro-behaviors/crypto/hybrid,implemented,Hybrid symmetric/asymmetric cryptography is the technique; library is not an intermediate technique layer.,micro-behaviors/crypto/hybrid::webcrypto-hybrid-payload-envelope
micro-behaviors/crypto/library/hybrid::webcrypto-rsa-oaep-aes-gcm-algorithm,micro-behaviors/crypto/library/hybrid/webcrypto.yaml,traits,micro-behaviors/crypto/hybrid,implemented,Hybrid symmetric/asymmetric cryptography is the technique; library is not an intermediate technique layer.,micro-behaviors/crypto/hybrid::webcrypto-rsa-oaep-aes-gcm-algorithm
objectives/exfiltration/http/upload::credential-var-in-dict,objectives/exfiltration/http/upload/python.yaml,traits,micro-behaviors/data/serialize/schema-object,implemented,"A credential-named mapping field describes serialized schema, not a send.",micro-behaviors/data/serialize/schema-object::credential-var-in-dict
objectives/exfiltration/http/upload::node-host-profile-env-exfil,objectives/exfiltration/http/upload/node.yaml,composite_rules,objectives/exfiltration/stealer/env,implemented,Required environment access supplies the source; host identifiers are supporting context.,objectives/exfiltration/stealer/env::node-host-profile-env-exfil
objectives/exfiltration/http/upload::java-fallback-chunk-exfil,objectives/exfiltration/http/upload/java-unix.yaml,traits,micro-behaviors/communications/http/url/telemetry,implemented,A telemetry chunk parameter and URL encoder reference are URL-construction clues without transmission.,micro-behaviors/communications/http/url/telemetry::java-collect-chunk-parameter
objectives/exfiltration/http/upload::encrypted-metadata-upload-prompt,objectives/exfiltration/http/upload/hybrid-encrypt.yaml,traits,micro-behaviors/ui/dialog/prompt,implemented,"An upload-consent prompt is user-interaction evidence, not exfiltration.",micro-behaviors/ui/dialog/prompt::encrypted-metadata-upload-prompt
objectives/exfiltration/http/upload::github-cli-download-auth-token-fragment,objectives/exfiltration/http/upload/python.yaml,traits,micro-behaviors/communications/http/authorization-header,implemented,"Authorization header syntax supports HTTP authentication, not secret export.",micro-behaviors/communications/http/authorization-header::github-cli-download-auth-token-fragment
objectives/exfiltration/http/upload::cicd-release-script-b64encode-marker,objectives/exfiltration/http/upload/python.yaml,traits,micro-behaviors/data/encode/base64,implemented,"Encoding a release script is local Base64 conversion, not upload.",micro-behaviors/data/encode/base64::cicd-release-script-b64encode-marker
micro-behaviors/crypto/library/blockchain/query::go-ethereum-recipient-hex-decode,micro-behaviors/crypto/library/blockchain/query/go.yaml,traits,micro-behaviors/data/transaction/query,implemented,"Interpret returned transaction fields, including recipient-byte reconstruction; no cryptographic primitive is established.",micro-behaviors/data/transaction/query::go-ethereum-recipient-hex-decode
micro-behaviors/crypto/library/blockchain/query::go-ethereum-zero-value-test,micro-behaviors/crypto/library/blockchain/query/go.yaml,traits,micro-behaviors/data/transaction/query,implemented,"Interpret returned transaction fields, including recipient-byte reconstruction; no cryptographic primitive is established.",micro-behaviors/data/transaction/query::go-ethereum-zero-value-test
micro-behaviors/crypto/library/blockchain/query::go-ethereum-empty-input-test,micro-behaviors/crypto/library/blockchain/query/go.yaml,traits,micro-behaviors/data/transaction/query,implemented,"Interpret returned transaction fields, including recipient-byte reconstruction; no cryptographic primitive is established.",micro-behaviors/data/transaction/query::go-ethereum-empty-input-test
micro-behaviors/crypto/library/blockchain/query::go-ethereum-recipient-ipv4-reconstruction,micro-behaviors/crypto/library/blockchain/query/go.yaml,composite_rules,micro-behaviors/data/transaction/query,implemented,"Interpret returned transaction fields, including recipient-byte reconstruction; no cryptographic primitive is established.",micro-behaviors/data/transaction/query::go-ethereum-recipient-ipv4-reconstruction
micro-behaviors/crypto/library/blockchain/query::etherscan-api-url,micro-behaviors/crypto/library/blockchain/query/python.yaml,traits,micro-behaviors/communications/http/url/rpc,implemented,"Explorer or ledger-RPC endpoint reference, without proof of a request.",micro-behaviors/communications/http/url/rpc::etherscan-api-url
micro-behaviors/crypto/library/blockchain/query::bscscan-api-url,micro-behaviors/crypto/library/blockchain/query/python.yaml,traits,micro-behaviors/communications/http/url/rpc,implemented,"Explorer or ledger-RPC endpoint reference, without proof of a request.",micro-behaviors/communications/http/url/rpc::bscscan-api-url
micro-behaviors/crypto/library/blockchain/query::polygonscan-api-url,micro-behaviors/crypto/library/blockchain/query/python.yaml,traits,micro-behaviors/communications/http/url/rpc,implemented,"Explorer or ledger-RPC endpoint reference, without proof of a request.",micro-behaviors/communications/http/url/rpc::polygonscan-api-url
micro-behaviors/crypto/library/blockchain/query::arbiscan-api-url,micro-behaviors/crypto/library/blockchain/query/python.yaml,traits,micro-behaviors/communications/http/url/rpc,implemented,"Explorer or ledger-RPC endpoint reference, without proof of a request.",micro-behaviors/communications/http/url/rpc::arbiscan-api-url
micro-behaviors/crypto/library/blockchain/query::cloudflare-eth-rpc-url,micro-behaviors/crypto/library/blockchain/query/python.yaml,traits,micro-behaviors/communications/http/url/rpc,implemented,"Explorer or ledger-RPC endpoint reference, without proof of a request.",micro-behaviors/communications/http/url/rpc::cloudflare-eth-rpc-url
micro-behaviors/crypto/library/blockchain/query::publicnode-sepolia-rpc-url,micro-behaviors/crypto/library/blockchain/query/python.yaml,traits,micro-behaviors/communications/http/url/rpc,implemented,"Explorer or ledger-RPC endpoint reference, without proof of a request.",micro-behaviors/communications/http/url/rpc::publicnode-sepolia-rpc-url
micro-behaviors/crypto/library/blockchain/query::binance-bsc-rpc-url,micro-behaviors/crypto/library/blockchain/query/python.yaml,traits,micro-behaviors/communications/http/url/rpc,implemented,"Explorer or ledger-RPC endpoint reference, without proof of a request.",micro-behaviors/communications/http/url/rpc::binance-bsc-rpc-url
micro-behaviors/crypto/library/blockchain/query::polygon-rpc-url,micro-behaviors/crypto/library/blockchain/query/python.yaml,traits,micro-behaviors/communications/http/url/rpc,implemented,"Explorer or ledger-RPC endpoint reference, without proof of a request.",micro-behaviors/communications/http/url/rpc::polygon-rpc-url
micro-behaviors/crypto/library/blockchain/transaction::cosmos-vesting-account-creation-message,micro-behaviors/crypto/library/blockchain/transaction/cosmos-evm-source.yaml,traits,micro-behaviors/data/transaction/construct,implemented,"Construct or populate a ledger transaction, instruction, or its fee estimate; submission is separate.",micro-behaviors/data/transaction/construct::cosmos-vesting-account-creation-message
micro-behaviors/crypto/library/blockchain/transaction::solana-system-program-transfer,micro-behaviors/crypto/library/blockchain/transaction/javascript.yaml,traits,micro-behaviors/data/transaction/construct,implemented,"Construct or populate a ledger transaction, instruction, or its fee estimate; submission is separate.",micro-behaviors/data/transaction/construct::solana-system-program-transfer
micro-behaviors/crypto/library/blockchain/transaction::web3-gas-estimate-call,micro-behaviors/crypto/library/blockchain/transaction/javascript.yaml,traits,micro-behaviors/data/transaction/construct,implemented,"Construct or populate a ledger transaction, instruction, or its fee estimate; submission is separate.",micro-behaviors/data/transaction/construct::web3-gas-estimate-call
micro-behaviors/crypto/library/blockchain/transaction::transaction-output-destination-assignment,micro-behaviors/crypto/library/blockchain/transaction/source.yaml,traits,micro-behaviors/data/transaction/construct,implemented,"Construct or populate a ledger transaction, instruction, or its fee estimate; submission is separate.",micro-behaviors/data/transaction/construct::transaction-output-destination-assignment
micro-behaviors/crypto/library/blockchain/transaction::indexed-output-destination-assignment,micro-behaviors/crypto/library/blockchain/transaction/source.yaml,traits,micro-behaviors/data/transaction/construct,implemented,"Construct or populate a ledger transaction, instruction, or its fee estimate; submission is separate.",micro-behaviors/data/transaction/construct::indexed-output-destination-assignment
micro-behaviors/crypto/library/blockchain/transaction::transaction-output-amount-assignment,micro-behaviors/crypto/library/blockchain/transaction/source.yaml,traits,micro-behaviors/data/transaction/construct,implemented,"Construct or populate a ledger transaction, instruction, or its fee estimate; submission is separate.",micro-behaviors/data/transaction/construct::transaction-output-amount-assignment
micro-behaviors/crypto/library/blockchain/transaction::transaction-total-symbol,micro-behaviors/crypto/library/blockchain/transaction/source.yaml,traits,micro-behaviors/data/transaction/query,implemented,Reference a transaction output total rather than assign it.,micro-behaviors/data/transaction/query::transaction-total-symbol
micro-behaviors/crypto/library/blockchain/transaction::ap2-mandate-signing,micro-behaviors/crypto/library/blockchain/transaction/javascript.yaml,traits,micro-behaviors/data/transaction/sign,implemented,Payment/transaction-specific signing; generic signatures retain their cryptographic home.,micro-behaviors/data/transaction/sign::ap2-mandate-signing
micro-behaviors/crypto/library/blockchain/transaction::x402-payment-signing,micro-behaviors/crypto/library/blockchain/transaction/javascript.yaml,traits,micro-behaviors/data/transaction/sign,implemented,Payment/transaction-specific signing; generic signatures retain their cryptographic home.,micro-behaviors/data/transaction/sign::x402-payment-signing
micro-behaviors/crypto/library/blockchain/transaction::xrpl-payment-signing,micro-behaviors/crypto/library/blockchain/transaction/javascript.yaml,traits,micro-behaviors/data/transaction/sign,implemented,Payment/transaction-specific signing; generic signatures retain their cryptographic home.,micro-behaviors/data/transaction/sign::xrpl-payment-signing
micro-behaviors/crypto/library/blockchain/transaction::web3-account-sign-call,micro-behaviors/crypto/library/blockchain/transaction/javascript.yaml,traits,micro-behaviors/data/transaction/sign,implemented,Payment/transaction-specific signing; generic signatures retain their cryptographic home.,micro-behaviors/data/transaction/sign::web3-account-sign-call
micro-behaviors/crypto/library/blockchain/transaction::wallet-transaction-sign-call,micro-behaviors/crypto/library/blockchain/transaction/javascript.yaml,traits,micro-behaviors/crypto/asymmetric/signature,implemented,Generic wallet/message/typed-data signing does not require a transaction.,micro-behaviors/crypto/asymmetric/signature::wallet-transaction-sign-call
micro-behaviors/crypto/library/blockchain/transaction::wallet-sign-typed-data,micro-behaviors/crypto/library/blockchain/transaction/javascript.yaml,traits,micro-behaviors/crypto/asymmetric/signature,implemented,Generic wallet/message/typed-data signing does not require a transaction.,micro-behaviors/crypto/asymmetric/signature::wallet-sign-typed-data
micro-behaviors/crypto/library/blockchain/transaction::web3-send-signed-tx,micro-behaviors/crypto/library/blockchain/transaction/javascript.yaml,traits,micro-behaviors/data/transaction/submit,implemented,Submit a ledger transfer or financial order; preparatory balance/sign evidence does not override the required submission.,micro-behaviors/data/transaction/submit::web3-send-signed-tx
micro-behaviors/crypto/library/blockchain/transaction::send-transaction-call,micro-behaviors/crypto/library/blockchain/transaction/javascript.yaml,traits,micro-behaviors/data/transaction/submit,implemented,Submit a ledger transfer or financial order; preparatory balance/sign evidence does not override the required submission.,micro-behaviors/data/transaction/submit::send-transaction-call
micro-behaviors/crypto/library/blockchain/transaction::send-raw-transaction-call,micro-behaviors/crypto/library/blockchain/transaction/javascript.yaml,traits,micro-behaviors/data/transaction/submit,implemented,Submit a ledger transfer or financial order; preparatory balance/sign evidence does not override the required submission.,micro-behaviors/data/transaction/submit::send-raw-transaction-call
micro-behaviors/crypto/library/blockchain/transaction::polymarket-create-and-post-order,micro-behaviors/crypto/library/blockchain/transaction/javascript.yaml,traits,micro-behaviors/data/transaction/submit,implemented,Submit a ledger transfer or financial order; preparatory balance/sign evidence does not override the required submission.,micro-behaviors/data/transaction/submit::polymarket-create-and-post-order
micro-behaviors/crypto/library/blockchain/transaction::web3-balance-sign-broadcast,micro-behaviors/crypto/library/blockchain/transaction/javascript.yaml,composite_rules,micro-behaviors/data/transaction/submit,implemented,Submit a ledger transfer or financial order; preparatory balance/sign evidence does not override the required submission.,micro-behaviors/data/transaction/submit::web3-balance-sign-broadcast
micro-behaviors/crypto/library/blockchain/transaction::x402-stablecoin-balance-query,micro-behaviors/crypto/library/blockchain/transaction/javascript.yaml,traits,micro-behaviors/communications/blockchain/client,implemented,Read account state through a ledger client rather than parse a transaction record.,micro-behaviors/communications/blockchain/client::x402-stablecoin-balance-query
micro-behaviors/crypto/library/blockchain/transaction::web3-balance-read,micro-behaviors/crypto/library/blockchain/transaction/javascript.yaml,traits,micro-behaviors/communications/blockchain/client,implemented,Read account state through a ledger client rather than parse a transaction record.,micro-behaviors/communications/blockchain/client::web3-balance-read
micro-behaviors/crypto/library/blockchain/transaction::blockchain-client-balance-query,micro-behaviors/crypto/library/blockchain/transaction/javascript.yaml,traits,micro-behaviors/communications/blockchain/client,implemented,Read account state through a ledger client rather than parse a transaction record.,micro-behaviors/communications/blockchain/client::blockchain-client-balance-query
micro-behaviors/crypto/library/blockchain/transaction::xrpl-seed-wallet-derivation,micro-behaviors/crypto/library/blockchain/transaction/javascript.yaml,traits,micro-behaviors/crypto/asymmetric/key,implemented,"Generate or reconstruct private-key/account material, without implying network activity.",micro-behaviors/crypto/asymmetric/key::xrpl-seed-wallet-derivation
micro-behaviors/crypto/library/blockchain/transaction::generated-private-key-fallback,micro-behaviors/crypto/library/blockchain/transaction/javascript.yaml,traits,micro-behaviors/crypto/asymmetric/key,implemented,"Generate or reconstruct private-key/account material, without implying network activity.",micro-behaviors/crypto/asymmetric/key::generated-private-key-fallback
micro-behaviors/crypto/library/blockchain/transaction::viem-private-key-account,micro-behaviors/crypto/library/blockchain/transaction/javascript.yaml,traits,micro-behaviors/crypto/asymmetric/key,implemented,"Generate or reconstruct private-key/account material, without implying network activity.",micro-behaviors/crypto/asymmetric/key::viem-private-key-account
micro-behaviors/crypto/library/blockchain/transaction::x402-wrap-fetch-with-payment,micro-behaviors/crypto/library/blockchain/transaction/javascript.yaml,traits,micro-behaviors/communications/http/services/payment,implemented,"Payment-gated HTTP client/header interface, rather than a cryptographic primitive.",micro-behaviors/communications/http/services/payment::x402-wrap-fetch-with-payment
micro-behaviors/crypto/library/blockchain/transaction::x402-client-constructor,micro-behaviors/crypto/library/blockchain/transaction/javascript.yaml,traits,micro-behaviors/communications/http/services/payment,implemented,"Payment-gated HTTP client/header interface, rather than a cryptographic primitive.",micro-behaviors/communications/http/services/payment::x402-client-constructor
micro-behaviors/crypto/library/blockchain/transaction::x402-payment-header,micro-behaviors/crypto/library/blockchain/transaction/javascript.yaml,traits,micro-behaviors/communications/http/services/payment,implemented,"Payment-gated HTTP client/header interface, rather than a cryptographic primitive.",micro-behaviors/communications/http/services/payment::x402-payment-header
micro-behaviors/crypto/library/blockchain/transaction::x402-payment-protocol-header,micro-behaviors/crypto/library/blockchain/transaction/javascript.yaml,traits,micro-behaviors/communications/http/services/payment,implemented,"Payment-gated HTTP client/header interface, rather than a cryptographic primitive.",micro-behaviors/communications/http/services/payment::x402-payment-protocol-header
micro-behaviors/crypto/library/blockchain/transaction::erc20-approve-signature,micro-behaviors/crypto/library/blockchain/transaction/javascript.yaml,traits,micro-behaviors/data/transaction/authorize,implemented,Spender/transfer authority declarations or approval operations; neither generic signing nor ordinary transfer construction.,micro-behaviors/data/transaction/authorize::erc20-approve-signature
micro-behaviors/crypto/library/blockchain/transaction::erc20-increase-allowance-call,micro-behaviors/crypto/library/blockchain/transaction/javascript.yaml,traits,micro-behaviors/data/transaction/authorize,implemented,Spender/transfer authority declarations or approval operations; neither generic signing nor ordinary transfer construction.,micro-behaviors/data/transaction/authorize::erc20-increase-allowance-call
micro-behaviors/crypto/library/blockchain/transaction::erc20-permit-signature,micro-behaviors/crypto/library/blockchain/transaction/javascript.yaml,traits,micro-behaviors/data/transaction/authorize,implemented,Spender/transfer authority declarations or approval operations; neither generic signing nor ordinary transfer construction.,micro-behaviors/data/transaction/authorize::erc20-permit-signature
micro-behaviors/crypto/library/blockchain/transaction::eip3009-transfer-authorization,micro-behaviors/crypto/library/blockchain/transaction/javascript.yaml,traits,micro-behaviors/data/transaction/authorize,implemented,Spender/transfer authority declarations or approval operations; neither generic signing nor ordinary transfer construction.,micro-behaviors/data/transaction/authorize::eip3009-transfer-authorization
micro-behaviors/crypto/library/blockchain/client::eth-account-from-key,micro-behaviors/crypto/library/blockchain/client/python.yaml,traits,micro-behaviors/crypto/asymmetric/key,implemented,Generate or reconstruct an asymmetric key/account from secret material.,micro-behaviors/crypto/asymmetric/key::eth-account-from-key
micro-behaviors/crypto/library/blockchain/client::python-account-from-key,micro-behaviors/crypto/library/blockchain/client/python.yaml,traits,micro-behaviors/crypto/asymmetric/key,implemented,Generate or reconstruct an asymmetric key/account from secret material.,micro-behaviors/crypto/asymmetric/key::python-account-from-key
micro-behaviors/crypto/library/blockchain/client::python-keypair-from-base58,micro-behaviors/crypto/library/blockchain/client/python.yaml,traits,micro-behaviors/crypto/asymmetric/key,implemented,Generate or reconstruct an asymmetric key/account from secret material.,micro-behaviors/crypto/asymmetric/key::python-keypair-from-base58
micro-behaviors/crypto/library/blockchain/client::eth-account-create,micro-behaviors/crypto/library/blockchain/client/python.yaml,traits,micro-behaviors/crypto/asymmetric/key,implemented,Generate or reconstruct an asymmetric key/account from secret material.,micro-behaviors/crypto/asymmetric/key::eth-account-create
micro-behaviors/crypto/library/blockchain/client::substrate-keypair-from-secret,micro-behaviors/crypto/library/blockchain/client/python.yaml,traits,micro-behaviors/crypto/asymmetric/key,implemented,Generate or reconstruct an asymmetric key/account from secret material.,micro-behaviors/crypto/asymmetric/key::substrate-keypair-from-secret
micro-behaviors/crypto/library/blockchain/client::eip712-sign-typed-data,micro-behaviors/crypto/library/blockchain/client/python.yaml,traits,micro-behaviors/crypto/asymmetric/signature,implemented,Sign typed data or message/transaction alternatives; no required financial-transaction subtype.,micro-behaviors/crypto/asymmetric/signature::eip712-sign-typed-data
micro-behaviors/crypto/library/blockchain/client::web3-account-sign,micro-behaviors/crypto/library/blockchain/client/python.yaml,traits,micro-behaviors/crypto/asymmetric/signature,implemented,Sign typed data or message/transaction alternatives; no required financial-transaction subtype.,micro-behaviors/crypto/asymmetric/signature::web3-account-sign
micro-behaviors/crypto/library/blockchain/client::web3-sign-transaction,micro-behaviors/crypto/library/blockchain/client/python.yaml,traits,micro-behaviors/data/transaction/sign,implemented,Sign a ledger transaction; no broadcast is required.,micro-behaviors/data/transaction/sign::web3-sign-transaction
micro-behaviors/crypto/library/blockchain/client::erc20-transfer-call,micro-behaviors/crypto/library/blockchain/client/python.yaml,traits,micro-behaviors/data/transaction/construct,implemented,Build or reference a ledger instruction/message; no broadcast is required.,micro-behaviors/data/transaction/construct::erc20-transfer-call
micro-behaviors/crypto/library/blockchain/client::web3-build-transaction,micro-behaviors/crypto/library/blockchain/client/python.yaml,traits,micro-behaviors/data/transaction/construct,implemented,Build or reference a ledger instruction/message; no broadcast is required.,micro-behaviors/data/transaction/construct::web3-build-transaction
micro-behaviors/crypto/library/blockchain/client::cosmos-delegate-message-type,micro-behaviors/crypto/library/blockchain/client/python.yaml,traits,micro-behaviors/data/transaction/construct,implemented,Build or reference a ledger instruction/message; no broadcast is required.,micro-behaviors/data/transaction/construct::cosmos-delegate-message-type
micro-behaviors/crypto/library/blockchain/client::cosmos-withdraw-reward-message-type,micro-behaviors/crypto/library/blockchain/client/python.yaml,traits,micro-behaviors/data/transaction/construct,implemented,Build or reference a ledger instruction/message; no broadcast is required.,micro-behaviors/data/transaction/construct::cosmos-withdraw-reward-message-type
micro-behaviors/crypto/library/blockchain/client::web3-send-raw-transaction,micro-behaviors/crypto/library/blockchain/client/python.yaml,traits,micro-behaviors/data/transaction/submit,implemented,Submit a ledger transaction/extrinsic; reward claim context refines the submitted transaction.,micro-behaviors/data/transaction/submit::web3-send-raw-transaction
micro-behaviors/crypto/library/blockchain/client::cosmos-broadcast-tx,micro-behaviors/crypto/library/blockchain/client/python.yaml,traits,micro-behaviors/data/transaction/submit,implemented,Submit a ledger transaction/extrinsic; reward claim context refines the submitted transaction.,micro-behaviors/data/transaction/submit::cosmos-broadcast-tx
micro-behaviors/crypto/library/blockchain/client::substrate-extrinsic-submit,micro-behaviors/crypto/library/blockchain/client/python.yaml,traits,micro-behaviors/data/transaction/submit,implemented,Submit a ledger transaction/extrinsic; reward claim context refines the submitted transaction.,micro-behaviors/data/transaction/submit::substrate-extrinsic-submit
micro-behaviors/crypto/library/blockchain/client::cosmos-staking-reward-claim-flow,micro-behaviors/crypto/library/blockchain/client/python.yaml,composite_rules,micro-behaviors/data/transaction/submit,implemented,Submit a ledger transaction/extrinsic; reward claim context refines the submitted transaction.,micro-behaviors/data/transaction/submit::cosmos-staking-reward-claim-flow
micro-behaviors/crypto/library/blockchain/client::x402-resource-server,micro-behaviors/crypto/library/blockchain/client/python.yaml,traits,micro-behaviors/communications/http/services/payment,implemented,Payment-gated HTTP resource or authorization payload interface.,micro-behaviors/communications/http/services/payment::x402-resource-server
micro-behaviors/crypto/library/blockchain/client::x402-payment-payload-validate,micro-behaviors/crypto/library/blockchain/client/python.yaml,traits,micro-behaviors/communications/http/services/payment,implemented,Payment-gated HTTP resource or authorization payload interface.,micro-behaviors/communications/http/services/payment::x402-payment-payload-validate
micro-behaviors/crypto/library/blockchain/client::coingecko-simple-price-api,micro-behaviors/crypto/library/blockchain/client/python.yaml,traits,micro-behaviors/communications/http/url/endpoint,implemented,"Price-API URL is endpoint evidence, not a ledger-RPC or blockchain query.",micro-behaviors/communications/http/url/endpoint::coingecko-simple-price-api
micro-behaviors/crypto/library/blockchain/client::sha3-keccak-hash,micro-behaviors/crypto/library/blockchain/client/python.yaml,traits,micro-behaviors/crypto/hash/digest,implemented,Hash primitive/implementation evidence; ledger use is incidental.,micro-behaviors/crypto/hash/digest::sha3-keccak-hash
micro-behaviors/crypto/library/blockchain/client::crypto-keccak-word,micro-behaviors/crypto/library/blockchain/client/python.yaml,traits,micro-behaviors/crypto/hash/digest,implemented,Hash primitive/implementation evidence; ledger use is incidental.,micro-behaviors/crypto/hash/digest::crypto-keccak-word
micro-behaviors/crypto/library/blockchain/client::crypto-keccak-permutation-context,micro-behaviors/crypto/library/blockchain/client/python.yaml,composite_rules,micro-behaviors/crypto/hash/digest,implemented,Hash primitive/implementation evidence; ledger use is incidental.,micro-behaviors/crypto/hash/digest::crypto-keccak-permutation-context
micro-behaviors/crypto/library/blockchain/client::walletd-passphrase-env,micro-behaviors/crypto/library/blockchain/client/python.yaml,traits,micro-behaviors/os/env/secret-name,implemented,Passphrase environment-variable reference.,micro-behaviors/os/env/secret-name::walletd-passphrase-env
micro-behaviors/crypto/library/blockchain/client::walletd-seed-enc-path,micro-behaviors/crypto/library/blockchain/client/python.yaml,traits,micro-behaviors/fs/path/wallet,implemented,"Wallet seed-file locator, without asserting access.",micro-behaviors/fs/path/wallet::walletd-seed-enc-path
micro-behaviors/crypto/library/blockchain/client::walletd-recovery-phrase-warning,micro-behaviors/crypto/library/blockchain/client/python.yaml,traits,micro-behaviors/ui/controls/wallet,implemented,"Wallet-recovery interface text, not secret acquisition or key derivation.",micro-behaviors/ui/controls/wallet::walletd-recovery-phrase-warning
micro-behaviors/crypto/library/blockchain/wallet::solana-keypair-from-secret-key,micro-behaviors/crypto/library/blockchain/wallet/javascript.yaml,traits,micro-behaviors/crypto/asymmetric/key,implemented,"Private-key/account loading, reconstruction or derivation; wallet/backend names do not create a different primitive.",micro-behaviors/crypto/asymmetric/key::solana-keypair-from-secret-key
micro-behaviors/crypto/library/blockchain/wallet::wallet-factory-entrypoint,micro-behaviors/crypto/library/blockchain/wallet/javascript.yaml,traits,micro-behaviors/crypto/asymmetric/key,implemented,"Private-key/account loading, reconstruction or derivation; wallet/backend names do not create a different primitive.",micro-behaviors/crypto/asymmetric/key::wallet-factory-entrypoint
micro-behaviors/crypto/library/blockchain/wallet::private-key-from-hex,micro-behaviors/crypto/library/blockchain/wallet/javascript.yaml,traits,micro-behaviors/crypto/asymmetric/key,implemented,"Private-key/account loading, reconstruction or derivation; wallet/backend names do not create a different primitive.",micro-behaviors/crypto/asymmetric/key::private-key-from-hex
micro-behaviors/crypto/library/blockchain/wallet::private-key-from-mnemonic,micro-behaviors/crypto/library/blockchain/wallet/javascript.yaml,traits,micro-behaviors/crypto/asymmetric/key,implemented,"Private-key/account loading, reconstruction or derivation; wallet/backend names do not create a different primitive.",micro-behaviors/crypto/asymmetric/key::private-key-from-mnemonic
micro-behaviors/crypto/library/blockchain/wallet::ethers-wallet-from-private-key,micro-behaviors/crypto/library/blockchain/wallet/javascript.yaml,traits,micro-behaviors/crypto/asymmetric/key,implemented,"Private-key/account loading, reconstruction or derivation; wallet/backend names do not create a different primitive.",micro-behaviors/crypto/asymmetric/key::ethers-wallet-from-private-key
micro-behaviors/crypto/library/blockchain/wallet::wallet-key-derivation-entrypoint,micro-behaviors/crypto/library/blockchain/wallet/javascript.yaml,composite_rules,micro-behaviors/crypto/asymmetric/key,implemented,"Private-key/account loading, reconstruction or derivation; wallet/backend names do not create a different primitive.",micro-behaviors/crypto/asymmetric/key::wallet-key-derivation-entrypoint
micro-behaviors/crypto/library/blockchain/wallet::go-evm-private-key-from-hex,micro-behaviors/crypto/library/blockchain/wallet/go.yaml,traits,micro-behaviors/crypto/asymmetric/key,implemented,"Private-key/account loading, reconstruction or derivation; wallet/backend names do not create a different primitive.",micro-behaviors/crypto/asymmetric/key::go-evm-private-key-from-hex
micro-behaviors/crypto/library/blockchain/wallet::go-secp256k1-private-key-address,micro-behaviors/crypto/library/blockchain/wallet/go.yaml,traits,micro-behaviors/crypto/asymmetric/key,implemented,"Private-key/account loading, reconstruction or derivation; wallet/backend names do not create a different primitive.",micro-behaviors/crypto/asymmetric/key::go-secp256k1-private-key-address
micro-behaviors/crypto/library/blockchain/wallet::foundry-cast-address-from-private-key,micro-behaviors/crypto/library/blockchain/wallet/shell.yaml,traits,micro-behaviors/crypto/asymmetric/key,implemented,"Private-key/account loading, reconstruction or derivation; wallet/backend names do not create a different primitive.",micro-behaviors/crypto/asymmetric/key::foundry-cast-address-from-private-key
micro-behaviors/crypto/library/blockchain/wallet::go-evm-message-sign,micro-behaviors/crypto/library/blockchain/wallet/go.yaml,traits,micro-behaviors/crypto/asymmetric/signature,implemented,"Key-backed signature capability, without required ledger transaction context.",micro-behaviors/crypto/asymmetric/signature::go-evm-message-sign
micro-behaviors/crypto/library/blockchain/wallet::go-evm-private-key-signing-flow,micro-behaviors/crypto/library/blockchain/wallet/go.yaml,composite_rules,micro-behaviors/crypto/asymmetric/signature,implemented,"Key-backed signature capability, without required ledger transaction context.",micro-behaviors/crypto/asymmetric/signature::go-evm-private-key-signing-flow
micro-behaviors/crypto/library/blockchain/wallet::recovery-phrase-entry-prompt,micro-behaviors/crypto/library/blockchain/wallet/mnemonic.yaml,traits,micro-behaviors/ui/controls/wallet,implemented,"Recovery-phrase UI prompt, not key derivation or theft.",micro-behaviors/ui/controls/wallet::recovery-phrase-entry-prompt
micro-behaviors/crypto/library/blockchain/wallet::recovery-phrase-word-count-prompt,micro-behaviors/crypto/library/blockchain/wallet/mnemonic.yaml,traits,micro-behaviors/ui/controls/wallet,implemented,"Recovery-phrase UI prompt, not key derivation or theft.",micro-behaviors/ui/controls/wallet::recovery-phrase-word-count-prompt
micro-behaviors/crypto/library/blockchain/wallet::ss58-address-literal,micro-behaviors/crypto/library/blockchain/wallet/substrate.yaml,traits,micro-behaviors/data/format/crypto-address,implemented,"Account address format; not a key, wallet artifact or transaction.",micro-behaviors/data/format/crypto-address::ss58-address-literal
micro-behaviors/crypto/library/blockchain/wallet::ss58-transfer-dest-literal,micro-behaviors/crypto/library/blockchain/wallet/substrate.yaml,traits,micro-behaviors/data/transaction/construct,implemented,Fixed recipient field in a transfer instruction.,micro-behaviors/data/transaction/construct::ss58-transfer-dest-literal
micro-behaviors/crypto/library/blockchain/rewards::reward-balance-display-text,micro-behaviors/crypto/library/blockchain/rewards/javascript.yaml,traits,micro-behaviors/ui/controls/wallet,implemented,Wallet balance/reward display or action text; not cryptography or a completed reward claim.,micro-behaviors/ui/controls/wallet::reward-balance-display-text
micro-behaviors/crypto/library/blockchain/rewards::reward-amount-template,micro-behaviors/crypto/library/blockchain/rewards/javascript.yaml,traits,micro-behaviors/ui/controls/wallet,implemented,Wallet balance/reward display or action text; not cryptography or a completed reward claim.,micro-behaviors/ui/controls/wallet::reward-amount-template
micro-behaviors/crypto/library/blockchain/rewards::reward-action-cta,micro-behaviors/crypto/library/blockchain/rewards/javascript.yaml,traits,micro-behaviors/ui/controls/wallet,implemented,Wallet balance/reward display or action text; not cryptography or a completed reward claim.,micro-behaviors/ui/controls/wallet::reward-action-cta
micro-behaviors/crypto/library/blockchain/wallet::bip39-wordlist-reference,micro-behaviors/crypto/library/blockchain/wallet/mnemonic.yaml,traits,micro-behaviors/crypto/mnemonic,implemented,"Mnemonic key-material representation, generation or validation; not proof of theft, KDF use or a blockchain client.",micro-behaviors/crypto/mnemonic::bip39-wordlist-reference
micro-behaviors/crypto/library/blockchain/wallet::bip39-english-wordlist-prefix,micro-behaviors/crypto/library/blockchain/wallet/mnemonic.yaml,traits,micro-behaviors/crypto/mnemonic,implemented,"Mnemonic key-material representation, generation or validation; not proof of theft, KDF use or a blockchain client.",micro-behaviors/crypto/mnemonic::bip39-english-wordlist-prefix
micro-behaviors/crypto/library/blockchain/wallet::wordlist-near-mnemonic,micro-behaviors/crypto/library/blockchain/wallet/mnemonic.yaml,traits,micro-behaviors/crypto/mnemonic,implemented,"Mnemonic key-material representation, generation or validation; not proof of theft, KDF use or a blockchain client.",micro-behaviors/crypto/mnemonic::wordlist-near-mnemonic
micro-behaviors/crypto/library/blockchain/wallet::wordlist-near-recovery,micro-behaviors/crypto/library/blockchain/wallet/mnemonic.yaml,traits,micro-behaviors/crypto/mnemonic,implemented,"Mnemonic key-material representation, generation or validation; not proof of theft, KDF use or a blockchain client.",micro-behaviors/crypto/mnemonic::wordlist-near-recovery
micro-behaviors/crypto/library/blockchain/wallet::mnemonic-near-wordlist,micro-behaviors/crypto/library/blockchain/wallet/mnemonic.yaml,traits,micro-behaviors/crypto/mnemonic,implemented,"Mnemonic key-material representation, generation or validation; not proof of theft, KDF use or a blockchain client.",micro-behaviors/crypto/mnemonic::mnemonic-near-wordlist
micro-behaviors/crypto/library/blockchain/wallet::recovery-near-wordlist,micro-behaviors/crypto/library/blockchain/wallet/mnemonic.yaml,traits,micro-behaviors/crypto/mnemonic,implemented,"Mnemonic key-material representation, generation or validation; not proof of theft, KDF use or a blockchain client.",micro-behaviors/crypto/mnemonic::recovery-near-wordlist
micro-behaviors/crypto/library/blockchain/wallet::mnemonic-word-count-check,micro-behaviors/crypto/library/blockchain/wallet/mnemonic.yaml,traits,micro-behaviors/crypto/mnemonic,implemented,"Mnemonic key-material representation, generation or validation; not proof of theft, KDF use or a blockchain client.",micro-behaviors/crypto/mnemonic::mnemonic-word-count-check
micro-behaviors/crypto/library/blockchain/wallet::seed-phrase-word-count-check,micro-behaviors/crypto/library/blockchain/wallet/mnemonic.yaml,traits,micro-behaviors/crypto/mnemonic,implemented,"Mnemonic key-material representation, generation or validation; not proof of theft, KDF use or a blockchain client.",micro-behaviors/crypto/mnemonic::seed-phrase-word-count-check
micro-behaviors/crypto/library/blockchain/wallet::secret-words-count-check,micro-behaviors/crypto/library/blockchain/wallet/mnemonic.yaml,traits,micro-behaviors/crypto/mnemonic,implemented,"Mnemonic key-material representation, generation or validation; not proof of theft, KDF use or a blockchain client.",micro-behaviors/crypto/mnemonic::secret-words-count-check
micro-behaviors/crypto/library/blockchain/wallet::mnemonic-validate-check,micro-behaviors/crypto/library/blockchain/wallet/mnemonic.yaml,traits,micro-behaviors/crypto/mnemonic,implemented,"Mnemonic key-material representation, generation or validation; not proof of theft, KDF use or a blockchain client.",micro-behaviors/crypto/mnemonic::mnemonic-validate-check
micro-behaviors/crypto/library/blockchain/wallet::recovery-phrase-verify-check,micro-behaviors/crypto/library/blockchain/wallet/mnemonic.yaml,traits,micro-behaviors/crypto/mnemonic,implemented,"Mnemonic key-material representation, generation or validation; not proof of theft, KDF use or a blockchain client.",micro-behaviors/crypto/mnemonic::recovery-phrase-verify-check
micro-behaviors/crypto/library/blockchain/wallet::mnemonic-variable-assignment,micro-behaviors/crypto/library/blockchain/wallet/mnemonic.yaml,traits,micro-behaviors/crypto/mnemonic,implemented,"Mnemonic key-material representation, generation or validation; not proof of theft, KDF use or a blockchain client.",micro-behaviors/crypto/mnemonic::mnemonic-variable-assignment
micro-behaviors/crypto/library/blockchain/wallet::recovery-variable-assignment,micro-behaviors/crypto/library/blockchain/wallet/mnemonic.yaml,traits,micro-behaviors/crypto/mnemonic,implemented,"Mnemonic key-material representation, generation or validation; not proof of theft, KDF use or a blockchain client.",micro-behaviors/crypto/mnemonic::recovery-variable-assignment
micro-behaviors/crypto/library/blockchain/wallet::mnemonic-word-count-validation,micro-behaviors/crypto/library/blockchain/wallet/mnemonic.yaml,composite_rules,micro-behaviors/crypto/mnemonic,implemented,"Mnemonic key-material representation, generation or validation; not proof of theft, KDF use or a blockchain client.",micro-behaviors/crypto/mnemonic::mnemonic-word-count-validation
micro-behaviors/crypto/library/blockchain/wallet::mnemonic-validation-check,micro-behaviors/crypto/library/blockchain/wallet/mnemonic.yaml,composite_rules,micro-behaviors/crypto/mnemonic,implemented,"Mnemonic key-material representation, generation or validation; not proof of theft, KDF use or a blockchain client.",micro-behaviors/crypto/mnemonic::mnemonic-validation-check
micro-behaviors/crypto/library/blockchain/wallet::bip39-mnemonic-validation,micro-behaviors/crypto/library/blockchain/wallet/javascript.yaml,traits,micro-behaviors/crypto/mnemonic,implemented,"Mnemonic key-material representation, generation or validation; not proof of theft, KDF use or a blockchain client.",micro-behaviors/crypto/mnemonic::bip39-mnemonic-validation
micro-behaviors/crypto/library/blockchain/wallet::wallet-seed-generation-call,micro-behaviors/crypto/library/blockchain/wallet/weak-randomness.yaml,traits,micro-behaviors/crypto/mnemonic,implemented,"Mnemonic key-material representation, generation or validation; not proof of theft, KDF use or a blockchain client.",micro-behaviors/crypto/mnemonic::wallet-seed-generation-call
micro-behaviors/crypto/library/blockchain/wallet::mnemonic-seed-generator-function,micro-behaviors/crypto/library/blockchain/wallet/weak-randomness.yaml,traits,micro-behaviors/crypto/mnemonic,implemented,"Mnemonic key-material representation, generation or validation; not proof of theft, KDF use or a blockchain client.",micro-behaviors/crypto/mnemonic::mnemonic-seed-generator-function
micro-behaviors/crypto/library/blockchain/wallet::derivation-path-bip,micro-behaviors/crypto/library/blockchain/wallet/mnemonic.yaml,traits,micro-behaviors/crypto/asymmetric/key,implemented,"Hierarchical key derivation, wallet key generation or wallet-keystore interface evidence; not a separate library technique.",micro-behaviors/crypto/asymmetric/key::derivation-path-bip
micro-behaviors/crypto/library/blockchain/wallet::wallet-derivation-path-field,micro-behaviors/crypto/library/blockchain/wallet/mnemonic.yaml,traits,micro-behaviors/crypto/asymmetric/key,implemented,"Hierarchical key derivation, wallet key generation or wallet-keystore interface evidence; not a separate library technique.",micro-behaviors/crypto/asymmetric/key::wallet-derivation-path-field
micro-behaviors/crypto/library/blockchain/wallet::wallet-keypair-generation-call,micro-behaviors/crypto/library/blockchain/wallet/weak-randomness.yaml,traits,micro-behaviors/crypto/asymmetric/key,implemented,"Hierarchical key derivation, wallet key generation or wallet-keystore interface evidence; not a separate library technique.",micro-behaviors/crypto/asymmetric/key::wallet-keypair-generation-call
micro-behaviors/crypto/library/blockchain/wallet::wallet-generator-function,micro-behaviors/crypto/library/blockchain/wallet/weak-randomness.yaml,traits,micro-behaviors/crypto/asymmetric/key,implemented,"Hierarchical key derivation, wallet key generation or wallet-keystore interface evidence; not a separate library technique.",micro-behaviors/crypto/asymmetric/key::wallet-generator-function
micro-behaviors/crypto/library/blockchain/wallet::wallet-key-material-generation,micro-behaviors/crypto/library/blockchain/wallet/weak-randomness.yaml,composite_rules,micro-behaviors/crypto/asymmetric/key,implemented,"Hierarchical key derivation, wallet key generation or wallet-keystore interface evidence; not a separate library technique.",micro-behaviors/crypto/asymmetric/key::wallet-key-material-generation
micro-behaviors/crypto/library/blockchain/wallet::eth-lightwallet-keystore,micro-behaviors/crypto/library/blockchain/wallet/javascript.yaml,traits,micro-behaviors/crypto/asymmetric/key,implemented,"Hierarchical key derivation, wallet key generation or wallet-keystore interface evidence; not a separate library technique.",micro-behaviors/crypto/asymmetric/key::eth-lightwallet-keystore
micro-behaviors/crypto/library/blockchain/wallet::asym-encrypt-string,micro-behaviors/crypto/library/blockchain/wallet/javascript.yaml,traits,micro-behaviors/crypto/asymmetric/encrypt,implemented,"Public-key encryption helper, without a required algorithm.",micro-behaviors/crypto/asymmetric/encrypt::asym-encrypt-string
micro-behaviors/crypto/library/blockchain/wallet::hardcoded-eth-wallet-constant,micro-behaviors/crypto/library/blockchain/wallet/javascript.yaml,traits,micro-behaviors/data/format/crypto-address,implemented,Fixed Ethereum-format address assignment; neither key material nor theft.,micro-behaviors/data/format/crypto-address::hardcoded-eth-wallet-constant
micro-behaviors/crypto/library/blockchain/client::mnemonic-library-class,micro-behaviors/crypto/library/blockchain/client/python.yaml,traits,micro-behaviors/crypto/mnemonic,implemented,Mnemonic implementation/representation evidence rather than an independently identified library artifact.,micro-behaviors/crypto/mnemonic::mnemonic-library-class
micro-behaviors/crypto/library/blockchain/client::mnemonic-library-implementation-context,micro-behaviors/crypto/library/blockchain/client/python.yaml,composite_rules,micro-behaviors/crypto/mnemonic,implemented,Mnemonic implementation/representation evidence rather than an independently identified library artifact.,micro-behaviors/crypto/mnemonic::mnemonic-library-implementation-context
micro-behaviors/crypto/library/blockchain/client::mnemonic-library-pbkdf2-rounds,micro-behaviors/crypto/library/blockchain/client/python.yaml,traits,micro-behaviors/crypto/kdf/algorithm,implemented,"PBKDF2 parameter identifier, not a mnemonic-specific implementation.",micro-behaviors/crypto/kdf/algorithm::mnemonic-library-pbkdf2-rounds
micro-behaviors/crypto/library/blockchain/client::mnemonic-library-wordlist,micro-behaviors/crypto/library/blockchain/client/python.yaml,traits,micro-behaviors/data/collection/wordlist,implemented,Wordlist member reference without required mnemonic or cryptographic context.,micro-behaviors/data/collection/wordlist::mnemonic-library-wordlist
objectives/credential-access/wallet/keywords::mnemonic-word,objectives/credential-access/wallet/keywords/wallet.yaml,traits,micro-behaviors/crypto/mnemonic,implemented,Secret-phrase vocabulary; preserve scopes/exclusions and component strength rather than inferring theft.,micro-behaviors/crypto/mnemonic::mnemonic-word
objectives/credential-access/wallet/keywords::seed-phrase-word,objectives/credential-access/wallet/keywords/wallet.yaml,traits,micro-behaviors/crypto/mnemonic,implemented,Secret-phrase vocabulary; preserve scopes/exclusions and component strength rather than inferring theft.,micro-behaviors/crypto/mnemonic::seed-phrase-word
objectives/credential-access/wallet/mnemonic::seed-phrase-underscore,objectives/credential-access/wallet/mnemonic/traits.yaml,traits,micro-behaviors/crypto/mnemonic,implemented,"Mnemonic representation/wordlist presence alone is neutral capability evidence, even when encoded or found in a native binary.",micro-behaviors/crypto/mnemonic::seed-phrase-underscore
objectives/credential-access/wallet/mnemonic::seedphrase-word,objectives/credential-access/wallet/mnemonic/traits.yaml,traits,micro-behaviors/crypto/mnemonic,implemented,"Mnemonic representation/wordlist presence alone is neutral capability evidence, even when encoded or found in a native binary.",micro-behaviors/crypto/mnemonic::seedphrase-word
objectives/credential-access/wallet/mnemonic::recovery-phrase-word,objectives/credential-access/wallet/mnemonic/traits.yaml,traits,micro-behaviors/crypto/mnemonic,implemented,"Mnemonic representation/wordlist presence alone is neutral capability evidence, even when encoded or found in a native binary.",micro-behaviors/crypto/mnemonic::recovery-phrase-word
objectives/credential-access/wallet/mnemonic::secret-words-word,objectives/credential-access/wallet/mnemonic/traits.yaml,traits,micro-behaviors/crypto/mnemonic,implemented,"Mnemonic representation/wordlist presence alone is neutral capability evidence, even when encoded or found in a native binary.",micro-behaviors/crypto/mnemonic::secret-words-word
objectives/credential-access/wallet/mnemonic::bip39-wordlist-start-cluster,objectives/credential-access/wallet/mnemonic/traits.yaml,traits,micro-behaviors/crypto/mnemonic,implemented,"Mnemonic representation/wordlist presence alone is neutral capability evidence, even when encoded or found in a native binary.",micro-behaviors/crypto/mnemonic::bip39-wordlist-start-cluster
objectives/credential-access/wallet/mnemonic::bip39-wordlist-mid-cluster,objectives/credential-access/wallet/mnemonic/traits.yaml,traits,micro-behaviors/crypto/mnemonic,implemented,"Mnemonic representation/wordlist presence alone is neutral capability evidence, even when encoded or found in a native binary.",micro-behaviors/crypto/mnemonic::bip39-wordlist-mid-cluster
objectives/credential-access/wallet/mnemonic::bip39-wordlist-crypto-cluster,objectives/credential-access/wallet/mnemonic/traits.yaml,traits,micro-behaviors/crypto/mnemonic,implemented,"Mnemonic representation/wordlist presence alone is neutral capability evidence, even when encoded or found in a native binary.",micro-behaviors/crypto/mnemonic::bip39-wordlist-crypto-cluster
objectives/credential-access/wallet/mnemonic::bip39-wordlist-end-cluster,objectives/credential-access/wallet/mnemonic/traits.yaml,traits,micro-behaviors/crypto/mnemonic,implemented,"Mnemonic representation/wordlist presence alone is neutral capability evidence, even when encoded or found in a native binary.",micro-behaviors/crypto/mnemonic::bip39-wordlist-end-cluster
objectives/credential-access/wallet/mnemonic::bip39-b64-bips-fragment,objectives/credential-access/wallet/mnemonic/traits.yaml,traits,micro-behaviors/crypto/mnemonic,implemented,"Mnemonic representation/wordlist presence alone is neutral capability evidence, even when encoded or found in a native binary.",micro-behaviors/crypto/mnemonic::bip39-b64-bips-fragment
objectives/credential-access/wallet/mnemonic::bip39-b64-index-fragment,objectives/credential-access/wallet/mnemonic/traits.yaml,traits,micro-behaviors/crypto/mnemonic,implemented,"Mnemonic representation/wordlist presence alone is neutral capability evidence, even when encoded or found in a native binary.",micro-behaviors/crypto/mnemonic::bip39-b64-index-fragment
objectives/credential-access/wallet/mnemonic::bip39-b64-english-fragment,objectives/credential-access/wallet/mnemonic/traits.yaml,traits,micro-behaviors/crypto/mnemonic,implemented,"Mnemonic representation/wordlist presence alone is neutral capability evidence, even when encoded or found in a native binary.",micro-behaviors/crypto/mnemonic::bip39-b64-english-fragment
objectives/credential-access/wallet/mnemonic::native-wallet-recovery-term,objectives/credential-access/wallet/mnemonic/traits.yaml,traits,micro-behaviors/crypto/mnemonic,implemented,"Mnemonic representation/wordlist presence alone is neutral capability evidence, even when encoded or found in a native binary.",micro-behaviors/crypto/mnemonic::native-wallet-recovery-term
objectives/credential-access/wallet/mnemonic::native-wallet-recovery-term-phrase-first,objectives/credential-access/wallet/mnemonic/traits.yaml,traits,micro-behaviors/crypto/mnemonic,implemented,"Mnemonic representation/wordlist presence alone is neutral capability evidence, even when encoded or found in a native binary.",micro-behaviors/crypto/mnemonic::native-wallet-recovery-term-phrase-first
objectives/credential-access/wallet/mnemonic::embedded-bip39-wordlist,objectives/credential-access/wallet/mnemonic/traits.yaml,composite_rules,micro-behaviors/crypto/mnemonic,implemented,"Mnemonic representation/wordlist presence alone is neutral capability evidence, even when encoded or found in a native binary.",micro-behaviors/crypto/mnemonic::embedded-bip39-wordlist
objectives/credential-access/wallet/mnemonic::bip39-wordlist-encoded-fragments,objectives/credential-access/wallet/mnemonic/traits.yaml,composite_rules,micro-behaviors/crypto/mnemonic,implemented,"Mnemonic representation/wordlist presence alone is neutral capability evidence, even when encoded or found in a native binary.",micro-behaviors/crypto/mnemonic::bip39-wordlist-encoded-fragments
objectives/credential-access/wallet/mnemonic::mnemonic-terms,objectives/credential-access/wallet/mnemonic/traits.yaml,composite_rules,micro-behaviors/crypto/mnemonic,implemented,"Mnemonic representation/wordlist presence alone is neutral capability evidence, even when encoded or found in a native binary.",micro-behaviors/crypto/mnemonic::mnemonic-terms
objectives/credential-access/wallet/mnemonic::bitcoin-wif-format,objectives/credential-access/wallet/mnemonic/traits.yaml,traits,micro-behaviors/crypto/asymmetric/key,implemented,"Wallet Import Format describes private-key material, not mnemonic acquisition.",micro-behaviors/crypto/asymmetric/key::bitcoin-wif-format
objectives/credential-access/wallet/mnemonic::bitcoin-wif-pattern,objectives/credential-access/wallet/mnemonic/traits.yaml,traits,micro-behaviors/crypto/asymmetric/key,implemented,"Wallet Import Format describes private-key material, not mnemonic acquisition.",micro-behaviors/crypto/asymmetric/key::bitcoin-wif-pattern
objectives/credential-access/wallet/mnemonic::bitcoin-wif-uncompressed-literal,objectives/credential-access/wallet/mnemonic/traits.yaml,traits,micro-behaviors/crypto/asymmetric/key,implemented,"Wallet Import Format describes private-key material, not mnemonic acquisition.",micro-behaviors/crypto/asymmetric/key::bitcoin-wif-uncompressed-literal
objectives/credential-access/wallet/mnemonic::bitcoin-wif-compressed-literal,objectives/credential-access/wallet/mnemonic/traits.yaml,traits,micro-behaviors/crypto/asymmetric/key,implemented,"Wallet Import Format describes private-key material, not mnemonic acquisition.",micro-behaviors/crypto/asymmetric/key::bitcoin-wif-compressed-literal
objectives/credential-access/wallet/mnemonic::bitcoin-wif,objectives/credential-access/wallet/mnemonic/traits.yaml,composite_rules,micro-behaviors/crypto/asymmetric/key,implemented,"Wallet Import Format describes private-key material, not mnemonic acquisition.",micro-behaviors/crypto/asymmetric/key::bitcoin-wif
objectives/credential-access/wallet/mnemonic::keystore-file,objectives/credential-access/wallet/mnemonic/traits.yaml,traits,micro-behaviors/fs/path/wallet,implemented,"Ethereum keystore filename reference, without a required file read or theft.",micro-behaviors/fs/path/wallet::keystore-file
objectives/credential-access/wallet/mnemonic::native-wallet-recovery-action,objectives/credential-access/wallet/mnemonic/traits.yaml,traits,micro-behaviors/ui/controls/wallet,implemented,"Wallet secret/recovery interface labels, input controls or validation text; these do not establish credential theft.",micro-behaviors/ui/controls/wallet::native-wallet-recovery-action
objectives/credential-access/wallet/mnemonic::generic-recovery-phrase-entry-prompt,objectives/credential-access/wallet/mnemonic/html-phishing.yaml,traits,micro-behaviors/ui/controls/wallet,implemented,"Wallet secret/recovery interface labels, input controls or validation text; these do not establish credential theft.",micro-behaviors/ui/controls/wallet::generic-recovery-phrase-entry-prompt
objectives/credential-access/wallet/mnemonic::optional-passphrase-word,objectives/credential-access/wallet/mnemonic/html-phishing.yaml,traits,micro-behaviors/ui/controls/wallet,implemented,"Wallet secret/recovery interface labels, input controls or validation text; these do not establish credential theft.",micro-behaviors/ui/controls/wallet::optional-passphrase-word
objectives/credential-access/wallet/mnemonic::restore-from-recovery-copy,objectives/credential-access/wallet/mnemonic/html-phishing.yaml,traits,micro-behaviors/ui/controls/wallet,implemented,"Wallet secret/recovery interface labels, input controls or validation text; these do not establish credential theft.",micro-behaviors/ui/controls/wallet::restore-from-recovery-copy
objectives/credential-access/wallet/mnemonic::numbered-seedword-inputs,objectives/credential-access/wallet/mnemonic/html-phishing.yaml,traits,micro-behaviors/ui/controls/wallet,implemented,"Wallet secret/recovery interface labels, input controls or validation text; these do not establish credential theft.",micro-behaviors/ui/controls/wallet::numbered-seedword-inputs
objectives/credential-access/wallet/mnemonic::seedword-input-name,objectives/credential-access/wallet/mnemonic/html-phishing.yaml,traits,micro-behaviors/ui/controls/wallet,implemented,"Wallet secret/recovery interface labels, input controls or validation text; these do not establish credential theft.",micro-behaviors/ui/controls/wallet::seedword-input-name
objectives/credential-access/wallet/mnemonic::wallet-mnemonic-textarea,objectives/credential-access/wallet/mnemonic/html-phishing.yaml,traits,micro-behaviors/ui/controls/wallet,implemented,"Wallet secret/recovery interface labels, input controls or validation text; these do not establish credential theft.",micro-behaviors/ui/controls/wallet::wallet-mnemonic-textarea
objectives/credential-access/wallet/mnemonic::wallet-seed-textarea,objectives/credential-access/wallet/mnemonic/html-phishing.yaml,traits,micro-behaviors/ui/controls/wallet,implemented,"Wallet secret/recovery interface labels, input controls or validation text; these do not establish credential theft.",micro-behaviors/ui/controls/wallet::wallet-seed-textarea
objectives/credential-access/wallet/mnemonic::wallet-recovery-textarea,objectives/credential-access/wallet/mnemonic/html-phishing.yaml,traits,micro-behaviors/ui/controls/wallet,implemented,"Wallet secret/recovery interface labels, input controls or validation text; these do not establish credential theft.",micro-behaviors/ui/controls/wallet::wallet-recovery-textarea
objectives/credential-access/wallet/mnemonic::wallet-seed-phrase-entry-label,objectives/credential-access/wallet/mnemonic/html-phishing.yaml,traits,micro-behaviors/ui/controls/wallet,implemented,"Wallet secret/recovery interface labels, input controls or validation text; these do not establish credential theft.",micro-behaviors/ui/controls/wallet::wallet-seed-phrase-entry-label
objectives/credential-access/wallet/mnemonic::wallet-secret-phrase-entry-label,objectives/credential-access/wallet/mnemonic/html-phishing.yaml,traits,micro-behaviors/ui/controls/wallet,implemented,"Wallet secret/recovery interface labels, input controls or validation text; these do not establish credential theft.",micro-behaviors/ui/controls/wallet::wallet-secret-phrase-entry-label
objectives/credential-access/wallet/mnemonic::wallet-recovery-phrase-entry-label,objectives/credential-access/wallet/mnemonic/html-phishing.yaml,traits,micro-behaviors/ui/controls/wallet,implemented,"Wallet secret/recovery interface labels, input controls or validation text; these do not establish credential theft.",micro-behaviors/ui/controls/wallet::wallet-recovery-phrase-entry-label
objectives/credential-access/wallet/mnemonic::wallet-mnemonic-entry-label,objectives/credential-access/wallet/mnemonic/html-phishing.yaml,traits,micro-behaviors/ui/controls/wallet,implemented,"Wallet secret/recovery interface labels, input controls or validation text; these do not establish credential theft.",micro-behaviors/ui/controls/wallet::wallet-mnemonic-entry-label
objectives/credential-access/wallet/mnemonic::numbered-wallet-word-inputs,objectives/credential-access/wallet/mnemonic/html-phishing.yaml,traits,micro-behaviors/ui/controls/wallet,implemented,"Wallet secret/recovery interface labels, input controls or validation text; these do not establish credential theft.",micro-behaviors/ui/controls/wallet::numbered-wallet-word-inputs
objectives/credential-access/wallet/mnemonic::numbered-seed-word-inputs,objectives/credential-access/wallet/mnemonic/html-phishing.yaml,traits,micro-behaviors/ui/controls/wallet,implemented,"Wallet secret/recovery interface labels, input controls or validation text; these do not establish credential theft.",micro-behaviors/ui/controls/wallet::numbered-seed-word-inputs
objectives/credential-access/wallet/mnemonic::wallet-seed-word-field-code,objectives/credential-access/wallet/mnemonic/html-phishing.yaml,traits,micro-behaviors/ui/controls/wallet,implemented,"Wallet secret/recovery interface labels, input controls or validation text; these do not establish credential theft.",micro-behaviors/ui/controls/wallet::wallet-seed-word-field-code
objectives/credential-access/wallet/mnemonic::invalid-seed-phrase-error,objectives/credential-access/wallet/mnemonic/html-phishing.yaml,traits,micro-behaviors/ui/controls/wallet,implemented,"Wallet secret/recovery interface labels, input controls or validation text; these do not establish credential theft.",micro-behaviors/ui/controls/wallet::invalid-seed-phrase-error
objectives/credential-access/wallet/mnemonic::web-mnemonic-entry-form,objectives/credential-access/wallet/mnemonic/html-phishing.yaml,composite_rules,micro-behaviors/ui/controls/wallet,implemented,"Wallet secret/recovery interface labels, input controls or validation text; these do not establish credential theft.",micro-behaviors/ui/controls/wallet::web-mnemonic-entry-form
objectives/credential-access/wallet/mnemonic::web-seedword-entry-form,objectives/credential-access/wallet/mnemonic/html-phishing.yaml,composite_rules,micro-behaviors/ui/controls/wallet,implemented,"Wallet secret/recovery interface labels, input controls or validation text; these do not establish credential theft.",micro-behaviors/ui/controls/wallet::web-seedword-entry-form
objectives/credential-access/wallet/mnemonic::wallet-secret-textarea,objectives/credential-access/wallet/mnemonic/html-phishing.yaml,composite_rules,micro-behaviors/ui/controls/wallet,implemented,"Wallet secret/recovery interface labels, input controls or validation text; these do not establish credential theft.",micro-behaviors/ui/controls/wallet::wallet-secret-textarea
objectives/credential-access/wallet/mnemonic::assembled-seed-phrase-from-words,objectives/credential-access/wallet/mnemonic/html-phishing.yaml,traits,micro-behaviors/crypto/mnemonic,implemented,Mnemonic assembly or wordlist provisioning; an ordinary fetch is not credential theft.,micro-behaviors/crypto/mnemonic::assembled-seed-phrase-from-words
objectives/credential-access/wallet/mnemonic::bip39-wordlist-path,objectives/credential-access/wallet/mnemonic/html-phishing.yaml,traits,micro-behaviors/crypto/mnemonic,implemented,Mnemonic assembly or wordlist provisioning; an ordinary fetch is not credential theft.,micro-behaviors/crypto/mnemonic::bip39-wordlist-path
objectives/credential-access/wallet/mnemonic::bip39-wordlist-http-fetch,objectives/credential-access/wallet/mnemonic/html-phishing.yaml,composite_rules,micro-behaviors/crypto/mnemonic,implemented,Mnemonic assembly or wordlist provisioning; an ordinary fetch is not credential theft.,micro-behaviors/crypto/mnemonic::bip39-wordlist-http-fetch
objectives/credential-access/wallet/desktop::node-ethereum-keystore-path,objectives/credential-access/wallet/desktop/traits.yaml,traits,micro-behaviors/fs/path/wallet,implemented,Wallet store/data location or construction/reference of that location; no access or acquisition is required.,micro-behaviors/fs/path/wallet::node-ethereum-keystore-path
objectives/credential-access/wallet/desktop::node-wallet-vault-path,objectives/credential-access/wallet/desktop/traits.yaml,traits,micro-behaviors/fs/path/wallet,implemented,Wallet store/data location or construction/reference of that location; no access or acquisition is required.,micro-behaviors/fs/path/wallet::node-wallet-vault-path
objectives/credential-access/wallet/desktop::node-wallet-store-path,objectives/credential-access/wallet/desktop/traits.yaml,composite_rules,micro-behaviors/fs/path/wallet,implemented,Wallet store/data location or construction/reference of that location; no access or acquisition is required.,micro-behaviors/fs/path/wallet::node-wallet-store-path
objectives/credential-access/wallet/desktop::electrum-wallets-dir,objectives/credential-access/wallet/desktop/traits.yaml,traits,micro-behaviors/fs/path/wallet,implemented,Wallet store/data location or construction/reference of that location; no access or acquisition is required.,micro-behaviors/fs/path/wallet::electrum-wallets-dir
objectives/credential-access/wallet/desktop::electrum-wallet-file,objectives/credential-access/wallet/desktop/traits.yaml,traits,micro-behaviors/fs/path/wallet,implemented,Wallet store/data location or construction/reference of that location; no access or acquisition is required.,micro-behaviors/fs/path/wallet::electrum-wallet-file
objectives/credential-access/wallet/desktop::electrum-default,objectives/credential-access/wallet/desktop/traits.yaml,traits,micro-behaviors/fs/path/wallet,implemented,Wallet store/data location or construction/reference of that location; no access or acquisition is required.,micro-behaviors/fs/path/wallet::electrum-default
objectives/credential-access/wallet/desktop::coinomi-wallets-dir,objectives/credential-access/wallet/desktop/traits.yaml,traits,micro-behaviors/fs/path/wallet,implemented,Wallet store/data location or construction/reference of that location; no access or acquisition is required.,micro-behaviors/fs/path/wallet::coinomi-wallets-dir
objectives/credential-access/wallet/desktop::coinomi-wallet-dat,objectives/credential-access/wallet/desktop/traits.yaml,traits,micro-behaviors/fs/path/wallet,implemented,Wallet store/data location or construction/reference of that location; no access or acquisition is required.,micro-behaviors/fs/path/wallet::coinomi-wallet-dat
objectives/credential-access/wallet/desktop::atomic-local-storage,objectives/credential-access/wallet/desktop/traits.yaml,traits,micro-behaviors/fs/path/wallet,implemented,Wallet store/data location or construction/reference of that location; no access or acquisition is required.,micro-behaviors/fs/path/wallet::atomic-local-storage
objectives/credential-access/wallet/desktop::atomic-wallet-name,objectives/credential-access/wallet/desktop/traits.yaml,traits,micro-behaviors/fs/path/wallet,implemented,Wallet store/data location or construction/reference of that location; no access or acquisition is required.,micro-behaviors/fs/path/wallet::atomic-wallet-name
objectives/credential-access/wallet/desktop::walletwasabi-lower,objectives/credential-access/wallet/desktop/traits.yaml,traits,micro-behaviors/fs/path/wallet,implemented,Wallet store/data location or construction/reference of that location; no access or acquisition is required.,micro-behaviors/fs/path/wallet::walletwasabi-lower
objectives/credential-access/wallet/desktop::walletwasabi-upper,objectives/credential-access/wallet/desktop/traits.yaml,traits,micro-behaviors/fs/path/wallet,implemented,Wallet store/data location or construction/reference of that location; no access or acquisition is required.,micro-behaviors/fs/path/wallet::walletwasabi-upper
objectives/credential-access/wallet/desktop::binance-app-store,objectives/credential-access/wallet/desktop/traits.yaml,traits,micro-behaviors/fs/path/wallet,implemented,Wallet store/data location or construction/reference of that location; no access or acquisition is required.,micro-behaviors/fs/path/wallet::binance-app-store
objectives/credential-access/wallet/desktop::tonkeeper-config,objectives/credential-access/wallet/desktop/traits.yaml,traits,micro-behaviors/fs/path/wallet,implemented,Wallet store/data location or construction/reference of that location; no access or acquisition is required.,micro-behaviors/fs/path/wallet::tonkeeper-config
objectives/credential-access/wallet/desktop::ledger-live-dir,objectives/credential-access/wallet/desktop/traits.yaml,traits,micro-behaviors/fs/path/wallet,implemented,Wallet store/data location or construction/reference of that location; no access or acquisition is required.,micro-behaviors/fs/path/wallet::ledger-live-dir
objectives/credential-access/wallet/desktop::ledger-accounts,objectives/credential-access/wallet/desktop/traits.yaml,traits,micro-behaviors/fs/path/wallet,implemented,Wallet store/data location or construction/reference of that location; no access or acquisition is required.,micro-behaviors/fs/path/wallet::ledger-accounts
objectives/credential-access/wallet/desktop::trezor-suite,objectives/credential-access/wallet/desktop/traits.yaml,traits,micro-behaviors/fs/path/wallet,implemented,Wallet store/data location or construction/reference of that location; no access or acquisition is required.,micro-behaviors/fs/path/wallet::trezor-suite
objectives/credential-access/wallet/desktop::guarda-local-storage,objectives/credential-access/wallet/desktop/traits.yaml,traits,micro-behaviors/fs/path/wallet,implemented,Wallet store/data location or construction/reference of that location; no access or acquisition is required.,micro-behaviors/fs/path/wallet::guarda-local-storage
objectives/credential-access/wallet/desktop::bitcoin-wallet-dat,objectives/credential-access/wallet/desktop/traits.yaml,traits,micro-behaviors/fs/path/wallet,implemented,Wallet store/data location or construction/reference of that location; no access or acquisition is required.,micro-behaviors/fs/path/wallet::bitcoin-wallet-dat
objectives/credential-access/wallet/desktop::bitcoin-wallets-dir,objectives/credential-access/wallet/desktop/traits.yaml,traits,micro-behaviors/fs/path/wallet,implemented,Wallet store/data location or construction/reference of that location; no access or acquisition is required.,micro-behaviors/fs/path/wallet::bitcoin-wallets-dir
objectives/credential-access/wallet/desktop::bitcoin-app-wallets,objectives/credential-access/wallet/desktop/traits.yaml,traits,micro-behaviors/fs/path/wallet,implemented,Wallet store/data location or construction/reference of that location; no access or acquisition is required.,micro-behaviors/fs/path/wallet::bitcoin-app-wallets
objectives/credential-access/wallet/desktop::ethereum-keystore,objectives/credential-access/wallet/desktop/traits.yaml,traits,micro-behaviors/fs/path/wallet,implemented,Wallet store/data location or construction/reference of that location; no access or acquisition is required.,micro-behaviors/fs/path/wallet::ethereum-keystore
objectives/credential-access/wallet/desktop::mist-keystore,objectives/credential-access/wallet/desktop/traits.yaml,traits,micro-behaviors/fs/path/wallet,implemented,Wallet store/data location or construction/reference of that location; no access or acquisition is required.,micro-behaviors/fs/path/wallet::mist-keystore
objectives/credential-access/wallet/desktop::doteth-keystore,objectives/credential-access/wallet/desktop/traits.yaml,traits,micro-behaviors/fs/path/wallet,implemented,Wallet store/data location or construction/reference of that location; no access or acquisition is required.,micro-behaviors/fs/path/wallet::doteth-keystore
objectives/credential-access/wallet/desktop::monero-wallets,objectives/credential-access/wallet/desktop/traits.yaml,traits,micro-behaviors/fs/path/wallet,implemented,Wallet store/data location or construction/reference of that location; no access or acquisition is required.,micro-behaviors/fs/path/wallet::monero-wallets
objectives/credential-access/wallet/desktop::bitmonero-wallets,objectives/credential-access/wallet/desktop/traits.yaml,traits,micro-behaviors/fs/path/wallet,implemented,Wallet store/data location or construction/reference of that location; no access or acquisition is required.,micro-behaviors/fs/path/wallet::bitmonero-wallets
objectives/credential-access/wallet/desktop::litecoin-wallet-dat,objectives/credential-access/wallet/desktop/traits.yaml,traits,micro-behaviors/fs/path/wallet,implemented,Wallet store/data location or construction/reference of that location; no access or acquisition is required.,micro-behaviors/fs/path/wallet::litecoin-wallet-dat
objectives/credential-access/wallet/desktop::litecoin-wallets,objectives/credential-access/wallet/desktop/traits.yaml,traits,micro-behaviors/fs/path/wallet,implemented,Wallet store/data location or construction/reference of that location; no access or acquisition is required.,micro-behaviors/fs/path/wallet::litecoin-wallets
objectives/credential-access/wallet/desktop::dashcore-wallets,objectives/credential-access/wallet/desktop/traits.yaml,traits,micro-behaviors/fs/path/wallet,implemented,Wallet store/data location or construction/reference of that location; no access or acquisition is required.,micro-behaviors/fs/path/wallet::dashcore-wallets
objectives/credential-access/wallet/desktop::dash-wallet-dat,objectives/credential-access/wallet/desktop/traits.yaml,traits,micro-behaviors/fs/path/wallet,implemented,Wallet store/data location or construction/reference of that location; no access or acquisition is required.,micro-behaviors/fs/path/wallet::dash-wallet-dat
objectives/credential-access/wallet/desktop::electrum-ltc,objectives/credential-access/wallet/desktop/traits.yaml,traits,micro-behaviors/fs/path/wallet,implemented,Wallet store/data location or construction/reference of that location; no access or acquisition is required.,micro-behaviors/fs/path/wallet::electrum-ltc
objectives/credential-access/wallet/desktop::electron-cash,objectives/credential-access/wallet/desktop/traits.yaml,traits,micro-behaviors/fs/path/wallet,implemented,Wallet store/data location or construction/reference of that location; no access or acquisition is required.,micro-behaviors/fs/path/wallet::electron-cash
objectives/credential-access/wallet/desktop::dogecoin-wallets,objectives/credential-access/wallet/desktop/traits.yaml,traits,micro-behaviors/fs/path/wallet,implemented,Wallet store/data location or construction/reference of that location; no access or acquisition is required.,micro-behaviors/fs/path/wallet::dogecoin-wallets
objectives/credential-access/wallet/desktop::dogecoin-wallet-dat,objectives/credential-access/wallet/desktop/traits.yaml,traits,micro-behaviors/fs/path/wallet,implemented,Wallet store/data location or construction/reference of that location; no access or acquisition is required.,micro-behaviors/fs/path/wallet::dogecoin-wallet-dat
objectives/credential-access/wallet/desktop::python-monero-wallet-directory,objectives/credential-access/wallet/desktop/wallet-file-search.yaml,traits,micro-behaviors/fs/path/wallet,implemented,Wallet store/data location or construction/reference of that location; no access or acquisition is required.,micro-behaviors/fs/path/wallet::python-monero-wallet-directory
objectives/credential-access/wallet/desktop::electrum-wallet-path,objectives/credential-access/wallet/desktop/macos-paths.yaml,traits,micro-behaviors/fs/path/wallet,implemented,Wallet store/data location or construction/reference of that location; no access or acquisition is required.,micro-behaviors/fs/path/wallet::electrum-wallet-path
objectives/credential-access/wallet/desktop::coinomi-wallet-path,objectives/credential-access/wallet/desktop/macos-paths.yaml,traits,micro-behaviors/fs/path/wallet,implemented,Wallet store/data location or construction/reference of that location; no access or acquisition is required.,micro-behaviors/fs/path/wallet::coinomi-wallet-path
objectives/credential-access/wallet/desktop::exodus-wallet-path,objectives/credential-access/wallet/desktop/macos-paths.yaml,traits,micro-behaviors/fs/path/wallet,implemented,Wallet store/data location or construction/reference of that location; no access or acquisition is required.,micro-behaviors/fs/path/wallet::exodus-wallet-path
objectives/credential-access/wallet/desktop::atomic-wallet-path,objectives/credential-access/wallet/desktop/macos-paths.yaml,traits,micro-behaviors/fs/path/wallet,implemented,Wallet store/data location or construction/reference of that location; no access or acquisition is required.,micro-behaviors/fs/path/wallet::atomic-wallet-path
objectives/credential-access/wallet/desktop::trezor-suite-path,objectives/credential-access/wallet/desktop/macos-paths.yaml,traits,micro-behaviors/fs/path/wallet,implemented,Wallet store/data location or construction/reference of that location; no access or acquisition is required.,micro-behaviors/fs/path/wallet::trezor-suite-path
objectives/credential-access/wallet/desktop::wallet-target-bundle,objectives/credential-access/wallet/desktop/macos-paths.yaml,composite_rules,micro-behaviors/fs/path/wallet,implemented,Wallet store/data location or construction/reference of that location; no access or acquisition is required.,micro-behaviors/fs/path/wallet::wallet-target-bundle
objectives/credential-access/wallet/desktop::electrum,objectives/credential-access/wallet/desktop/traits.yaml,composite_rules,micro-behaviors/fs/path/wallet,implemented,Wallet store/data location or construction/reference of that location; no access or acquisition is required.,micro-behaviors/fs/path/wallet::electrum
objectives/credential-access/wallet/desktop::wasabi,objectives/credential-access/wallet/desktop/traits.yaml,composite_rules,micro-behaviors/fs/path/wallet,implemented,Wallet store/data location or construction/reference of that location; no access or acquisition is required.,micro-behaviors/fs/path/wallet::wasabi
objectives/credential-access/wallet/desktop::trezor,objectives/credential-access/wallet/desktop/traits.yaml,composite_rules,micro-behaviors/fs/path/wallet,implemented,Wallet store/data location or construction/reference of that location; no access or acquisition is required.,micro-behaviors/fs/path/wallet::trezor
objectives/credential-access/wallet/desktop::bitcoin-core,objectives/credential-access/wallet/desktop/traits.yaml,composite_rules,micro-behaviors/fs/path/wallet,implemented,Wallet store/data location or construction/reference of that location; no access or acquisition is required.,micro-behaviors/fs/path/wallet::bitcoin-core
objectives/credential-access/wallet/desktop::ethereum,objectives/credential-access/wallet/desktop/traits.yaml,composite_rules,micro-behaviors/fs/path/wallet,implemented,Wallet store/data location or construction/reference of that location; no access or acquisition is required.,micro-behaviors/fs/path/wallet::ethereum
objectives/credential-access/wallet/desktop::monero,objectives/credential-access/wallet/desktop/traits.yaml,composite_rules,micro-behaviors/fs/path/wallet,implemented,Wallet store/data location or construction/reference of that location; no access or acquisition is required.,micro-behaviors/fs/path/wallet::monero
objectives/credential-access/wallet/desktop::litecoin-core,objectives/credential-access/wallet/desktop/traits.yaml,composite_rules,micro-behaviors/fs/path/wallet,implemented,Wallet store/data location or construction/reference of that location; no access or acquisition is required.,micro-behaviors/fs/path/wallet::litecoin-core
objectives/credential-access/wallet/desktop::dash-core,objectives/credential-access/wallet/desktop/traits.yaml,composite_rules,micro-behaviors/fs/path/wallet,implemented,Wallet store/data location or construction/reference of that location; no access or acquisition is required.,micro-behaviors/fs/path/wallet::dash-core
objectives/credential-access/wallet/desktop::dogecoin-core,objectives/credential-access/wallet/desktop/traits.yaml,composite_rules,micro-behaviors/fs/path/wallet,implemented,Wallet store/data location or construction/reference of that location; no access or acquisition is required.,micro-behaviors/fs/path/wallet::dogecoin-core
objectives/credential-access/wallet/desktop::wallet-app-path--trezor-ledger,objectives/credential-access/wallet/desktop/electron-fake-wallet.yaml,traits,micro-behaviors/fs/path/application/bundle,implemented,Application installation path rather than the wallet secret store.,micro-behaviors/fs/path/application/bundle::wallet-app-path--trezor-ledger
objectives/credential-access/wallet/desktop::wallet-app-path--exodus-atomic,objectives/credential-access/wallet/desktop/electron-fake-wallet.yaml,traits,micro-behaviors/fs/path/application/bundle,implemented,Application installation path rather than the wallet secret store.,micro-behaviors/fs/path/application/bundle::wallet-app-path--exodus-atomic
objectives/credential-access/wallet/desktop::wallet-app-path--metamask,objectives/credential-access/wallet/desktop/electron-fake-wallet.yaml,traits,micro-behaviors/fs/path/application/bundle,implemented,Application installation path rather than the wallet secret store.,micro-behaviors/fs/path/application/bundle::wallet-app-path--metamask
objectives/credential-access/wallet/desktop::wallet-applications-path-marker,objectives/credential-access/wallet/desktop/electron-fake-wallet.yaml,composite_rules,micro-behaviors/fs/path/application/bundle,implemented,Application installation path rather than the wallet secret store.,micro-behaviors/fs/path/application/bundle::wallet-applications-path-marker
objectives/credential-access/wallet/desktop::coinomi-bundle,objectives/credential-access/wallet/desktop/traits.yaml,traits,micro-behaviors/os/application/target,implemented,Reference to a named wallet application/package; mixed identity/path alternatives cannot be narrowed to a store path or independent artifact identity.,micro-behaviors/os/application/target::coinomi-bundle
objectives/credential-access/wallet/desktop::exodus-bundle,objectives/credential-access/wallet/desktop/traits.yaml,traits,micro-behaviors/os/application/target,implemented,Reference to a named wallet application/package; mixed identity/path alternatives cannot be narrowed to a store path or independent artifact identity.,micro-behaviors/os/application/target::exodus-bundle
objectives/credential-access/wallet/desktop::atomic-bundle,objectives/credential-access/wallet/desktop/traits.yaml,traits,micro-behaviors/os/application/target,implemented,Reference to a named wallet application/package; mixed identity/path alternatives cannot be narrowed to a store path or independent artifact identity.,micro-behaviors/os/application/target::atomic-bundle
objectives/credential-access/wallet/desktop::tonkeeper-bundle,objectives/credential-access/wallet/desktop/traits.yaml,traits,micro-behaviors/os/application/target,implemented,Reference to a named wallet application/package; mixed identity/path alternatives cannot be narrowed to a store path or independent artifact identity.,micro-behaviors/os/application/target::tonkeeper-bundle
objectives/credential-access/wallet/desktop::guarda-bundle,objectives/credential-access/wallet/desktop/traits.yaml,traits,micro-behaviors/os/application/target,implemented,Reference to a named wallet application/package; mixed identity/path alternatives cannot be narrowed to a store path or independent artifact identity.,micro-behaviors/os/application/target::guarda-bundle
objectives/credential-access/wallet/desktop::binance-aspect,objectives/credential-access/wallet/desktop/traits.yaml,traits,micro-behaviors/os/application/target,implemented,Reference to a named wallet application/package; mixed identity/path alternatives cannot be narrowed to a store path or independent artifact identity.,micro-behaviors/os/application/target::binance-aspect
objectives/credential-access/wallet/desktop::tonkeeper-desktop,objectives/credential-access/wallet/desktop/traits.yaml,traits,micro-behaviors/os/application/target,implemented,Reference to a named wallet application/package; mixed identity/path alternatives cannot be narrowed to a store path or independent artifact identity.,micro-behaviors/os/application/target::tonkeeper-desktop
objectives/credential-access/wallet/desktop::ledgerhq-package,objectives/credential-access/wallet/desktop/traits.yaml,traits,micro-behaviors/os/application/target,implemented,Reference to a named wallet application/package; mixed identity/path alternatives cannot be narrowed to a store path or independent artifact identity.,micro-behaviors/os/application/target::ledgerhq-package
objectives/credential-access/wallet/desktop::desktop-wallet-product-list--rx-3,objectives/credential-access/wallet/desktop/traits.yaml,traits,micro-behaviors/os/application/target,implemented,Reference to a named wallet application/package; mixed identity/path alternatives cannot be narrowed to a store path or independent artifact identity.,micro-behaviors/os/application/target::desktop-wallet-product-list--rx-3
objectives/credential-access/wallet/desktop::desktop-wallet-product-list--rx-4,objectives/credential-access/wallet/desktop/traits.yaml,traits,micro-behaviors/os/application/target,implemented,Reference to a named wallet application/package; mixed identity/path alternatives cannot be narrowed to a store path or independent artifact identity.,micro-behaviors/os/application/target::desktop-wallet-product-list--rx-4
objectives/credential-access/wallet/desktop::desktop-wallet-product-list--rx-5,objectives/credential-access/wallet/desktop/traits.yaml,traits,micro-behaviors/os/application/target,implemented,Reference to a named wallet application/package; mixed identity/path alternatives cannot be narrowed to a store path or independent artifact identity.,micro-behaviors/os/application/target::desktop-wallet-product-list--rx-5
objectives/credential-access/wallet/desktop::desktop-wallet-product-list,objectives/credential-access/wallet/desktop/traits.yaml,composite_rules,micro-behaviors/os/application/target,implemented,Reference to a named wallet application/package; mixed identity/path alternatives cannot be narrowed to a store path or independent artifact identity.,micro-behaviors/os/application/target::desktop-wallet-product-list
objectives/credential-access/wallet/desktop::coinomi,objectives/credential-access/wallet/desktop/traits.yaml,composite_rules,micro-behaviors/os/application/target,implemented,Reference to a named wallet application/package; mixed identity/path alternatives cannot be narrowed to a store path or independent artifact identity.,micro-behaviors/os/application/target::coinomi
objectives/credential-access/wallet/desktop::atomic,objectives/credential-access/wallet/desktop/traits.yaml,composite_rules,micro-behaviors/os/application/target,implemented,Reference to a named wallet application/package; mixed identity/path alternatives cannot be narrowed to a store path or independent artifact identity.,micro-behaviors/os/application/target::atomic
objectives/credential-access/wallet/desktop::binance,objectives/credential-access/wallet/desktop/traits.yaml,composite_rules,micro-behaviors/os/application/target,implemented,Reference to a named wallet application/package; mixed identity/path alternatives cannot be narrowed to a store path or independent artifact identity.,micro-behaviors/os/application/target::binance
objectives/credential-access/wallet/desktop::tonkeeper,objectives/credential-access/wallet/desktop/traits.yaml,composite_rules,micro-behaviors/os/application/target,implemented,Reference to a named wallet application/package; mixed identity/path alternatives cannot be narrowed to a store path or independent artifact identity.,micro-behaviors/os/application/target::tonkeeper
objectives/credential-access/wallet/desktop::ledger,objectives/credential-access/wallet/desktop/traits.yaml,composite_rules,micro-behaviors/os/application/target,implemented,Reference to a named wallet application/package; mixed identity/path alternatives cannot be narrowed to a store path or independent artifact identity.,micro-behaviors/os/application/target::ledger
objectives/credential-access/wallet/desktop::guarda,objectives/credential-access/wallet/desktop/traits.yaml,composite_rules,micro-behaviors/os/application/target,implemented,Reference to a named wallet application/package; mixed identity/path alternatives cannot be narrowed to a store path or independent artifact identity.,micro-behaviors/os/application/target::guarda
metadata/file/string/identity::ledger-live-product,metadata/file/string/identity/crypto-wallet-products.yaml,traits,micro-behaviors/os/application/target,implemented,"Product-name strings are content references to an application, not file metadata or an artifact fingerprint.",micro-behaviors/os/application/target::ledger-live-product
metadata/file/string/identity::trezor-suite-product,metadata/file/string/identity/crypto-wallet-products.yaml,traits,micro-behaviors/os/application/target,implemented,"Product-name strings are content references to an application, not file metadata or an artifact fingerprint.",micro-behaviors/os/application/target::trezor-suite-product
objectives/credential-access/wallet/desktop::node-require-win-dpapi,objectives/credential-access/wallet/desktop/traits.yaml,traits,micro-behaviors/os/security/dpapi,implemented,"DPAPI package reference supports protected-data capability, not wallet theft.",micro-behaviors/os/security/dpapi::node-require-win-dpapi
objectives/credential-access/wallet/desktop::electron-send-telegram-ipc,objectives/credential-access/wallet/desktop/electron-fake-wallet.yaml,traits,micro-behaviors/communications/messaging/send,implemented,Telegram-send interface/channel spelling; not necessarily Electron IPC or actual transmission.,micro-behaviors/communications/messaging/send::telegram-send-channel
objectives/credential-access/wallet/desktop::wallet-secret-phrase-header,objectives/credential-access/wallet/desktop/electron-fake-wallet.yaml,traits,micro-behaviors/ui/dialog/prompt,implemented,Secret-phrase label accepts an unqualified phrase; a wallet-specific or exfiltration subtype is not required.,micro-behaviors/ui/dialog/prompt::secret-phrase-label
objectives/credential-access/wallet/desktop::electron-wallet-seed-telegram-exfil,objectives/credential-access/wallet/desktop/electron-fake-wallet.yaml,composite_rules,objectives/exfiltration/stealer/credential,implemented,"Secret-phrase label plus Telegram send; wallet/Electron context is optional, so generic authentication-data source wins.",objectives/exfiltration/stealer/credential::secret-phrase-telegram-send
objectives/credential-access/wallet/mnemonic::wallet-credential-http-exfil,objectives/credential-access/wallet/mnemonic/html-phishing.yaml,composite_rules,objectives/exfiltration/stealer/credential,implemented,Private-key input is required but wallet-specific source is not; route to the shared authentication-data export source.,objectives/exfiltration/stealer/credential::private-key-input-http-export
objectives/credential-access/wallet/mnemonic::wallet-credential-encoded-http-exfil,objectives/credential-access/wallet/mnemonic/html-phishing.yaml,composite_rules,objectives/exfiltration/stealer/credential,implemented,Private-key input is required but wallet-specific source is not; route to the shared authentication-data export source.,objectives/exfiltration/stealer/credential::secret-entry-encoded-http-export
objectives/credential-access/wallet/mnemonic::wallet-seed-http-exfil,objectives/credential-access/wallet/mnemonic/html-phishing.yaml,composite_rules,objectives/exfiltration/stealer/wallet,implemented,Required seed-phrase/word assembly or input plus transfer context belongs to the exported wallet source.,objectives/exfiltration/stealer/wallet::wallet-seed-http-exfil
objectives/credential-access/wallet/mnemonic::bip39-autocomplete-seed-exfil,objectives/credential-access/wallet/mnemonic/html-phishing.yaml,composite_rules,objectives/exfiltration/stealer/wallet,implemented,Required seed-phrase/word assembly or input plus transfer context belongs to the exported wallet source.,objectives/exfiltration/stealer/wallet::bip39-autocomplete-seed-exfil
objectives/credential-access/wallet/mnemonic::fake-invalid-seed-double-harvest,objectives/credential-access/wallet/mnemonic/html-phishing.yaml,composite_rules,objectives/exfiltration/stealer/wallet,implemented,Required seed-phrase/word assembly or input plus transfer context belongs to the exported wallet source.,objectives/exfiltration/stealer/wallet::seed-export-invalid-message
objectives/credential-access/wallet/desktop::shell-find-wallet-glob,objectives/credential-access/wallet/desktop/wallet-file-search.yaml,traits,micro-behaviors/fs/search,implemented,"Filename search, selection, or search-option evidence; no acquisition or outbound transfer is required.",micro-behaviors/fs/search::shell-find-wallet-glob
objectives/credential-access/wallet/desktop::shell-find-keystore-glob,objectives/credential-access/wallet/desktop/wallet-file-search.yaml,traits,micro-behaviors/fs/search,implemented,"Filename search, selection, or search-option evidence; no acquisition or outbound transfer is required.",micro-behaviors/fs/search::shell-find-keystore-glob
objectives/credential-access/wallet/desktop::shell-find-id-json-name,objectives/credential-access/wallet/desktop/wallet-file-search.yaml,traits,micro-behaviors/fs/search,implemented,"Filename search, selection, or search-option evidence; no acquisition or outbound transfer is required.",micro-behaviors/fs/search::shell-find-id-json-name
objectives/credential-access/wallet/desktop::macho-shell-find-iname-filter,objectives/credential-access/wallet/desktop/wallet-file-search.yaml,traits,micro-behaviors/fs/search,implemented,"Filename search, selection, or search-option evidence; no acquisition or outbound transfer is required.",micro-behaviors/fs/search::macho-shell-find-iname-filter
objectives/credential-access/wallet/desktop::macho-shell-find-maxdepth,objectives/credential-access/wallet/desktop/wallet-file-search.yaml,traits,micro-behaviors/fs/search,implemented,"Filename search, selection, or search-option evidence; no acquisition or outbound transfer is required.",micro-behaviors/fs/search::macho-shell-find-maxdepth
objectives/credential-access/wallet/desktop::applescript-find-command,objectives/credential-access/wallet/desktop/wallet-file-search.yaml,traits,micro-behaviors/fs/search,implemented,"Filename search, selection, or search-option evidence; no acquisition or outbound transfer is required.",micro-behaviors/fs/search::applescript-find-command
objectives/credential-access/wallet/desktop::applescript-find-wallet-glob,objectives/credential-access/wallet/desktop/wallet-file-search.yaml,traits,micro-behaviors/fs/search,implemented,"Filename search, selection, or search-option evidence; no acquisition or outbound transfer is required.",micro-behaviors/fs/search::applescript-find-wallet-glob
objectives/credential-access/wallet/desktop::applescript-find-keystore-glob,objectives/credential-access/wallet/desktop/wallet-file-search.yaml,traits,micro-behaviors/fs/search,implemented,"Filename search, selection, or search-option evidence; no acquisition or outbound transfer is required.",micro-behaviors/fs/search::applescript-find-keystore-glob
objectives/credential-access/wallet/desktop::powershell-wallet-glob,objectives/credential-access/wallet/desktop/wallet-file-search.yaml,traits,micro-behaviors/fs/search,implemented,"Filename search, selection, or search-option evidence; no acquisition or outbound transfer is required.",micro-behaviors/fs/search::powershell-wallet-glob
objectives/credential-access/wallet/desktop::powershell-keystore-glob,objectives/credential-access/wallet/desktop/wallet-file-search.yaml,traits,micro-behaviors/fs/search,implemented,"Filename search, selection, or search-option evidence; no acquisition or outbound transfer is required.",micro-behaviors/fs/search::powershell-keystore-glob
objectives/credential-access/wallet/desktop::applescript-find-wallet-target,objectives/credential-access/wallet/desktop/wallet-file-search.yaml,composite_rules,micro-behaviors/fs/search,implemented,"Filename search, selection, or search-option evidence; no acquisition or outbound transfer is required.",micro-behaviors/fs/search::applescript-find-wallet-target
objectives/credential-access/wallet/desktop::applescript-find-keystore-target,objectives/credential-access/wallet/desktop/wallet-file-search.yaml,composite_rules,micro-behaviors/fs/search,implemented,"Filename search, selection, or search-option evidence; no acquisition or outbound transfer is required.",micro-behaviors/fs/search::applescript-find-keystore-target
objectives/credential-access/wallet/desktop::applescript-find-id-json-target,objectives/credential-access/wallet/desktop/wallet-file-search.yaml,composite_rules,micro-behaviors/fs/search,implemented,"Filename search, selection, or search-option evidence; no acquisition or outbound transfer is required.",micro-behaviors/fs/search::applescript-find-id-json-target
objectives/credential-access/wallet/desktop::shell-find-wallet-target,objectives/credential-access/wallet/desktop/wallet-file-search.yaml,composite_rules,micro-behaviors/fs/search,implemented,"Filename search, selection, or search-option evidence; no acquisition or outbound transfer is required.",micro-behaviors/fs/search::shell-find-wallet-target
objectives/credential-access/wallet/desktop::shell-find-keystore-target,objectives/credential-access/wallet/desktop/wallet-file-search.yaml,composite_rules,micro-behaviors/fs/search,implemented,"Filename search, selection, or search-option evidence; no acquisition or outbound transfer is required.",micro-behaviors/fs/search::shell-find-keystore-target
objectives/credential-access/wallet/desktop::shell-find-id-json-target,objectives/credential-access/wallet/desktop/wallet-file-search.yaml,composite_rules,micro-behaviors/fs/search,implemented,"Filename search, selection, or search-option evidence; no acquisition or outbound transfer is required.",micro-behaviors/fs/search::shell-find-id-json-target
objectives/credential-access/wallet/desktop::crypto-wallet-shell-find,objectives/credential-access/wallet/desktop/wallet-file-search.yaml,composite_rules,micro-behaviors/fs/search,implemented,"Filename search, selection, or search-option evidence; no acquisition or outbound transfer is required.",micro-behaviors/fs/search::wallet-shell-search
objectives/credential-access/wallet/desktop::crypto-wallet-powershell-search,objectives/credential-access/wallet/desktop/wallet-file-search.yaml,composite_rules,micro-behaviors/fs/search,implemented,"Filename search, selection, or search-option evidence; no acquisition or outbound transfer is required.",micro-behaviors/fs/search::wallet-powershell-search
objectives/credential-access/wallet/desktop::crypto-wallet-macho-shell-find,objectives/credential-access/wallet/desktop/wallet-file-search.yaml,composite_rules,micro-behaviors/fs/search,implemented,"Filename search, selection, or search-option evidence; no acquisition or outbound transfer is required.",micro-behaviors/fs/search::id-json-search-options
micro-behaviors/fs/enumerate/extension::search-image-extensions,micro-behaviors/fs/enumerate/extension/image-files.yaml,traits,micro-behaviors/fs/search,implemented,Filename/extension predicates select files; they share the search operation across implementations.,micro-behaviors/fs/search::search-image-extensions
micro-behaviors/fs/enumerate/extension::jar-file-listing,micro-behaviors/fs/enumerate/extension/java.yaml,traits,micro-behaviors/fs/search,implemented,Filename/extension predicates select files; they share the search operation across implementations.,micro-behaviors/fs/search::jar-file-listing
micro-behaviors/fs/enumerate/extension::javascript-json-filename-filter,micro-behaviors/fs/enumerate/extension/javascript.yaml,traits,micro-behaviors/fs/search,implemented,Filename/extension predicates select files; they share the search operation across implementations.,micro-behaviors/fs/search::javascript-json-filename-filter
micro-behaviors/fs/enumerate/extension::quoted-exe-wildcard-mask,micro-behaviors/fs/enumerate/extension/source.yaml,traits,micro-behaviors/fs/search,implemented,Filename/extension predicates select files; they share the search operation across implementations.,micro-behaviors/fs/search::quoted-exe-wildcard-mask
micro-behaviors/fs/enumerate/extension::batch-script-extension-loop,micro-behaviors/fs/enumerate/extension/batch.yaml,traits,micro-behaviors/fs/search,implemented,Filename/extension predicates select files; they share the search operation across implementations.,micro-behaviors/fs/search::batch-script-extension-loop
micro-behaviors/fs/enumerate/extension::batch-recursive-executable-enumeration,micro-behaviors/fs/enumerate/extension/batch.yaml,traits,micro-behaviors/fs/search,implemented,Filename/extension predicates select files; they share the search operation across implementations.,micro-behaviors/fs/search::batch-recursive-executable-enumeration
micro-behaviors/fs/directory/traverse::find-app-bundle,micro-behaviors/fs/directory/traverse/shell.yaml,traits,micro-behaviors/fs/search,implemented,An application-name predicate refines filesystem search; recursion is only the search mechanism.,micro-behaviors/fs/search::find-app-bundle
micro-behaviors/fs/search::parse-env-file-method,micro-behaviors/fs/search/dotnet.yaml,traits,micro-behaviors/data/config/load,implemented,"A named dotenv parser supports configuration interpretation, not finding the file.",micro-behaviors/data/config/load::parse-env-file-method
objectives/exfiltration/messaging/telegram::telegram-wallet-search-source,objectives/exfiltration/messaging/telegram/traits.yaml,composite_rules,micro-behaviors/fs/search,implemented,Required wallet-name search evidence across shell and PowerShell; generic id.json search is separated into its own export branch.,micro-behaviors/fs/search::wallet-file-search
objectives/exfiltration/messaging/telegram::telegram-wallet-search-exfil,objectives/exfiltration/messaging/telegram/traits.yaml,composite_rules,objectives/exfiltration/stealer/file,implemented,Generic id.json search source belongs to file export; wallet alternatives and export coverage are preserved in a declared wallet-source sibling.,objectives/exfiltration/stealer/file::file-search-telegram-send
objectives/credential-access/wallet/desktop::crypto-wallet-file-stealer,objectives/credential-access/wallet/desktop/wallet-file-search.yaml,composite_rules,,retired,Hostile wrapper adds no acquisition evidence to its sole JSON filename-filter leg; preserve the underlying suspicious filter and its consumers.,
objectives/credential-access/wallet/desktop::taskkill-wallet-image,objectives/credential-access/wallet/desktop/electron-fake-wallet.yaml,traits,micro-behaviors/process/terminate/command,implemented,Process termination command evidence; an application path does not establish wallet theft.,micro-behaviors/process/terminate/command::taskkill-wallet-image
objectives/credential-access/wallet/desktop::applications-kill-nine-pair,objectives/credential-access/wallet/desktop/electron-fake-wallet.yaml,composite_rules,micro-behaviors/process/terminate/command,implemented,Process termination command evidence; an application path does not establish wallet theft.,micro-behaviors/process/terminate/command::application-path-force-kill
objectives/credential-access/wallet/desktop::applications-wallet-process-kill,objectives/credential-access/wallet/desktop/electron-fake-wallet.yaml,composite_rules,micro-behaviors/process/terminate/command,implemented,Process termination command evidence; an application path does not establish wallet theft.,micro-behaviors/process/terminate/command::wallet-or-application-kill
objectives/credential-access/wallet/desktop::fake-wallet-launchagent-label,objectives/credential-access/wallet/desktop/electron-fake-wallet.yaml,traits,micro-behaviors/os/service/launchagent,implemented,Wallet-associated LaunchAgent label reference; spoofing and installation are not required.,micro-behaviors/os/service/launchagent::wallet-launchagent-label
objectives/credential-access/wallet/desktop::electron-wallet-process-replacement,objectives/credential-access/wallet/desktop/electron-fake-wallet.yaml,composite_rules,objectives/impact/degrade/process,implemented,"Hidden-window context and process termination support interference, but no file replacement or credential access is required.",objectives/impact/degrade/process::hidden-window-wallet-process-interference
objectives/credential-access/wallet/mnemonic::wallet-private-key-import-label,objectives/credential-access/wallet/mnemonic/html-phishing.yaml,traits,micro-behaviors/ui/controls/credential,implemented,"Private-key or mixed secret-entry UI; wallet source, deception, acquisition, and transmission are not required.",micro-behaviors/ui/controls/credential::private-key-import-label
objectives/credential-access/wallet/mnemonic::wallet-private-key-enter-label,objectives/credential-access/wallet/mnemonic/html-phishing.yaml,traits,micro-behaviors/ui/controls/credential,implemented,"Private-key or mixed secret-entry UI; wallet source, deception, acquisition, and transmission are not required.",micro-behaviors/ui/controls/credential::private-key-enter-label
objectives/credential-access/wallet/mnemonic::wallet-private-key-input-label,objectives/credential-access/wallet/mnemonic/html-phishing.yaml,traits,micro-behaviors/ui/controls/credential,implemented,"Private-key or mixed secret-entry UI; wallet source, deception, acquisition, and transmission are not required.",micro-behaviors/ui/controls/credential::private-key-input-label
objectives/credential-access/wallet/mnemonic::wallet-private-key-recovery-label,objectives/credential-access/wallet/mnemonic/html-phishing.yaml,traits,micro-behaviors/ui/controls/credential,implemented,"Private-key or mixed secret-entry UI; wallet source, deception, acquisition, and transmission are not required.",micro-behaviors/ui/controls/credential::private-key-recovery-label
objectives/credential-access/wallet/mnemonic::wallet-private-key-entry-label,objectives/credential-access/wallet/mnemonic/html-phishing.yaml,composite_rules,micro-behaviors/ui/controls/credential,implemented,"Private-key or mixed secret-entry UI; wallet source, deception, acquisition, and transmission are not required.",micro-behaviors/ui/controls/credential::private-key-entry-label
objectives/credential-access/wallet/mnemonic::wallet-credential-entry-page,objectives/credential-access/wallet/mnemonic/html-phishing.yaml,composite_rules,micro-behaviors/ui/controls/credential,implemented,"Private-key or mixed secret-entry UI; wallet source, deception, acquisition, and transmission are not required.",micro-behaviors/ui/controls/credential::credential-entry-page
objectives/credential-access/wallet/mnemonic::wallet-credential-entry-label,objectives/credential-access/wallet/mnemonic/html-phishing.yaml,composite_rules,micro-behaviors/ui/controls/credential,implemented,"Private-key or mixed secret-entry UI; wallet source, deception, acquisition, and transmission are not required.",micro-behaviors/ui/controls/credential::credential-entry-label
objectives/credential-access/wallet/mnemonic::wallet-credential-input-surface,objectives/credential-access/wallet/mnemonic/html-phishing.yaml,composite_rules,micro-behaviors/ui/controls/credential,implemented,"Private-key or mixed secret-entry UI; wallet source, deception, acquisition, and transmission are not required.",micro-behaviors/ui/controls/credential::credential-input-surface
objectives/credential-access/wallet/keywords::private-key-verify-screen-symbol,objectives/credential-access/wallet/keywords/wallet.yaml,traits,micro-behaviors/ui/controls/credential,implemented,"Private-key verification interface, without a required wallet source.",micro-behaviors/ui/controls/credential::private-key-verify-screen-symbol
objectives/credential-access/wallet/keywords::recovery-phrase-view-symbol,objectives/credential-access/wallet/keywords/wallet.yaml,traits,micro-behaviors/ui/controls/wallet,implemented,Recovery-phrase/mnemonic interface symbols support the specialized wallet UI capability.,micro-behaviors/ui/controls/wallet::recovery-phrase-view-symbol
objectives/credential-access/wallet/keywords::mnemonic-verify-screen-symbol,objectives/credential-access/wallet/keywords/wallet.yaml,traits,micro-behaviors/ui/controls/wallet,implemented,Recovery-phrase/mnemonic interface symbols support the specialized wallet UI capability.,micro-behaviors/ui/controls/wallet::mnemonic-verify-screen-symbol
objectives/credential-access/wallet/keywords::metamask-word,objectives/credential-access/wallet/keywords/wallet.yaml,traits,micro-behaviors/os/application/target,implemented,Named wallet application/provider references and repetitions; no credential targeting operation is required.,micro-behaviors/os/application/target::wallet-brand-metamask
objectives/credential-access/wallet/keywords::electrum-word,objectives/credential-access/wallet/keywords/wallet.yaml,traits,micro-behaviors/os/application/target,implemented,Named wallet application/provider references and repetitions; no credential targeting operation is required.,micro-behaviors/os/application/target::electrum-word
objectives/credential-access/wallet/keywords::exodus-word,objectives/credential-access/wallet/keywords/wallet.yaml,traits,micro-behaviors/os/application/target,implemented,Named wallet application/provider references and repetitions; no credential targeting operation is required.,micro-behaviors/os/application/target::exodus-word
objectives/credential-access/wallet/keywords::trezor-word,objectives/credential-access/wallet/keywords/wallet.yaml,traits,micro-behaviors/os/application/target,implemented,Named wallet application/provider references and repetitions; no credential targeting operation is required.,micro-behaviors/os/application/target::trezor-word
objectives/credential-access/wallet/keywords::rust-wallet-keyword-trustwallet,objectives/credential-access/wallet/keywords/traits.yaml,traits,micro-behaviors/os/application/target,implemented,Named wallet application/provider references and repetitions; no credential targeting operation is required.,micro-behaviors/os/application/target::rust-wallet-keyword-trustwallet
objectives/credential-access/wallet/keywords::wallet-app-name-cluster,objectives/credential-access/wallet/keywords/wallet.yaml,composite_rules,micro-behaviors/os/application/target,implemented,Named wallet application/provider references and repetitions; no credential targeting operation is required.,micro-behaviors/os/application/target::wallet-app-name-cluster
objectives/credential-access/wallet/keywords::crypto-wallet-keyword-cluster--rx-1,objectives/credential-access/wallet/keywords/keyword-cluster.yaml,traits,micro-behaviors/os/application/target,implemented,Named wallet application/provider references and repetitions; no credential targeting operation is required.,micro-behaviors/os/application/target::crypto-wallet-keyword-cluster--rx-1
objectives/credential-access/wallet/keywords::crypto-wallet-keyword-cluster--rx-2,objectives/credential-access/wallet/keywords/keyword-cluster.yaml,traits,micro-behaviors/os/application/target,implemented,Named wallet application/provider references and repetitions; no credential targeting operation is required.,micro-behaviors/os/application/target::crypto-wallet-keyword-cluster--rx-2
objectives/credential-access/wallet/keywords::hardware-wallet-keyword-cluster--rx-6,objectives/credential-access/wallet/keywords/keyword-cluster.yaml,traits,micro-behaviors/os/application/target,implemented,Named wallet application/provider references and repetitions; no credential targeting operation is required.,micro-behaviors/os/application/target::hardware-wallet-keyword-cluster--rx-6
objectives/credential-access/wallet/keywords::hardware-wallet-keyword-cluster--rx-7,objectives/credential-access/wallet/keywords/keyword-cluster.yaml,traits,micro-behaviors/os/application/target,implemented,Named wallet application/provider references and repetitions; no credential targeting operation is required.,micro-behaviors/os/application/target::hardware-wallet-keyword-cluster--rx-7
objectives/credential-access/wallet/keywords::hardware-wallet-keyword-cluster--rx-8,objectives/credential-access/wallet/keywords/keyword-cluster.yaml,traits,micro-behaviors/os/application/target,implemented,Named wallet application/provider references and repetitions; no credential targeting operation is required.,micro-behaviors/os/application/target::hardware-wallet-keyword-cluster--rx-8
objectives/credential-access/wallet/keywords::hardware-wallet-keyword-cluster--rx-9,objectives/credential-access/wallet/keywords/keyword-cluster.yaml,traits,micro-behaviors/os/application/target,implemented,Named wallet application/provider references and repetitions; no credential targeting operation is required.,micro-behaviors/os/application/target::hardware-wallet-keyword-cluster--rx-9
objectives/credential-access/wallet/keywords::hardware-wallet-keyword-cluster--rx-10,objectives/credential-access/wallet/keywords/keyword-cluster.yaml,traits,micro-behaviors/os/application/target,implemented,Named wallet application/provider references and repetitions; no credential targeting operation is required.,micro-behaviors/os/application/target::hardware-wallet-keyword-cluster--rx-10
micro-behaviors/crypto/library/blockchain/brand-wallet::wallet-brand-metamask,micro-behaviors/crypto/library/blockchain/brand-wallet/traits.yaml,traits,micro-behaviors/os/application/target,implemented,"Wallet brand references identify applications of interest, not a library implementation or an independent analyzed artifact.",micro-behaviors/os/application/target::wallet-brand-metamask
micro-behaviors/crypto/library/blockchain/brand-wallet::wallet-brand-phantom,micro-behaviors/crypto/library/blockchain/brand-wallet/traits.yaml,traits,micro-behaviors/os/application/target,implemented,"Wallet brand references identify applications of interest, not a library implementation or an independent analyzed artifact.",micro-behaviors/os/application/target::wallet-brand-phantom
micro-behaviors/crypto/library/blockchain/brand-wallet::wallet-brand-rabby,micro-behaviors/crypto/library/blockchain/brand-wallet/traits.yaml,traits,micro-behaviors/os/application/target,implemented,"Wallet brand references identify applications of interest, not a library implementation or an independent analyzed artifact.",micro-behaviors/os/application/target::wallet-brand-rabby
micro-behaviors/crypto/library/blockchain/brand-wallet::wallet-brand-bitget,micro-behaviors/crypto/library/blockchain/brand-wallet/traits.yaml,traits,micro-behaviors/os/application/target,implemented,"Wallet brand references identify applications of interest, not a library implementation or an independent analyzed artifact.",micro-behaviors/os/application/target::wallet-brand-bitget
micro-behaviors/crypto/library/blockchain/brand-wallet::wallet-brand-coinbase,micro-behaviors/crypto/library/blockchain/brand-wallet/traits.yaml,traits,micro-behaviors/os/application/target,implemented,"Wallet brand references identify applications of interest, not a library implementation or an independent analyzed artifact.",micro-behaviors/os/application/target::wallet-brand-coinbase
micro-behaviors/crypto/library/blockchain/brand-wallet::wallet-brand-solflare,micro-behaviors/crypto/library/blockchain/brand-wallet/traits.yaml,traits,micro-behaviors/os/application/target,implemented,"Wallet brand references identify applications of interest, not a library implementation or an independent analyzed artifact.",micro-behaviors/os/application/target::wallet-brand-solflare
micro-behaviors/crypto/library/blockchain/brand-wallet::wallet-brand-catalog,micro-behaviors/crypto/library/blockchain/brand-wallet/traits.yaml,composite_rules,micro-behaviors/os/application/target,implemented,"Wallet brand references identify applications of interest, not a library implementation or an independent analyzed artifact.",micro-behaviors/os/application/target::wallet-brand-catalog
well-known/lib/crypto/web3::phantom-wallet-word,well-known/lib/crypto/web3/traits.yaml,traits,micro-behaviors/os/application/target,implemented,"Named Phantom provider reference, not an independent Web3 library artifact.",micro-behaviors/os/application/target::phantom-wallet-word
well-known/app/browser-extension/tronlink::extension-marker,well-known/app/browser-extension/tronlink/traits.yaml,traits,micro-behaviors/os/application/target,implemented,"TronLink word alone identifies a referenced product, not an independent extension artifact.",micro-behaviors/os/application/target::tronlink-word
objectives/credential-access/wallet/keywords::private-key-word,objectives/credential-access/wallet/keywords/wallet.yaml,traits,micro-behaviors/crypto/asymmetric/key,implemented,Private-key/key-seed content reference; no acquisition is required.,micro-behaviors/crypto/asymmetric/key::private-key-word
objectives/credential-access/wallet/keywords::xrpl-seed-literal,objectives/credential-access/wallet/keywords/wallet.yaml,traits,micro-behaviors/crypto/asymmetric/key,implemented,Private-key/key-seed content reference; no acquisition is required.,micro-behaviors/crypto/asymmetric/key::xrpl-seed-literal
objectives/credential-access/wallet/keywords::node-wallet-key-token,objectives/credential-access/wallet/keywords/node-dev-targets.yaml,traits,micro-behaviors/crypto/asymmetric/key,implemented,Private-key/key-seed content reference; no acquisition is required.,micro-behaviors/crypto/asymmetric/key::node-wallet-key-token
objectives/credential-access/wallet/keywords::node-wallet-json-target,objectives/credential-access/wallet/keywords/node-dev-targets.yaml,traits,micro-behaviors/fs/path/wallet,implemented,Wallet JSON store filename reference.,micro-behaviors/fs/path/wallet::node-wallet-json-target
objectives/credential-access/wallet/keywords::node-keypair-json-target,objectives/credential-access/wallet/keywords/node-dev-targets.yaml,traits,micro-behaviors/fs/path/private-key,implemented,Keypair JSON filename reference.,micro-behaviors/fs/path/private-key::node-keypair-json-target
objectives/credential-access/wallet/keywords::node-mnemonic-token,objectives/credential-access/wallet/keywords/node-dev-targets.yaml,traits,micro-behaviors/crypto/mnemonic,implemented,Mnemonic/seed-phrase vocabulary; no acquisition is required.,micro-behaviors/crypto/mnemonic::node-mnemonic-token
objectives/credential-access/wallet/keywords::node-seed-phrase-token,objectives/credential-access/wallet/keywords/node-dev-targets.yaml,traits,micro-behaviors/crypto/mnemonic,implemented,Mnemonic/seed-phrase vocabulary; no acquisition is required.,micro-behaviors/crypto/mnemonic::node-seed-phrase-token
objectives/credential-access/wallet/desktop::desktop-wallet-spoofer,objectives/credential-access/wallet/desktop/spoofing.yaml,composite_rules,,retired,Daemon/UI options plus an ordinary wallet recovery prompt do not distinguish spoofing. Keep the UI and argument observations; remove the unsupported hostile wrapper.,
objectives/credential-access/wallet/desktop::electron-fake-wallet-persistence,objectives/credential-access/wallet/desktop/electron-fake-wallet.yaml,composite_rules,,retired,"Wallet-associated label, secret UI and RunAtLoad/path vocabulary do not distinguish malicious persistence or exfiltration. Preserve the underlying observations and actual secret-export classifiers.",
