consumer,directory,added_count,removed_count,added_ids,removed_ids,decision,reference_roles
metadata/binary/provenance/build::private-build-hardening-profile,well-known/lib,0,1,,micro-behaviors/os/application/target::phantom-wallet-word,Product/provider references are not independent artifact identity. They no longer provide blanket benign suppression.,unless
metadata/binary/section/prose::high-string-count-pe-no-exceptions,well-known/lib/,0,1,,micro-behaviors/os/application/target::phantom-wallet-word,Product/provider references are not independent artifact identity. They no longer provide blanket benign suppression.,unless
metadata/binary/section/prose::high-string-count-pe-no-exceptions,well-known/app/,0,1,,micro-behaviors/os/application/target::tronlink-word,Product/provider references are not independent artifact identity. They no longer provide blanket benign suppression.,unless
metadata/binary/symbols/imports::getfilesizeex-import,well-known/lib/,0,1,,micro-behaviors/os/application/target::phantom-wallet-word,Product/provider references are not independent artifact identity. They no longer provide blanket benign suppression.,unless
metadata/binary/symbols/imports::getfilesizeex-import,well-known/app/,0,1,,micro-behaviors/os/application/target::tronlink-word,Product/provider references are not independent artifact identity. They no longer provide blanket benign suppression.,unless
metadata/binary/symbols/imports::bringwindowtotop-import,well-known/lib/,0,1,,micro-behaviors/os/application/target::phantom-wallet-word,Product/provider references are not independent artifact identity. They no longer provide blanket benign suppression.,unless
metadata/binary/symbols/imports::bringwindowtotop-import,well-known/app/,0,1,,micro-behaviors/os/application/target::tronlink-word,Product/provider references are not independent artifact identity. They no longer provide blanket benign suppression.,unless
metadata/build/recognized-contexts::shell-high-entropy-benign-context,well-known/app/,0,1,,micro-behaviors/os/application/target::tronlink-word,Product/provider references are not independent artifact identity. They no longer satisfy an artifact-identity group.,any
metadata/file/extension/identity::pe-content-extension-mismatch,well-known/lib/,0,1,,micro-behaviors/os/application/target::phantom-wallet-word,Product/provider references are not independent artifact identity. They no longer provide blanket benign suppression.,unless
metadata/file/extension/identity::pe-content-extension-mismatch,well-known/app/,0,1,,micro-behaviors/os/application/target::tronlink-word,Product/provider references are not independent artifact identity. They no longer provide blanket benign suppression.,unless
metadata/file/extension/mismatch::pe-content-data-extension-mismatch,well-known/lib/,0,1,,micro-behaviors/os/application/target::phantom-wallet-word,Product/provider references are not independent artifact identity. They no longer provide blanket benign suppression.,unless
metadata/file/extension/mismatch::pe-content-data-extension-mismatch,well-known/app/,0,1,,micro-behaviors/os/application/target::tronlink-word,Product/provider references are not independent artifact identity. They no longer provide blanket benign suppression.,unless
metadata/file/string/identity::chunk-token,well-known/lib/,0,1,,micro-behaviors/os/application/target::phantom-wallet-word,Product/provider references are not independent artifact identity. They no longer provide blanket benign suppression.,unless
metadata/file/string/identity::chunk-token,well-known/app/,0,1,,micro-behaviors/os/application/target::tronlink-word,Product/provider references are not independent artifact identity. They no longer provide blanket benign suppression.,unless
metadata/lang/encoded/hex::repeated-long-hex-literals,well-known/lib/,0,1,,micro-behaviors/os/application/target::phantom-wallet-word,Product/provider references are not independent artifact identity. They no longer provide blanket benign suppression.,unless
metadata/lang/encoded/unicode-escape::electron-js2c-marker,well-known/lib/,0,1,,micro-behaviors/os/application/target::phantom-wallet-word,Product/provider references are not independent artifact identity. They no longer provide blanket benign suppression.,unless
metadata/lang/encoded/unicode-escape::electron-js2c-marker,well-known/app/,0,1,,micro-behaviors/os/application/target::tronlink-word,Product/provider references are not independent artifact identity. They no longer provide blanket benign suppression.,unless
metadata/lang/encoded/unicode-escape::shell-interpreter-cmd,well-known/lib/,0,1,,micro-behaviors/os/application/target::phantom-wallet-word,Product/provider references are not independent artifact identity. They no longer provide blanket benign suppression.,unless
metadata/lang/encoded/unicode-escape::shell-interpreter-cmd,well-known/app/,0,1,,micro-behaviors/os/application/target::tronlink-word,Product/provider references are not independent artifact identity. They no longer provide blanket benign suppression.,unless
metadata/lang/encoded/unicode-escape::shell-interpreter-powershell,well-known/lib/,0,1,,micro-behaviors/os/application/target::phantom-wallet-word,Product/provider references are not independent artifact identity. They no longer provide blanket benign suppression.,unless
metadata/lang/encoded/unicode-escape::shell-interpreter-powershell,well-known/app/,0,1,,micro-behaviors/os/application/target::tronlink-word,Product/provider references are not independent artifact identity. They no longer provide blanket benign suppression.,unless
metadata/lang/encoded/wide::shell-interpreter-cmd,well-known/lib/,0,1,,micro-behaviors/os/application/target::phantom-wallet-word,Product/provider references are not independent artifact identity. They no longer provide blanket benign suppression.,unless
metadata/lang/encoded/wide::shell-interpreter-cmd,well-known/app/,0,1,,micro-behaviors/os/application/target::tronlink-word,Product/provider references are not independent artifact identity. They no longer provide blanket benign suppression.,unless
metadata/lang/encoded/wide::shell-interpreter-powershell,well-known/lib/,0,1,,micro-behaviors/os/application/target::phantom-wallet-word,Product/provider references are not independent artifact identity. They no longer provide blanket benign suppression.,unless
metadata/lang/encoded/wide::shell-interpreter-powershell,well-known/app/,0,1,,micro-behaviors/os/application/target::tronlink-word,Product/provider references are not independent artifact identity. They no longer provide blanket benign suppression.,unless
metadata/lang/encoded/wide::shell-interpreter-powershell-option,well-known/lib/,0,1,,micro-behaviors/os/application/target::phantom-wallet-word,Product/provider references are not independent artifact identity. They no longer provide blanket benign suppression.,unless
metadata/lang/encoded/wide::shell-interpreter-powershell-option,well-known/app/,0,1,,micro-behaviors/os/application/target::tronlink-word,Product/provider references are not independent artifact identity. They no longer provide blanket benign suppression.,unless
metadata/lang/encoded/xor::shell-interpreter-cmd,well-known/lib/,0,1,,micro-behaviors/os/application/target::phantom-wallet-word,Product/provider references are not independent artifact identity. They no longer provide blanket benign suppression.,unless
metadata/lang/encoded/xor::shell-interpreter-cmd,well-known/app/,0,1,,micro-behaviors/os/application/target::tronlink-word,Product/provider references are not independent artifact identity. They no longer provide blanket benign suppression.,unless
metadata/lang/encoded/xor::shell-interpreter-powershell,well-known/lib/,0,1,,micro-behaviors/os/application/target::phantom-wallet-word,Product/provider references are not independent artifact identity. They no longer provide blanket benign suppression.,unless
metadata/lang/encoded/xor::shell-interpreter-powershell,well-known/app/,0,1,,micro-behaviors/os/application/target::tronlink-word,Product/provider references are not independent artifact identity. They no longer provide blanket benign suppression.,unless
metadata/package/versioning/scheme::pe-product-name-present,well-known/lib/,0,1,,micro-behaviors/os/application/target::phantom-wallet-word,Product/provider references are not independent artifact identity. They no longer provide blanket benign suppression.,unless
metadata/package/versioning/scheme::pe-product-name-present,well-known/app/,0,1,,micro-behaviors/os/application/target::tronlink-word,Product/provider references are not independent artifact identity. They no longer provide blanket benign suppression.,unless
metadata/package/versioning/scheme::pe-file-description-present,well-known/lib/,0,1,,micro-behaviors/os/application/target::phantom-wallet-word,Product/provider references are not independent artifact identity. They no longer provide blanket benign suppression.,unless
metadata/package/versioning/scheme::pe-file-description-present,well-known/app/,0,1,,micro-behaviors/os/application/target::tronlink-word,Product/provider references are not independent artifact identity. They no longer provide blanket benign suppression.,unless
metadata/package/versioning/scheme::pe-legal-copyright-present,well-known/lib/,0,1,,micro-behaviors/os/application/target::phantom-wallet-word,Product/provider references are not independent artifact identity. They no longer provide blanket benign suppression.,unless
metadata/package/versioning/scheme::pe-legal-copyright-present,well-known/app/,0,1,,micro-behaviors/os/application/target::tronlink-word,Product/provider references are not independent artifact identity. They no longer provide blanket benign suppression.,unless
micro-behaviors/communications/ftp/control::ftp-cmd-auth,well-known/lib/,0,1,,micro-behaviors/os/application/target::phantom-wallet-word,Product/provider references are not independent artifact identity. They no longer provide blanket benign suppression.,unless
micro-behaviors/communications/ftp/control::ftp-cmd-auth,well-known/app/,0,1,,micro-behaviors/os/application/target::tronlink-word,Product/provider references are not independent artifact identity. They no longer provide blanket benign suppression.,unless
micro-behaviors/communications/ftp/control::ftp-cmd-transfer,well-known/lib/,0,1,,micro-behaviors/os/application/target::phantom-wallet-word,Product/provider references are not independent artifact identity. They no longer provide blanket benign suppression.,unless
micro-behaviors/communications/ftp/control::ftp-cmd-transfer,well-known/app/,0,1,,micro-behaviors/os/application/target::tronlink-word,Product/provider references are not independent artifact identity. They no longer provide blanket benign suppression.,unless
micro-behaviors/communications/ftp/control::ftp-cmd-listing,well-known/lib/,0,1,,micro-behaviors/os/application/target::phantom-wallet-word,Product/provider references are not independent artifact identity. They no longer provide blanket benign suppression.,unless
micro-behaviors/communications/ftp/control::ftp-cmd-listing,well-known/app/,0,1,,micro-behaviors/os/application/target::tronlink-word,Product/provider references are not independent artifact identity. They no longer provide blanket benign suppression.,unless
micro-behaviors/communications/ftp/control::ftp-command-code-literal,well-known/lib/,0,1,,micro-behaviors/os/application/target::phantom-wallet-word,Product/provider references are not independent artifact identity. They no longer provide blanket benign suppression.,unless
micro-behaviors/communications/ftp/control::ftp-command-code-literal,well-known/app/,0,1,,micro-behaviors/os/application/target::tronlink-word,Product/provider references are not independent artifact identity. They no longer provide blanket benign suppression.,unless
micro-behaviors/communications/http/form::multipart-form,well-known/lib/,0,1,,micro-behaviors/os/application/target::phantom-wallet-word,Product/provider references are not independent artifact identity. They no longer provide blanket benign suppression.,unless
micro-behaviors/communications/http/form::formdata-class,well-known/lib/,0,1,,micro-behaviors/os/application/target::phantom-wallet-word,Product/provider references are not independent artifact identity. They no longer provide blanket benign suppression.,unless
micro-behaviors/communications/http/client/managed::default-request-headers,well-known/lib/,0,1,,micro-behaviors/os/application/target::phantom-wallet-word,Product/provider references are not independent artifact identity. They no longer provide blanket benign suppression.,unless
micro-behaviors/communications/http/client/managed::default-request-headers,well-known/app/,0,1,,micro-behaviors/os/application/target::tronlink-word,Product/provider references are not independent artifact identity. They no longer provide blanket benign suppression.,unless
micro-behaviors/communications/http/client/wininet::wininet-http-api-cluster,well-known/lib/,0,1,,micro-behaviors/os/application/target::phantom-wallet-word,Product/provider references are not independent artifact identity. They no longer provide blanket benign suppression.,unless
micro-behaviors/communications/http/client/wininet::wininet-http-api-cluster,well-known/app/,0,1,,micro-behaviors/os/application/target::tronlink-word,Product/provider references are not independent artifact identity. They no longer provide blanket benign suppression.,unless
micro-behaviors/communications/http/devtools/client::cdp-execution-context-event,well-known/lib/,0,1,,micro-behaviors/os/application/target::phantom-wallet-word,Product/provider references are not independent artifact identity. They no longer provide blanket benign suppression.,unless
micro-behaviors/communications/http/devtools/client::cdp-execution-context-event,well-known/app/,0,1,,micro-behaviors/os/application/target::tronlink-word,Product/provider references are not independent artifact identity. They no longer provide blanket benign suppression.,unless
micro-behaviors/communications/http/request/client::xmlhttprequest-word,well-known/lib/,0,1,,micro-behaviors/os/application/target::phantom-wallet-word,Product/provider references are not independent artifact identity. They no longer provide blanket benign suppression.,unless
micro-behaviors/communications/http/request/credentials::fetch-credentials-include-any,well-known/lib/,0,1,,micro-behaviors/os/application/target::phantom-wallet-word,Product/provider references are not independent artifact identity. They no longer provide blanket benign suppression.,unless
micro-behaviors/communications/http/server/listener::bind-port-80,well-known/lib/,0,1,,micro-behaviors/os/application/target::phantom-wallet-word,Product/provider references are not independent artifact identity. They no longer provide blanket benign suppression.,unless
micro-behaviors/communications/http/server/managed::http-headers-getter,well-known/lib/,0,1,,micro-behaviors/os/application/target::phantom-wallet-word,Product/provider references are not independent artifact identity. They no longer provide blanket benign suppression.,unless
micro-behaviors/communications/http/server/managed::http-headers-getter,well-known/app/,0,1,,micro-behaviors/os/application/target::tronlink-word,Product/provider references are not independent artifact identity. They no longer provide blanket benign suppression.,unless
micro-behaviors/communications/http/url/navigation::url-object-host-read,well-known/lib/,0,1,,micro-behaviors/os/application/target::phantom-wallet-word,Product/provider references are not independent artifact identity. They no longer provide blanket benign suppression.,unless
micro-behaviors/communications/http/url/navigation::url-object-host-read,well-known/app/,0,1,,micro-behaviors/os/application/target::tronlink-word,Product/provider references are not independent artifact identity. They no longer provide blanket benign suppression.,unless
micro-behaviors/communications/http/url/navigation::browser-location-host-ref,well-known/lib/,0,1,,micro-behaviors/os/application/target::phantom-wallet-word,Product/provider references are not independent artifact identity. They no longer provide blanket benign suppression.,unless
micro-behaviors/communications/http/url/navigation::browser-location-host-ref,well-known/app/,0,1,,micro-behaviors/os/application/target::tronlink-word,Product/provider references are not independent artifact identity. They no longer provide blanket benign suppression.,unless
micro-behaviors/communications/http/url/path::local-ip-or-localhost-literal,well-known/lib/,0,1,,micro-behaviors/os/application/target::phantom-wallet-word,Product/provider references are not independent artifact identity. They no longer provide blanket benign suppression.,unless
micro-behaviors/communications/http/url/path::local-ip-or-localhost-literal,well-known/app/,0,1,,micro-behaviors/os/application/target::tronlink-word,Product/provider references are not independent artifact identity. They no longer provide blanket benign suppression.,unless
micro-behaviors/communications/ip/literal::loopback-ipv6-literal,well-known/lib/,0,1,,micro-behaviors/os/application/target::phantom-wallet-word,Product/provider references are not independent artifact identity. They no longer provide blanket benign suppression.,unless
micro-behaviors/communications/ip/literal::loopback-ipv6-literal,well-known/app/,0,1,,micro-behaviors/os/application/target::tronlink-word,Product/provider references are not independent artifact identity. They no longer provide blanket benign suppression.,unless
micro-behaviors/communications/ip/private-range::private-ip-check-js,well-known/lib/,0,1,,micro-behaviors/os/application/target::phantom-wallet-word,Product/provider references are not independent artifact identity. They no longer provide blanket benign suppression.,unless
micro-behaviors/communications/ip/rewrite::dashed-ip-regex,well-known/lib/,0,1,,micro-behaviors/os/application/target::phantom-wallet-word,Product/provider references are not independent artifact identity. They no longer provide blanket benign suppression.,downgrade/any
micro-behaviors/communications/ip/rewrite::dashed-ip-colon-regex,well-known/lib/,0,1,,micro-behaviors/os/application/target::phantom-wallet-word,Product/provider references are not independent artifact identity. They no longer provide blanket benign suppression.,downgrade/any
micro-behaviors/communications/ip/rewrite::dashed-ip-manipulation,well-known/lib/,0,1,,micro-behaviors/os/application/target::phantom-wallet-word,Product/provider references are not independent artifact identity. They no longer provide blanket benign suppression.,unless
micro-behaviors/communications/socket/init::ws2-socket-api-string,well-known/lib/,0,1,,micro-behaviors/os/application/target::phantom-wallet-word,Product/provider references are not independent artifact identity. They no longer provide blanket benign suppression.,unless
micro-behaviors/communications/socket/init::ws2-socket-api-string,well-known/app/,0,1,,micro-behaviors/os/application/target::tronlink-word,Product/provider references are not independent artifact identity. They no longer provide blanket benign suppression.,unless
micro-behaviors/communications/socket/init::ws2-connect-api-string,well-known/lib/,0,1,,micro-behaviors/os/application/target::phantom-wallet-word,Product/provider references are not independent artifact identity. They no longer provide blanket benign suppression.,unless
micro-behaviors/communications/socket/init::ws2-connect-api-string,well-known/app/,0,1,,micro-behaviors/os/application/target::tronlink-word,Product/provider references are not independent artifact identity. They no longer provide blanket benign suppression.,unless
micro-behaviors/communications/socket/multiplex::wsa-event-select-text,well-known/lib/,0,1,,micro-behaviors/os/application/target::phantom-wallet-word,Product/provider references are not independent artifact identity. They no longer provide blanket benign suppression.,unless
micro-behaviors/communications/socket/multiplex::wsa-event-select-text,well-known/app/,0,1,,micro-behaviors/os/application/target::tronlink-word,Product/provider references are not independent artifact identity. They no longer provide blanket benign suppression.,unless
micro-behaviors/communications/socket/multiplex::wsa-wait-multiple-events-text,well-known/lib/,0,1,,micro-behaviors/os/application/target::phantom-wallet-word,Product/provider references are not independent artifact identity. They no longer provide blanket benign suppression.,unless
micro-behaviors/communications/socket/multiplex::wsa-wait-multiple-events-text,well-known/app/,0,1,,micro-behaviors/os/application/target::tronlink-word,Product/provider references are not independent artifact identity. They no longer provide blanket benign suppression.,unless
micro-behaviors/communications/socket/multiplex::wsa-enum-network-events-text,well-known/lib/,0,1,,micro-behaviors/os/application/target::phantom-wallet-word,Product/provider references are not independent artifact identity. They no longer provide blanket benign suppression.,unless
micro-behaviors/communications/socket/multiplex::wsa-enum-network-events-text,well-known/app/,0,1,,micro-behaviors/os/application/target::tronlink-word,Product/provider references are not independent artifact identity. They no longer provide blanket benign suppression.,unless
micro-behaviors/communications/ssh/client::auth-failed,well-known/lib/,0,1,,micro-behaviors/os/application/target::phantom-wallet-word,Product/provider references are not independent artifact identity. They no longer provide blanket benign suppression.,unless
micro-behaviors/communications/ssh/client::auth-failed,well-known/app/,0,1,,micro-behaviors/os/application/target::tronlink-word,Product/provider references are not independent artifact identity. They no longer provide blanket benign suppression.,unless
micro-behaviors/crypto/symmetric/xor/loop::js-xor-loop,well-known/lib/,0,1,,micro-behaviors/os/application/target::phantom-wallet-word,Product/provider references are not independent artifact identity. They no longer provide blanket benign suppression.,unless
micro-behaviors/data/compress/gzip::node-gzip-function,well-known/lib/,0,1,,micro-behaviors/os/application/target::phantom-wallet-word,Product/provider references are not independent artifact identity. They no longer provide blanket benign suppression.,unless
micro-behaviors/data/control-flow/analysis::js-dynamic-method-call,well-known/lib/,0,1,,micro-behaviors/os/application/target::phantom-wallet-word,Product/provider references are not independent artifact identity. They no longer provide blanket benign suppression.,unless
micro-behaviors/data/embedded/payload/header::pe-header-compare-immediate-multiple,well-known/lib/,0,1,,micro-behaviors/os/application/target::phantom-wallet-word,Product/provider references are not independent artifact identity. They no longer provide blanket benign suppression.,unless
micro-behaviors/data/embedded/payload/header::pe-header-compare-immediate-multiple,well-known/app/,0,1,,micro-behaviors/os/application/target::tronlink-word,Product/provider references are not independent artifact identity. They no longer provide blanket benign suppression.,unless
micro-behaviors/data/embedded/payload/header::inline-mz-magic-check,well-known/lib/,0,1,,micro-behaviors/os/application/target::phantom-wallet-word,Product/provider references are not independent artifact identity. They no longer provide blanket benign suppression.,unless
micro-behaviors/data/embedded/payload/header::inline-mz-magic-check,well-known/app/,0,1,,micro-behaviors/os/application/target::tronlink-word,Product/provider references are not independent artifact identity. They no longer provide blanket benign suppression.,unless
micro-behaviors/data/embedded/payload/header::inline-pe-signature-check,well-known/lib/,0,1,,micro-behaviors/os/application/target::phantom-wallet-word,Product/provider references are not independent artifact identity. They no longer provide blanket benign suppression.,unless
micro-behaviors/data/embedded/payload/header::inline-pe-signature-check,well-known/app/,0,1,,micro-behaviors/os/application/target::tronlink-word,Product/provider references are not independent artifact identity. They no longer provide blanket benign suppression.,unless
micro-behaviors/data/embedded/payload/header::inline-pe-header-walk,well-known/lib/,0,1,,micro-behaviors/os/application/target::phantom-wallet-word,Product/provider references are not independent artifact identity. They no longer provide blanket benign suppression.,unless
micro-behaviors/data/embedded/payload/header::inline-pe-header-walk,well-known/app/,0,1,,micro-behaviors/os/application/target::tronlink-word,Product/provider references are not independent artifact identity. They no longer provide blanket benign suppression.,unless
micro-behaviors/data/embedded/payload/header::inline-pe-header-walk-x64,well-known/lib/,0,1,,micro-behaviors/os/application/target::phantom-wallet-word,Product/provider references are not independent artifact identity. They no longer provide blanket benign suppression.,unless
micro-behaviors/data/embedded/payload/header::inline-pe-header-walk-x64,well-known/app/,0,1,,micro-behaviors/os/application/target::tronlink-word,Product/provider references are not independent artifact identity. They no longer provide blanket benign suppression.,unless
micro-behaviors/data/embedded/payload/header::pe-e-lfanew-read-x64,well-known/lib/,0,1,,micro-behaviors/os/application/target::phantom-wallet-word,Product/provider references are not independent artifact identity. They no longer provide blanket benign suppression.,unless
micro-behaviors/data/embedded/payload/header::pe-e-lfanew-read-x64,well-known/app/,0,1,,micro-behaviors/os/application/target::tronlink-word,Product/provider references are not independent artifact identity. They no longer provide blanket benign suppression.,unless
micro-behaviors/data/embedded/payload/header::x64-inline-mz-byte-pair-check,well-known/lib/,0,1,,micro-behaviors/os/application/target::phantom-wallet-word,Product/provider references are not independent artifact identity. They no longer provide blanket benign suppression.,unless
micro-behaviors/data/embedded/payload/header::x64-inline-mz-byte-pair-check,well-known/app/,0,1,,micro-behaviors/os/application/target::tronlink-word,Product/provider references are not independent artifact identity. They no longer provide blanket benign suppression.,unless
micro-behaviors/data/embedded/payload/header::x64-inline-e-lfanew-pe-walk,well-known/lib/,0,1,,micro-behaviors/os/application/target::phantom-wallet-word,Product/provider references are not independent artifact identity. They no longer provide blanket benign suppression.,unless
micro-behaviors/data/embedded/payload/header::x64-inline-e-lfanew-pe-walk,well-known/app/,0,1,,micro-behaviors/os/application/target::tronlink-word,Product/provider references are not independent artifact identity. They no longer provide blanket benign suppression.,unless
micro-behaviors/data/embedded/payload/header::x64-inline-pe-signature-compare,well-known/lib/,0,1,,micro-behaviors/os/application/target::phantom-wallet-word,Product/provider references are not independent artifact identity. They no longer provide blanket benign suppression.,unless
micro-behaviors/data/embedded/payload/header::x64-inline-pe-signature-compare,well-known/app/,0,1,,micro-behaviors/os/application/target::tronlink-word,Product/provider references are not independent artifact identity. They no longer provide blanket benign suppression.,unless
micro-behaviors/data/embedded/payload/header::pe-mz-compare-x64,well-known/lib/,0,1,,micro-behaviors/os/application/target::phantom-wallet-word,Product/provider references are not independent artifact identity. They no longer provide blanket benign suppression.,unless
micro-behaviors/data/embedded/payload/header::pe-mz-compare-x64,well-known/app/,0,1,,micro-behaviors/os/application/target::tronlink-word,Product/provider references are not independent artifact identity. They no longer provide blanket benign suppression.,unless
micro-behaviors/data/encode/charset::windows-1251-charset,well-known/lib/,0,1,,micro-behaviors/os/application/target::phantom-wallet-word,Product/provider references are not independent artifact identity. They no longer provide blanket benign suppression.,unless
micro-behaviors/data/format/pe-parser::pe-header-walk-x64,well-known/lib/,0,1,,micro-behaviors/os/application/target::phantom-wallet-word,Product/provider references are not independent artifact identity. They no longer provide blanket benign suppression.,unless
micro-behaviors/data/format/pe-parser::pe-header-walk-x64,well-known/app/,0,1,,micro-behaviors/os/application/target::tronlink-word,Product/provider references are not independent artifact identity. They no longer provide blanket benign suppression.,unless
micro-behaviors/data/format/pe-parser::mz-magic-check,well-known/lib/,0,1,,micro-behaviors/os/application/target::phantom-wallet-word,Product/provider references are not independent artifact identity. They no longer provide blanket benign suppression.,unless
micro-behaviors/data/format/pe-parser::mz-magic-check,well-known/app/,0,1,,micro-behaviors/os/application/target::tronlink-word,Product/provider references are not independent artifact identity. They no longer provide blanket benign suppression.,unless
micro-behaviors/data/parse/vocabulary::ciphertext-key-vocabulary,well-known/lib/,0,1,,micro-behaviors/os/application/target::phantom-wallet-word,Product/provider references are not independent artifact identity. They no longer provide blanket benign suppression.,unless
micro-behaviors/data/parse/vocabulary::ciphertext-key-vocabulary,well-known/app/,0,1,,micro-behaviors/os/application/target::tronlink-word,Product/provider references are not independent artifact identity. They no longer provide blanket benign suppression.,unless
micro-behaviors/fs/file/open::createfile-api,well-known/lib/,0,1,,micro-behaviors/os/application/target::phantom-wallet-word,Product/provider references are not independent artifact identity. They no longer provide blanket benign suppression.,unless
micro-behaviors/fs/file/open::createfile-api,well-known/app/,0,1,,micro-behaviors/os/application/target::tronlink-word,Product/provider references are not independent artifact identity. They no longer provide blanket benign suppression.,unless
micro-behaviors/fs/path/credential::any-credential-path,micro-behaviors/fs/path/private-key/,1,0,micro-behaviors/fs/path/private-key::node-keypair-json-target,,"Keep subject-based capability/objective membership; each moved observation follows its actual UI, key, path, service, termination, or process-interference subject.",any
micro-behaviors/fs/path/credential::token-and-private-key-paths,micro-behaviors/fs/path/private-key/,1,0,micro-behaviors/fs/path/private-key::node-keypair-json-target,,"Keep subject-based capability/objective membership; each moved observation follows its actual UI, key, path, service, termination, or process-interference subject.",all
micro-behaviors/fs/path/credential::token-and-wallet-paths,micro-behaviors/fs/path/wallet/,1,0,micro-behaviors/fs/path/wallet::node-wallet-json-target,,"Keep subject-based capability/objective membership; each moved observation follows its actual UI, key, path, service, termination, or process-interference subject.",all
micro-behaviors/fs/path/credential::private-key-and-secret-config-paths,micro-behaviors/fs/path/private-key/,1,0,micro-behaviors/fs/path/private-key::node-keypair-json-target,,"Keep subject-based capability/objective membership; each moved observation follows its actual UI, key, path, service, termination, or process-interference subject.",all
micro-behaviors/fs/path/credential::private-key-and-wallet-paths,micro-behaviors/fs/path/private-key/,1,0,micro-behaviors/fs/path/private-key::node-keypair-json-target,,"Keep subject-based capability/objective membership; each moved observation follows its actual UI, key, path, service, termination, or process-interference subject.",all
micro-behaviors/fs/path/credential::private-key-and-wallet-paths,micro-behaviors/fs/path/wallet/,1,0,micro-behaviors/fs/path/wallet::node-wallet-json-target,,"Keep subject-based capability/objective membership; each moved observation follows its actual UI, key, path, service, termination, or process-interference subject.",all
micro-behaviors/fs/path/credential::secret-config-and-wallet-paths,micro-behaviors/fs/path/wallet/,1,0,micro-behaviors/fs/path/wallet::node-wallet-json-target,,"Keep subject-based capability/objective membership; each moved observation follows its actual UI, key, path, service, termination, or process-interference subject.",all
micro-behaviors/fs/path/extension::exe-name-or-extension,well-known/lib/,0,1,,micro-behaviors/os/application/target::phantom-wallet-word,Product/provider references are not independent artifact identity. They no longer provide blanket benign suppression.,unless
micro-behaviors/fs/path/extension::exe-name-or-extension,well-known/app/,0,1,,micro-behaviors/os/application/target::tronlink-word,Product/provider references are not independent artifact identity. They no longer provide blanket benign suppression.,unless
micro-behaviors/hardware/display/screenshot::dotnet-pinvoke-gdi-capture-primitives,well-known/lib/,0,1,,micro-behaviors/os/application/target::phantom-wallet-word,Product/provider references are not independent artifact identity. They no longer provide blanket benign suppression.,unless
micro-behaviors/hardware/display/screenshot::dotnet-pinvoke-gdi-capture-primitives,well-known/app/,0,1,,micro-behaviors/os/application/target::tronlink-word,Product/provider references are not independent artifact identity. They no longer provide blanket benign suppression.,unless
micro-behaviors/hardware/display/screenshot::dotnet-active-and-multiscreen-capture,well-known/lib/,0,1,,micro-behaviors/os/application/target::phantom-wallet-word,Product/provider references are not independent artifact identity. They no longer provide blanket benign suppression.,unless
micro-behaviors/hardware/display/screenshot::dotnet-active-and-multiscreen-capture,well-known/app/,0,1,,micro-behaviors/os/application/target::tronlink-word,Product/provider references are not independent artifact identity. They no longer provide blanket benign suppression.,unless
micro-behaviors/hardware/display/screenshot::dotnet-gdi-active-window-png-capture,well-known/lib/,0,1,,micro-behaviors/os/application/target::phantom-wallet-word,Product/provider references are not independent artifact identity. They no longer provide blanket benign suppression.,unless
micro-behaviors/hardware/display/screenshot::dotnet-gdi-active-window-png-capture,well-known/app/,0,1,,micro-behaviors/os/application/target::tronlink-word,Product/provider references are not independent artifact identity. They no longer provide blanket benign suppression.,unless
micro-behaviors/mem/alloc/executable::page-execute-readwrite-arg-x64,well-known/lib/,0,1,,micro-behaviors/os/application/target::phantom-wallet-word,Product/provider references are not independent artifact identity. They no longer provide blanket benign suppression.,unless
micro-behaviors/mem/alloc/executable::page-execute-readwrite-arg-x64,well-known/app/,0,1,,micro-behaviors/os/application/target::tronlink-word,Product/provider references are not independent artifact identity. They no longer provide blanket benign suppression.,unless
micro-behaviors/mem/alloc/executable::page-execute-read-arg-x64,well-known/lib/,0,1,,micro-behaviors/os/application/target::phantom-wallet-word,Product/provider references are not independent artifact identity. They no longer provide blanket benign suppression.,unless
micro-behaviors/mem/alloc/executable::page-execute-read-arg-x64,well-known/app/,0,1,,micro-behaviors/os/application/target::tronlink-word,Product/provider references are not independent artifact identity. They no longer provide blanket benign suppression.,unless
micro-behaviors/mem/alloc/executable::page-readwrite-arg-x64,well-known/lib/,0,1,,micro-behaviors/os/application/target::phantom-wallet-word,Product/provider references are not independent artifact identity. They no longer provide blanket benign suppression.,unless
micro-behaviors/mem/alloc/executable::page-readwrite-arg-x64,well-known/app/,0,1,,micro-behaviors/os/application/target::tronlink-word,Product/provider references are not independent artifact identity. They no longer provide blanket benign suppression.,unless
micro-behaviors/os/clipboard/reference::clipboard-keyword,well-known/lib/,0,1,,micro-behaviors/os/application/target::phantom-wallet-word,Product/provider references are not independent artifact identity. They no longer provide blanket benign suppression.,unless
micro-behaviors/os/clipboard/reference::clipboard-keyword,well-known/app/,0,1,,micro-behaviors/os/application/target::tronlink-word,Product/provider references are not independent artifact identity. They no longer provide blanket benign suppression.,unless
micro-behaviors/os/env/enumeration::environment-block-enumeration,well-known/lib/,0,1,,micro-behaviors/os/application/target::phantom-wallet-word,Product/provider references are not independent artifact identity. They no longer provide blanket benign suppression.,unless
micro-behaviors/os/env/enumeration::environment-block-enumeration,well-known/app/,0,1,,micro-behaviors/os/application/target::tronlink-word,Product/provider references are not independent artifact identity. They no longer provide blanket benign suppression.,unless
micro-behaviors/os/module/load::get-proc-address-import,well-known/lib/,0,1,,micro-behaviors/os/application/target::phantom-wallet-word,Product/provider references are not independent artifact identity. They no longer provide blanket benign suppression.,unless
micro-behaviors/os/module/load::get-proc-address-import,well-known/app/,0,1,,micro-behaviors/os/application/target::tronlink-word,Product/provider references are not independent artifact identity. They no longer provide blanket benign suppression.,unless
micro-behaviors/os/registry/access::reg-set-value-ex-text,well-known/lib/,0,1,,micro-behaviors/os/application/target::phantom-wallet-word,Product/provider references are not independent artifact identity. They no longer provide blanket benign suppression.,unless
micro-behaviors/os/registry/access::reg-set-value-ex-text,well-known/app/,0,1,,micro-behaviors/os/application/target::tronlink-word,Product/provider references are not independent artifact identity. They no longer provide blanket benign suppression.,unless
micro-behaviors/os/registry/access::powershell-policy-state-bypass--bypass,well-known/lib/,0,1,,micro-behaviors/os/application/target::phantom-wallet-word,Product/provider references are not independent artifact identity. They no longer provide blanket benign suppression.,unless
micro-behaviors/os/registry/access::powershell-policy-state-bypass--bypass,well-known/app/,0,1,,micro-behaviors/os/application/target::tronlink-word,Product/provider references are not independent artifact identity. They no longer provide blanket benign suppression.,unless
micro-behaviors/os/registry/access::powershell-policy-state-bypass--unrestricted,well-known/lib/,0,1,,micro-behaviors/os/application/target::phantom-wallet-word,Product/provider references are not independent artifact identity. They no longer provide blanket benign suppression.,unless
micro-behaviors/os/registry/access::powershell-policy-state-bypass--unrestricted,well-known/app/,0,1,,micro-behaviors/os/application/target::tronlink-word,Product/provider references are not independent artifact identity. They no longer provide blanket benign suppression.,unless
micro-behaviors/os/sysinfo/network::lanmanserver-service,well-known/lib/,0,1,,micro-behaviors/os/application/target::phantom-wallet-word,Product/provider references are not independent artifact identity. They no longer provide blanket benign suppression.,unless
micro-behaviors/os/sysinfo/network::lanmanserver-service,well-known/app/,0,1,,micro-behaviors/os/application/target::tronlink-word,Product/provider references are not independent artifact identity. They no longer provide blanket benign suppression.,unless
micro-behaviors/process/create/flags::winexec-sw-hide-immediate,well-known/lib/,0,1,,micro-behaviors/os/application/target::phantom-wallet-word,Product/provider references are not independent artifact identity. They no longer provide blanket benign suppression.,unless
micro-behaviors/process/create/flags::winexec-sw-hide-immediate,well-known/app/,0,1,,micro-behaviors/os/application/target::tronlink-word,Product/provider references are not independent artifact identity. They no longer provide blanket benign suppression.,unless
micro-behaviors/process/create/load/remote-code::js-dom-script-literal,well-known/lib/,0,1,,micro-behaviors/os/application/target::phantom-wallet-word,Product/provider references are not independent artifact identity. They no longer provide blanket benign suppression.,unless
micro-behaviors/process/create/load/remote-code::js-dom-script-literal,well-known/app/,0,1,,micro-behaviors/os/application/target::tronlink-word,Product/provider references are not independent artifact identity. They no longer provide blanket benign suppression.,unless
micro-behaviors/process/create/shell/git::git-head-ref-literal,well-known/lib/,0,1,,micro-behaviors/os/application/target::phantom-wallet-word,Product/provider references are not independent artifact identity. They no longer provide blanket benign suppression.,unless
micro-behaviors/process/create/shell/git::git-head-ref-literal,well-known/app/,0,1,,micro-behaviors/os/application/target::tronlink-word,Product/provider references are not independent artifact identity. They no longer provide blanket benign suppression.,unless
micro-behaviors/process/create/shell/guard::node-temp-exec-benign-context,well-known/lib/,0,1,,micro-behaviors/os/application/target::phantom-wallet-word,Product/provider references are not independent artifact identity. They no longer satisfy an artifact-identity group.,any;unless
micro-behaviors/process/create/shell/guard::node-temp-exec-benign-context,well-known/app/,0,1,,micro-behaviors/os/application/target::tronlink-word,Product/provider references are not independent artifact identity. They no longer provide blanket benign suppression.,unless
micro-behaviors/process/create/shell/wsh::wscript-shell-run-indirect,well-known/lib/,0,1,,micro-behaviors/os/application/target::phantom-wallet-word,Product/provider references are not independent artifact identity. They no longer provide blanket benign suppression.,unless
micro-behaviors/process/create/shell/wsh::wscript-shell-run-indirect,well-known/app/,0,1,,micro-behaviors/os/application/target::tronlink-word,Product/provider references are not independent artifact identity. They no longer provide blanket benign suppression.,unless
micro-behaviors/process/enumerate/snapshot::module32-first-string,well-known/lib/,0,1,,micro-behaviors/os/application/target::phantom-wallet-word,Product/provider references are not independent artifact identity. They no longer provide blanket benign suppression.,unless
micro-behaviors/process/enumerate/snapshot::module32-first-string,well-known/app/,0,1,,micro-behaviors/os/application/target::tronlink-word,Product/provider references are not independent artifact identity. They no longer provide blanket benign suppression.,unless
micro-behaviors/process/enumerate/snapshot::thread32-first-string,well-known/lib/,0,1,,micro-behaviors/os/application/target::phantom-wallet-word,Product/provider references are not independent artifact identity. They no longer provide blanket benign suppression.,unless
micro-behaviors/process/enumerate/snapshot::thread32-first-string,well-known/app/,0,1,,micro-behaviors/os/application/target::tronlink-word,Product/provider references are not independent artifact identity. They no longer provide blanket benign suppression.,unless
micro-behaviors/process/enumerate/snapshot::heap32list-first-string,well-known/lib/,0,1,,micro-behaviors/os/application/target::phantom-wallet-word,Product/provider references are not independent artifact identity. They no longer provide blanket benign suppression.,unless
micro-behaviors/process/enumerate/snapshot::heap32list-first-string,well-known/app/,0,1,,micro-behaviors/os/application/target::tronlink-word,Product/provider references are not independent artifact identity. They no longer provide blanket benign suppression.,unless
micro-behaviors/process/enumerate/snapshot::create-toolhelp32-snapshot-string,well-known/lib/,0,1,,micro-behaviors/os/application/target::phantom-wallet-word,Product/provider references are not independent artifact identity. They no longer provide blanket benign suppression.,unless
micro-behaviors/process/enumerate/snapshot::create-toolhelp32-snapshot-string,well-known/app/,0,1,,micro-behaviors/os/application/target::tronlink-word,Product/provider references are not independent artifact identity. They no longer provide blanket benign suppression.,unless
micro-behaviors/process/enumerate/snapshot::heap32-first-string,well-known/lib/,0,1,,micro-behaviors/os/application/target::phantom-wallet-word,Product/provider references are not independent artifact identity. They no longer provide blanket benign suppression.,unless
micro-behaviors/process/enumerate/snapshot::heap32-first-string,well-known/app/,0,1,,micro-behaviors/os/application/target::tronlink-word,Product/provider references are not independent artifact identity. They no longer provide blanket benign suppression.,unless
micro-behaviors/process/interpreter/jscript::activex-object,well-known/lib/,0,1,,micro-behaviors/os/application/target::phantom-wallet-word,Product/provider references are not independent artifact identity. They no longer provide blanket benign suppression.,unless
micro-behaviors/ui/controls/widget::winforms-button,well-known/lib/,0,1,,micro-behaviors/os/application/target::phantom-wallet-word,Product/provider references are not independent artifact identity. They no longer provide blanket benign suppression.,unless
micro-behaviors/ui/controls/widget::winforms-button,well-known/app/,0,1,,micro-behaviors/os/application/target::tronlink-word,Product/provider references are not independent artifact identity. They no longer provide blanket benign suppression.,unless
micro-behaviors/ui/controls/widget::winforms-label,well-known/lib/,0,1,,micro-behaviors/os/application/target::phantom-wallet-word,Product/provider references are not independent artifact identity. They no longer provide blanket benign suppression.,unless
micro-behaviors/ui/controls/widget::winforms-label,well-known/app/,0,1,,micro-behaviors/os/application/target::tronlink-word,Product/provider references are not independent artifact identity. They no longer provide blanket benign suppression.,unless
micro-behaviors/ui/controls/widget::winforms-progressbar,well-known/lib/,0,1,,micro-behaviors/os/application/target::phantom-wallet-word,Product/provider references are not independent artifact identity. They no longer provide blanket benign suppression.,unless
micro-behaviors/ui/controls/widget::winforms-progressbar,well-known/app/,0,1,,micro-behaviors/os/application/target::tronlink-word,Product/provider references are not independent artifact identity. They no longer provide blanket benign suppression.,unless
micro-behaviors/ui/graphics/image::gdi-raster-copy-image-save,well-known/lib/,0,1,,micro-behaviors/os/application/target::phantom-wallet-word,Product/provider references are not independent artifact identity. They no longer provide blanket benign suppression.,unless
micro-behaviors/ui/graphics/image::gdi-raster-copy-image-save,well-known/app/,0,1,,micro-behaviors/os/application/target::tronlink-word,Product/provider references are not independent artifact identity. They no longer provide blanket benign suppression.,unless
micro-behaviors/ui/window/dom/create::js-custom-element-define-call,well-known/lib/,0,1,,micro-behaviors/os/application/target::phantom-wallet-word,Product/provider references are not independent artifact identity. They no longer provide blanket benign suppression.,unless
micro-behaviors/ui/window/dom/create::js-custom-element-define-call,well-known/app/,0,1,,micro-behaviors/os/application/target::tronlink-word,Product/provider references are not independent artifact identity. They no longer provide blanket benign suppression.,unless
micro-behaviors/ui/window/dom/create::js-shadow-dom-attach-call,well-known/lib/,0,1,,micro-behaviors/os/application/target::phantom-wallet-word,Product/provider references are not independent artifact identity. They no longer provide blanket benign suppression.,unless
micro-behaviors/ui/window/dom/create::js-shadow-dom-attach-call,well-known/app/,0,1,,micro-behaviors/os/application/target::tronlink-word,Product/provider references are not independent artifact identity. They no longer provide blanket benign suppression.,unless
objectives/anti-analysis/debugger-detect/check::managed-pe-anti-debug-loader,well-known/app/,0,1,,micro-behaviors/os/application/target::tronlink-word,Product/provider references are not independent artifact identity. They no longer provide blanket benign suppression.,unless
objectives/anti-analysis/debugger-detect/check::staged-pe-loader-with-debugger-check,well-known/lib/,0,1,,micro-behaviors/os/application/target::phantom-wallet-word,Product/provider references are not independent artifact identity. They no longer provide blanket benign suppression.,unless
objectives/anti-analysis/debugger-detect/check::staged-pe-loader-with-debugger-check,well-known/app/,0,1,,micro-behaviors/os/application/target::tronlink-word,Product/provider references are not independent artifact identity. They no longer provide blanket benign suppression.,unless
objectives/anti-analysis/debugger-detect/check::debugger-gated-elevated-remote-loader,well-known/app/,0,1,,micro-behaviors/os/application/target::tronlink-word,Product/provider references are not independent artifact identity. They no longer provide blanket benign suppression.,unless
objectives/anti-analysis/debugger-detect/check::uuid-shellcode-antidebug-api-loader,well-known/lib/,0,1,,micro-behaviors/os/application/target::phantom-wallet-word,Product/provider references are not independent artifact identity. They no longer provide blanket benign suppression.,unless
objectives/anti-analysis/debugger-detect/check::uuid-shellcode-antidebug-api-loader,well-known/app/,0,1,,micro-behaviors/os/application/target::tronlink-word,Product/provider references are not independent artifact identity. They no longer provide blanket benign suppression.,unless
objectives/anti-analysis/debugger-detect/check::opaque-overlay-debugger-api-loader,well-known/lib/,0,1,,micro-behaviors/os/application/target::phantom-wallet-word,Product/provider references are not independent artifact identity. They no longer provide blanket benign suppression.,unless
objectives/anti-analysis/debugger-detect/check::opaque-overlay-debugger-api-loader,well-known/app/,0,1,,micro-behaviors/os/application/target::tronlink-word,Product/provider references are not independent artifact identity. They no longer provide blanket benign suppression.,unless
objectives/anti-analysis/debugger-detect/check::self-protecting-encrypted-loader,well-known/app/,0,1,,micro-behaviors/os/application/target::tronlink-word,Product/provider references are not independent artifact identity. They no longer provide blanket benign suppression.,unless
objectives/anti-analysis/debugger-detect/check::resource-native-api-anti-debug-loader,well-known/app/,0,1,,micro-behaviors/os/application/target::tronlink-word,Product/provider references are not independent artifact identity. They no longer provide blanket benign suppression.,unless
objectives/anti-analysis/debugger-detect/check::opaque-windows-hook-loader,well-known/app/,0,1,,micro-behaviors/os/application/target::tronlink-word,Product/provider references are not independent artifact identity. They no longer provide blanket benign suppression.,unless
objectives/anti-analysis/debugger-detect/check::unsigned-inline-pe-loader-anti-analysis,well-known/lib/,0,1,,micro-behaviors/os/application/target::phantom-wallet-word,Product/provider references are not independent artifact identity. They no longer provide blanket benign suppression.,unless
objectives/anti-analysis/debugger-detect/check::unsigned-inline-pe-loader-anti-analysis,well-known/app/,0,1,,micro-behaviors/os/application/target::tronlink-word,Product/provider references are not independent artifact identity. They no longer provide blanket benign suppression.,unless
objectives/anti-analysis/debugger-detect/check::unsigned-pe-parser-with-debugger-api,well-known/lib/,0,1,,micro-behaviors/os/application/target::phantom-wallet-word,Product/provider references are not independent artifact identity. They no longer provide blanket benign suppression.,unless
objectives/anti-analysis/debugger-detect/check::unsigned-pe-parser-with-debugger-api,well-known/app/,0,1,,micro-behaviors/os/application/target::tronlink-word,Product/provider references are not independent artifact identity. They no longer provide blanket benign suppression.,unless
objectives/anti-analysis/debugger-detect/combined-checks::evasion-aware-malware,well-known/lib/,0,1,,micro-behaviors/os/application/target::phantom-wallet-word,Product/provider references are not independent artifact identity. They no longer provide blanket benign suppression.,unless
objectives/anti-analysis/debugger-detect/combined-checks::evasion-aware-malware,well-known/app/,0,1,,micro-behaviors/os/application/target::tronlink-word,Product/provider references are not independent artifact identity. They no longer provide blanket benign suppression.,unless
objectives/anti-analysis/emulator-detect/date-evasion::js-date-setter-getter-check,well-known/lib/,0,1,,micro-behaviors/os/application/target::phantom-wallet-word,Product/provider references are not independent artifact identity. They no longer provide blanket benign suppression.,unless
objectives/anti-analysis/environment-detect/runtime::php-safety-gate,well-known/lib/,0,1,,micro-behaviors/os/application/target::phantom-wallet-word,Product/provider references are not independent artifact identity. They no longer provide blanket benign suppression.,unless
objectives/anti-analysis/environment-detect/runtime::php-safety-gate,well-known/app/,0,1,,micro-behaviors/os/application/target::tronlink-word,Product/provider references are not independent artifact identity. They no longer provide blanket benign suppression.,unless
objectives/anti-analysis/geofencing/locale/string::locale-be-by,well-known/lib/,0,1,,micro-behaviors/os/application/target::phantom-wallet-word,Product/provider references are not independent artifact identity. They no longer provide blanket benign suppression.,unless
objectives/anti-analysis/geofencing/locale/string::locale-be-by,well-known/app/,0,1,,micro-behaviors/os/application/target::tronlink-word,Product/provider references are not independent artifact identity. They no longer provide blanket benign suppression.,unless
objectives/anti-analysis/geofencing/locale/string::locale-kk-kz,well-known/lib/,0,1,,micro-behaviors/os/application/target::phantom-wallet-word,Product/provider references are not independent artifact identity. They no longer provide blanket benign suppression.,unless
objectives/anti-analysis/geofencing/locale/string::locale-kk-kz,well-known/app/,0,1,,micro-behaviors/os/application/target::tronlink-word,Product/provider references are not independent artifact identity. They no longer provide blanket benign suppression.,unless
objectives/anti-analysis/timing/evasion::timing-anti-debug,well-known/lib/,0,1,,micro-behaviors/os/application/target::phantom-wallet-word,Product/provider references are not independent artifact identity. They no longer provide blanket benign suppression.,unless
objectives/anti-analysis/timing/evasion::timing-anti-debug,well-known/app/,0,1,,micro-behaviors/os/application/target::tronlink-word,Product/provider references are not independent artifact identity. They no longer provide blanket benign suppression.,unless
objectives/anti-analysis/timing/evasion::timing-sandbox-evasion,well-known/lib/,0,1,,micro-behaviors/os/application/target::phantom-wallet-word,Product/provider references are not independent artifact identity. They no longer provide blanket benign suppression.,unless
objectives/anti-analysis/timing/evasion::timing-sandbox-evasion,well-known/app/,0,1,,micro-behaviors/os/application/target::tronlink-word,Product/provider references are not independent artifact identity. They no longer provide blanket benign suppression.,unless
objectives/anti-analysis/timing/evasion::ui-timer-keypoll-gate,well-known/lib/,0,1,,micro-behaviors/os/application/target::phantom-wallet-word,Product/provider references are not independent artifact identity. They no longer provide blanket benign suppression.,unless
objectives/anti-analysis/timing/evasion::ui-timer-keypoll-gate,well-known/app/,0,1,,micro-behaviors/os/application/target::tronlink-word,Product/provider references are not independent artifact identity. They no longer provide blanket benign suppression.,unless
objectives/anti-analysis/timing/logic::logic-bomb-self-destruct,micro-behaviors/process/terminate/,3,0,micro-behaviors/process/terminate/command::application-path-force-kill;micro-behaviors/process/terminate/command::taskkill-wallet-image;micro-behaviors/process/terminate/command::wallet-or-application-kill,,"Keep subject-based capability/objective membership; each moved observation follows its actual UI, key, path, service, termination, or process-interference subject.",all
objectives/anti-analysis/timing/logic::logic-bomb-probabilistic-self-destruct,micro-behaviors/process/terminate/,3,0,micro-behaviors/process/terminate/command::application-path-force-kill;micro-behaviors/process/terminate/command::taskkill-wallet-image;micro-behaviors/process/terminate/command::wallet-or-application-kill,,"Keep subject-based capability/objective membership; each moved observation follows its actual UI, key, path, service, termination, or process-interference subject.",all
objectives/anti-analysis/timing/logic::concentrated-logic-bomb,micro-behaviors/process/terminate/,3,0,micro-behaviors/process/terminate/command::application-path-force-kill;micro-behaviors/process/terminate/command::taskkill-wallet-image;micro-behaviors/process/terminate/command::wallet-or-application-kill,,"Keep subject-based capability/objective membership; each moved observation follows its actual UI, key, path, service, termination, or process-interference subject.",all
objectives/anti-analysis/vm-detect/vendor::vendor-parallels,well-known/lib/,0,1,,micro-behaviors/os/application/target::phantom-wallet-word,Product/provider references are not independent artifact identity. They no longer provide blanket benign suppression.,unless
objectives/anti-analysis/vm-detect/vendor::vendor-parallels,well-known/app/,0,1,,micro-behaviors/os/application/target::tronlink-word,Product/provider references are not independent artifact identity. They no longer provide blanket benign suppression.,unless
objectives/anti-analysis/vm-detect/vendor::vendor-parallels-macos-probe,well-known/lib/,0,1,,micro-behaviors/os/application/target::phantom-wallet-word,Product/provider references are not independent artifact identity. They no longer provide blanket benign suppression.,unless
objectives/anti-analysis/vm-detect/vendor::vendor-parallels-macos-probe,well-known/app/,0,1,,micro-behaviors/os/application/target::tronlink-word,Product/provider references are not independent artifact identity. They no longer provide blanket benign suppression.,unless
objectives/anti-static/obfuscation/anti-decompile::unsigned-managed-anti-analysis-obfuscation,well-known/app/,0,1,,micro-behaviors/os/application/target::tronlink-word,Product/provider references are not independent artifact identity. They no longer provide blanket benign suppression.,unless
objectives/anti-static/obfuscation/crypto::custom-crypto-no-imports,micro-behaviors/crypto/library/,0,7,,micro-behaviors/os/application/target::wallet-brand-bitget;micro-behaviors/os/application/target::wallet-brand-catalog;micro-behaviors/os/application/target::wallet-brand-coinbase;micro-behaviors/os/application/target::wallet-brand-metamask;micro-behaviors/os/application/target::wallet-brand-phantom;micro-behaviors/os/application/target::wallet-brand-rabby;micro-behaviors/os/application/target::wallet-brand-solflare,Brand-name references do not establish a crypto implementation or standard cryptography. Remove that incidental membership.,unless
objectives/anti-static/obfuscation/decoy-imports::opaque-decoy-iat-rwx-loader,well-known/lib/,0,1,,micro-behaviors/os/application/target::phantom-wallet-word,Product/provider references are not independent artifact identity. They no longer provide blanket benign suppression.,unless
objectives/anti-static/obfuscation/decoy-imports::opaque-decoy-iat-rwx-loader,well-known/app/,0,1,,micro-behaviors/os/application/target::tronlink-word,Product/provider references are not independent artifact identity. They no longer provide blanket benign suppression.,unless
objectives/anti-static/obfuscation/imports::djb2-encrypted-resource-memory-loader,well-known/lib/,0,1,,micro-behaviors/os/application/target::phantom-wallet-word,Product/provider references are not independent artifact identity. They no longer provide blanket benign suppression.,unless
objectives/anti-static/obfuscation/imports::djb2-encrypted-resource-memory-loader,well-known/app/,0,1,,micro-behaviors/os/application/target::tronlink-word,Product/provider references are not independent artifact identity. They no longer provide blanket benign suppression.,unless
objectives/anti-static/obfuscation/imports::pe-header-walk,well-known/lib/,0,1,,micro-behaviors/os/application/target::phantom-wallet-word,Product/provider references are not independent artifact identity. They no longer provide blanket benign suppression.,unless
objectives/anti-static/obfuscation/imports::pe-header-walk,well-known/app/,0,1,,micro-behaviors/os/application/target::tronlink-word,Product/provider references are not independent artifact identity. They no longer provide blanket benign suppression.,unless
objectives/anti-static/obfuscation/imports::pe-signature-check,well-known/lib/,0,1,,micro-behaviors/os/application/target::phantom-wallet-word,Product/provider references are not independent artifact identity. They no longer provide blanket benign suppression.,unless
objectives/anti-static/obfuscation/imports::pe-signature-check,well-known/app/,0,1,,micro-behaviors/os/application/target::tronlink-word,Product/provider references are not independent artifact identity. They no longer provide blanket benign suppression.,unless
objectives/anti-static/obfuscation/imports::importless-peb-hex-payload-loader,well-known/lib/,0,1,,micro-behaviors/os/application/target::phantom-wallet-word,Product/provider references are not independent artifact identity. They no longer provide blanket benign suppression.,unless
objectives/anti-static/obfuscation/imports::unsigned-x86-anti-debug-hash-resolver,well-known/lib/,0,1,,micro-behaviors/os/application/target::phantom-wallet-word,Product/provider references are not independent artifact identity. They no longer provide blanket benign suppression.,unless
objectives/anti-static/obfuscation/imports::unsigned-x86-anti-debug-hash-resolver,well-known/app/,0,1,,micro-behaviors/os/application/target::tronlink-word,Product/provider references are not independent artifact identity. They no longer provide blanket benign suppression.,unless
objectives/anti-static/obfuscation/imports::renamed-anti-debug-pe-loader,well-known/lib/,0,1,,micro-behaviors/os/application/target::phantom-wallet-word,Product/provider references are not independent artifact identity. They no longer provide blanket benign suppression.,unless
objectives/anti-static/obfuscation/imports::renamed-anti-debug-pe-loader,well-known/app/,0,1,,micro-behaviors/os/application/target::tronlink-word,Product/provider references are not independent artifact identity. They no longer provide blanket benign suppression.,unless
objectives/anti-static/obfuscation/imports::import-concealed-ransomware-pattern,micro-behaviors/fs/,2,0,micro-behaviors/fs/path/private-key::node-keypair-json-target;micro-behaviors/fs/path/wallet::node-wallet-json-target,,"Keep subject-based capability/objective membership; each moved observation follows its actual UI, key, path, service, termination, or process-interference subject.",any
objectives/anti-static/obfuscation/imports::import-concealed-dropper-pattern,micro-behaviors/fs/,2,0,micro-behaviors/fs/path/private-key::node-keypair-json-target;micro-behaviors/fs/path/wallet::node-wallet-json-target,,"Keep subject-based capability/objective membership; each moved observation follows its actual UI, key, path, service, termination, or process-interference subject.",any
objectives/anti-static/obfuscation/multi-layer::js-sharded-bracket-xor-loader,well-known/lib/,0,1,,micro-behaviors/os/application/target::phantom-wallet-word,Product/provider references are not independent artifact identity. They no longer provide blanket benign suppression.,unless
objectives/anti-static/obfuscation/multi-layer::js-scrambled-shard-reassembly,well-known/lib/,0,1,,micro-behaviors/os/application/target::phantom-wallet-word,Product/provider references are not independent artifact identity. They no longer provide blanket benign suppression.,unless
objectives/anti-static/obfuscation/multi-layer::hostile-python-loader,well-known/lib/,0,1,,micro-behaviors/os/application/target::phantom-wallet-word,Product/provider references are not independent artifact identity. They no longer provide blanket benign suppression.,unless
objectives/anti-static/obfuscation/multi-layer::python-multilayer-carrier-exec,well-known/lib/,0,1,,micro-behaviors/os/application/target::phantom-wallet-word,Product/provider references are not independent artifact identity. They no longer provide blanket benign suppression.,unless
objectives/anti-static/obfuscation/multi-layer::python-large-base64-decode-exec,well-known/lib/,0,1,,micro-behaviors/os/application/target::phantom-wallet-word,Product/provider references are not independent artifact identity. They no longer provide blanket benign suppression.,unless
objectives/anti-static/obfuscation/multi-layer::python-medium-base64-decode-exec,well-known/lib/,0,1,,micro-behaviors/os/application/target::phantom-wallet-word,Product/provider references are not independent artifact identity. They no longer provide blanket benign suppression.,unless
objectives/anti-static/obfuscation/multi-layer::python-marshal-bytecode-loader,well-known/lib/,0,1,,micro-behaviors/os/application/target::phantom-wallet-word,Product/provider references are not independent artifact identity. They no longer provide blanket benign suppression.,unless
objectives/anti-static/obfuscation/binary-metrics/exports::export-flood-capi-manual-pe-loader,well-known/lib/,0,1,,micro-behaviors/os/application/target::phantom-wallet-word,Product/provider references are not independent artifact identity. They no longer provide blanket benign suppression.,unless
objectives/anti-static/obfuscation/binary-metrics/exports::export-flood-capi-manual-pe-loader,well-known/app/,0,1,,micro-behaviors/os/application/target::tronlink-word,Product/provider references are not independent artifact identity. They no longer provide blanket benign suppression.,unless
objectives/anti-static/obfuscation/binary-metrics/imports::huge-file-tiny-imports,micro-behaviors/crypto/,5,7,micro-behaviors/crypto/asymmetric/key::node-wallet-key-token;micro-behaviors/crypto/asymmetric/key::private-key-word;micro-behaviors/crypto/asymmetric/key::xrpl-seed-literal;micro-behaviors/crypto/mnemonic::node-mnemonic-token;micro-behaviors/crypto/mnemonic::node-seed-phrase-token,micro-behaviors/os/application/target::wallet-brand-bitget;micro-behaviors/os/application/target::wallet-brand-catalog;micro-behaviors/os/application/target::wallet-brand-coinbase;micro-behaviors/os/application/target::wallet-brand-metamask;micro-behaviors/os/application/target::wallet-brand-phantom;micro-behaviors/os/application/target::wallet-brand-rabby;micro-behaviors/os/application/target::wallet-brand-solflare,"Keep subject-based capability/objective membership; each moved observation follows its actual UI, key, path, service, termination, or process-interference subject.",any
objectives/anti-static/obfuscation/binary-metrics/imports::embedded-payload-binary,micro-behaviors/crypto/,5,7,micro-behaviors/crypto/asymmetric/key::node-wallet-key-token;micro-behaviors/crypto/asymmetric/key::private-key-word;micro-behaviors/crypto/asymmetric/key::xrpl-seed-literal;micro-behaviors/crypto/mnemonic::node-mnemonic-token;micro-behaviors/crypto/mnemonic::node-seed-phrase-token,micro-behaviors/os/application/target::wallet-brand-bitget;micro-behaviors/os/application/target::wallet-brand-catalog;micro-behaviors/os/application/target::wallet-brand-coinbase;micro-behaviors/os/application/target::wallet-brand-metamask;micro-behaviors/os/application/target::wallet-brand-phantom;micro-behaviors/os/application/target::wallet-brand-rabby;micro-behaviors/os/application/target::wallet-brand-solflare,"Keep subject-based capability/objective membership; each moved observation follows its actual UI, key, path, service, termination, or process-interference subject.",any
objectives/anti-static/obfuscation/binary-metrics/shape::importless-extreme-control-flow-pe,well-known/lib/,0,1,,micro-behaviors/os/application/target::phantom-wallet-word,Product/provider references are not independent artifact identity. They no longer provide blanket benign suppression.,unless
objectives/anti-static/obfuscation/binary-metrics/shape::importless-extreme-control-flow-pe,well-known/app/,0,1,,micro-behaviors/os/application/target::tronlink-word,Product/provider references are not independent artifact identity. They no longer provide blanket benign suppression.,unless
objectives/anti-static/obfuscation/binary-metrics/shape::importless-flattened-rwx-loader,well-known/lib/,0,1,,micro-behaviors/os/application/target::phantom-wallet-word,Product/provider references are not independent artifact identity. They no longer provide blanket benign suppression.,unless
objectives/anti-static/obfuscation/binary-metrics/shape::importless-flattened-rwx-loader,well-known/app/,0,1,,micro-behaviors/os/application/target::tronlink-word,Product/provider references are not independent artifact identity. They no longer provide blanket benign suppression.,unless
objectives/anti-static/obfuscation/binary-metrics/shape::macho-encrypted-payload-launcher,well-known/lib/,0,1,,micro-behaviors/os/application/target::phantom-wallet-word,Product/provider references are not independent artifact identity. They no longer provide blanket benign suppression.,unless
objectives/anti-static/obfuscation/binary-metrics/shape::macho-encrypted-payload-launcher,well-known/app/,0,1,,micro-behaviors/os/application/target::tronlink-word,Product/provider references are not independent artifact identity. They no longer provide blanket benign suppression.,unless
objectives/anti-static/obfuscation/binary-metrics/shape::macho-environmentally-keyed-payload,well-known/lib/,0,1,,micro-behaviors/os/application/target::phantom-wallet-word,Product/provider references are not independent artifact identity. They no longer provide blanket benign suppression.,unless
objectives/anti-static/obfuscation/binary-metrics/shape::macho-environmentally-keyed-payload,well-known/app/,0,1,,micro-behaviors/os/application/target::tronlink-word,Product/provider references are not independent artifact identity. They no longer provide blanket benign suppression.,unless
objectives/anti-static/obfuscation/binary-metrics/symbols::importless-random-export-obfuscated-dll,well-known/lib/,0,1,,micro-behaviors/os/application/target::phantom-wallet-word,Product/provider references are not independent artifact identity. They no longer provide blanket benign suppression.,unless
objectives/anti-static/obfuscation/code-metrics/structure::sh-reconstructed-command-name,well-known/lib/,0,1,,micro-behaviors/os/application/target::phantom-wallet-word,Product/provider references are not independent artifact identity. They no longer provide blanket benign suppression.,unless
objectives/anti-static/obfuscation/code-metrics/structure::sh-staged-command-reconstruction,well-known/lib/,0,1,,micro-behaviors/os/application/target::phantom-wallet-word,Product/provider references are not independent artifact identity. They no longer provide blanket benign suppression.,unless
objectives/anti-static/obfuscation/encoding/content::encoded-eval,well-known/lib/,0,1,,micro-behaviors/os/application/target::phantom-wallet-word,Product/provider references are not independent artifact identity. They no longer provide blanket benign suppression.,unless
objectives/anti-static/obfuscation/encoding/content::encoded-js-execution-pattern,well-known/lib/,0,1,,micro-behaviors/os/application/target::phantom-wallet-word,Product/provider references are not independent artifact identity. They no longer provide blanket benign suppression.,unless
objectives/anti-static/obfuscation/encoding/hex::fromcharcode-hex,well-known/lib/,0,1,,micro-behaviors/os/application/target::phantom-wallet-word,Product/provider references are not independent artifact identity. They no longer provide blanket benign suppression.,unless
objectives/anti-static/obfuscation/encoding/uuid::uuid-shellcode-rw-memory-loader,well-known/lib/,0,1,,micro-behaviors/os/application/target::phantom-wallet-word,Product/provider references are not independent artifact identity. They no longer provide blanket benign suppression.,unless
objectives/anti-static/obfuscation/encoding/uuid::uuid-shellcode-rw-memory-loader,well-known/app/,0,1,,micro-behaviors/os/application/target::tronlink-word,Product/provider references are not independent artifact identity. They no longer provide blanket benign suppression.,unless
objectives/anti-static/obfuscation/eval/loader::packed-temp-staging-resource-payload,well-known/lib/,0,1,,micro-behaviors/os/application/target::phantom-wallet-word,Product/provider references are not independent artifact identity. They no longer provide blanket benign suppression.,unless
objectives/anti-static/obfuscation/eval/loader::packed-temp-staging-resource-payload,well-known/app/,0,1,,micro-behaviors/os/application/target::tronlink-word,Product/provider references are not independent artifact identity. They no longer provide blanket benign suppression.,unless
objectives/anti-static/obfuscation/eval/loader::php-encoded-content-execution,well-known/lib/,0,1,,micro-behaviors/os/application/target::phantom-wallet-word,Product/provider references are not independent artifact identity. They no longer provide blanket benign suppression.,unless
objectives/anti-static/obfuscation/eval/loader::php-encoded-content-execution,well-known/app/,0,1,,micro-behaviors/os/application/target::tronlink-word,Product/provider references are not independent artifact identity. They no longer provide blanket benign suppression.,unless
objectives/anti-static/obfuscation/eval/loader::php-encoded-content-dynamic-apis,well-known/lib/,0,1,,micro-behaviors/os/application/target::phantom-wallet-word,Product/provider references are not independent artifact identity. They no longer provide blanket benign suppression.,unless
objectives/anti-static/obfuscation/eval/loader::php-encoded-content-dynamic-apis,well-known/app/,0,1,,micro-behaviors/os/application/target::tronlink-word,Product/provider references are not independent artifact identity. They no longer provide blanket benign suppression.,unless
objectives/anti-static/obfuscation/eval/loader::permutation-derived-constructor,well-known/lib/,0,1,,micro-behaviors/os/application/target::phantom-wallet-word,Product/provider references are not independent artifact identity. They no longer provide blanket benign suppression.,unless
objectives/anti-static/obfuscation/eval/scripting::python-packed-or-obfuscated,well-known/lib/,0,1,,micro-behaviors/os/application/target::phantom-wallet-word,Product/provider references are not independent artifact identity. They no longer provide blanket benign suppression.,unless
objectives/anti-static/obfuscation/eval/scripting::python-packed-dynamic-exec,well-known/lib/,0,1,,micro-behaviors/os/application/target::phantom-wallet-word,Product/provider references are not independent artifact identity. They no longer provide blanket benign suppression.,unless
objectives/anti-static/obfuscation/eval/scripting::python-packed-subprocess,well-known/lib/,0,1,,micro-behaviors/os/application/target::phantom-wallet-word,Product/provider references are not independent artifact identity. They no longer provide blanket benign suppression.,unless
objectives/anti-static/obfuscation/eval/scripting::import-heavy-packer-stub,well-known/lib/,0,1,,micro-behaviors/os/application/target::phantom-wallet-word,Product/provider references are not independent artifact identity. They no longer provide blanket benign suppression.,unless
objectives/anti-static/obfuscation/name-mangling/export-name::sparse-packed-random-export-dll,well-known/lib/,0,1,,micro-behaviors/os/application/target::phantom-wallet-word,Product/provider references are not independent artifact identity. They no longer provide blanket benign suppression.,unless
objectives/anti-static/obfuscation/name-mangling/export-name::sparse-packed-random-export-dll,well-known/app/,0,1,,micro-behaviors/os/application/target::tronlink-word,Product/provider references are not independent artifact identity. They no longer provide blanket benign suppression.,unless
objectives/anti-static/obfuscation/payload/config::api-named-byte-array-const,well-known/lib/,0,1,,micro-behaviors/os/application/target::phantom-wallet-word,Product/provider references are not independent artifact identity. They no longer provide blanket benign suppression.,unless
objectives/anti-static/obfuscation/payload/encoded::js-eval-base64-child-process,well-known/lib/,0,1,,micro-behaviors/os/application/target::phantom-wallet-word,Product/provider references are not independent artifact identity. They no longer provide blanket benign suppression.,unless
objectives/anti-static/obfuscation/payload/encrypted::anonymous-identity-opaque-resource-carrier,well-known/lib/,0,1,,micro-behaviors/os/application/target::phantom-wallet-word,Product/provider references are not independent artifact identity. They no longer provide blanket benign suppression.,unless
objectives/anti-static/obfuscation/payload/encrypted::anonymous-identity-opaque-resource-carrier,well-known/app/,0,1,,micro-behaviors/os/application/target::tronlink-word,Product/provider references are not independent artifact identity. They no longer provide blanket benign suppression.,unless
objectives/anti-static/obfuscation/payload/encrypted::vbs-concealed-executable-stage,well-known/lib/,0,1,,micro-behaviors/os/application/target::phantom-wallet-word,Product/provider references are not independent artifact identity. They no longer provide blanket benign suppression.,unless
objectives/anti-static/obfuscation/payload/encrypted::vbs-concealed-executable-stage,well-known/app/,0,1,,micro-behaviors/os/application/target::tronlink-word,Product/provider references are not independent artifact identity. They no longer provide blanket benign suppression.,unless
objectives/anti-static/obfuscation/payload/encrypted::encrypted-memory-loader,well-known/app/,0,1,,micro-behaviors/os/application/target::tronlink-word,Product/provider references are not independent artifact identity. They no longer provide blanket benign suppression.,unless
objectives/anti-static/obfuscation/payload/encrypted::compact-opaque-chacha-rodata-profile,well-known/lib/,0,1,,micro-behaviors/os/application/target::phantom-wallet-word,Product/provider references are not independent artifact identity. They no longer provide blanket benign suppression.,unless
objectives/anti-static/obfuscation/payload/encrypted::encrypted-networked-unsigned-payload,well-known/lib/,0,1,,micro-behaviors/os/application/target::phantom-wallet-word,Product/provider references are not independent artifact identity. They no longer provide blanket benign suppression.,unless
objectives/anti-static/obfuscation/payload/encrypted::encrypted-networked-unsigned-payload,well-known/app/,0,1,,micro-behaviors/os/application/target::tronlink-word,Product/provider references are not independent artifact identity. They no longer provide blanket benign suppression.,unless
objectives/anti-static/obfuscation/payload/encrypted::encrypted-networked-deferred-api-payload,well-known/app/,0,1,,micro-behaviors/os/application/target::tronlink-word,Product/provider references are not independent artifact identity. They no longer provide blanket benign suppression.,unless
objectives/anti-static/obfuscation/payload/encrypted::encrypted-networked-winsock-ordinal-stub,well-known/app/,0,1,,micro-behaviors/os/application/target::tronlink-word,Product/provider references are not independent artifact identity. They no longer provide blanket benign suppression.,unless
objectives/anti-static/obfuscation/payload/encrypted::high-entropy-rwx-pe-loader,well-known/app/,0,1,,micro-behaviors/os/application/target::tronlink-word,Product/provider references are not independent artifact identity. They no longer provide blanket benign suppression.,unless
objectives/anti-static/obfuscation/payload/encrypted::renamed-opaque-overlay-runtime-api-cluster,well-known/lib/,0,1,,micro-behaviors/os/application/target::phantom-wallet-word,Product/provider references are not independent artifact identity. They no longer provide blanket benign suppression.,unless
objectives/anti-static/obfuscation/payload/encrypted::renamed-opaque-overlay-runtime-api-cluster,well-known/app/,0,1,,micro-behaviors/os/application/target::tronlink-word,Product/provider references are not independent artifact identity. They no longer provide blanket benign suppression.,unless
objectives/anti-static/obfuscation/payload/encrypted::unsigned-opaque-overlay-runtime-process-loader,well-known/lib/,0,1,,micro-behaviors/os/application/target::phantom-wallet-word,Product/provider references are not independent artifact identity. They no longer provide blanket benign suppression.,unless
objectives/anti-static/obfuscation/payload/encrypted::unsigned-opaque-overlay-runtime-process-loader,well-known/app/,0,1,,micro-behaviors/os/application/target::tronlink-word,Product/provider references are not independent artifact identity. They no longer provide blanket benign suppression.,unless
objectives/anti-static/obfuscation/payload/encrypted::opaque-go-encrypted-blob-self-signed-loader,well-known/lib/,0,1,,micro-behaviors/os/application/target::phantom-wallet-word,Product/provider references are not independent artifact identity. They no longer provide blanket benign suppression.,unless
objectives/anti-static/obfuscation/payload/encrypted::opaque-go-encrypted-blob-self-signed-loader,well-known/app/,0,1,,micro-behaviors/os/application/target::tronlink-word,Product/provider references are not independent artifact identity. They no longer provide blanket benign suppression.,unless
objectives/anti-static/obfuscation/payload/encrypted::encrypted-resource-dynamic-loader,well-known/app/,0,1,,micro-behaviors/os/application/target::tronlink-word,Product/provider references are not independent artifact identity. They no longer provide blanket benign suppression.,unless
objectives/anti-static/obfuscation/payload/encrypted::python-hmac-pbkdf2-xor-exec-loader,well-known/lib/,0,1,,micro-behaviors/os/application/target::phantom-wallet-word,Product/provider references are not independent artifact identity. They no longer provide blanket benign suppression.,unless
objectives/anti-static/obfuscation/payload/encrypted::python-hmac-xor-module-packer,well-known/lib/,0,1,,micro-behaviors/os/application/target::phantom-wallet-word,Product/provider references are not independent artifact identity. They no longer provide blanket benign suppression.,unless
objectives/anti-static/obfuscation/payload/import::ransomware-packed-minimal,micro-behaviors/crypto/,5,7,micro-behaviors/crypto/asymmetric/key::node-wallet-key-token;micro-behaviors/crypto/asymmetric/key::private-key-word;micro-behaviors/crypto/asymmetric/key::xrpl-seed-literal;micro-behaviors/crypto/mnemonic::node-mnemonic-token;micro-behaviors/crypto/mnemonic::node-seed-phrase-token,micro-behaviors/os/application/target::wallet-brand-bitget;micro-behaviors/os/application/target::wallet-brand-catalog;micro-behaviors/os/application/target::wallet-brand-coinbase;micro-behaviors/os/application/target::wallet-brand-metamask;micro-behaviors/os/application/target::wallet-brand-phantom;micro-behaviors/os/application/target::wallet-brand-rabby;micro-behaviors/os/application/target::wallet-brand-solflare,"Keep subject-based capability/objective membership; each moved observation follows its actual UI, key, path, service, termination, or process-interference subject.",all
objectives/anti-static/obfuscation/payload/import::encrypted-payload-binary,micro-behaviors/crypto/,5,7,micro-behaviors/crypto/asymmetric/key::node-wallet-key-token;micro-behaviors/crypto/asymmetric/key::private-key-word;micro-behaviors/crypto/asymmetric/key::xrpl-seed-literal;micro-behaviors/crypto/mnemonic::node-mnemonic-token;micro-behaviors/crypto/mnemonic::node-seed-phrase-token,micro-behaviors/os/application/target::wallet-brand-bitget;micro-behaviors/os/application/target::wallet-brand-catalog;micro-behaviors/os/application/target::wallet-brand-coinbase;micro-behaviors/os/application/target::wallet-brand-metamask;micro-behaviors/os/application/target::wallet-brand-phantom;micro-behaviors/os/application/target::wallet-brand-rabby;micro-behaviors/os/application/target::wallet-brand-solflare,"Keep subject-based capability/objective membership; each moved observation follows its actual UI, key, path, service, termination, or process-interference subject.",any
objectives/anti-static/obfuscation/payload/loader::macho-obfuscated-memory-bootstrap,well-known/lib/,0,1,,micro-behaviors/os/application/target::phantom-wallet-word,Product/provider references are not independent artifact identity. They no longer provide blanket benign suppression.,unless
objectives/anti-static/obfuscation/payload/loader::macho-obfuscated-memory-bootstrap,well-known/app/,0,1,,micro-behaviors/os/application/target::tronlink-word,Product/provider references are not independent artifact identity. They no longer provide blanket benign suppression.,unless
objectives/anti-static/obfuscation/payload/loader::encrypted-native-section-stage,well-known/lib/,0,1,,micro-behaviors/os/application/target::phantom-wallet-word,Product/provider references are not independent artifact identity. They no longer provide blanket benign suppression.,unless
objectives/anti-static/obfuscation/payload/resource::unsigned-fnv-bitmap-stub,well-known/lib/,0,1,,micro-behaviors/os/application/target::phantom-wallet-word,Product/provider references are not independent artifact identity. They no longer provide blanket benign suppression.,unless
objectives/anti-static/obfuscation/payload/section::unsigned-opaque-hook-payload,well-known/app/,0,1,,micro-behaviors/os/application/target::tronlink-word,Product/provider references are not independent artifact identity. They no longer provide blanket benign suppression.,unless
objectives/anti-static/obfuscation/payload/section::unsigned-packed-resource-shellexec,well-known/app/,0,1,,micro-behaviors/os/application/target::tronlink-word,Product/provider references are not independent artifact identity. They no longer provide blanket benign suppression.,unless
objectives/anti-static/obfuscation/payload/section::unsigned-packed-placeholder-identity,well-known/app/,0,1,,micro-behaviors/os/application/target::tronlink-word,Product/provider references are not independent artifact identity. They no longer provide blanket benign suppression.,unless
objectives/anti-static/obfuscation/payload/section::unsigned-packed-shellexec-stub,well-known/app/,0,1,,micro-behaviors/os/application/target::tronlink-word,Product/provider references are not independent artifact identity. They no longer provide blanket benign suppression.,unless
objectives/anti-static/obfuscation/payload/section::unsigned-anonymous-section-debugcheck,well-known/app/,0,1,,micro-behaviors/os/application/target::tronlink-word,Product/provider references are not independent artifact identity. They no longer provide blanket benign suppression.,unless
objectives/anti-static/obfuscation/payload/section::unsigned-anonymous-section-alloc,well-known/app/,0,1,,micro-behaviors/os/application/target::tronlink-word,Product/provider references are not independent artifact identity. They no longer provide blanket benign suppression.,unless
objectives/anti-static/obfuscation/payload/section::unsigned-anonymous-section-protect,well-known/app/,0,1,,micro-behaviors/os/application/target::tronlink-word,Product/provider references are not independent artifact identity. They no longer provide blanket benign suppression.,unless
objectives/anti-static/obfuscation/payload/section::unsigned-anonymous-section-resolver,well-known/app/,0,1,,micro-behaviors/os/application/target::tronlink-word,Product/provider references are not independent artifact identity. They no longer provide blanket benign suppression.,unless
objectives/anti-static/obfuscation/steganography/unicode::homoglyphs,well-known/lib/,0,1,,micro-behaviors/os/application/target::phantom-wallet-word,Product/provider references are not independent artifact identity. They no longer provide blanket benign suppression.,unless
objectives/anti-static/obfuscation/string/reconstruct::python-encoded-token-replace-exec,well-known/lib/,0,1,,micro-behaviors/os/application/target::phantom-wallet-word,Product/provider references are not independent artifact identity. They no longer provide blanket benign suppression.,unless
objectives/anti-static/pack/entropy::rwx-entry-high-entropy-memory-loader,well-known/app/,0,1,,micro-behaviors/os/application/target::tronlink-word,Product/provider references are not independent artifact identity. They no longer provide blanket benign suppression.,unless
objectives/anti-static/pack/entropy::unsigned-writable-ep-entropy-unpacker,well-known/app/,0,1,,micro-behaviors/os/application/target::tronlink-word,Product/provider references are not independent artifact identity. They no longer provide blanket benign suppression.,unless
objectives/anti-static/pack/entropy::unsigned-writable-text-ep-unpacker,well-known/app/,0,1,,micro-behaviors/os/application/target::tronlink-word,Product/provider references are not independent artifact identity. They no longer provide blanket benign suppression.,unless
objectives/anti-static/pack/entropy::unsigned-nonstandard-rwx-unpacker,well-known/app/,0,1,,micro-behaviors/os/application/target::tronlink-word,Product/provider references are not independent artifact identity. They no longer provide blanket benign suppression.,unless
objectives/anti-static/pack/overlay::overlay-packed-injection-stub,well-known/lib/,0,1,,micro-behaviors/os/application/target::phantom-wallet-word,Product/provider references are not independent artifact identity. They no longer provide blanket benign suppression.,unless
objectives/anti-static/pack/overlay::overlay-stub-detached-signature,well-known/lib/,0,1,,micro-behaviors/os/application/target::phantom-wallet-word,Product/provider references are not independent artifact identity. They no longer provide blanket benign suppression.,unless
objectives/anti-static/pack/overlay::writable-ep-overlay-packer,well-known/lib/,0,1,,micro-behaviors/os/application/target::phantom-wallet-word,Product/provider references are not independent artifact identity. They no longer provide blanket benign suppression.,unless
objectives/anti-static/pack/overlay::writable-ep-checksum-mismatch,well-known/lib/,0,1,,micro-behaviors/os/application/target::phantom-wallet-word,Product/provider references are not independent artifact identity. They no longer provide blanket benign suppression.,unless
objectives/anti-static/pack/overlay::writable-ep-bound-imports,well-known/lib/,0,1,,micro-behaviors/os/application/target::phantom-wallet-word,Product/provider references are not independent artifact identity. They no longer provide blanket benign suppression.,unless
objectives/anti-static/pack/overlay::writable-ep-high-entropy-overlay,well-known/lib/,0,1,,micro-behaviors/os/application/target::phantom-wallet-word,Product/provider references are not independent artifact identity. They no longer provide blanket benign suppression.,unless
objectives/anti-static/pack/overlay::writable-ep-vb6-shell,well-known/lib/,0,1,,micro-behaviors/os/application/target::phantom-wallet-word,Product/provider references are not independent artifact identity. They no longer provide blanket benign suppression.,unless
objectives/anti-static/pack/overlay::small-pe-writable-ep,well-known/lib/,0,1,,micro-behaviors/os/application/target::phantom-wallet-word,Product/provider references are not independent artifact identity. They no longer provide blanket benign suppression.,unless
objectives/anti-static/pack/overlay::writable-ep-no-resources,well-known/lib/,0,1,,micro-behaviors/os/application/target::phantom-wallet-word,Product/provider references are not independent artifact identity. They no longer provide blanket benign suppression.,unless
objectives/anti-static/pack/overlay::writable-ep-wininet,well-known/lib/,0,1,,micro-behaviors/os/application/target::phantom-wallet-word,Product/provider references are not independent artifact identity. They no longer provide blanket benign suppression.,unless
objectives/anti-static/pack/runtime::writable-ep-no-exec-sections,well-known/lib/,0,1,,micro-behaviors/os/application/target::phantom-wallet-word,Product/provider references are not independent artifact identity. They no longer provide blanket benign suppression.,unless
objectives/anti-static/pack/runtime::dynamic-api-winsock-memory-stub,well-known/lib/,0,1,,micro-behaviors/os/application/target::phantom-wallet-word,Product/provider references are not independent artifact identity. They no longer provide blanket benign suppression.,unless
objectives/anti-static/pack/malformed-pe::efi-pe-no-imports,well-known/lib/,0,1,,micro-behaviors/os/application/target::phantom-wallet-word,Product/provider references are not independent artifact identity. They no longer provide blanket benign suppression.,unless
objectives/anti-static/pack/malformed-pe::efi-pe-blank-section,well-known/lib/,0,1,,micro-behaviors/os/application/target::phantom-wallet-word,Product/provider references are not independent artifact identity. They no longer provide blanket benign suppression.,unless
objectives/anti-static/pack/malformed-pe::efi-pe-opaque-name,well-known/lib/,0,1,,micro-behaviors/os/application/target::phantom-wallet-word,Product/provider references are not independent artifact identity. They no longer provide blanket benign suppression.,unless
objectives/anti-static/pack/malformed-pe::efi-pe-detached-signature,well-known/lib/,0,1,,micro-behaviors/os/application/target::phantom-wallet-word,Product/provider references are not independent artifact identity. They no longer provide blanket benign suppression.,unless
objectives/anti-static/pack/manual-map::unsigned-pe-header-walk-com,well-known/lib/,0,1,,micro-behaviors/os/application/target::phantom-wallet-word,Product/provider references are not independent artifact identity. They no longer provide blanket benign suppression.,unless
objectives/anti-static/pack/manual-map::unsigned-mz-walk-sparse,well-known/lib/,0,1,,micro-behaviors/os/application/target::phantom-wallet-word,Product/provider references are not independent artifact identity. They no longer provide blanket benign suppression.,unless
objectives/anti-static/pack/manual-map::unsigned-com-few-imports,well-known/lib/,0,1,,micro-behaviors/os/application/target::phantom-wallet-word,Product/provider references are not independent artifact identity. They no longer provide blanket benign suppression.,unless
objectives/anti-static/pack/manual-map::opaque-pe-header-walk,well-known/lib/,0,1,,micro-behaviors/os/application/target::phantom-wallet-word,Product/provider references are not independent artifact identity. They no longer provide blanket benign suppression.,unless
objectives/collection/screenshot::encrypted-pe-desktop-duplication,well-known/app/,0,1,,micro-behaviors/os/application/target::tronlink-word,Product/provider references are not independent artifact identity. They no longer provide blanket benign suppression.,unless
objectives/collection/screenshot::dotnet-multimedia-surveillance-tcp,well-known/lib/,0,1,,micro-behaviors/os/application/target::phantom-wallet-word,Product/provider references are not independent artifact identity. They no longer provide blanket benign suppression.,unless
objectives/collection/screenshot::dotnet-multimedia-surveillance-tcp,well-known/app/,0,1,,micro-behaviors/os/application/target::tronlink-word,Product/provider references are not independent artifact identity. They no longer provide blanket benign suppression.,unless
objectives/collection/screenshot::dotnet-resource-backed-screen-surveillance,well-known/lib/,0,1,,micro-behaviors/os/application/target::phantom-wallet-word,Product/provider references are not independent artifact identity. They no longer provide blanket benign suppression.,unless
objectives/collection/screenshot::dotnet-resource-backed-screen-surveillance,well-known/app/,0,1,,micro-behaviors/os/application/target::tronlink-word,Product/provider references are not independent artifact identity. They no longer provide blanket benign suppression.,unless
objectives/collection/screenshot::powershell-full-desktop-capture-to-file,well-known/app/,0,1,,micro-behaviors/os/application/target::tronlink-word,Product/provider references are not independent artifact identity. They no longer provide blanket benign suppression.,unless
objectives/collection/screenshot::gdi-screen-network-file-cleanup,well-known/lib/,0,1,,micro-behaviors/os/application/target::phantom-wallet-word,Product/provider references are not independent artifact identity. They no longer provide blanket benign suppression.,unless
objectives/collection/screenshot::gdi-screen-network-file-cleanup,well-known/app/,0,1,,micro-behaviors/os/application/target::tronlink-word,Product/provider references are not independent artifact identity. They no longer provide blanket benign suppression.,unless
objectives/collection/screenshot::gdi-input-hook-surveillance,well-known/lib/,0,1,,micro-behaviors/os/application/target::phantom-wallet-word,Product/provider references are not independent artifact identity. They no longer provide blanket benign suppression.,unless
objectives/collection/screenshot::gdi-input-hook-surveillance,well-known/app/,0,1,,micro-behaviors/os/application/target::tronlink-word,Product/provider references are not independent artifact identity. They no longer provide blanket benign suppression.,unless
objectives/collection/screenshot::gdi-window-capture,well-known/lib/,0,1,,micro-behaviors/os/application/target::phantom-wallet-word,Product/provider references are not independent artifact identity. They no longer provide blanket benign suppression.,unless
objectives/collection/screenshot::gdi-window-capture,well-known/app/,0,1,,micro-behaviors/os/application/target::tronlink-word,Product/provider references are not independent artifact identity. They no longer provide blanket benign suppression.,unless
objectives/collection/screenshot::gdi-capture-clipboard-desktop-access,well-known/lib/,0,1,,micro-behaviors/os/application/target::phantom-wallet-word,Product/provider references are not independent artifact identity. They no longer provide blanket benign suppression.,unless
objectives/collection/screenshot::gdi-capture-clipboard-desktop-access,well-known/app/,0,1,,micro-behaviors/os/application/target::tronlink-word,Product/provider references are not independent artifact identity. They no longer provide blanket benign suppression.,unless
objectives/collection/screenshot::gdi-clipboard-socks5-executable-loader,well-known/lib/,0,1,,micro-behaviors/os/application/target::phantom-wallet-word,Product/provider references are not independent artifact identity. They no longer provide blanket benign suppression.,unless
objectives/collection/screenshot::gdi-clipboard-socks5-executable-loader,well-known/app/,0,1,,micro-behaviors/os/application/target::tronlink-word,Product/provider references are not independent artifact identity. They no longer provide blanket benign suppression.,unless
objectives/collection/screenshot::gdi-capture-clipboard-hook-surveillance,well-known/lib/,0,1,,micro-behaviors/os/application/target::phantom-wallet-word,Product/provider references are not independent artifact identity. They no longer provide blanket benign suppression.,unless
objectives/collection/screenshot::gdi-capture-clipboard-hook-surveillance,well-known/app/,0,1,,micro-behaviors/os/application/target::tronlink-word,Product/provider references are not independent artifact identity. They no longer provide blanket benign suppression.,unless
objectives/collection/clipboard/capture::clipboard-screen-hook-benign-runtime-context,well-known/app/browser-extension/,0,1,,micro-behaviors/os/application/target::tronlink-word,Product/provider references are not independent artifact identity. They no longer satisfy an artifact-identity group.,any
objectives/collection/clipboard/capture::clipboard-screen-hook-native-runtime-context,well-known/app/browser-extension/,0,1,,micro-behaviors/os/application/target::tronlink-word,Product/provider references are not independent artifact identity. They no longer satisfy an artifact-identity group.,any
objectives/collection/clipboard/capture::windows-clipboard-screen-hook-injection,well-known/lib/,0,1,,micro-behaviors/os/application/target::phantom-wallet-word,Product/provider references are not independent artifact identity. They no longer provide blanket benign suppression.,unless
objectives/collection/clipboard/capture::windows-clipboard-screen-hook-injection,well-known/app/,0,1,,micro-behaviors/os/application/target::tronlink-word,Product/provider references are not independent artifact identity. They no longer provide blanket benign suppression.,unless
objectives/collection/clipboard/capture::windows-clipboard-screen-keyboard-collector,well-known/app/browser-extension/,0,1,,micro-behaviors/os/application/target::tronlink-word,Product/provider references are not independent artifact identity. They no longer provide blanket benign suppression.,unless
objectives/collection/clipboard/capture::windows-clipboard-screen-polling-surveillance,well-known/lib/,0,1,,micro-behaviors/os/application/target::phantom-wallet-word,Product/provider references are not independent artifact identity. They no longer provide blanket benign suppression.,unless
objectives/collection/clipboard/capture::windows-clipboard-screen-polling-surveillance,well-known/app/,0,1,,micro-behaviors/os/application/target::tronlink-word,Product/provider references are not independent artifact identity. They no longer provide blanket benign suppression.,unless
objectives/collection/clipboard/capture::windows-surveillance-network-exfil,well-known/lib/,0,1,,micro-behaviors/os/application/target::phantom-wallet-word,Product/provider references are not independent artifact identity. They no longer provide blanket benign suppression.,unless
objectives/collection/clipboard/capture::windows-surveillance-network-exfil,well-known/app/,0,1,,micro-behaviors/os/application/target::tronlink-word,Product/provider references are not independent artifact identity. They no longer provide blanket benign suppression.,unless
objectives/collection/clipboard/capture::clipboard-bitmap-winhttp-exfil,well-known/lib/,0,1,,micro-behaviors/os/application/target::phantom-wallet-word,Product/provider references are not independent artifact identity. They no longer provide blanket benign suppression.,unless
objectives/collection/clipboard/capture::clipboard-bitmap-winhttp-exfil,well-known/app/,0,1,,micro-behaviors/os/application/target::tronlink-word,Product/provider references are not independent artifact identity. They no longer provide blanket benign suppression.,unless
objectives/collection/file-targeting/enumeration::sensitive-file-enumeration,well-known/lib/,0,1,,micro-behaviors/os/application/target::phantom-wallet-word,Product/provider references are not independent artifact identity. They no longer provide blanket benign suppression.,unless
objectives/collection/file-targeting/enumeration::sensitive-file-enumeration,well-known/app/,0,1,,micro-behaviors/os/application/target::tronlink-word,Product/provider references are not independent artifact identity. They no longer provide blanket benign suppression.,unless
objectives/collection/file-targeting/identity-set::js-sensitive-target-file-marker,objectives/credential-access/wallet/,0,38,,micro-behaviors/crypto/asymmetric/key::node-wallet-key-token;micro-behaviors/crypto/asymmetric/key::private-key-word;micro-behaviors/crypto/asymmetric/key::xrpl-seed-literal;micro-behaviors/crypto/mnemonic::node-mnemonic-token;micro-behaviors/crypto/mnemonic::node-seed-phrase-token;micro-behaviors/fs/path/private-key::node-keypair-json-target;micro-behaviors/fs/path/wallet::node-wallet-json-target;micro-behaviors/os/application/target::crypto-wallet-keyword-cluster--rx-1;micro-behaviors/os/application/target::crypto-wallet-keyword-cluster--rx-2;micro-behaviors/os/application/target::electrum-word;micro-behaviors/os/application/target::exodus-word;micro-behaviors/os/application/target::hardware-wallet-keyword-cluster--rx-10;micro-behaviors/os/application/target::hardware-wallet-keyword-cluster--rx-6;micro-behaviors/os/application/target::hardware-wallet-keyword-cluster--rx-7;micro-behaviors/os/application/target::hardware-wallet-keyword-cluster--rx-8;micro-behaviors/os/application/target::hardware-wallet-keyword-cluster--rx-9;micro-behaviors/os/application/target::rust-wallet-keyword-trustwallet;micro-behaviors/os/application/target::trezor-word;micro-behaviors/os/application/target::wallet-app-name-cluster;micro-behaviors/os/application/target::wallet-brand-metamask;micro-behaviors/os/service/launchagent::wallet-launchagent-label;micro-behaviors/process/terminate/command::application-path-force-kill;micro-behaviors/process/terminate/command::taskkill-wallet-image;micro-behaviors/process/terminate/command::wallet-or-application-kill;micro-behaviors/ui/controls/credential::credential-entry-label;micro-behaviors/ui/controls/credential::credential-entry-page;micro-behaviors/ui/controls/credential::credential-input-surface;micro-behaviors/ui/controls/credential::private-key-enter-label;micro-behaviors/ui/controls/credential::private-key-entry-label;micro-behaviors/ui/controls/credential::private-key-import-label;micro-behaviors/ui/controls/credential::private-key-input-label;micro-behaviors/ui/controls/credential::private-key-recovery-label;micro-behaviors/ui/controls/credential::private-key-verify-screen-symbol;micro-behaviors/ui/controls/wallet::mnemonic-verify-screen-symbol;micro-behaviors/ui/controls/wallet::recovery-phrase-view-symbol;objectives/credential-access/wallet/desktop::desktop-wallet-spoofer;objectives/credential-access/wallet/desktop::electron-fake-wallet-persistence;objectives/impact/degrade/process::hidden-window-wallet-process-interference,Explicit repair: retain-paths. Preserve relevant source/path/context observations individually; UI controls alone no longer count as acquisition.,any
objectives/collection/keylog/hook::unsigned-staged-loader-keyboard-hook,well-known/app/,0,1,,micro-behaviors/os/application/target::tronlink-word,Product/provider references are not independent artifact identity. They no longer provide blanket benign suppression.,unless
objectives/collection/keylog/hook::windows-hook-registry-persistence-keylogger,well-known/app/,0,1,,micro-behaviors/os/application/target::tronlink-word,Product/provider references are not independent artifact identity. They no longer provide blanket benign suppression.,unless
objectives/collection/keylog/hook::windows-hook-clipboard-screen-surveillance,well-known/lib/,0,1,,micro-behaviors/os/application/target::phantom-wallet-word,Product/provider references are not independent artifact identity. They no longer provide blanket benign suppression.,unless
objectives/collection/keylog/hook::windows-hook-clipboard-screen-surveillance,well-known/app/,0,1,,micro-behaviors/os/application/target::tronlink-word,Product/provider references are not independent artifact identity. They no longer provide blanket benign suppression.,unless
objectives/collection/keylog/hook::windows-input-hook-key-state-monitor,well-known/lib/,0,1,,micro-behaviors/os/application/target::phantom-wallet-word,Product/provider references are not independent artifact identity. They no longer provide blanket benign suppression.,unless
objectives/collection/keylog/hook::windows-keylogger,well-known/lib/,0,1,,micro-behaviors/os/application/target::phantom-wallet-word,Product/provider references are not independent artifact identity. They no longer provide blanket benign suppression.,unless
objectives/collection/keylog/hook::windows-keylogger-source,well-known/lib/,0,1,,micro-behaviors/os/application/target::phantom-wallet-word,Product/provider references are not independent artifact identity. They no longer provide blanket benign suppression.,unless
objectives/command-and-control/backdoor/binary::managed-tcp-desktop-payload-backdoor,well-known/lib/,0,1,,micro-behaviors/os/application/target::phantom-wallet-word,Product/provider references are not independent artifact identity. They no longer provide blanket benign suppression.,unless
objectives/command-and-control/backdoor/binary::managed-tcp-desktop-payload-backdoor,well-known/app/,0,1,,micro-behaviors/os/application/target::tronlink-word,Product/provider references are not independent artifact identity. They no longer provide blanket benign suppression.,unless
objectives/command-and-control/backdoor/binary::importless-toolhelp-process-killer,well-known/lib/,0,1,,micro-behaviors/os/application/target::phantom-wallet-word,Product/provider references are not independent artifact identity. They no longer provide blanket benign suppression.,unless
objectives/command-and-control/backdoor/binary::unsigned-cmd-create-process-w,well-known/lib/,0,1,,micro-behaviors/os/application/target::phantom-wallet-word,Product/provider references are not independent artifact identity. They no longer provide blanket benign suppression.,unless
objectives/command-and-control/backdoor/binary::unsigned-virtual-alloc-cmd,well-known/lib/,0,1,,micro-behaviors/os/application/target::phantom-wallet-word,Product/provider references are not independent artifact identity. They no longer provide blanket benign suppression.,unless
objectives/command-and-control/backdoor/capture::dotnet-encrypted-resource-surveillance-backdoor,well-known/lib/,0,1,,micro-behaviors/os/application/target::phantom-wallet-word,Product/provider references are not independent artifact identity. They no longer provide blanket benign suppression.,unless
objectives/command-and-control/backdoor/capture::dotnet-encrypted-resource-surveillance-backdoor,well-known/app/,0,1,,micro-behaviors/os/application/target::tronlink-word,Product/provider references are not independent artifact identity. They no longer provide blanket benign suppression.,unless
objectives/command-and-control/backdoor/daemon::service-implant-with-c2,micro-behaviors/crypto/library/,0,7,,micro-behaviors/os/application/target::wallet-brand-bitget;micro-behaviors/os/application/target::wallet-brand-catalog;micro-behaviors/os/application/target::wallet-brand-coinbase;micro-behaviors/os/application/target::wallet-brand-metamask;micro-behaviors/os/application/target::wallet-brand-phantom;micro-behaviors/os/application/target::wallet-brand-rabby;micro-behaviors/os/application/target::wallet-brand-solflare,Brand-name references do not establish a crypto implementation or standard cryptography. Remove that incidental membership.,all
objectives/command-and-control/backdoor/daemon::macos-daemon-pty-connect-backdoor,well-known/app/,0,1,,micro-behaviors/os/application/target::tronlink-word,Product/provider references are not independent artifact identity. They no longer provide blanket benign suppression.,unless
objectives/command-and-control/backdoor/evasive::native-websocket-registry-tasking-agent,well-known/app/,0,1,,micro-behaviors/os/application/target::tronlink-word,Product/provider references are not independent artifact identity. They no longer provide blanket benign suppression.,unless
objectives/command-and-control/backdoor/signal::native-filter-stealth-backdoor,objectives/impact/degrade,1,0,objectives/impact/degrade/process::hidden-window-wallet-process-interference,,"Keep subject-based capability/objective membership; each moved observation follows its actual UI, key, path, service, termination, or process-interference subject.",any
objectives/command-and-control/backdoor/dispatch/profiled::profiled-remote-exec-agent,well-known/lib/,0,1,,micro-behaviors/os/application/target::phantom-wallet-word,Product/provider references are not independent artifact identity. They no longer provide blanket benign suppression.,unless
objectives/command-and-control/backdoor/dispatch/runtime::environment-authenticated-piped-command-runner,well-known/app/,0,1,,micro-behaviors/os/application/target::tronlink-word,Product/provider references are not independent artifact identity. They no longer provide blanket benign suppression.,unless
objectives/command-and-control/backdoor/dispatch/websocket::websocket-pty-remote-shell-agent,well-known/lib/,0,1,,micro-behaviors/os/application/target::phantom-wallet-word,Product/provider references are not independent artifact identity. They no longer provide blanket benign suppression.,unless
objectives/command-and-control/backdoor/dispatch/websocket::websocket-pty-remote-shell-agent,well-known/app/,0,1,,micro-behaviors/os/application/target::tronlink-word,Product/provider references are not independent artifact identity. They no longer provide blanket benign suppression.,unless
objectives/command-and-control/backdoor/dispatch/websocket::websocket-piped-child-command-agent,well-known/app/,0,1,,micro-behaviors/os/application/target::tronlink-word,Product/provider references are not independent artifact identity. They no longer provide blanket benign suppression.,unless
objectives/command-and-control/backdoor/loader/evasive::obfuscated-winsock-memory-loader,well-known/app/,0,1,,micro-behaviors/os/application/target::tronlink-word,Product/provider references are not independent artifact identity. They no longer provide blanket benign suppression.,unless
objectives/command-and-control/backdoor/loader/evasive::unsigned-debugger-gated-winsock-loader,well-known/lib/,0,1,,micro-behaviors/os/application/target::phantom-wallet-word,Product/provider references are not independent artifact identity. They no longer provide blanket benign suppression.,unless
objectives/command-and-control/backdoor/loader/evasive::unsigned-debugger-gated-winsock-loader,well-known/app/,0,1,,micro-behaviors/os/application/target::tronlink-word,Product/provider references are not independent artifact identity. They no longer provide blanket benign suppression.,unless
objectives/command-and-control/backdoor/loader/evasive::unsigned-discovery-winsock-security-masquerade,well-known/app/,0,1,,micro-behaviors/os/application/target::tronlink-word,Product/provider references are not independent artifact identity. They no longer provide blanket benign suppression.,unless
objectives/command-and-control/backdoor/loader/native-reflect::x86-manual-pe-mapper,well-known/lib/,0,1,,micro-behaviors/os/application/target::phantom-wallet-word,Product/provider references are not independent artifact identity. They no longer provide blanket benign suppression.,unless
objectives/command-and-control/backdoor/loader/native-reflect::x86-manual-pe-mapper,well-known/app/,0,1,,micro-behaviors/os/application/target::tronlink-word,Product/provider references are not independent artifact identity. They no longer provide blanket benign suppression.,unless
objectives/command-and-control/backdoor/loader/native-reflect::encrypted-overlay-x86-reflective-loader,well-known/lib/,0,1,,micro-behaviors/os/application/target::phantom-wallet-word,Product/provider references are not independent artifact identity. They no longer provide blanket benign suppression.,unless
objectives/command-and-control/backdoor/loader/native-reflect::encrypted-overlay-x86-reflective-loader,well-known/app/,0,1,,micro-behaviors/os/application/target::tronlink-word,Product/provider references are not independent artifact identity. They no longer provide blanket benign suppression.,unless
objectives/command-and-control/backdoor/loader/stage::embedded-ip-registry-anti-debug-loader,well-known/app/,0,1,,micro-behaviors/os/application/target::tronlink-word,Product/provider references are not independent artifact identity. They no longer provide blanket benign suppression.,unless
objectives/command-and-control/backdoor/loader/stage::evasive-unsigned-api-resolver-loader,well-known/app/,0,1,,micro-behaviors/os/application/target::tronlink-word,Product/provider references are not independent artifact identity. They no longer provide blanket benign suppression.,unless
objectives/command-and-control/backdoor/loader/upx-packed::upx-packed-network-shell-trojan,well-known/app/,0,1,,micro-behaviors/os/application/target::tronlink-word,Product/provider references are not independent artifact identity. They no longer provide blanket benign suppression.,unless
objectives/command-and-control/backdoor/proxy/socks::socks5-screen-clipboard-collection,well-known/lib/,0,1,,micro-behaviors/os/application/target::phantom-wallet-word,Product/provider references are not independent artifact identity. They no longer provide blanket benign suppression.,unless
objectives/command-and-control/backdoor/proxy/socks::socks5-screen-clipboard-collection,well-known/app/,0,1,,micro-behaviors/os/application/target::tronlink-word,Product/provider references are not independent artifact identity. They no longer provide blanket benign suppression.,unless
objectives/command-and-control/backdoor/proxy/socks::socks5-encrypted-memory-loader,well-known/lib/,0,1,,micro-behaviors/os/application/target::phantom-wallet-word,Product/provider references are not independent artifact identity. They no longer provide blanket benign suppression.,unless
objectives/command-and-control/backdoor/proxy/socks::socks5-encrypted-memory-loader,well-known/app/,0,1,,micro-behaviors/os/application/target::tronlink-word,Product/provider references are not independent artifact identity. They no longer provide blanket benign suppression.,unless
objectives/command-and-control/backdoor/proxy/socks::socks5-obfuscated-rwx-loader,well-known/app/,0,1,,micro-behaviors/os/application/target::tronlink-word,Product/provider references are not independent artifact identity. They no longer provide blanket benign suppression.,unless
objectives/command-and-control/backdoor/proxy/socks::windows-clipboard-screen-polling-socks,well-known/lib/,0,1,,micro-behaviors/os/application/target::phantom-wallet-word,Product/provider references are not independent artifact identity. They no longer provide blanket benign suppression.,unless
objectives/command-and-control/backdoor/proxy/socks::windows-clipboard-screen-polling-socks,well-known/app/,0,1,,micro-behaviors/os/application/target::tronlink-word,Product/provider references are not independent artifact identity. They no longer provide blanket benign suppression.,unless
objectives/command-and-control/backdoor/proxy/websocket::native-websocket-process-agent,well-known/app/,0,1,,micro-behaviors/os/application/target::tronlink-word,Product/provider references are not independent artifact identity. They no longer provide blanket benign suppression.,unless
objectives/command-and-control/backdoor/proxy/websocket::websocket-pty-socks-agent,well-known/app/,0,1,,micro-behaviors/os/application/target::tronlink-word,Product/provider references are not independent artifact identity. They no longer provide blanket benign suppression.,unless
objectives/command-and-control/backdoor/proxy/websocket::websocket-pty-socks-endpoint-agent,well-known/app/,0,1,,micro-behaviors/os/application/target::tronlink-word,Product/provider references are not independent artifact identity. They no longer provide blanket benign suppression.,unless
objectives/command-and-control/backdoor/proxy/websocket::websocket-socks-relay,well-known/app/,0,1,,micro-behaviors/os/application/target::tronlink-word,Product/provider references are not independent artifact identity. They no longer provide blanket benign suppression.,unless
objectives/command-and-control/backdoor/proxy/websocket::python-unverified-websocket-socks-relay,well-known/app/,0,1,,micro-behaviors/os/application/target::tronlink-word,Product/provider references are not independent artifact identity. They no longer provide blanket benign suppression.,unless
objectives/command-and-control/backdoor/proxy/websocket::websocket-proxy-authenticated-relay,well-known/app/,0,1,,micro-behaviors/os/application/target::tronlink-word,Product/provider references are not independent artifact identity. They no longer provide blanket benign suppression.,unless
objectives/command-and-control/backdoor/proxy/websocket::websocket-local-service-pivot,well-known/app/,0,1,,micro-behaviors/os/application/target::tronlink-word,Product/provider references are not independent artifact identity. They no longer provide blanket benign suppression.,unless
objectives/command-and-control/backdoor/rat/control::upnp-exposed-remote-control-server,well-known/lib/,0,1,,micro-behaviors/os/application/target::phantom-wallet-word,Product/provider references are not independent artifact identity. They no longer provide blanket benign suppression.,unless
objectives/command-and-control/backdoor/rat/control::upnp-exposed-remote-control-server,well-known/app/,0,1,,micro-behaviors/os/application/target::tronlink-word,Product/provider references are not independent artifact identity. They no longer provide blanket benign suppression.,unless
objectives/command-and-control/backdoor/webshell/cleanup::php-timestomp,well-known/lib/,0,1,,micro-behaviors/os/application/target::phantom-wallet-word,Product/provider references are not independent artifact identity. They no longer provide blanket benign suppression.,unless
objectives/command-and-control/backdoor/webshell/cleanup::php-timestomp,well-known/app/,0,1,,micro-behaviors/os/application/target::tronlink-word,Product/provider references are not independent artifact identity. They no longer provide blanket benign suppression.,unless
objectives/command-and-control/beacon/mutex::mutex-guid-crypto-http-coordination,well-known/app,0,1,,micro-behaviors/os/application/target::tronlink-word,Product/provider references are not independent artifact identity. They no longer provide blanket benign suppression.,unless
objectives/command-and-control/channel/messaging::skype-control-api-client-binary,well-known/lib/,0,1,,micro-behaviors/os/application/target::phantom-wallet-word,Product/provider references are not independent artifact identity. They no longer provide blanket benign suppression.,unless
objectives/command-and-control/channel/messaging::skype-control-api-client-binary,well-known/app/,0,1,,micro-behaviors/os/application/target::tronlink-word,Product/provider references are not independent artifact identity. They no longer provide blanket benign suppression.,unless
objectives/command-and-control/channel/messaging::skype-api-presence-concealment,well-known/app/,0,1,,micro-behaviors/os/application/target::tronlink-word,Product/provider references are not independent artifact identity. They no longer provide blanket benign suppression.,unless
objectives/command-and-control/channel/messaging::skype-contact-profile-harvest,well-known/app/,0,1,,micro-behaviors/os/application/target::tronlink-word,Product/provider references are not independent artifact identity. They no longer provide blanket benign suppression.,unless
objectives/command-and-control/channel/deaddrop/profile::telegram-profile-elevated-remote-loader,well-known/app/,0,1,,micro-behaviors/os/application/target::tronlink-word,Product/provider references are not independent artifact identity. They no longer provide blanket benign suppression.,unless
objectives/command-and-control/channel/irc/bot::tiny-pe-irc-privmsg,well-known/lib/,0,1,,micro-behaviors/os/application/target::phantom-wallet-word,Product/provider references are not independent artifact identity. They no longer provide blanket benign suppression.,unless
objectives/command-and-control/channel/irc/bot::tiny-pe-copyfile-stager,well-known/lib/,0,1,,micro-behaviors/os/application/target::phantom-wallet-word,Product/provider references are not independent artifact identity. They no longer provide blanket benign suppression.,unless
objectives/command-and-control/channel/irc/bot::irc-privmsg-copyfile-worm,well-known/lib/,0,1,,micro-behaviors/os/application/target::phantom-wallet-word,Product/provider references are not independent artifact identity. They no longer provide blanket benign suppression.,unless
objectives/command-and-control/dropper/node-bootstrap::exec-downloaded-raw,well-known/lib/,0,1,,micro-behaviors/os/application/target::phantom-wallet-word,Product/provider references are not independent artifact identity. They no longer provide blanket benign suppression.,unless
objectives/command-and-control/dropper/node-bootstrap::js-obfuscation-indicators,well-known/lib/,0,1,,micro-behaviors/os/application/target::phantom-wallet-word,Product/provider references are not independent artifact identity. They no longer provide blanket benign suppression.,unless
objectives/command-and-control/dropper/node-bootstrap::supply-chain-sql-backdoor,micro-behaviors/process/terminate/,3,0,micro-behaviors/process/terminate/command::application-path-force-kill;micro-behaviors/process/terminate/command::taskkill-wallet-image;micro-behaviors/process/terminate/command::wallet-or-application-kill,,"Keep subject-based capability/objective membership; each moved observation follows its actual UI, key, path, service, termination, or process-interference subject.",any
objectives/command-and-control/dropper/script-eval::code-execution-methods,well-known/lib/,0,1,,micro-behaviors/os/application/target::phantom-wallet-word,Product/provider references are not independent artifact identity. They no longer provide blanket benign suppression.,unless
objectives/command-and-control/dropper/image-map::capi-hash-decrypt-manual-pe-loader,well-known/lib/,0,1,,micro-behaviors/os/application/target::phantom-wallet-word,Product/provider references are not independent artifact identity. They no longer provide blanket benign suppression.,unless
objectives/command-and-control/dropper/image-map::capi-hash-decrypt-manual-pe-loader,well-known/app/,0,1,,micro-behaviors/os/application/target::tronlink-word,Product/provider references are not independent artifact identity. They no longer provide blanket benign suppression.,unless
objectives/command-and-control/dropper/delivery/php-gate::php-gate-thread-downloader,well-known/lib/,0,1,,micro-behaviors/os/application/target::phantom-wallet-word,Product/provider references are not independent artifact identity. They no longer provide blanket benign suppression.,unless
objectives/command-and-control/dropper/delivery/php-gate::php-gate-registry-downloader,well-known/lib/,0,1,,micro-behaviors/os/application/target::phantom-wallet-word,Product/provider references are not independent artifact identity. They no longer provide blanket benign suppression.,unless
objectives/command-and-control/dropper/delivery/php-gate::php-gate-explorer-run-dropper,well-known/lib/,0,1,,micro-behaviors/os/application/target::phantom-wallet-word,Product/provider references are not independent artifact identity. They no longer provide blanket benign suppression.,unless
objectives/command-and-control/dropper/delivery/php-gate::php-url-wininet-openurl,well-known/lib/,0,1,,micro-behaviors/os/application/target::phantom-wallet-word,Product/provider references are not independent artifact identity. They no longer provide blanket benign suppression.,unless
objectives/command-and-control/dropper/delivery/php-gate::php-url-wininet-read,well-known/lib/,0,1,,micro-behaviors/os/application/target::phantom-wallet-word,Product/provider references are not independent artifact identity. They no longer provide blanket benign suppression.,unless
objectives/command-and-control/dropper/delivery/php-gate::php-url-wininet-session,well-known/lib/,0,1,,micro-behaviors/os/application/target::phantom-wallet-word,Product/provider references are not independent artifact identity. They no longer provide blanket benign suppression.,unless
objectives/command-and-control/dropper/delivery/urlmon::decoded-urlmon-hooked-executable-dropper,well-known/app/,0,1,,micro-behaviors/os/application/target::tronlink-word,Product/provider references are not independent artifact identity. They no longer provide blanket benign suppression.,unless
objectives/command-and-control/dropper/delivery/wininet::unsigned-wininet-process-downloader,well-known/lib/,0,1,,micro-behaviors/os/application/target::phantom-wallet-word,Product/provider references are not independent artifact identity. They no longer provide blanket benign suppression.,unless
objectives/command-and-control/dropper/delivery/wininet::unsigned-wininet-process-downloader,well-known/app/,0,1,,micro-behaviors/os/application/target::tronlink-word,Product/provider references are not independent artifact identity. They no longer provide blanket benign suppression.,unless
objectives/command-and-control/dropper/delivery/winhttp::dynamic-winhttp-downloader,well-known/lib/,0,1,,micro-behaviors/os/application/target::phantom-wallet-word,Product/provider references are not independent artifact identity. They no longer provide blanket benign suppression.,unless
objectives/command-and-control/dropper/delivery/winhttp::dynamic-winhttp-downloader,well-known/app/,0,1,,micro-behaviors/os/application/target::tronlink-word,Product/provider references are not independent artifact identity. They no longer provide blanket benign suppression.,unless
objectives/command-and-control/dropper/execution/decrypt-exec::mfc-encrypted-resource-memory-exec,well-known/lib/,0,1,,micro-behaviors/os/application/target::phantom-wallet-word,Product/provider references are not independent artifact identity. They no longer provide blanket benign suppression.,unless
objectives/command-and-control/dropper/execution/decrypt-exec::mfc-encrypted-resource-memory-exec,well-known/app/,0,1,,micro-behaviors/os/application/target::tronlink-word,Product/provider references are not independent artifact identity. They no longer provide blanket benign suppression.,unless
objectives/command-and-control/dropper/execution/download::vba-autoopen-multi-url-stream-dropper,well-known/lib/,0,1,,micro-behaviors/os/application/target::phantom-wallet-word,Product/provider references are not independent artifact identity. They no longer provide blanket benign suppression.,unless
objectives/command-and-control/dropper/execution/download::vba-autoopen-encoded-powershell,well-known/lib/,0,1,,micro-behaviors/os/application/target::phantom-wallet-word,Product/provider references are not independent artifact identity. They no longer provide blanket benign suppression.,unless
objectives/command-and-control/dropper/execution/download::office-macro-shell-curl-download,well-known/lib/,0,1,,micro-behaviors/os/application/target::phantom-wallet-word,Product/provider references are not independent artifact identity. They no longer provide blanket benign suppression.,unless
objectives/command-and-control/dropper/execution/native::staged-native-loader-with-command-shell,well-known/lib/,0,1,,micro-behaviors/os/application/target::phantom-wallet-word,Product/provider references are not independent artifact identity. They no longer provide blanket benign suppression.,unless
objectives/command-and-control/dropper/execution/native::staged-native-loader-with-command-shell,well-known/app/,0,1,,micro-behaviors/os/application/target::tronlink-word,Product/provider references are not independent artifact identity. They no longer provide blanket benign suppression.,unless
objectives/command-and-control/dropper/execution/resource::resource-anti-debug-memory-loader,well-known/app/,0,1,,micro-behaviors/os/application/target::tronlink-word,Product/provider references are not independent artifact identity. They no longer provide blanket benign suppression.,unless
objectives/command-and-control/dropper/execution/resource::unsigned-pe-resource-dropper,well-known/lib/,0,1,,micro-behaviors/os/application/target::phantom-wallet-word,Product/provider references are not independent artifact identity. They no longer provide blanket benign suppression.,unless
objectives/command-and-control/dropper/execution/resource::unsigned-pe-resource-dropper,well-known/app/,0,1,,micro-behaviors/os/application/target::tronlink-word,Product/provider references are not independent artifact identity. They no longer provide blanket benign suppression.,unless
objectives/command-and-control/dropper/execution/windows-loader::sparse-encrypted-powershell-reference,micro-behaviors/crypto/,5,7,micro-behaviors/crypto/asymmetric/key::node-wallet-key-token;micro-behaviors/crypto/asymmetric/key::private-key-word;micro-behaviors/crypto/asymmetric/key::xrpl-seed-literal;micro-behaviors/crypto/mnemonic::node-mnemonic-token;micro-behaviors/crypto/mnemonic::node-seed-phrase-token,micro-behaviors/os/application/target::wallet-brand-bitget;micro-behaviors/os/application/target::wallet-brand-catalog;micro-behaviors/os/application/target::wallet-brand-coinbase;micro-behaviors/os/application/target::wallet-brand-metamask;micro-behaviors/os/application/target::wallet-brand-phantom;micro-behaviors/os/application/target::wallet-brand-rabby;micro-behaviors/os/application/target::wallet-brand-solflare,"Keep subject-based capability/objective membership; each moved observation follows its actual UI, key, path, service, termination, or process-interference subject.",any
objectives/command-and-control/dropper/execution/windows-loader::temp-copy-shell-handoff,well-known/app/,0,1,,micro-behaviors/os/application/target::tronlink-word,Product/provider references are not independent artifact identity. They no longer provide blanket benign suppression.,unless
objectives/command-and-control/dropper/execution/wsh::vbs-embedded-archive-execute-dropper,well-known/lib/,0,1,,micro-behaviors/os/application/target::phantom-wallet-word,Product/provider references are not independent artifact identity. They no longer provide blanket benign suppression.,unless
objectives/command-and-control/dropper/execution/wsh::vbs-embedded-archive-execute-dropper,well-known/app/,0,1,,micro-behaviors/os/application/target::tronlink-word,Product/provider references are not independent artifact identity. They no longer provide blanket benign suppression.,unless
objectives/command-and-control/dropper/execution/copy-stage::unsigned-copyfile-http-post,well-known/lib/,0,1,,micro-behaviors/os/application/target::phantom-wallet-word,Product/provider references are not independent artifact identity. They no longer provide blanket benign suppression.,unless
objectives/command-and-control/dropper/execution/winexec::unsigned-lsp-enum-winexec,well-known/lib/,0,1,,micro-behaviors/os/application/target::phantom-wallet-word,Product/provider references are not independent artifact identity. They no longer provide blanket benign suppression.,unless
objectives/command-and-control/dropper/execution/winexec::unsigned-lsp-path-winexec,well-known/lib/,0,1,,micro-behaviors/os/application/target::phantom-wallet-word,Product/provider references are not independent artifact identity. They no longer provide blanket benign suppression.,unless
objectives/command-and-control/dropper/execution/winexec::unsigned-lsp-connect-winexec,well-known/lib/,0,1,,micro-behaviors/os/application/target::phantom-wallet-word,Product/provider references are not independent artifact identity. They no longer provide blanket benign suppression.,unless
objectives/command-and-control/dropper/execution/wininet-stage::wininet-cache-wipe-exec,well-known/lib/,0,1,,micro-behaviors/os/application/target::phantom-wallet-word,Product/provider references are not independent artifact identity. They no longer provide blanket benign suppression.,unless
objectives/command-and-control/dropper/execution/wininet-stage::wininet-cache-wipe-copy,well-known/lib/,0,1,,micro-behaviors/os/application/target::phantom-wallet-word,Product/provider references are not independent artifact identity. They no longer provide blanket benign suppression.,unless
objectives/command-and-control/dropper/execution/wininet-stage::wininet-cache-wipe-registry,well-known/lib/,0,1,,micro-behaviors/os/application/target::phantom-wallet-word,Product/provider references are not independent artifact identity. They no longer provide blanket benign suppression.,unless
objectives/command-and-control/dropper/execution/wininet-stage::wininet-http-runkey,well-known/lib/,0,1,,micro-behaviors/os/application/target::phantom-wallet-word,Product/provider references are not independent artifact identity. They no longer provide blanket benign suppression.,unless
objectives/command-and-control/dropper/execution/wininet-stage::wininet-http-shellexec,well-known/lib/,0,1,,micro-behaviors/os/application/target::phantom-wallet-word,Product/provider references are not independent artifact identity. They no longer provide blanket benign suppression.,unless
objectives/command-and-control/dropper/execution/wininet-stage::unsigned-shellexec-form-header,well-known/lib/,0,1,,micro-behaviors/os/application/target::phantom-wallet-word,Product/provider references are not independent artifact identity. They no longer provide blanket benign suppression.,unless
objectives/command-and-control/dropper/execution/wininet-stage::unsigned-shellexec-regsvr32,well-known/lib/,0,1,,micro-behaviors/os/application/target::phantom-wallet-word,Product/provider references are not independent artifact identity. They no longer provide blanket benign suppression.,unless
objectives/command-and-control/dropper/staging/archive::archive-password-option,well-known/lib/,0,1,,micro-behaviors/os/application/target::phantom-wallet-word,Product/provider references are not independent artifact identity. They no longer provide blanket benign suppression.,unless
objectives/command-and-control/dropper/staging/embedded::recognized-benign-resource-loader-context,well-known/app/,0,1,,micro-behaviors/os/application/target::tronlink-word,Product/provider references are not independent artifact identity. They no longer satisfy an artifact-identity group.,any
objectives/command-and-control/dropper/staging/embedded::dotnet-binaryformatter-reflective-loader,well-known/lib/,0,1,,micro-behaviors/os/application/target::phantom-wallet-word,Product/provider references are not independent artifact identity. They no longer provide blanket benign suppression.,unless
objectives/command-and-control/dropper/staging/embedded::dotnet-codedom-encrypted-resource-stage,well-known/lib/,0,1,,micro-behaviors/os/application/target::phantom-wallet-word,Product/provider references are not independent artifact identity. They no longer provide blanket benign suppression.,unless
objectives/command-and-control/dropper/staging/embedded::assemblyresolve-resource-stage-loader,well-known/lib/,0,1,,micro-behaviors/os/application/target::phantom-wallet-word,Product/provider references are not independent artifact identity. They no longer provide blanket benign suppression.,unless
objectives/command-and-control/dropper/staging/embedded::assemblyresolve-resource-stage-loader,well-known/app/,0,1,,micro-behaviors/os/application/target::tronlink-word,Product/provider references are not independent artifact identity. They no longer provide blanket benign suppression.,downgrade/any
objectives/command-and-control/dropper/staging/memory::macho-transient-memory-payload-stager,well-known/lib/,0,1,,micro-behaviors/os/application/target::phantom-wallet-word,Product/provider references are not independent artifact identity. They no longer provide blanket benign suppression.,unless
objectives/command-and-control/dropper/staging/memory::macho-transient-memory-payload-stager,well-known/app/,0,1,,micro-behaviors/os/application/target::tronlink-word,Product/provider references are not independent artifact identity. They no longer provide blanket benign suppression.,unless
objectives/command-and-control/dropper/staging/temp::encoded-temp-command-stager,well-known/app/,0,1,,micro-behaviors/os/application/target::tronlink-word,Product/provider references are not independent artifact identity. They no longer provide blanket benign suppression.,unless
objectives/command-and-control/dropper/staging/tiny-pe::tiny-pe-http-shellexec-stager,well-known/lib/,0,1,,micro-behaviors/os/application/target::phantom-wallet-word,Product/provider references are not independent artifact identity. They no longer provide blanket benign suppression.,unless
objectives/command-and-control/dropper/staging/tiny-pe::tiny-pe-winsock-http-stager,well-known/lib/,0,1,,micro-behaviors/os/application/target::phantom-wallet-word,Product/provider references are not independent artifact identity. They no longer provide blanket benign suppression.,unless
objectives/command-and-control/dropper/staging/tiny-pe::tiny-pe-overlay-stub,well-known/lib/,0,1,,micro-behaviors/os/application/target::phantom-wallet-word,Product/provider references are not independent artifact identity. They no longer provide blanket benign suppression.,unless
objectives/command-and-control/dropper/staging/tiny-pe::tiny-pe-single-export,well-known/lib/,0,1,,micro-behaviors/os/application/target::phantom-wallet-word,Product/provider references are not independent artifact identity. They no longer provide blanket benign suppression.,unless
objectives/command-and-control/dropper/staging/tiny-pe::tiny-pe-com-register,well-known/lib/,0,1,,micro-behaviors/os/application/target::phantom-wallet-word,Product/provider references are not independent artifact identity. They no longer provide blanket benign suppression.,unless
objectives/command-and-control/dropper/staging/tiny-pe::tiny-pe-no-imports,well-known/lib/,0,1,,micro-behaviors/os/application/target::phantom-wallet-word,Product/provider references are not independent artifact identity. They no longer provide blanket benign suppression.,unless
objectives/command-and-control/dropper/staging/tiny-pe::tiny-pe-blank-section,well-known/lib/,0,1,,micro-behaviors/os/application/target::phantom-wallet-word,Product/provider references are not independent artifact identity. They no longer provide blanket benign suppression.,unless
objectives/command-and-control/dropper/staging/tiny-pe::tiny-pe-efi-header,well-known/lib/,0,1,,micro-behaviors/os/application/target::phantom-wallet-word,Product/provider references are not independent artifact identity. They no longer provide blanket benign suppression.,unless
objectives/command-and-control/dropper/staging/tiny-pe::tiny-pe-create-process,well-known/lib/,0,1,,micro-behaviors/os/application/target::phantom-wallet-word,Product/provider references are not independent artifact identity. They no longer provide blanket benign suppression.,unless
objectives/command-and-control/dropper/staging/tiny-pe::tiny-pe-rot13-path,well-known/lib/,0,1,,micro-behaviors/os/application/target::phantom-wallet-word,Product/provider references are not independent artifact identity. They no longer provide blanket benign suppression.,unless
objectives/command-and-control/dropper/staging/tiny-pe::tiny-pe-drive-walker,well-known/lib/,0,1,,micro-behaviors/os/application/target::phantom-wallet-word,Product/provider references are not independent artifact identity. They no longer provide blanket benign suppression.,unless
objectives/command-and-control/dropper/staging/tiny-pe::tiny-pe-opaque-name,well-known/lib/,0,1,,micro-behaviors/os/application/target::phantom-wallet-word,Product/provider references are not independent artifact identity. They no longer provide blanket benign suppression.,unless
objectives/command-and-control/dropper/staging/tiny-pe::tiny-pe-low-strings,well-known/lib/,0,1,,micro-behaviors/os/application/target::phantom-wallet-word,Product/provider references are not independent artifact identity. They no longer provide blanket benign suppression.,unless
objectives/command-and-control/dropper/staging/tiny-pe::tiny-pe-quotation-lure,well-known/lib/,0,1,,micro-behaviors/os/application/target::phantom-wallet-word,Product/provider references are not independent artifact identity. They no longer provide blanket benign suppression.,unless
objectives/command-and-control/dropper/staging/tiny-pe::tiny-pe-virtual-alloc,well-known/lib/,0,1,,micro-behaviors/os/application/target::phantom-wallet-word,Product/provider references are not independent artifact identity. They no longer provide blanket benign suppression.,unless
objectives/command-and-control/dropper/staging/tiny-pe::tiny-dotnet-opaque,well-known/lib/,0,1,,micro-behaviors/os/application/target::phantom-wallet-word,Product/provider references are not independent artifact identity. They no longer provide blanket benign suppression.,unless
objectives/command-and-control/dropper/staging/tiny-pe::opaque-mscorlib-stub,well-known/lib/,0,1,,micro-behaviors/os/application/target::phantom-wallet-word,Product/provider references are not independent artifact identity. They no longer provide blanket benign suppression.,unless
objectives/command-and-control/dropper/staging/tiny-pe::tiny-pe-minimal-shell,well-known/lib/,0,1,,micro-behaviors/os/application/target::phantom-wallet-word,Product/provider references are not independent artifact identity. They no longer provide blanket benign suppression.,unless
objectives/command-and-control/dropper/staging/tiny-pe::opaque-single-import,well-known/lib/,0,1,,micro-behaviors/os/application/target::phantom-wallet-word,Product/provider references are not independent artifact identity. They no longer provide blanket benign suppression.,unless
objectives/command-and-control/dropper/staging/tiny-pe::tiny-pe-winexec,well-known/lib/,0,1,,micro-behaviors/os/application/target::phantom-wallet-word,Product/provider references are not independent artifact identity. They no longer provide blanket benign suppression.,unless
objectives/command-and-control/dropper/staging/tiny-pe::tiny-pe-wsock32,well-known/lib/,0,1,,micro-behaviors/os/application/target::phantom-wallet-word,Product/provider references are not independent artifact identity. They no longer provide blanket benign suppression.,unless
objectives/command-and-control/dropper/staging/tiny-pe::opaque-vb-runtime,well-known/lib/,0,1,,micro-behaviors/os/application/target::phantom-wallet-word,Product/provider references are not independent artifact identity. They no longer provide blanket benign suppression.,unless
objectives/command-and-control/dropper/staging/tiny-pe::opaque-suppress-ildasm,well-known/lib/,0,1,,micro-behaviors/os/application/target::phantom-wallet-word,Product/provider references are not independent artifact identity. They no longer provide blanket benign suppression.,unless
objectives/command-and-control/dropper/file-exec/spawn::dotnet-remote-wsh-script-dropper,well-known/app/,0,1,,micro-behaviors/os/application/target::tronlink-word,Product/provider references are not independent artifact identity. They no longer provide blanket benign suppression.,unless
objectives/command-and-control/dropper/file-exec/spawn::pe-wininet-executable-url-launcher,well-known/app/,0,1,,micro-behaviors/os/application/target::tronlink-word,Product/provider references are not independent artifact identity. They no longer provide blanket benign suppression.,unless
objectives/command-and-control/infrastructure/domain/tld::suspicious-tld,well-known/app/,0,1,,micro-behaviors/os/application/target::tronlink-word,Product/provider references are not independent artifact identity. They no longer provide blanket benign suppression.,unless
objectives/command-and-control/remote-command/control::go-websocket-fragment,well-known/lib/,0,1,,micro-behaviors/os/application/target::phantom-wallet-word,Product/provider references are not independent artifact identity. They no longer provide blanket benign suppression.,unless
objectives/command-and-control/remote-command/control::go-websocket-fragment,well-known/app/,0,1,,micro-behaviors/os/application/target::tronlink-word,Product/provider references are not independent artifact identity. They no longer provide blanket benign suppression.,unless
objectives/command-and-control/remote-command/tasking::windows-rat-credential-stealer,well-known/app/,0,1,,micro-behaviors/os/application/target::tronlink-word,Product/provider references are not independent artifact identity. They no longer provide blanket benign suppression.,unless
objectives/command-and-control/reverse-shell/pty::pty-native-runtime-context,well-known/lib/,0,1,,micro-behaviors/os/application/target::phantom-wallet-word,Product/provider references are not independent artifact identity. They no longer satisfy an artifact-identity group.,any
objectives/command-and-control/reverse-shell/pty::pty-native-runtime-context,well-known/app/,0,1,,micro-behaviors/os/application/target::tronlink-word,Product/provider references are not independent artifact identity. They no longer satisfy an artifact-identity group.,any
objectives/credential-access/browser/session-hijack::idp-session-cookie-targeting,well-known/lib/crypto/,0,1,,micro-behaviors/os/application/target::phantom-wallet-word,Product/provider references are not independent artifact identity. They no longer provide blanket benign suppression.,unless
objectives/credential-access/cloud/devops-bundle::developer-credential-sweep,well-known/lib/,0,1,,micro-behaviors/os/application/target::phantom-wallet-word,Product/provider references are not independent artifact identity. They no longer provide blanket benign suppression.,unless
objectives/credential-access/files/config::rust-credential-file-scanner,objectives/credential-access/wallet/keywords,0,23,,micro-behaviors/crypto/asymmetric/key::node-wallet-key-token;micro-behaviors/crypto/asymmetric/key::private-key-word;micro-behaviors/crypto/asymmetric/key::xrpl-seed-literal;micro-behaviors/crypto/mnemonic::node-mnemonic-token;micro-behaviors/crypto/mnemonic::node-seed-phrase-token;micro-behaviors/fs/path/private-key::node-keypair-json-target;micro-behaviors/fs/path/wallet::node-wallet-json-target;micro-behaviors/os/application/target::crypto-wallet-keyword-cluster--rx-1;micro-behaviors/os/application/target::crypto-wallet-keyword-cluster--rx-2;micro-behaviors/os/application/target::electrum-word;micro-behaviors/os/application/target::exodus-word;micro-behaviors/os/application/target::hardware-wallet-keyword-cluster--rx-10;micro-behaviors/os/application/target::hardware-wallet-keyword-cluster--rx-6;micro-behaviors/os/application/target::hardware-wallet-keyword-cluster--rx-7;micro-behaviors/os/application/target::hardware-wallet-keyword-cluster--rx-8;micro-behaviors/os/application/target::hardware-wallet-keyword-cluster--rx-9;micro-behaviors/os/application/target::rust-wallet-keyword-trustwallet;micro-behaviors/os/application/target::trezor-word;micro-behaviors/os/application/target::wallet-app-name-cluster;micro-behaviors/os/application/target::wallet-brand-metamask;micro-behaviors/ui/controls/credential::private-key-verify-screen-symbol;micro-behaviors/ui/controls/wallet::mnemonic-verify-screen-symbol;micro-behaviors/ui/controls/wallet::recovery-phrase-view-symbol,Explicit repair: retain-keyword-clues. Preserve relevant source/path/context observations individually; UI controls alone no longer count as acquisition.,all
objectives/credential-access/files/secret-sweep::php-cross-os-home-enum,well-known/lib/,0,1,,micro-behaviors/os/application/target::phantom-wallet-word,Product/provider references are not independent artifact identity. They no longer provide blanket benign suppression.,unless
objectives/credential-access/files/secret-sweep::php-cross-os-home-enum,well-known/app/,0,1,,micro-behaviors/os/application/target::tronlink-word,Product/provider references are not independent artifact identity. They no longer provide blanket benign suppression.,unless
objectives/credential-access/files/secret-sweep::php-windows-users-glob,well-known/lib/,0,1,,micro-behaviors/os/application/target::phantom-wallet-word,Product/provider references are not independent artifact identity. They no longer provide blanket benign suppression.,unless
objectives/credential-access/files/secret-sweep::php-windows-users-glob,well-known/app/,0,1,,micro-behaviors/os/application/target::tronlink-word,Product/provider references are not independent artifact identity. They no longer provide blanket benign suppression.,unless
objectives/credential-access/files/secret-sweep::php-passwd-home-glob,well-known/lib/,0,1,,micro-behaviors/os/application/target::phantom-wallet-word,Product/provider references are not independent artifact identity. They no longer provide blanket benign suppression.,unless
objectives/credential-access/files/secret-sweep::php-passwd-home-glob,well-known/app/,0,1,,micro-behaviors/os/application/target::tronlink-word,Product/provider references are not independent artifact identity. They no longer provide blanket benign suppression.,unless
objectives/credential-access/theft/multi-app::desktop-wallet-target-family,objectives/credential-access/wallet/desktop/,0,7,,micro-behaviors/os/service/launchagent::wallet-launchagent-label;micro-behaviors/process/terminate/command::application-path-force-kill;micro-behaviors/process/terminate/command::taskkill-wallet-image;micro-behaviors/process/terminate/command::wallet-or-application-kill;objectives/credential-access/wallet/desktop::desktop-wallet-spoofer;objectives/credential-access/wallet/desktop::electron-fake-wallet-persistence;objectives/impact/degrade/process::hidden-window-wallet-process-interference,Explicit repair: retain-wallet-context. Preserve relevant source/path/context observations individually; UI controls alone no longer count as acquisition.,any
objectives/credential-access/theft/multi-app::browser-wallet-stealer,objectives/credential-access/wallet/desktop/,0,7,,micro-behaviors/os/service/launchagent::wallet-launchagent-label;micro-behaviors/process/terminate/command::application-path-force-kill;micro-behaviors/process/terminate/command::taskkill-wallet-image;micro-behaviors/process/terminate/command::wallet-or-application-kill;objectives/credential-access/wallet/desktop::desktop-wallet-spoofer;objectives/credential-access/wallet/desktop::electron-fake-wallet-persistence;objectives/impact/degrade/process::hidden-window-wallet-process-interference,Explicit repair: retain-wallet-context. Preserve relevant source/path/context observations individually; UI controls alone no longer count as acquisition.,any
objectives/credential-access/theft/multi-app::multi-app-credential-stealer,well-known/app/,0,1,,micro-behaviors/os/application/target::tronlink-word,Product/provider references are not independent artifact identity. They no longer provide blanket benign suppression.,unless
objectives/credential-access/theft/multi-app::cis-geofenced-credential-stealer,objectives/credential-access/wallet/desktop/,0,7,,micro-behaviors/os/service/launchagent::wallet-launchagent-label;micro-behaviors/process/terminate/command::application-path-force-kill;micro-behaviors/process/terminate/command::taskkill-wallet-image;micro-behaviors/process/terminate/command::wallet-or-application-kill;objectives/credential-access/wallet/desktop::desktop-wallet-spoofer;objectives/credential-access/wallet/desktop::electron-fake-wallet-persistence;objectives/impact/degrade/process::hidden-window-wallet-process-interference,Explicit repair: retain-wallet-context. Preserve relevant source/path/context observations individually; UI controls alone no longer count as acquisition.,any
objectives/credential-access/theft/multi-app::obfuscated-browser-wallet-credential-stealer,well-known/app/,0,1,,micro-behaviors/os/application/target::tronlink-word,Product/provider references are not independent artifact identity. They no longer provide blanket benign suppression.,unless
objectives/credential-access/theft/multi-app::browser-key-multi-app-credential-stealer,well-known/app/,0,1,,micro-behaviors/os/application/target::tronlink-word,Product/provider references are not independent artifact identity. They no longer provide blanket benign suppression.,unless
objectives/credential-access/theft/multi-app::wallet-messaging-session-stealer,well-known/app/,0,1,,micro-behaviors/os/application/target::tronlink-word,Product/provider references are not independent artifact identity. They no longer provide blanket benign suppression.,unless
objectives/credential-access/theft/multi-store::stealer-data-source-marker,objectives/credential-access/wallet/,0,38,,micro-behaviors/crypto/asymmetric/key::node-wallet-key-token;micro-behaviors/crypto/asymmetric/key::private-key-word;micro-behaviors/crypto/asymmetric/key::xrpl-seed-literal;micro-behaviors/crypto/mnemonic::node-mnemonic-token;micro-behaviors/crypto/mnemonic::node-seed-phrase-token;micro-behaviors/fs/path/private-key::node-keypair-json-target;micro-behaviors/fs/path/wallet::node-wallet-json-target;micro-behaviors/os/application/target::crypto-wallet-keyword-cluster--rx-1;micro-behaviors/os/application/target::crypto-wallet-keyword-cluster--rx-2;micro-behaviors/os/application/target::electrum-word;micro-behaviors/os/application/target::exodus-word;micro-behaviors/os/application/target::hardware-wallet-keyword-cluster--rx-10;micro-behaviors/os/application/target::hardware-wallet-keyword-cluster--rx-6;micro-behaviors/os/application/target::hardware-wallet-keyword-cluster--rx-7;micro-behaviors/os/application/target::hardware-wallet-keyword-cluster--rx-8;micro-behaviors/os/application/target::hardware-wallet-keyword-cluster--rx-9;micro-behaviors/os/application/target::rust-wallet-keyword-trustwallet;micro-behaviors/os/application/target::trezor-word;micro-behaviors/os/application/target::wallet-app-name-cluster;micro-behaviors/os/application/target::wallet-brand-metamask;micro-behaviors/os/service/launchagent::wallet-launchagent-label;micro-behaviors/process/terminate/command::application-path-force-kill;micro-behaviors/process/terminate/command::taskkill-wallet-image;micro-behaviors/process/terminate/command::wallet-or-application-kill;micro-behaviors/ui/controls/credential::credential-entry-label;micro-behaviors/ui/controls/credential::credential-entry-page;micro-behaviors/ui/controls/credential::credential-input-surface;micro-behaviors/ui/controls/credential::private-key-enter-label;micro-behaviors/ui/controls/credential::private-key-entry-label;micro-behaviors/ui/controls/credential::private-key-import-label;micro-behaviors/ui/controls/credential::private-key-input-label;micro-behaviors/ui/controls/credential::private-key-recovery-label;micro-behaviors/ui/controls/credential::private-key-verify-screen-symbol;micro-behaviors/ui/controls/wallet::mnemonic-verify-screen-symbol;micro-behaviors/ui/controls/wallet::recovery-phrase-view-symbol;objectives/credential-access/wallet/desktop::desktop-wallet-spoofer;objectives/credential-access/wallet/desktop::electron-fake-wallet-persistence;objectives/impact/degrade/process::hidden-window-wallet-process-interference,Explicit repair: retain-source-clues. Preserve relevant source/path/context observations individually; UI controls alone no longer count as acquisition.,any
objectives/credential-access/wallet/crypto::system-info-with-wallet,objectives/credential-access/wallet/desktop/,0,7,,micro-behaviors/os/service/launchagent::wallet-launchagent-label;micro-behaviors/process/terminate/command::application-path-force-kill;micro-behaviors/process/terminate/command::taskkill-wallet-image;micro-behaviors/process/terminate/command::wallet-or-application-kill;objectives/credential-access/wallet/desktop::desktop-wallet-spoofer;objectives/credential-access/wallet/desktop::electron-fake-wallet-persistence;objectives/impact/degrade/process::hidden-window-wallet-process-interference,Explicit repair: retain-wallet-context. Preserve relevant source/path/context observations individually; UI controls alone no longer count as acquisition.,any
objectives/credential-access/wallet/provider::set-approval-for-all,well-known/lib/crypto/,0,1,,micro-behaviors/os/application/target::phantom-wallet-word,Product/provider references are not independent artifact identity. They no longer provide blanket benign suppression.,unless
objectives/discovery/account/keywords::admin-name-after-login-field,well-known/lib/crypto/,0,1,,micro-behaviors/os/application/target::phantom-wallet-word,Product/provider references are not independent artifact identity. They no longer provide blanket benign suppression.,unless
objectives/discovery/account/keywords::admin-name-after-credential-field,well-known/lib/crypto/,0,1,,micro-behaviors/os/application/target::phantom-wallet-word,Product/provider references are not independent artifact identity. They no longer provide blanket benign suppression.,unless
objectives/discovery/system/activity::significant-recon,well-known/lib/,0,1,,micro-behaviors/os/application/target::phantom-wallet-word,Product/provider references are not independent artifact identity. They no longer provide blanket benign suppression.,unless
objectives/discovery/system/fingerprint/disk::root-dir-enumeration,well-known/lib/,0,1,,micro-behaviors/os/application/target::phantom-wallet-word,Product/provider references are not independent artifact identity. They no longer provide blanket benign suppression.,unless
objectives/evasion/anti-av/syscall::indirect-nt-api-self-injection,well-known/lib/,0,1,,micro-behaviors/os/application/target::phantom-wallet-word,Product/provider references are not independent artifact identity. They no longer provide blanket benign suppression.,unless
objectives/evasion/anti-av/syscall::indirect-nt-api-self-injection,well-known/app/,0,1,,micro-behaviors/os/application/target::tronlink-word,Product/provider references are not independent artifact identity. They no longer provide blanket benign suppression.,unless
objectives/evasion/fileless/memory::unsigned-pe-parser-memory-primitives,well-known/lib/,0,1,,micro-behaviors/os/application/target::phantom-wallet-word,Product/provider references are not independent artifact identity. They no longer provide blanket benign suppression.,unless
objectives/evasion/fileless/memory::unsigned-pe-parser-memory-primitives,well-known/app/,0,1,,micro-behaviors/os/application/target::tronlink-word,Product/provider references are not independent artifact identity. They no longer provide blanket benign suppression.,unless
objectives/evasion/hijack-execution-flow/api-hook::unsigned-writable-entry-ntdll-push-ret-hook,well-known/app/,0,1,,micro-behaviors/os/application/target::tronlink-word,Product/provider references are not independent artifact identity. They no longer provide blanket benign suppression.,unless
objectives/evasion/hijack-execution-flow/winsock-lsp::winsock-lsp-provider-install,well-known/app/,0,1,,micro-behaviors/os/application/target::tronlink-word,Product/provider references are not independent artifact identity. They no longer provide blanket benign suppression.,unless
objectives/evasion/hijack-execution-flow/winsock-lsp::winsock-lsp-provider-reinstall-cycle,well-known/app/,0,1,,micro-behaviors/os/application/target::tronlink-word,Product/provider references are not independent artifact identity. They no longer provide blanket benign suppression.,unless
objectives/evasion/kernel-hide/userspace::preload-rootkit-benign-source-context,well-known/lib/,0,1,,micro-behaviors/os/application/target::phantom-wallet-word,Product/provider references are not independent artifact identity. They no longer satisfy an artifact-identity group.,any
objectives/evasion/masquerade/binary::renamed-capi-manual-pe-loader,well-known/lib/,0,1,,micro-behaviors/os/application/target::phantom-wallet-word,Product/provider references are not independent artifact identity. They no longer provide blanket benign suppression.,unless
objectives/evasion/masquerade/binary::renamed-capi-manual-pe-loader,well-known/app/,0,1,,micro-behaviors/os/application/target::tronlink-word,Product/provider references are not independent artifact identity. They no longer provide blanket benign suppression.,unless
objectives/evasion/masquerade/binary::unsigned-renamed-dotnet-reflective-resource-payload,well-known/lib/,0,1,,micro-behaviors/os/application/target::phantom-wallet-word,Product/provider references are not independent artifact identity. They no longer provide blanket benign suppression.,unless
objectives/evasion/masquerade/binary::unsigned-renamed-dotnet-reflective-resource-payload,well-known/app/,0,1,,micro-behaviors/os/application/target::tronlink-word,Product/provider references are not independent artifact identity. They no longer provide blanket benign suppression.,unless
objectives/evasion/masquerade/binary::unsigned-renamed-rc2-resource-loader,well-known/lib/,0,1,,micro-behaviors/os/application/target::phantom-wallet-word,Product/provider references are not independent artifact identity. They no longer provide blanket benign suppression.,unless
objectives/evasion/masquerade/binary::unsigned-renamed-rc2-resource-loader,well-known/app/,0,1,,micro-behaviors/os/application/target::tronlink-word,Product/provider references are not independent artifact identity. They no longer provide blanket benign suppression.,unless
objectives/evasion/masquerade/binary::unsigned-renamed-native-loader-masquerade,well-known/lib/,0,1,,micro-behaviors/os/application/target::phantom-wallet-word,Product/provider references are not independent artifact identity. They no longer provide blanket benign suppression.,unless
objectives/evasion/masquerade/binary::unsigned-renamed-native-loader-masquerade,well-known/app/,0,1,,micro-behaviors/os/application/target::tronlink-word,Product/provider references are not independent artifact identity. They no longer provide blanket benign suppression.,unless
objectives/evasion/masquerade/binary::renamed-pe-evasive-layout-cluster,well-known/lib/,0,1,,micro-behaviors/os/application/target::phantom-wallet-word,Product/provider references are not independent artifact identity. They no longer provide blanket benign suppression.,unless
objectives/evasion/masquerade/binary::renamed-pe-evasive-layout-cluster,well-known/app/,0,1,,micro-behaviors/os/application/target::tronlink-word,Product/provider references are not independent artifact identity. They no longer provide blanket benign suppression.,unless
objectives/evasion/masquerade/versioninfo::opaque-alnum-anti-debug-loader,well-known/app/,0,1,,micro-behaviors/os/application/target::tronlink-word,Product/provider references are not independent artifact identity. They no longer provide blanket benign suppression.,unless
objectives/evasion/masquerade/versioninfo::atlas-archive-anti-debug-loader,well-known/app/,0,1,,micro-behaviors/os/application/target::tronlink-word,Product/provider references are not independent artifact identity. They no longer provide blanket benign suppression.,unless
objectives/evasion/masquerade/versioninfo::anonymous-token-versioninfo-identity,well-known/lib/,0,1,,micro-behaviors/os/application/target::phantom-wallet-word,Product/provider references are not independent artifact identity. They no longer provide blanket benign suppression.,unless
objectives/evasion/masquerade/versioninfo::anonymous-token-versioninfo-identity,well-known/app/,0,1,,micro-behaviors/os/application/target::tronlink-word,Product/provider references are not independent artifact identity. They no longer provide blanket benign suppression.,unless
objectives/evasion/masquerade/versioninfo::anonymous-identity-packed-admin-image,well-known/app/,0,1,,micro-behaviors/os/application/target::tronlink-word,Product/provider references are not independent artifact identity. They no longer provide blanket benign suppression.,unless
objectives/evasion/masquerade/versioninfo::blank-identity-opaque-payload-carrier,well-known/app/,0,1,,micro-behaviors/os/application/target::tronlink-word,Product/provider references are not independent artifact identity. They no longer provide blanket benign suppression.,unless
objectives/evasion/masquerade/identity/fabricated::security-identity-opaque-anti-analysis-loader,well-known/app/,0,1,,micro-behaviors/os/application/target::tronlink-word,Product/provider references are not independent artifact identity. They no longer provide blanket benign suppression.,unless
objectives/evasion/masquerade/identity/fabricated::unsigned-security-product-resource-masquerade,well-known/app/,0,1,,micro-behaviors/os/application/target::tronlink-word,Product/provider references are not independent artifact identity. They no longer provide blanket benign suppression.,unless
objectives/evasion/masquerade/identity/mimicry::windowsupdate-shortcut-masquerade,well-known/app/,0,1,,micro-behaviors/os/application/target::tronlink-word,Product/provider references are not independent artifact identity. They no longer provide blanket benign suppression.,unless
objectives/evasion/masquerade/version-resource/claim::unsigned-ms-claim-http,well-known/lib/,0,1,,micro-behaviors/os/application/target::phantom-wallet-word,Product/provider references are not independent artifact identity. They no longer provide blanket benign suppression.,unless
objectives/evasion/masquerade/version-resource/claim::explorer-masquerade-http,well-known/lib/,0,1,,micro-behaviors/os/application/target::phantom-wallet-word,Product/provider references are not independent artifact identity. They no longer provide blanket benign suppression.,unless
objectives/evasion/masquerade/version-resource/claim::com-selfreg-http-clicker,well-known/lib/,0,1,,micro-behaviors/os/application/target::phantom-wallet-word,Product/provider references are not independent artifact identity. They no longer provide blanket benign suppression.,unless
objectives/evasion/masquerade/version-resource/claim::unsigned-com-selfreg-exec,well-known/lib/,0,1,,micro-behaviors/os/application/target::phantom-wallet-word,Product/provider references are not independent artifact identity. They no longer provide blanket benign suppression.,unless
objectives/evasion/masquerade/version-resource/claim::unsigned-com-selfreg-registry,well-known/lib/,0,1,,micro-behaviors/os/application/target::phantom-wallet-word,Product/provider references are not independent artifact identity. They no longer provide blanket benign suppression.,unless
objectives/evasion/masquerade/version-resource/claim::svchost-masquerade-http,well-known/lib/,0,1,,micro-behaviors/os/application/target::phantom-wallet-word,Product/provider references are not independent artifact identity. They no longer provide blanket benign suppression.,unless
objectives/evasion/masquerade/version-resource/claim::svchost-masquerade-php,well-known/lib/,0,1,,micro-behaviors/os/application/target::phantom-wallet-word,Product/provider references are not independent artifact identity. They no longer provide blanket benign suppression.,unless
objectives/evasion/masquerade/version-resource/claim::unsigned-ms-kv-http,well-known/lib/,0,1,,micro-behaviors/os/application/target::phantom-wallet-word,Product/provider references are not independent artifact identity. They no longer provide blanket benign suppression.,unless
objectives/evasion/masquerade/version-resource/claim::svchost-php-path,well-known/lib/,0,1,,micro-behaviors/os/application/target::phantom-wallet-word,Product/provider references are not independent artifact identity. They no longer provide blanket benign suppression.,unless
objectives/evasion/process/hook/inline::unsigned-windows-inline-jump-hook,well-known/lib/,0,1,,micro-behaviors/os/application/target::phantom-wallet-word,Product/provider references are not independent artifact identity. They no longer provide blanket benign suppression.,unless
objectives/evasion/process/injection/atom-bombing::atom-bombing-with-apc,well-known/lib/,0,1,,micro-behaviors/os/application/target::phantom-wallet-word,Product/provider references are not independent artifact identity. They no longer provide blanket benign suppression.,unless
objectives/evasion/process/injection/atom-bombing::atom-bombing-with-apc,well-known/app/,0,1,,micro-behaviors/os/application/target::tronlink-word,Product/provider references are not independent artifact identity. They no longer provide blanket benign suppression.,unless
objectives/evasion/process/injection/atom-bombing::atom-bombing-capable,well-known/lib/,0,1,,micro-behaviors/os/application/target::phantom-wallet-word,Product/provider references are not independent artifact identity. They no longer provide blanket benign suppression.,unless
objectives/evasion/process/injection/atom-bombing::atom-bombing-capable,well-known/app/,0,1,,micro-behaviors/os/application/target::tronlink-word,Product/provider references are not independent artifact identity. They no longer provide blanket benign suppression.,unless
objectives/evasion/process/injection/dll::remote-loadlibrary-injection,well-known/app/,0,1,,micro-behaviors/os/application/target::tronlink-word,Product/provider references are not independent artifact identity. They no longer provide blanket benign suppression.,unless
objectives/evasion/process/injection/memory::go-garbled-nt-memory-loader,well-known/app/,0,1,,micro-behaviors/os/application/target::tronlink-word,Product/provider references are not independent artifact identity. They no longer provide blanket benign suppression.,unless
objectives/evasion/process/injection/memory::geta-oep-helper-marker,well-known/app/,0,1,,micro-behaviors/os/application/target::tronlink-word,Product/provider references are not independent artifact identity. They no longer provide blanket benign suppression.,unless
objectives/evasion/process/injection/memory::windows-clipboard-screen-polling-injection,well-known/lib/,0,1,,micro-behaviors/os/application/target::phantom-wallet-word,Product/provider references are not independent artifact identity. They no longer provide blanket benign suppression.,unless
objectives/evasion/process/injection/memory::windows-clipboard-screen-polling-injection,well-known/app/,0,1,,micro-behaviors/os/application/target::tronlink-word,Product/provider references are not independent artifact identity. They no longer provide blanket benign suppression.,unless
objectives/evasion/process/injection/thread-protect::unsigned-thread-protect-inject,well-known/lib/,0,1,,micro-behaviors/os/application/target::phantom-wallet-word,Product/provider references are not independent artifact identity. They no longer provide blanket benign suppression.,unless
objectives/evasion/process/injection/thread-protect::unsigned-copyfile-thread-inject,well-known/lib/,0,1,,micro-behaviors/os/application/target::phantom-wallet-word,Product/provider references are not independent artifact identity. They no longer provide blanket benign suppression.,unless
objectives/evasion/process/injection/thread-protect::unsigned-hook-remote-write,well-known/lib/,0,1,,micro-behaviors/os/application/target::phantom-wallet-word,Product/provider references are not independent artifact identity. They no longer provide blanket benign suppression.,unless
objectives/evasion/process/injection/thread-protect::unsigned-copyfile-read-memory,well-known/lib/,0,1,,micro-behaviors/os/application/target::phantom-wallet-word,Product/provider references are not independent artifact identity. They no longer provide blanket benign suppression.,unless
objectives/evasion/security-bypass/tls::java-raw-socket-fetch-without-cert-validation,well-known/lib/,0,1,,micro-behaviors/os/application/target::phantom-wallet-word,Product/provider references are not independent artifact identity. They no longer provide blanket benign suppression.,unless
objectives/evasion/security-bypass/llm/override::llm-prior-instruction-override,well-known/app/,0,1,,micro-behaviors/os/application/target::tronlink-word,Product/provider references are not independent artifact identity. They no longer provide blanket benign suppression.,unless
objectives/evasion/self-delete/cleanup/remove::rm-self-dollar-zero,well-known/app/,0,1,,micro-behaviors/os/application/target::tronlink-word,Product/provider references are not independent artifact identity. They no longer provide blanket benign suppression.,unless
objectives/execution/activex/com::helppane-obfuscated-memory-loader,well-known/app/,0,1,,micro-behaviors/os/application/target::tronlink-word,Product/provider references are not independent artifact identity. They no longer provide blanket benign suppression.,unless
objectives/execution/interpreter/script/wsh::obfuscated-wscript-activex-self-runner,well-known/lib/,0,1,,micro-behaviors/os/application/target::phantom-wallet-word,Product/provider references are not independent artifact identity. They no longer provide blanket benign suppression.,unless
objectives/execution/interpreter/scripting/host::activex-object-obfuscated,well-known/lib/,0,1,,micro-behaviors/os/application/target::phantom-wallet-word,Product/provider references are not independent artifact identity. They no longer provide blanket benign suppression.,unless
objectives/exfiltration/http/collect::python-profiled-http-collector,objectives/credential-access/wallet/,0,38,,micro-behaviors/crypto/asymmetric/key::node-wallet-key-token;micro-behaviors/crypto/asymmetric/key::private-key-word;micro-behaviors/crypto/asymmetric/key::xrpl-seed-literal;micro-behaviors/crypto/mnemonic::node-mnemonic-token;micro-behaviors/crypto/mnemonic::node-seed-phrase-token;micro-behaviors/fs/path/private-key::node-keypair-json-target;micro-behaviors/fs/path/wallet::node-wallet-json-target;micro-behaviors/os/application/target::crypto-wallet-keyword-cluster--rx-1;micro-behaviors/os/application/target::crypto-wallet-keyword-cluster--rx-2;micro-behaviors/os/application/target::electrum-word;micro-behaviors/os/application/target::exodus-word;micro-behaviors/os/application/target::hardware-wallet-keyword-cluster--rx-10;micro-behaviors/os/application/target::hardware-wallet-keyword-cluster--rx-6;micro-behaviors/os/application/target::hardware-wallet-keyword-cluster--rx-7;micro-behaviors/os/application/target::hardware-wallet-keyword-cluster--rx-8;micro-behaviors/os/application/target::hardware-wallet-keyword-cluster--rx-9;micro-behaviors/os/application/target::rust-wallet-keyword-trustwallet;micro-behaviors/os/application/target::trezor-word;micro-behaviors/os/application/target::wallet-app-name-cluster;micro-behaviors/os/application/target::wallet-brand-metamask;micro-behaviors/os/service/launchagent::wallet-launchagent-label;micro-behaviors/process/terminate/command::application-path-force-kill;micro-behaviors/process/terminate/command::taskkill-wallet-image;micro-behaviors/process/terminate/command::wallet-or-application-kill;micro-behaviors/ui/controls/credential::credential-entry-label;micro-behaviors/ui/controls/credential::credential-entry-page;micro-behaviors/ui/controls/credential::credential-input-surface;micro-behaviors/ui/controls/credential::private-key-enter-label;micro-behaviors/ui/controls/credential::private-key-entry-label;micro-behaviors/ui/controls/credential::private-key-import-label;micro-behaviors/ui/controls/credential::private-key-input-label;micro-behaviors/ui/controls/credential::private-key-recovery-label;micro-behaviors/ui/controls/credential::private-key-verify-screen-symbol;micro-behaviors/ui/controls/wallet::mnemonic-verify-screen-symbol;micro-behaviors/ui/controls/wallet::recovery-phrase-view-symbol;objectives/credential-access/wallet/desktop::desktop-wallet-spoofer;objectives/credential-access/wallet/desktop::electron-fake-wallet-persistence;objectives/impact/degrade/process::hidden-window-wallet-process-interference,Explicit repair: retain-source-clues. Preserve relevant source/path/context observations individually; UI controls alone no longer count as acquisition.,any
objectives/exfiltration/http/upload::encrypted-exfiltration-to-paste-site,micro-behaviors/crypto/library/,0,7,,micro-behaviors/os/application/target::wallet-brand-bitget;micro-behaviors/os/application/target::wallet-brand-catalog;micro-behaviors/os/application/target::wallet-brand-coinbase;micro-behaviors/os/application/target::wallet-brand-metamask;micro-behaviors/os/application/target::wallet-brand-phantom;micro-behaviors/os/application/target::wallet-brand-rabby;micro-behaviors/os/application/target::wallet-brand-solflare,Brand-name references do not establish a crypto implementation or standard cryptography. Remove that incidental membership.,any
objectives/exfiltration/messaging/email::smtp-helo-mime-exfil,well-known/lib/,0,1,,micro-behaviors/os/application/target::phantom-wallet-word,Product/provider references are not independent artifact identity. They no longer provide blanket benign suppression.,unless
objectives/exfiltration/messaging/email::smtp-helo-cached-password,well-known/lib/,0,1,,micro-behaviors/os/application/target::phantom-wallet-word,Product/provider references are not independent artifact identity. They no longer provide blanket benign suppression.,unless
objectives/exfiltration/messaging/email::smtp-helo-wininet,well-known/lib/,0,1,,micro-behaviors/os/application/target::phantom-wallet-word,Product/provider references are not independent artifact identity. They no longer provide blanket benign suppression.,unless
objectives/exfiltration/messaging/webhook::feishu-sensitive-record-content,objectives/credential-access/,0,38,,micro-behaviors/crypto/asymmetric/key::node-wallet-key-token;micro-behaviors/crypto/asymmetric/key::private-key-word;micro-behaviors/crypto/asymmetric/key::xrpl-seed-literal;micro-behaviors/crypto/mnemonic::node-mnemonic-token;micro-behaviors/crypto/mnemonic::node-seed-phrase-token;micro-behaviors/fs/path/private-key::node-keypair-json-target;micro-behaviors/fs/path/wallet::node-wallet-json-target;micro-behaviors/os/application/target::crypto-wallet-keyword-cluster--rx-1;micro-behaviors/os/application/target::crypto-wallet-keyword-cluster--rx-2;micro-behaviors/os/application/target::electrum-word;micro-behaviors/os/application/target::exodus-word;micro-behaviors/os/application/target::hardware-wallet-keyword-cluster--rx-10;micro-behaviors/os/application/target::hardware-wallet-keyword-cluster--rx-6;micro-behaviors/os/application/target::hardware-wallet-keyword-cluster--rx-7;micro-behaviors/os/application/target::hardware-wallet-keyword-cluster--rx-8;micro-behaviors/os/application/target::hardware-wallet-keyword-cluster--rx-9;micro-behaviors/os/application/target::rust-wallet-keyword-trustwallet;micro-behaviors/os/application/target::trezor-word;micro-behaviors/os/application/target::wallet-app-name-cluster;micro-behaviors/os/application/target::wallet-brand-metamask;micro-behaviors/os/service/launchagent::wallet-launchagent-label;micro-behaviors/process/terminate/command::application-path-force-kill;micro-behaviors/process/terminate/command::taskkill-wallet-image;micro-behaviors/process/terminate/command::wallet-or-application-kill;micro-behaviors/ui/controls/credential::credential-entry-label;micro-behaviors/ui/controls/credential::credential-entry-page;micro-behaviors/ui/controls/credential::credential-input-surface;micro-behaviors/ui/controls/credential::private-key-enter-label;micro-behaviors/ui/controls/credential::private-key-entry-label;micro-behaviors/ui/controls/credential::private-key-import-label;micro-behaviors/ui/controls/credential::private-key-input-label;micro-behaviors/ui/controls/credential::private-key-recovery-label;micro-behaviors/ui/controls/credential::private-key-verify-screen-symbol;micro-behaviors/ui/controls/wallet::mnemonic-verify-screen-symbol;micro-behaviors/ui/controls/wallet::recovery-phrase-view-symbol;objectives/credential-access/wallet/desktop::desktop-wallet-spoofer;objectives/credential-access/wallet/desktop::electron-fake-wallet-persistence;objectives/impact/degrade/process::hidden-window-wallet-process-interference,Explicit repair: retain-secret-source-clues. Preserve relevant source/path/context observations individually; UI controls alone no longer count as acquisition.,any
objectives/exfiltration/messaging/webhook::slack-exfiltration,objectives/credential-access/,0,38,,micro-behaviors/crypto/asymmetric/key::node-wallet-key-token;micro-behaviors/crypto/asymmetric/key::private-key-word;micro-behaviors/crypto/asymmetric/key::xrpl-seed-literal;micro-behaviors/crypto/mnemonic::node-mnemonic-token;micro-behaviors/crypto/mnemonic::node-seed-phrase-token;micro-behaviors/fs/path/private-key::node-keypair-json-target;micro-behaviors/fs/path/wallet::node-wallet-json-target;micro-behaviors/os/application/target::crypto-wallet-keyword-cluster--rx-1;micro-behaviors/os/application/target::crypto-wallet-keyword-cluster--rx-2;micro-behaviors/os/application/target::electrum-word;micro-behaviors/os/application/target::exodus-word;micro-behaviors/os/application/target::hardware-wallet-keyword-cluster--rx-10;micro-behaviors/os/application/target::hardware-wallet-keyword-cluster--rx-6;micro-behaviors/os/application/target::hardware-wallet-keyword-cluster--rx-7;micro-behaviors/os/application/target::hardware-wallet-keyword-cluster--rx-8;micro-behaviors/os/application/target::hardware-wallet-keyword-cluster--rx-9;micro-behaviors/os/application/target::rust-wallet-keyword-trustwallet;micro-behaviors/os/application/target::trezor-word;micro-behaviors/os/application/target::wallet-app-name-cluster;micro-behaviors/os/application/target::wallet-brand-metamask;micro-behaviors/os/service/launchagent::wallet-launchagent-label;micro-behaviors/process/terminate/command::application-path-force-kill;micro-behaviors/process/terminate/command::taskkill-wallet-image;micro-behaviors/process/terminate/command::wallet-or-application-kill;micro-behaviors/ui/controls/credential::credential-entry-label;micro-behaviors/ui/controls/credential::credential-entry-page;micro-behaviors/ui/controls/credential::credential-input-surface;micro-behaviors/ui/controls/credential::private-key-enter-label;micro-behaviors/ui/controls/credential::private-key-entry-label;micro-behaviors/ui/controls/credential::private-key-import-label;micro-behaviors/ui/controls/credential::private-key-input-label;micro-behaviors/ui/controls/credential::private-key-recovery-label;micro-behaviors/ui/controls/credential::private-key-verify-screen-symbol;micro-behaviors/ui/controls/wallet::mnemonic-verify-screen-symbol;micro-behaviors/ui/controls/wallet::recovery-phrase-view-symbol;objectives/credential-access/wallet/desktop::desktop-wallet-spoofer;objectives/credential-access/wallet/desktop::electron-fake-wallet-persistence;objectives/impact/degrade/process::hidden-window-wallet-process-interference,Explicit repair: retain-secret-source-clues. Preserve relevant source/path/context observations individually; UI controls alone no longer count as acquisition.,any
objectives/exfiltration/messaging/webhook::discord-exfiltration,objectives/credential-access,0,38,,micro-behaviors/crypto/asymmetric/key::node-wallet-key-token;micro-behaviors/crypto/asymmetric/key::private-key-word;micro-behaviors/crypto/asymmetric/key::xrpl-seed-literal;micro-behaviors/crypto/mnemonic::node-mnemonic-token;micro-behaviors/crypto/mnemonic::node-seed-phrase-token;micro-behaviors/fs/path/private-key::node-keypair-json-target;micro-behaviors/fs/path/wallet::node-wallet-json-target;micro-behaviors/os/application/target::crypto-wallet-keyword-cluster--rx-1;micro-behaviors/os/application/target::crypto-wallet-keyword-cluster--rx-2;micro-behaviors/os/application/target::electrum-word;micro-behaviors/os/application/target::exodus-word;micro-behaviors/os/application/target::hardware-wallet-keyword-cluster--rx-10;micro-behaviors/os/application/target::hardware-wallet-keyword-cluster--rx-6;micro-behaviors/os/application/target::hardware-wallet-keyword-cluster--rx-7;micro-behaviors/os/application/target::hardware-wallet-keyword-cluster--rx-8;micro-behaviors/os/application/target::hardware-wallet-keyword-cluster--rx-9;micro-behaviors/os/application/target::rust-wallet-keyword-trustwallet;micro-behaviors/os/application/target::trezor-word;micro-behaviors/os/application/target::wallet-app-name-cluster;micro-behaviors/os/application/target::wallet-brand-metamask;micro-behaviors/os/service/launchagent::wallet-launchagent-label;micro-behaviors/process/terminate/command::application-path-force-kill;micro-behaviors/process/terminate/command::taskkill-wallet-image;micro-behaviors/process/terminate/command::wallet-or-application-kill;micro-behaviors/ui/controls/credential::credential-entry-label;micro-behaviors/ui/controls/credential::credential-entry-page;micro-behaviors/ui/controls/credential::credential-input-surface;micro-behaviors/ui/controls/credential::private-key-enter-label;micro-behaviors/ui/controls/credential::private-key-entry-label;micro-behaviors/ui/controls/credential::private-key-import-label;micro-behaviors/ui/controls/credential::private-key-input-label;micro-behaviors/ui/controls/credential::private-key-recovery-label;micro-behaviors/ui/controls/credential::private-key-verify-screen-symbol;micro-behaviors/ui/controls/wallet::mnemonic-verify-screen-symbol;micro-behaviors/ui/controls/wallet::recovery-phrase-view-symbol;objectives/credential-access/wallet/desktop::desktop-wallet-spoofer;objectives/credential-access/wallet/desktop::electron-fake-wallet-persistence;objectives/impact/degrade/process::hidden-window-wallet-process-interference,Explicit repair: retain-secret-source-clues. Preserve relevant source/path/context observations individually; UI controls alone no longer count as acquisition.,any
objectives/exfiltration/stealer/dev-secret::sensitive-secret-path-any,micro-behaviors/fs/path/private-key/,1,0,micro-behaviors/fs/path/private-key::node-keypair-json-target,,"Keep subject-based capability/objective membership; each moved observation follows its actual UI, key, path, service, termination, or process-interference subject.",any
objectives/exfiltration/stealer/input::keyboard-hook-raw-socket-control,well-known/lib/,0,1,,micro-behaviors/os/application/target::phantom-wallet-word,Product/provider references are not independent artifact identity. They no longer provide blanket benign suppression.,unless
objectives/exfiltration/stealer/input::keyboard-hook-raw-socket-control,well-known/app/,0,1,,micro-behaviors/os/application/target::tronlink-word,Product/provider references are not independent artifact identity. They no longer provide blanket benign suppression.,unless
objectives/exfiltration/stealer/wallet::multi-wallet-network-stealer,well-known/app/,0,1,,micro-behaviors/os/application/target::tronlink-word,Product/provider references are not independent artifact identity. They no longer provide blanket benign suppression.,unless
objectives/exfiltration/stealer/wallet::go-browser-wallet-encrypted-exfiltration,well-known/app/,0,1,,micro-behaviors/os/application/target::tronlink-word,Product/provider references are not independent artifact identity. They no longer provide blanket benign suppression.,unless
objectives/exfiltration/stealer/credential::node-encode-exfil,well-known/lib/,0,1,,micro-behaviors/os/application/target::phantom-wallet-word,Product/provider references are not independent artifact identity. They no longer provide blanket benign suppression.,unless
objectives/exfiltration/stealer/multi-source::macos-keyboard-clipboard-screen-exfiltration,well-known/app/,0,1,,micro-behaviors/os/application/target::tronlink-word,Product/provider references are not independent artifact identity. They no longer provide blanket benign suppression.,unless
objectives/exfiltration/stealer/screen::gdi-capture-http-exfil,well-known/app/,0,1,,micro-behaviors/os/application/target::tronlink-word,Product/provider references are not independent artifact identity. They no longer provide blanket benign suppression.,unless
objectives/impact/cryptojacking/miner/spread::miner-dropper-defender-exclusion-persistence,well-known/app/,0,1,,micro-behaviors/os/application/target::tronlink-word,Product/provider references are not independent artifact identity. They no longer provide blanket benign suppression.,unless
objectives/impact/degrade/process::toolhelp-process-killer,well-known/lib/,0,1,,micro-behaviors/os/application/target::phantom-wallet-word,Product/provider references are not independent artifact identity. They no longer provide blanket benign suppression.,unless
objectives/impact/degrade/edr/targeting::av-product-killer,micro-behaviors/process/terminate/,3,0,micro-behaviors/process/terminate/command::application-path-force-kill;micro-behaviors/process/terminate/command::taskkill-wallet-image;micro-behaviors/process/terminate/command::wallet-or-application-kill,,"Keep subject-based capability/objective membership; each moved observation follows its actual UI, key, path, service, termination, or process-interference subject.",all
objectives/impact/dos/udp::hdrincl-socket-flooder,well-known/lib/,0,1,,micro-behaviors/os/application/target::phantom-wallet-word,Product/provider references are not independent artifact identity. They no longer provide blanket benign suppression.,unless
objectives/impact/ransom/encrypt/threat-text::bitcoin-word,well-known/lib/,0,1,,micro-behaviors/os/application/target::phantom-wallet-word,Product/provider references are not independent artifact identity. They no longer provide blanket benign suppression.,unless
objectives/impact/ransom/encrypt/threat-text::bitcoin-word,well-known/app/,0,1,,micro-behaviors/os/application/target::tronlink-word,Product/provider references are not independent artifact identity. They no longer provide blanket benign suppression.,unless
objectives/impact/services/stop::systemd-service-stop-disable,well-known/app/,0,1,,micro-behaviors/os/application/target::tronlink-word,Product/provider references are not independent artifact identity. They no longer provide blanket benign suppression.,unless
objectives/impact/ui/manipulation/traffic::adware-offer-browser-probe-installer,well-known/app/,0,1,,micro-behaviors/os/application/target::tronlink-word,Product/provider references are not independent artifact identity. They no longer provide blanket benign suppression.,unless
objectives/lateral-movement/brute-force/ssh::auth-spray,well-known/lib/,0,1,,micro-behaviors/os/application/target::phantom-wallet-word,Product/provider references are not independent artifact identity. They no longer provide blanket benign suppression.,unless
objectives/lateral-movement/brute-force/ssh::auth-spray,well-known/app/,0,1,,micro-behaviors/os/application/target::tronlink-word,Product/provider references are not independent artifact identity. They no longer provide blanket benign suppression.,unless
objectives/lateral-movement/worm/messaging::skype-api-contact-list-propagation,well-known/lib/,0,1,,micro-behaviors/os/application/target::phantom-wallet-word,Product/provider references are not independent artifact identity. They no longer provide blanket benign suppression.,unless
objectives/lateral-movement/worm/messaging::skype-api-contact-list-propagation,well-known/app/,0,1,,micro-behaviors/os/application/target::tronlink-word,Product/provider references are not independent artifact identity. They no longer provide blanket benign suppression.,unless
objectives/lateral-movement/worm/p2p::keylogger-copyfile-spread,well-known/lib/,0,1,,micro-behaviors/os/application/target::phantom-wallet-word,Product/provider references are not independent artifact identity. They no longer provide blanket benign suppression.,unless
objectives/lateral-movement/worm/p2p::keylogger-ftp-worm,well-known/lib/,0,1,,micro-behaviors/os/application/target::phantom-wallet-word,Product/provider references are not independent artifact identity. They no longer provide blanket benign suppression.,unless
objectives/lateral-movement/worm/p2p::p2p-lure-copyfile-worm,well-known/lib/,0,1,,micro-behaviors/os/application/target::phantom-wallet-word,Product/provider references are not independent artifact identity. They no longer provide blanket benign suppression.,unless
objectives/lateral-movement/worm/p2p::emule-incoming-copyfile-worm,well-known/lib/,0,1,,micro-behaviors/os/application/target::phantom-wallet-word,Product/provider references are not independent artifact identity. They no longer provide blanket benign suppression.,unless
objectives/persistence/login/startup/registry::managed-ssl-tcp-registry-persistence-backdoor,well-known/lib/,0,1,,micro-behaviors/os/application/target::phantom-wallet-word,Product/provider references are not independent artifact identity. They no longer provide blanket benign suppression.,unless
objectives/persistence/login/startup/registry::managed-ssl-tcp-registry-persistence-backdoor,well-known/app/,0,1,,micro-behaviors/os/application/target::tronlink-word,Product/provider references are not independent artifact identity. They no longer provide blanket benign suppression.,unless
objectives/persistence/system/launchd/bootstrap::native-launchagent-persistence,well-known/lib/,0,1,,micro-behaviors/os/application/target::phantom-wallet-word,Product/provider references are not independent artifact identity. They no longer provide blanket benign suppression.,unless
objectives/persistence/system/launchd/bootstrap::native-launchagent-persistence,well-known/app/,0,1,,micro-behaviors/os/application/target::tronlink-word,Product/provider references are not independent artifact identity. They no longer provide blanket benign suppression.,unless
objectives/persistence/system/launchd/bootstrap::native-launchagent-c2-persistence,well-known/app/,0,1,,micro-behaviors/os/application/target::tronlink-word,Product/provider references are not independent artifact identity. They no longer provide blanket benign suppression.,unless
objectives/persistence/system/service/install::service-install-and-start,well-known/app/,0,1,,micro-behaviors/os/application/target::tronlink-word,Product/provider references are not independent artifact identity. They no longer provide blanket benign suppression.,unless
objectives/privilege-escalation/elevation-control/uac-bypass/consent-dismissal::enumerated-consent-dialog-takeover,well-known/app/,0,1,,micro-behaviors/os/application/target::tronlink-word,Product/provider references are not independent artifact identity. They no longer provide blanket benign suppression.,unless
objectives/privilege-escalation/exploit/keywords::xss-string-segment,well-known/lib/,0,1,,micro-behaviors/os/application/target::phantom-wallet-word,Product/provider references are not independent artifact identity. They no longer provide blanket benign suppression.,unless
objectives/supply-chain/credential-theft/registry::js-env-home-cred,well-known/lib/,0,1,,micro-behaviors/os/application/target::phantom-wallet-word,Product/provider references are not independent artifact identity. They no longer provide blanket benign suppression.,unless
objectives/supply-chain/hidden-payload/encoding::pypi-multilayer-python-carrier,well-known/lib/,0,1,,micro-behaviors/os/application/target::phantom-wallet-word,Product/provider references are not independent artifact identity. They no longer provide blanket benign suppression.,unless
objectives/supply-chain/hidden-payload/encoding::pypi-large-encoded-python-exec-carrier,well-known/lib/,0,1,,micro-behaviors/os/application/target::phantom-wallet-word,Product/provider references are not independent artifact identity. They no longer provide blanket benign suppression.,unless
objectives/supply-chain/hidden-payload/encoding::pypi-hmac-xor-packed-modules,well-known/lib/,0,1,,micro-behaviors/os/application/target::phantom-wallet-word,Product/provider references are not independent artifact identity. They no longer provide blanket benign suppression.,unless
objectives/supply-chain/hidden-payload/extensions/vscode::credential-theft-comp,well-known/lib/,0,1,,micro-behaviors/os/application/target::phantom-wallet-word,Product/provider references are not independent artifact identity. They no longer provide blanket benign suppression.,unless
objectives/supply-chain/trojanized/backdoor::so-rootkit-behavior,well-known/lib/,0,1,,micro-behaviors/os/application/target::phantom-wallet-word,Product/provider references are not independent artifact identity. They no longer provide blanket benign suppression.,unless
objectives/supply-chain/trojanized/app/config-injection::mcp-config-injection,objectives/credential-access,0,38,,micro-behaviors/crypto/asymmetric/key::node-wallet-key-token;micro-behaviors/crypto/asymmetric/key::private-key-word;micro-behaviors/crypto/asymmetric/key::xrpl-seed-literal;micro-behaviors/crypto/mnemonic::node-mnemonic-token;micro-behaviors/crypto/mnemonic::node-seed-phrase-token;micro-behaviors/fs/path/private-key::node-keypair-json-target;micro-behaviors/fs/path/wallet::node-wallet-json-target;micro-behaviors/os/application/target::crypto-wallet-keyword-cluster--rx-1;micro-behaviors/os/application/target::crypto-wallet-keyword-cluster--rx-2;micro-behaviors/os/application/target::electrum-word;micro-behaviors/os/application/target::exodus-word;micro-behaviors/os/application/target::hardware-wallet-keyword-cluster--rx-10;micro-behaviors/os/application/target::hardware-wallet-keyword-cluster--rx-6;micro-behaviors/os/application/target::hardware-wallet-keyword-cluster--rx-7;micro-behaviors/os/application/target::hardware-wallet-keyword-cluster--rx-8;micro-behaviors/os/application/target::hardware-wallet-keyword-cluster--rx-9;micro-behaviors/os/application/target::rust-wallet-keyword-trustwallet;micro-behaviors/os/application/target::trezor-word;micro-behaviors/os/application/target::wallet-app-name-cluster;micro-behaviors/os/application/target::wallet-brand-metamask;micro-behaviors/os/service/launchagent::wallet-launchagent-label;micro-behaviors/process/terminate/command::application-path-force-kill;micro-behaviors/process/terminate/command::taskkill-wallet-image;micro-behaviors/process/terminate/command::wallet-or-application-kill;micro-behaviors/ui/controls/credential::credential-entry-label;micro-behaviors/ui/controls/credential::credential-entry-page;micro-behaviors/ui/controls/credential::credential-input-surface;micro-behaviors/ui/controls/credential::private-key-enter-label;micro-behaviors/ui/controls/credential::private-key-entry-label;micro-behaviors/ui/controls/credential::private-key-import-label;micro-behaviors/ui/controls/credential::private-key-input-label;micro-behaviors/ui/controls/credential::private-key-recovery-label;micro-behaviors/ui/controls/credential::private-key-verify-screen-symbol;micro-behaviors/ui/controls/wallet::mnemonic-verify-screen-symbol;micro-behaviors/ui/controls/wallet::recovery-phrase-view-symbol;objectives/credential-access/wallet/desktop::desktop-wallet-spoofer;objectives/credential-access/wallet/desktop::electron-fake-wallet-persistence;objectives/impact/degrade/process::hidden-window-wallet-process-interference,"Credential access is no longer inferred from generic credential UI, application references, or process/service capabilities solely through directory membership.",any
objectives/supply-chain/trojanized/app/config-injection::windsurf-mcp-injection,objectives/credential-access,0,38,,micro-behaviors/crypto/asymmetric/key::node-wallet-key-token;micro-behaviors/crypto/asymmetric/key::private-key-word;micro-behaviors/crypto/asymmetric/key::xrpl-seed-literal;micro-behaviors/crypto/mnemonic::node-mnemonic-token;micro-behaviors/crypto/mnemonic::node-seed-phrase-token;micro-behaviors/fs/path/private-key::node-keypair-json-target;micro-behaviors/fs/path/wallet::node-wallet-json-target;micro-behaviors/os/application/target::crypto-wallet-keyword-cluster--rx-1;micro-behaviors/os/application/target::crypto-wallet-keyword-cluster--rx-2;micro-behaviors/os/application/target::electrum-word;micro-behaviors/os/application/target::exodus-word;micro-behaviors/os/application/target::hardware-wallet-keyword-cluster--rx-10;micro-behaviors/os/application/target::hardware-wallet-keyword-cluster--rx-6;micro-behaviors/os/application/target::hardware-wallet-keyword-cluster--rx-7;micro-behaviors/os/application/target::hardware-wallet-keyword-cluster--rx-8;micro-behaviors/os/application/target::hardware-wallet-keyword-cluster--rx-9;micro-behaviors/os/application/target::rust-wallet-keyword-trustwallet;micro-behaviors/os/application/target::trezor-word;micro-behaviors/os/application/target::wallet-app-name-cluster;micro-behaviors/os/application/target::wallet-brand-metamask;micro-behaviors/os/service/launchagent::wallet-launchagent-label;micro-behaviors/process/terminate/command::application-path-force-kill;micro-behaviors/process/terminate/command::taskkill-wallet-image;micro-behaviors/process/terminate/command::wallet-or-application-kill;micro-behaviors/ui/controls/credential::credential-entry-label;micro-behaviors/ui/controls/credential::credential-entry-page;micro-behaviors/ui/controls/credential::credential-input-surface;micro-behaviors/ui/controls/credential::private-key-enter-label;micro-behaviors/ui/controls/credential::private-key-entry-label;micro-behaviors/ui/controls/credential::private-key-import-label;micro-behaviors/ui/controls/credential::private-key-input-label;micro-behaviors/ui/controls/credential::private-key-recovery-label;micro-behaviors/ui/controls/credential::private-key-verify-screen-symbol;micro-behaviors/ui/controls/wallet::mnemonic-verify-screen-symbol;micro-behaviors/ui/controls/wallet::recovery-phrase-view-symbol;objectives/credential-access/wallet/desktop::desktop-wallet-spoofer;objectives/credential-access/wallet/desktop::electron-fake-wallet-persistence;objectives/impact/degrade/process::hidden-window-wallet-process-interference,"Credential access is no longer inferred from generic credential UI, application references, or process/service capabilities solely through directory membership.",any
well-known/game/cheat::external-cheat-memory-read-aim,well-known/app/,0,1,,micro-behaviors/os/application/target::tronlink-word,Product/provider references are not independent artifact identity. They no longer provide blanket benign suppression.,unless
well-known/malware/backdoor/crystalx::crystalx-rat,objectives/impact/,1,0,objectives/impact/degrade/process::hidden-window-wallet-process-interference,,"Keep subject-based capability/objective membership; each moved observation follows its actual UI, key, path, service, termination, or process-interference subject.",unless
well-known/malware/rat/powershell-empire::empire-powershell-operational-behavior,micro-behaviors/crypto/,5,7,micro-behaviors/crypto/asymmetric/key::node-wallet-key-token;micro-behaviors/crypto/asymmetric/key::private-key-word;micro-behaviors/crypto/asymmetric/key::xrpl-seed-literal;micro-behaviors/crypto/mnemonic::node-mnemonic-token;micro-behaviors/crypto/mnemonic::node-seed-phrase-token,micro-behaviors/os/application/target::wallet-brand-bitget;micro-behaviors/os/application/target::wallet-brand-catalog;micro-behaviors/os/application/target::wallet-brand-coinbase;micro-behaviors/os/application/target::wallet-brand-metamask;micro-behaviors/os/application/target::wallet-brand-phantom;micro-behaviors/os/application/target::wallet-brand-rabby;micro-behaviors/os/application/target::wallet-brand-solflare,"Keep subject-based capability/objective membership; each moved observation follows its actual UI, key, path, service, termination, or process-interference subject.",any
well-known/malware/rat/powershell-empire::empire-powershell-operational-behavior,micro-behaviors/fs/,2,0,micro-behaviors/fs/path/private-key::node-keypair-json-target;micro-behaviors/fs/path/wallet::node-wallet-json-target,,"Keep subject-based capability/objective membership; each moved observation follows its actual UI, key, path, service, termination, or process-interference subject.",any
well-known/malware/rat/powershell-empire::empire-credstore-dump-module,micro-behaviors/crypto/,5,7,micro-behaviors/crypto/asymmetric/key::node-wallet-key-token;micro-behaviors/crypto/asymmetric/key::private-key-word;micro-behaviors/crypto/asymmetric/key::xrpl-seed-literal;micro-behaviors/crypto/mnemonic::node-mnemonic-token;micro-behaviors/crypto/mnemonic::node-seed-phrase-token,micro-behaviors/os/application/target::wallet-brand-bitget;micro-behaviors/os/application/target::wallet-brand-catalog;micro-behaviors/os/application/target::wallet-brand-coinbase;micro-behaviors/os/application/target::wallet-brand-metamask;micro-behaviors/os/application/target::wallet-brand-phantom;micro-behaviors/os/application/target::wallet-brand-rabby;micro-behaviors/os/application/target::wallet-brand-solflare,"Keep subject-based capability/objective membership; each moved observation follows its actual UI, key, path, service, termination, or process-interference subject.",any
well-known/malware/rat/powershell-empire::empire-credstore-dump-module,micro-behaviors/fs/,2,0,micro-behaviors/fs/path/private-key::node-keypair-json-target;micro-behaviors/fs/path/wallet::node-wallet-json-target,,"Keep subject-based capability/objective membership; each moved observation follows its actual UI, key, path, service, termination, or process-interference subject.",any
well-known/malware/rat/powershell-empire::empire-powerup-service-abuse,micro-behaviors/fs/,2,0,micro-behaviors/fs/path/private-key::node-keypair-json-target;micro-behaviors/fs/path/wallet::node-wallet-json-target,,"Keep subject-based capability/objective membership; each moved observation follows its actual UI, key, path, service, termination, or process-interference subject.",any
well-known/malware/rat/powershell-empire::empire-psransom-file-operations,micro-behaviors/crypto/,5,7,micro-behaviors/crypto/asymmetric/key::node-wallet-key-token;micro-behaviors/crypto/asymmetric/key::private-key-word;micro-behaviors/crypto/asymmetric/key::xrpl-seed-literal;micro-behaviors/crypto/mnemonic::node-mnemonic-token;micro-behaviors/crypto/mnemonic::node-seed-phrase-token,micro-behaviors/os/application/target::wallet-brand-bitget;micro-behaviors/os/application/target::wallet-brand-catalog;micro-behaviors/os/application/target::wallet-brand-coinbase;micro-behaviors/os/application/target::wallet-brand-metamask;micro-behaviors/os/application/target::wallet-brand-phantom;micro-behaviors/os/application/target::wallet-brand-rabby;micro-behaviors/os/application/target::wallet-brand-solflare,"Keep subject-based capability/objective membership; each moved observation follows its actual UI, key, path, service, termination, or process-interference subject.",any
well-known/malware/rat/powershell-empire::empire-psransom-file-operations,micro-behaviors/fs/,2,0,micro-behaviors/fs/path/private-key::node-keypair-json-target;micro-behaviors/fs/path/wallet::node-wallet-json-target,,"Keep subject-based capability/objective membership; each moved observation follows its actual UI, key, path, service, termination, or process-interference subject.",any
well-known/malware/trojan/darkgate::darkgate-harvester-pattern,well-known/lib/,0,1,,micro-behaviors/os/application/target::phantom-wallet-word,Product/provider references are not independent artifact identity. They no longer provide blanket benign suppression.,unless
well-known/malware/trojan/darkgate::darkgate-harvester-pattern,well-known/app/,0,1,,micro-behaviors/os/application/target::tronlink-word,Product/provider references are not independent artifact identity. They no longer provide blanket benign suppression.,unless
well-known/malware/trojan/shellobject/hijack::shellobject-mfc-encoded-resource-backdoor,well-known/app/,0,1,,micro-behaviors/os/application/target::tronlink-word,Product/provider references are not independent artifact identity. They no longer provide blanket benign suppression.,unless
well-known/tool/detection/sast::secret-scanner-rule-name-entry,well-known/lib/crypto/,0,1,,micro-behaviors/os/application/target::phantom-wallet-word,Product/provider references are not independent artifact identity. They no longer provide blanket benign suppression.,unless
